astro_id,tic,n_pts,P0,P_bls,t0_bls,snr_P0,snr_bls,dpri,dsec,oe_z,half_period_sig,stale_ratio,weak,catalog_unrelated,single_sector,risk_score,flag,note
1,101179364,21774,1.489064397,1.489181,1654.09541,62.4,77.1,227.1,194.6,18.7,False,1.24,False,False,True,0.45,ok,
3,101404344,21769,0.6512799652,0.653229,1654.45377,2.5,3.9,6.2,5.6,0.6,False,1.58,True,False,True,0.9,stale,
6,101513965,13022,2.796572115,2.79657,1655.90108,10.0,10.3,6.0,19.6,10.1,True,1.02,False,False,True,0.7,half_period,
10,101695924,21665,4.579563707,4.579901,1657.6957,16.7,28.0,31.5,32.5,1.7,False,1.68,False,False,True,0.6,stale,
27,112755167,30985,3.672943346,3.672924,1659.40004,30.6,33.1,32.6,34.4,3.4,False,1.08,False,False,True,0.25,ok,
28,112827315,21559,3.230073218,3.209984,1659.28908,3.5,10.6,16.8,17.6,1.8,False,2.98,False,False,True,0.6,stale,
29,112827464,21559,3.422588018,3.422602,1657.67505,9.8,9.6,29.2,29.3,0.3,False,0.98,False,False,True,0.25,ok,
30,113272112,18321,4.585361449,4.517234,1660.61228,3.9,4.4,3.9,3.0,0.8,False,1.11,True,False,True,0.55,weak,
82,119774374,25453,15.09955815,15.010537,1663.78584,1.2,3.6,7.7,4.6,3.8,False,2.95,True,False,True,0.9,stale,
84,119777368,25483,0.9469885432,0.943817,1654.87402,6.1,9.5,16.7,17.7,0.4,False,1.56,False,False,True,0.6,stale,
85,119822417,25483,6.747581841,6.750799,1654.87961,2.6,24.8,16.7,23.3,0.5,False,9.6,False,False,True,0.6,stale,
86,119881567,25483,2.917125052,2.929618,1655.15163,20.6,64.5,144.7,154.6,9.0,False,3.13,False,False,True,0.6,stale,
91,120396319,25483,2.107436267,2.116955,1655.58318,3.8,3.2,2.2,4.4,1.6,False,0.85,True,False,True,0.55,weak,
113,128710970,13022,4.318202283,4.318217,1658.3436,18.4,19.4,79.7,76.9,3.3,False,1.05,False,False,True,0.25,ok,
115,128798054,21665,3.543443348,3.543418,1656.70988,1354.5,1263.3,4799.4,5467.9,360.9,False,0.93,False,True,True,0.55,ok,
116,128966834,21665,2.005533573,2.005543,1657.25789,8.3,8.4,13.6,10.9,1.5,False,1.01,False,False,True,0.25,ok,
33,113496667,30985,0.3453667591,0.346347,1657.23088,5.0,4.0,19.4,17.8,1.1,False,0.81,True,False,True,0.55,weak,
37,113594232,21559,4.392096913,4.392108,1658.26494,52.5,51.1,51.0,66.2,7.9,True,0.97,False,False,True,0.7,half_period,
61,117934375,37573,2.118814303,2.118465,1654.23765,4.3,41.2,80.0,66.2,13.3,False,9.48,False,False,True,0.6,stale,
62,118191063,37568,2.64871018,2.648731,1655.49996,480.5,507.2,882.8,969.6,49.6,False,1.06,False,False,True,0.25,ok,
65,118274531,28730,0.9294480453,0.929935,1654.26248,4.4,3.7,6.5,7.2,0.6,False,0.84,True,False,True,0.55,weak,
66,118280350,28730,16.32859977,16.328342,1662.63969,72.1,78.1,92.3,83.6,2.1,False,1.08,False,False,True,0.25,ok,
70,118399541,27344,2.045004211,2.045236,1655.29197,5.4,9.7,48.5,52.6,1.5,False,1.78,False,False,True,0.6,stale,
71,118578646,28730,7.596555557,7.596146,1655.72164,141.2,131.9,229.1,281.0,4.1,False,0.93,False,False,True,0.25,ok,
72,118798035,27344,15.26155583,15.369968,1664.01966,0.8,24.0,4.2,25.9,13.7,True,28.36,False,True,True,1.35,half_period,
76,119046610,28730,3.813222167,3.813547,1654.14783,1.6,8.7,8.1,8.8,0.0,False,5.29,False,False,True,0.6,stale,
80,119727527,25483,0.6554028774,0.656014,1654.20259,6.0,6.1,10.6,9.8,0.5,False,1.02,False,False,True,0.25,ok,
81,119727544,25483,0.6555465849,0.655415,1654.21836,1.2,7.7,23.7,27.7,2.5,False,6.18,False,False,True,0.6,stale,
294,61615109,21690,3.488556845,3.488475,1656.71816,29.3,32.8,60.4,42.4,17.0,True,1.12,False,False,True,0.7,half_period,
296,61802871,21690,7.383103958,7.375015,1657.15935,1.5,20.0,17.2,14.3,2.2,False,13.57,False,False,True,0.6,stale,
297,62090970,21690,1.453980832,1.454059,1656.63409,40.7,35.9,50.5,63.9,6.4,True,0.88,False,False,True,0.7,half_period,
307,6400304,18480,0.6056544256,0.606119,1657.49535,8.4,22.2,13.6,12.2,0.8,False,2.65,False,False,True,0.6,stale,
248,31300787,30578,3.477886309,3.474335,1658.26715,2.1,24.3,33.3,26.5,7.0,True,11.62,False,False,True,1.05,half_period,
249,31496366,21559,0.6260673383,0.627201,1657.32952,1.7,10.1,63.8,23.9,28.4,True,5.79,False,False,True,1.05,half_period,
250,31500603,30985,1.113653358,1.113783,1657.80837,5.2,8.8,19.6,12.6,5.0,True,1.7,False,False,True,1.05,half_period,
253,32094209,21559,11.95380968,11.95384,1658.24004,467.3,476.4,504.9,648.5,57.4,True,1.02,False,False,True,0.7,half_period,
273,49296796,27329,0.8618299667,0.861943,1657.74993,3.5,25.3,81.3,84.8,2.6,False,7.15,False,False,True,0.6,stale,
274,49390070,27344,13.4019942,13.396695,1664.83576,1.5,21.8,16.0,19.3,0.1,False,14.5,False,False,True,0.6,stale,
275,49390251,27344,1.230537793,1.228059,1654.72562,2.0,9.6,7.6,3.6,2.5,False,4.71,False,False,True,0.6,stale,
276,49390558,27356,3.616093067,3.615756,1658.31174,16.7,62.5,42.4,62.1,16.2,True,3.74,False,False,True,1.05,half_period,
345,75687169,27344,16.2370498,16.236389,1661.7313,11.2,17.0,7.6,11.4,2.0,False,1.51,False,False,True,0.6,stale,
347,76167206,37450,2.643392622,2.633373,1655.6788,3.2,3.4,2.2,4.8,1.8,False,1.08,True,False,True,0.55,weak,
348,76171166,28730,2.055534086,2.055499,1655.19632,60.5,49.6,66.2,72.0,0.1,False,0.82,False,False,True,0.25,ok,
349,76224662,37529,4.932315738,4.932287,1656.76254,734.0,721.7,953.2,1026.1,61.2,False,0.98,False,False,True,0.25,ok,
350,76227523,37567,2.729866509,2.730043,1656.15856,267.0,364.3,480.6,552.5,40.5,False,1.36,False,False,True,0.45,ok,
353,76440874,27344,0.3386278679,0.338343,1654.0281,3.5,14.6,45.7,40.8,4.0,False,4.24,False,False,True,0.6,stale,
354,76447579,37573,2.232311349,2.224972,1654.5024,2.4,7.2,9.6,6.3,2.2,False,2.98,False,False,True,0.6,stale,
363,80199862,21685,2.351979979,2.352011,1657.67784,20.2,21.1,161.6,169.7,1.4,False,1.05,False,False,True,0.25,ok,
339,74046141,37148,1.807167772,1.807643,1627.14053,5.4,19.4,20.3,25.8,4.4,False,3.57,False,False,True,0.6,stale,
340,74646659,38377,2.862598641,2.860681,1627.45145,2.2,10.5,11.0,14.2,1.8,False,4.77,False,False,True,0.6,stale,
342,75214502,38409,9.892015797,9.889896,1632.02173,3.6,35.0,38.9,31.4,5.6,False,9.75,False,False,True,0.6,stale,
343,75306937,23185,0.9371842984,0.93718,1654.36494,20.5,18.5,71.0,73.6,3.5,False,0.9,False,False,True,0.25,ok,
256,32363108,21559,2.792502588,2.796339,1658.69351,3.7,7.0,14.1,12.3,0.9,False,1.9,False,False,True,0.6,stale,
261,41586601,217952,0.2200143092,0.219951,1325.77398,11.6,10.2,54.8,49.9,3.2,False,0.88,False,False,True,0.25,ok,
270,49052849,27329,7.009920362,7.009615,1660.97327,58.7,60.8,72.2,56.9,2.8,False,1.04,False,False,True,0.25,ok,
271,49137560,27329,0.6358879451,0.634108,1657.53459,3.2,3.4,8.1,8.7,0.5,False,1.04,True,False,True,0.55,weak,
149,142018015,242284,2.734082227,2.734083,1326.98869,38.1,34.3,58.7,51.5,5.5,False,0.9,False,False,True,0.25,ok,
156,143294289,21690,9.340913661,9.341564,1658.71557,103.4,100.1,232.8,165.1,27.6,True,0.97,False,False,True,0.7,half_period,
159,143651157,18492,6.344406239,6.344281,1661.82883,535.1,673.3,649.2,449.5,14.1,True,1.26,False,False,True,0.9,half_period,
160,143768683,18492,2.883329865,2.883396,1658.10956,1166.1,975.6,1833.3,2443.3,544.2,True,0.84,False,False,True,0.7,half_period,
161,143803539,18492,0.8114204144,0.809637,1655.73306,9.6,9.6,34.8,34.6,0.6,False,1.0,False,False,True,0.25,ok,
225,27951093,34201,1.719084707,1.719149,1626.38224,5.8,10.6,12.5,15.9,2.3,False,1.83,False,False,True,0.6,stale,
237,30275619,217758,1.538943528,1.539023,1326.59356,3.4,4.3,7.5,7.9,0.2,False,1.25,True,False,True,0.75,weak,
238,30349725,27078,0.5459031786,0.545801,1657.06812,2.0,2.7,1.5,3.2,1.3,False,1.36,True,False,True,0.75,weak,
559,182894670,18151,12.57233404,12.500259,1669.54786,1.3,1.4,3.1,4.7,1.7,False,1.05,True,False,True,0.55,weak,
562,183981740,35720,0.4128926423,0.412425,1325.75187,171.1,135.2,259.9,276.2,8.5,False,0.79,False,False,True,0.25,ok,
603,200247352,20998,3.338014107,3.338003,1655.97842,146.4,146.7,164.7,159.1,2.7,False,1.0,False,False,True,0.25,ok,
604,201562850,23179,1.518370888,1.518467,1655.27928,1.7,8.3,32.0,35.3,0.3,False,4.94,False,False,True,0.6,stale,
619,218875002,21691,3.192342527,3.192347,1659.3494,32.3,33.0,37.7,43.9,1.0,False,1.02,False,False,True,0.25,ok,
622,219928884,22382,8.828360678,8.828422,1659.42913,686.4,696.2,639.9,638.4,6.8,False,1.01,False,False,True,0.25,ok,
624,219977016,18063,0.6592839503,0.658225,1654.22307,12.5,6.1,18.3,19.5,0.8,False,0.49,False,False,True,0.25,ok,
626,220391499,120426,14.04656488,14.046578,1366.47491,71.2,71.6,46.9,44.5,0.2,False,1.01,False,False,True,0.25,ok,
490,159616938,27078,1.894595313,1.894854,1657.11449,9.6,16.4,26.7,23.9,2.3,False,1.71,False,False,True,0.6,stale,
510,165837238,18321,0.7327613494,0.732431,1657.25557,2.3,6.3,18.5,22.3,2.8,False,2.74,False,False,True,0.6,stale,
514,166225154,22382,6.020964322,6.020963,1657.71503,22.5,22.4,33.2,28.0,1.6,False,0.99,False,False,True,0.25,ok,
517,167125688,200157,1.561228479,1.561235,1355.70593,46.1,46.6,95.9,69.5,20.4,True,1.01,False,False,True,0.7,half_period,
463,150513899,194226,1.884991021,1.884998,1327.45416,19.1,18.1,273.2,306.0,27.4,False,0.95,False,False,True,0.25,ok,
481,158160754,28736,3.705672466,3.706968,1660.4891,7.9,27.8,116.6,125.2,5.4,False,3.51,False,False,True,0.6,stale,
483,158440302,21690,0.2884011733,0.287947,1655.76928,45.4,35.4,129.1,81.3,34.4,True,0.78,False,False,True,0.7,half_period,
484,158441915,21690,2.605340322,2.60512,1657.89211,11.7,21.8,28.5,36.3,5.7,True,1.87,False,False,True,1.05,half_period,
117,129036837,21665,10.45389042,10.452879,1665.281,41.6,42.0,98.7,22.9,44.7,True,1.01,False,False,True,0.7,half_period,
143,140892243,234912,1.68735674,1.687356,1325.79708,110.8,118.5,475.3,312.9,114.9,True,1.07,False,False,True,0.7,half_period,
146,141809360,244254,12.15757001,12.157456,1328.10735,654.2,617.9,720.5,696.5,4.3,False,0.94,False,False,True,0.25,ok,
147,141866704,244508,1.42326042,1.423266,1325.81632,187.3,208.4,695.3,695.1,1.0,False,1.11,False,False,True,0.25,ok,
718,254142627,21559,1.298914768,1.295542,1658.03417,4.4,5.0,2.1,1.8,0.2,False,1.14,True,False,True,0.55,weak,
719,254147986,21559,3.017151567,3.017171,1659.29956,25.8,23.3,51.4,22.5,20.8,True,0.9,False,False,True,0.7,half_period,
720,254220375,21559,4.119187,4.119117,1659.2066,20.9,17.3,33.9,28.9,3.3,False,0.83,False,False,True,0.25,ok,
721,254231029,21559,1.792763171,1.792804,1658.17679,2.8,2.9,18.9,18.9,0.5,False,1.02,True,False,True,0.55,weak,
239,30471979,232415,2.00992496,2.009909,1325.66802,35.7,24.8,67.7,56.9,7.1,False,0.69,False,False,True,0.25,ok,
242,30761513,243488,2.973434944,2.973444,1325.90926,44.0,37.7,33.1,70.9,27.1,True,0.86,False,False,True,0.7,half_period,
243,30811026,30316,1.269900795,1.274342,1658.20264,8.2,4.6,8.0,6.3,1.2,False,0.56,False,False,True,0.25,ok,
244,30848598,244081,1.507827656,1.507841,1326.40267,11.0,10.9,26.2,26.4,0.1,False,1.0,False,False,True,0.25,ok,
544,177239203,242727,18.98506591,18.985078,1334.36505,125.5,129.8,108.3,103.0,1.0,False,1.03,False,False,True,0.25,ok,
545,177285916,218671,6.429543345,6.42956,1332.02829,1283.9,1324.5,3080.2,3074.4,10.7,False,1.03,False,False,True,0.25,ok,
556,181345288,28736,8.005028282,8.011935,1658.16096,4.5,90.4,146.7,32.2,70.3,True,19.91,False,False,True,1.05,half_period,
558,182517224,44973,2.207598299,2.2076,1326.835,8.6,9.7,31.4,26.6,3.4,False,1.13,False,False,True,0.25,ok,
781,267361631,32832,2.665479865,2.66552,1326.23709,5.5,5.7,12.0,12.8,0.8,False,1.04,False,False,True,0.25,ok,
792,268809852,22250,0.5305856245,0.530423,1654.02847,1.9,10.6,11.5,11.7,0.2,False,5.47,False,False,True,0.6,stale,
795,269304135,21559,12.47091395,12.471191,1659.79944,176.2,183.9,417.3,381.1,27.9,False,1.04,False,False,True,0.25,ok,
802,270272800,44307,8.089452061,8.089451,1326.00616,44.4,43.4,33.6,34.8,1.1,False,0.98,False,False,True,0.25,ok,
637,230966413,22382,0.5788122466,0.5883,1654.04513,1.3,4.2,2.7,2.4,0.2,False,3.33,True,False,True,0.9,stale,
638,230967251,26485,14.71273501,14.84412,1659.09095,1.7,435.2,4.1,472.6,289.9,True,255.03,False,False,True,1.05,half_period,
639,231077461,236480,10.59993287,10.599934,1326.97072,2327.6,2241.6,4171.1,3644.2,9.1,False,0.96,False,True,True,0.55,ok,
663,238188289,164209,3.68054836,3.680467,1327.19667,524.0,557.4,973.0,1064.4,68.3,False,1.06,False,False,True,0.25,ok,
752,261261490,142728,3.534268208,3.534317,1327.29138,32.3,46.3,47.4,47.4,1.3,False,1.44,False,True,True,0.75,ok,
754,261562118,57745,3.624915625,3.624938,1328.48882,14.2,11.1,13.3,22.1,6.0,True,0.78,False,False,True,0.7,half_period,
755,261644653,57751,1.42844275,1.428444,1326.55665,19.8,19.2,58.7,53.0,4.6,False,0.97,False,False,True,0.25,ok,
757,261681115,54882,19.8498457,19.849954,1327.50707,1374.1,1439.2,544.5,711.6,113.8,True,1.05,False,False,True,0.7,half_period,
664,238227405,232131,18.60825744,18.608313,1343.28394,282.6,256.7,257.6,270.0,3.9,False,0.91,False,False,True,0.25,ok,
665,238228073,199820,3.271036873,3.216991,1325.54744,1.5,2.2,0.5,2.3,1.4,False,1.4,True,False,True,0.75,weak,
690,246726023,18480,2.181209447,2.190933,1657.5097,4.3,5.7,9.7,4.3,3.7,False,1.32,False,False,True,0.45,ok,
717,254114662,21559,2.696697899,2.697309,1659.54187,3.7,12.9,15.7,15.7,0.6,False,3.48,False,False,True,0.6,stale,
760,262499670,128007,0.6889923652,0.688993,1384.41101,11.1,13.2,30.8,31.3,0.3,False,1.19,False,False,True,0.25,ok,
767,265125520,63418,12.61998204,12.619697,1654.14186,21.8,27.4,17.4,22.1,2.5,False,1.26,False,False,True,0.45,ok,
768,265125525,72284,12.62008868,12.619611,1654.14544,36.4,47.6,33.0,37.9,0.8,False,1.31,False,False,True,0.45,ok,
780,267166845,58623,0.3220774638,0.322089,1626.25443,26.4,51.7,332.7,216.9,81.2,True,1.96,False,False,True,1.05,half_period,
838,277069819,64486,2.025987459,2.026007,1627.37009,4.7,4.2,9.6,7.6,1.2,False,0.91,True,False,True,0.55,weak,
841,277269411,27078,3.06384041,3.064086,1657.60802,6.3,102.4,147.3,146.8,2.5,False,16.33,False,False,True,0.6,stale,
842,277373239,27078,9.398984072,9.400632,1663.61864,9.6,87.5,106.4,27.8,28.2,True,9.1,False,False,True,1.05,half_period,
843,277373256,27078,9.399534924,9.400558,1658.70343,6.5,39.3,51.1,36.8,4.9,False,6.07,False,False,True,0.6,stale,
907,292125277,27329,10.72899764,10.727611,1659.91991,21.1,22.3,37.6,30.7,3.6,False,1.06,False,False,True,0.25,ok,
908,292127048,20006,3.974060763,3.974283,1660.92786,15.1,15.9,33.2,26.1,2.6,False,1.06,False,False,True,0.25,ok,
910,292127687,27356,1.851391997,1.851432,1657.94707,142.2,130.9,429.2,216.9,161.7,True,0.92,False,False,True,0.7,half_period,
911,292214881,28070,0.3195427575,0.319399,1657.48621,34.4,35.8,84.3,83.2,1.9,False,1.04,False,False,True,0.25,ok,
518,167164631,231695,0.4123406722,0.41234,1325.84221,27.0,25.7,55.9,59.7,2.5,False,0.95,False,False,True,0.25,ok,
520,167343398,227789,2.184345557,2.18435,1327.6382,231.2,205.6,572.9,587.1,11.8,False,0.89,False,False,True,0.25,ok,
524,167651110,245363,7.001362564,7.001317,1328.8542,1720.9,1727.9,5305.5,5263.8,37.4,False,1.0,False,False,True,0.25,ok,
525,167811273,199490,2.7931543,2.793136,1328.16225,12.6,11.4,10.6,11.5,0.6,False,0.9,False,False,True,0.25,ok,
724,255766847,27317,1.450421406,1.454433,1654.36489,1.5,9.9,14.5,17.6,1.9,False,6.73,False,False,True,0.6,stale,
743,260297394,215501,0.7900923904,0.790094,1325.74169,128.7,163.1,381.2,288.3,69.1,True,1.27,False,False,True,0.9,half_period,
744,260472863,201890,1.565931278,1.565957,1327.09628,7.8,7.8,9.9,8.2,1.0,False,1.0,False,False,True,0.25,ok,
745,260504114,187725,8.41835638,8.418186,1332.50743,14.7,14.8,10.2,13.1,2.0,False,1.01,False,False,True,0.25,ok,
867,281494116,126744,2.307401756,2.30741,1385.18414,53.6,47.0,75.4,87.8,7.4,False,0.88,False,False,True,0.25,ok,
895,290356815,45372,4.019159292,4.01964,1628.96138,3.1,11.6,10.9,11.7,0.1,False,3.73,False,False,True,0.6,stale,
897,290552720,34925,10.93556599,10.931869,1630.212,2.7,7.5,35.1,37.7,1.7,False,2.73,False,False,True,0.6,stale,
898,290653746,65191,0.7594632221,0.759461,1325.82735,9.5,10.1,15.6,15.8,0.1,False,1.06,False,False,True,0.25,ok,
848,278225267,27078,3.761867243,3.760582,1659.78783,2.4,32.6,41.0,30.3,2.9,False,13.82,False,False,True,0.6,stale,
849,278271171,81736,1.976039299,1.976034,1599.31906,21.1,14.6,19.7,15.2,2.9,False,0.69,False,False,True,0.25,ok,
851,278542841,76441,3.409945055,3.369004,1600.56871,1.1,5.1,10.7,11.1,0.3,False,4.44,False,False,True,0.6,stale,
854,278990501,235495,12.49073339,12.49076,1326.362,1562.8,1505.1,2220.8,2268.9,6.1,False,0.96,False,False,True,0.25,ok,
921,293525651,57751,1.359500145,1.359498,1325.88987,28.0,25.2,113.1,109.2,1.6,False,0.9,False,True,True,0.55,ok,
923,293664120,30813,0.5901964804,0.589546,1627.63227,3.0,3.8,4.9,4.8,0.1,False,1.24,True,False,True,0.75,weak,
927,294059397,46472,0.6667432673,0.66736,1627.73906,32.8,20.3,158.8,128.6,24.2,False,0.62,False,False,True,0.25,ok,
929,294148079,55155,1.749827126,1.749874,1629.14106,91.6,91.0,193.0,190.4,1.5,False,0.99,False,False,True,0.25,ok,
811,271975434,221625,28.23634159,28.236369,1335.82405,1645.1,1759.4,1985.7,1936.2,210.6,False,1.07,False,False,True,0.25,ok,
834,276645751,50803,0.7476952554,0.748452,1626.33213,20.2,9.5,16.2,12.9,2.1,False,0.47,False,False,True,0.25,ok,
836,276936320,213862,2.900299904,2.900239,1326.40598,6.6,5.6,8.5,13.1,3.1,False,0.86,False,True,True,0.55,ok,
837,276977291,69918,0.5377084054,0.537684,1626.1971,3.2,7.6,13.2,12.4,0.6,False,2.4,False,False,True,0.6,stale,
914,292776690,62889,1.365516457,1.368305,1626.31312,2.2,8.5,8.3,11.4,2.1,False,3.77,False,False,True,0.6,stale,
916,293328247,43960,2.199048159,2.199128,1629.48633,59.9,97.7,136.5,138.7,3.0,False,1.63,False,False,True,0.6,stale,
917,293331179,40142,0.793311154,0.794181,1628.11088,5.1,6.8,8.5,11.2,1.8,False,1.33,False,False,True,0.45,ok,
920,293480909,69375,7.569459502,7.569446,1330.98878,149.1,129.8,127.6,114.9,7.2,False,0.87,False,False,True,0.25,ok,
805,270429419,75938,11.88431526,11.884356,1602.45161,41.5,43.9,52.6,40.2,4.3,False,1.06,False,False,True,0.25,ok,
807,270507297,147626,1.228244283,1.228271,1326.00608,13.4,13.5,22.3,19.1,2.4,False,1.01,False,False,True,0.25,ok,
809,271903247,199146,1.810839545,1.810831,1326.4528,68.6,74.0,250.2,246.1,1.0,False,1.08,False,False,True,0.25,ok,
810,271905978,244775,10.92402451,10.92397,1360.06348,125.4,108.1,142.0,136.7,1.1,False,0.86,False,False,True,0.25,ok,
936,294611659,46791,0.66540603,0.664212,1627.55988,50.1,47.9,256.5,256.9,1.5,False,0.96,False,False,True,0.25,ok,
938,294765664,55206,1.789107257,1.789067,1628.29693,50.5,51.4,76.9,97.1,11.5,True,1.02,False,False,True,0.7,half_period,
940,294890615,55961,3.627956769,3.628167,1630.78741,20.6,25.5,41.3,31.3,6.9,True,1.24,False,False,True,0.9,half_period,
941,295125030,55080,3.096969286,3.096779,1627.84889,103.8,182.6,222.3,296.0,57.9,True,1.76,False,False,True,1.05,half_period,
942,295125033,55080,3.096939639,3.096779,1627.84855,124.8,215.8,218.7,294.6,59.4,True,1.73,False,False,True,1.05,half_period,
944,295169431,55687,0.6944640768,0.694481,1627.51522,8.6,9.0,33.1,34.2,0.6,False,1.05,False,False,True,0.25,ok,
945,295174363,55111,8.004933809,8.029752,1628.37732,2.3,597.8,866.6,-0.3,579.8,True,265.37,False,False,True,1.05,half_period,
948,295313132,47444,2.513114727,2.508757,1629.00055,1.5,4.3,4.3,3.0,1.0,False,2.95,True,False,True,0.9,stale,
856,279322913,222178,18.86802954,18.868184,1337.64246,40.6,51.3,35.0,40.9,4.3,False,1.26,False,False,True,0.45,ok,
860,279510159,256059,13.63218738,13.632049,1358.75117,36.3,37.0,266.6,288.0,11.4,False,1.02,False,False,True,0.25,ok,
861,280053651,86032,15.3363046,15.336093,1338.01909,105.9,123.1,252.9,240.3,4.7,False,1.16,False,False,True,0.25,ok,
865,280867169,84203,2.647393712,2.647391,1412.81656,116.9,126.7,351.8,349.7,2.0,False,1.08,False,False,True,0.25,ok,
991,303994011,25483,1.424299931,1.424264,1654.22206,40.8,48.6,90.5,146.8,42.8,True,1.19,False,False,True,0.7,half_period,
993,304274584,55180,3.964746232,3.964548,1656.04859,16.5,18.1,96.0,98.2,4.9,False,1.09,False,False,True,0.25,ok,
995,304548927,28736,0.5154930879,0.515133,1657.34182,11.1,12.6,138.5,139.8,0.5,False,1.14,False,False,True,0.25,ok,
996,304622998,28736,6.446859401,6.419257,1661.99048,3.4,6.5,15.7,2.6,8.6,True,1.9,False,False,True,1.05,half_period,
984,303614800,51070,3.679068237,3.654774,1655.00446,3.4,3.2,4.3,1.9,1.6,False,0.93,True,False,True,0.55,weak,
985,303785997,51068,1.787194352,1.784249,1655.19844,1.7,3.5,3.5,0.5,2.1,False,2.07,True,False,True,0.9,stale,
987,303841100,51818,5.647294915,5.647939,1655.61649,343.9,572.3,1124.3,969.2,45.9,False,1.66,False,False,True,0.6,stale,
988,303842892,45919,0.5930506429,0.593304,1654.52786,2.7,4.6,11.8,10.4,0.9,False,1.7,True,False,True,0.9,stale,
931,294200509,30902,0.5015852808,0.502288,1627.5339,1.2,1.6,-0.1,-1.4,0.9,False,1.36,True,False,True,0.75,weak,
932,294299078,46487,2.187963357,2.1877,1628.93799,3.7,11.9,16.4,17.4,0.7,False,3.21,False,False,True,0.6,stale,
933,294325257,156623,0.6764736709,0.676472,1384.14354,16.1,18.7,42.0,39.0,2.0,False,1.16,False,False,True,0.25,ok,
935,294396667,134032,1.306907604,1.306925,1384.1334,29.3,28.9,68.9,314.9,174.6,True,0.99,False,False,True,0.7,half_period,
977,301896030,49461,5.327343402,5.327249,1630.42071,492.5,487.8,748.0,789.2,18.7,False,0.99,False,False,True,0.25,ok,
978,301897558,53537,7.629377716,7.56562,1628.49163,0.6,4.1,3.4,4.8,0.7,False,6.82,True,False,True,0.9,stale,
979,301956342,53310,2.165089012,2.165291,1628.87008,7.0,18.9,30.6,17.4,8.7,True,2.69,False,False,True,1.05,half_period,
982,302988499,113236,3.163553113,3.163555,1493.07105,90.7,90.9,116.8,115.8,0.2,False,1.0,False,False,True,0.25,ok,
1006,305765400,34921,1.070539217,1.070918,1626.95498,4.0,15.8,20.1,25.6,2.9,False,3.98,False,False,True,0.6,stale,
1009,305942749,26625,0.8331463952,0.833165,1626.64244,39.9,38.0,197.2,155.3,27.7,True,0.95,False,False,True,0.7,half_period,
1011,306103027,37376,3.264725377,3.266765,1626.97291,3.7,15.7,39.4,44.1,9.8,False,4.2,False,False,True,0.6,stale,
1012,306103891,37364,0.6580350415,0.65816,1626.59264,2.3,5.6,11.5,12.7,0.8,False,2.41,False,False,True,0.6,stale,
997,304729610,63835,1.142649443,1.140425,1654.76723,2.2,5.4,5.0,5.6,0.4,False,2.42,False,False,True,0.6,stale,
998,304729846,63855,8.051877055,8.111901,1659.71792,3.0,2.4,0.8,0.7,0.0,False,0.8,True,False,True,0.55,weak,
999,304862653,64052,0.4002711361,0.400287,1654.0125,5.1,15.2,160.5,163.0,2.0,False,2.99,False,False,True,0.6,stale,
1005,305761174,31076,0.8072269517,0.807238,1626.76991,19.4,17.7,70.9,73.4,1.2,False,0.91,False,False,True,0.25,ok,
1022,306981323,51287,3.113770179,3.113626,1628.18356,54.6,99.0,154.8,107.6,39.6,True,1.81,False,False,True,1.05,half_period,
1024,307153959,46871,0.6303377874,0.630357,1626.95087,5.3,7.3,14.8,13.0,1.2,False,1.4,False,False,True,0.45,ok,
1032,309959700,48534,2.427326752,2.42534,1627.7229,2.4,4.1,3.5,1.7,1.2,False,1.69,True,False,True,0.9,stale,
1034,310419795,48475,2.928003849,2.927743,1627.9756,3.6,18.9,10.0,29.4,12.9,True,5.33,False,False,True,1.05,half_period,
1035,310509626,48545,1.409801177,1.409568,1628.13553,6.0,18.7,26.5,23.6,2.3,False,3.1,False,False,True,0.6,stale,
1036,310801704,52968,10.14720704,10.146412,1630.19362,4.2,14.0,20.7,17.3,6.3,False,3.37,False,False,True,0.6,stale,
1037,310855797,40627,1.500252991,1.500246,1628.09571,234.9,266.8,380.4,461.3,48.0,False,1.14,False,False,True,0.25,ok,
1038,310855822,40627,1.500093938,1.500245,1628.08583,60.9,52.7,82.2,98.8,10.3,False,0.87,False,False,True,0.25,ok,
959,299778628,55113,29.87679382,29.876726,1335.88635,430.8,438.6,8.3,15.9,3.5,False,1.02,False,False,True,0.25,ok,
963,300019694,13019,7.492737619,7.500409,1659.20516,10.8,28.5,13.1,16.4,1.3,False,2.65,False,False,True,0.6,stale,
965,300086757,221324,7.543056845,7.543043,1327.85097,30.1,27.7,25.4,28.2,2.8,False,0.92,False,False,True,0.25,ok,
967,300291839,232656,9.250459633,9.250395,1330.27752,49.6,52.4,35.4,38.1,1.5,False,1.06,False,False,True,0.25,ok,
1050,311699919,41146,2.037788352,2.037803,1627.75933,16.5,17.1,114.7,116.4,0.0,False,1.04,False,False,True,0.25,ok,
1051,311859088,44884,0.6955241568,0.695549,1628.04919,5.2,11.0,24.3,19.3,3.8,False,2.11,False,False,True,0.6,stale,
1052,311861272,36537,12.96455965,13.01788,1639.38893,3.7,12.3,9.6,6.0,3.0,False,3.35,False,False,True,0.6,stale,
1056,311957752,54533,8.083735136,8.083468,1635.40115,96.4,217.8,117.8,100.6,2.0,False,2.26,False,False,True,0.6,stale,
1039,310959570,52835,5.613523255,5.613524,1632.64999,368.7,325.6,397.2,363.8,4.8,False,0.88,False,False,True,0.25,ok,
1043,311169550,52966,0.747067833,0.747254,1628.15144,2.0,7.2,9.9,6.2,2.5,False,3.54,False,False,True,0.6,stale,
1044,311251028,52958,10.6384338,10.638274,1632.29753,8.0,11.7,11.4,8.5,1.2,False,1.46,False,False,True,0.45,ok,
1045,311413113,43456,18.74109473,18.73961,1641.16996,36.5,62.8,24.0,69.7,28.2,True,1.72,False,False,True,1.05,half_period,
1057,311958594,46128,0.622190189,0.622198,1627.58968,29.6,29.0,48.8,47.7,2.3,False,0.98,False,False,True,0.25,ok,
1081,318612970,47661,24.38923603,24.389592,1636.52086,521.2,518.5,342.7,247.1,47.7,True,0.99,False,False,True,0.7,half_period,
1083,319741451,26485,6.268199736,6.268176,1658.26536,46.0,49.3,59.4,37.1,17.0,True,1.07,False,False,True,0.7,half_period,
1084,319768060,26485,9.584006828,9.584097,1661.56635,63.0,64.4,108.4,113.2,17.0,False,1.02,False,False,True,0.25,ok,
1014,306268580,46798,6.503354263,6.554799,1628.65965,1.1,4.4,4.1,2.0,1.3,False,4.07,True,False,True,0.9,stale,
1015,306351964,51203,2.701077162,2.701094,1655.86312,310.1,216.4,193.5,140.2,34.1,True,0.7,False,False,True,0.7,half_period,
1016,306357959,55295,2.817833435,2.817325,1626.60711,1.8,6.3,15.6,6.2,6.5,True,3.45,False,False,True,1.05,half_period,
1017,306511505,246162,0.9581710667,0.958167,1326.56493,5.2,8.1,11.3,7.7,2.6,False,1.58,False,False,True,0.6,stale,
970,300559128,245446,4.173140848,4.173132,1327.47166,85.1,87.0,730.3,703.2,4.0,False,1.02,False,False,True,0.25,ok,
973,300969635,246526,7.420728649,7.420733,1328.2509,2506.9,2233.1,2810.8,2933.9,41.1,False,0.89,False,False,True,0.25,ok,
974,301455720,48922,1.79501345,1.795067,1629.20067,26.3,24.4,34.1,34.2,1.1,False,0.93,False,False,True,0.25,ok,
975,301750630,53267,7.778786399,7.779876,1630.57691,17.7,32.6,26.7,35.9,4.5,False,1.84,False,False,True,0.6,stale,
1085,320092265,22382,0.892377211,0.892362,1654.40492,8.4,12.1,25.9,28.0,2.0,False,1.44,False,False,True,0.45,ok,
1087,320203415,26485,1.295092006,1.295565,1654.50035,4.3,9.8,16.2,15.3,1.3,False,2.29,False,False,True,0.6,stale,
1088,320264024,26485,9.275067314,9.275014,1655.53136,83.5,79.4,101.8,123.8,0.0,False,0.95,False,False,True,0.25,ok,
1089,320327921,35942,3.958235021,3.944311,1655.844,8.7,2.9,0.6,2.6,1.4,False,0.34,False,False,True,0.25,ok,
1121,326595551,27329,2.270173876,2.269965,1658.23271,99.1,132.7,240.9,240.9,6.7,False,1.34,False,False,True,0.45,ok,
1122,326705079,21559,3.984221681,3.984312,1657.83233,44.2,53.5,58.1,83.5,17.0,True,1.21,False,False,True,0.9,half_period,
1128,327725463,54380,4.750262633,4.750294,1328.14254,43.9,52.0,143.7,126.0,5.3,False,1.18,False,False,True,0.25,ok,
1140,337200587,28730,11.18276609,11.335499,1665.30556,0.5,5.3,-0.1,7.6,4.4,False,10.83,False,False,True,0.6,stale,
1090,320355456,35942,0.6825429471,0.681597,1654.38295,8.7,4.5,3.1,6.2,2.2,False,0.52,False,False,True,0.25,ok,
1092,320842315,35942,10.9378528,10.937935,1657.73922,40.5,44.0,79.2,87.4,15.8,False,1.09,False,False,True,0.25,ok,
1098,323007878,72693,4.703417905,4.703398,1599.98587,80.9,85.7,221.2,221.1,1.3,False,1.06,False,False,True,0.25,ok,
1102,323443194,58629,1.497198751,1.497208,1626.59999,95.4,93.3,536.4,562.7,2.9,False,0.98,False,False,True,0.25,ok,
1141,337200647,28730,16.38700554,16.389938,1665.05252,1.6,7.5,3.9,4.9,0.2,False,4.54,False,False,True,0.6,stale,
1142,337437566,27329,1.564860324,1.565802,1658.29155,3.6,10.3,20.2,20.7,0.6,False,2.84,False,False,True,0.6,stale,
1145,339209865,26265,2.495200954,2.495301,1655.28544,6.5,6.8,7.4,4.2,2.2,False,1.05,False,False,True,0.25,ok,
1147,339399882,44573,0.6757962506,0.675791,1654.20426,10.5,10.3,19.4,24.9,3.8,False,0.98,False,False,True,0.25,ok,
1105,323685904,49313,27.38230921,27.378308,1623.08526,11.2,45.7,19.7,26.6,3.3,False,4.08,False,False,True,0.6,stale,
1111,324208224,24079,1.097065119,1.098628,1658.00528,4.5,9.1,9.2,16.7,5.1,True,2.01,False,False,True,1.05,half_period,
1112,324208723,24079,8.425000317,8.425748,1659.42778,10.7,29.3,26.9,17.7,0.3,False,2.74,False,False,True,0.6,stale,
1114,324656952,55921,0.8061163262,0.805219,1626.66342,3.7,3.5,3.8,5.2,0.9,False,0.94,True,False,True,0.55,weak,
1163,343340516,54506,3.591281291,3.591779,1628.60931,2.7,71.4,56.2,97.0,24.6,True,26.89,False,False,True,1.05,half_period,
1164,343340931,54484,6.152570415,6.152121,1630.75169,65.3,59.3,208.5,214.8,9.3,False,0.91,False,False,True,0.25,ok,
1165,343450911,54534,1.115929153,1.115919,1627.80625,13.5,14.4,151.2,172.7,13.3,False,1.06,False,False,True,0.25,ok,
1166,343452418,54683,20.81938142,20.819412,1630.89531,301.1,278.9,393.8,373.0,2.5,False,0.93,False,False,True,0.25,ok,
1018,306580216,219420,1.749532727,1.749531,1326.19409,129.9,127.3,319.9,223.5,73.3,True,0.98,False,False,True,0.7,half_period,
1019,306823776,209636,8.002627928,8.00269,1326.25729,27.3,22.0,29.5,34.6,3.9,False,0.81,False,False,True,0.25,ok,
1020,306890690,46964,1.335546112,1.339166,1627.46817,6.5,5.0,4.3,6.8,1.7,False,0.77,False,False,True,0.25,ok,
1021,306896053,176818,5.982114984,5.982013,1354.67855,14.2,19.8,13.6,14.2,0.8,False,1.4,False,False,True,0.45,ok,
1174,343884825,45431,5.230730999,5.331015,1655.95339,1.0,6.4,6.8,3.5,2.1,False,6.15,False,False,True,0.6,stale,
1178,344075391,63924,31.86090357,31.860653,1643.77058,797.6,779.8,954.8,682.3,109.3,True,0.98,False,False,True,0.7,half_period,
1180,344978642,46416,1.393337949,1.389698,1654.21061,1.4,8.0,-2.7,24.8,19.6,True,5.69,False,False,True,1.05,half_period,
1181,344978736,45911,2.585515604,2.582446,1654.63458,2.0,21.8,44.2,36.5,4.3,False,10.71,False,False,True,0.6,stale,
1167,343484756,54876,1.159506105,1.155889,1626.39464,3.2,5.4,0.5,2.5,1.4,False,1.7,False,False,True,0.6,stale,
1168,343487338,54506,0.3481913984,0.348008,1627.56862,2.4,7.1,4.6,4.8,0.1,False,2.93,False,False,True,0.6,stale,
1169,343573862,46125,0.8434338859,0.843476,1628.14643,4.5,7.0,52.2,52.5,1.2,False,1.55,False,False,True,0.6,stale,
1173,343834897,54647,2.043513222,2.043649,1655.63986,8.8,30.1,44.0,53.5,8.0,False,3.41,False,False,True,0.6,stale,
1149,339666347,35254,4.361708082,4.361751,1654.33145,116.8,123.0,131.2,164.6,41.1,True,1.05,False,False,True,0.7,half_period,
1150,339667988,167736,3.067073952,3.067087,1384.26971,12.6,13.9,21.2,18.7,1.9,False,1.1,False,False,True,0.25,ok,
1152,339957347,126681,1.251046882,1.251047,1384.22201,12.3,13.7,48.6,52.1,1.9,False,1.11,False,False,True,0.25,ok,
1153,340003367,97525,15.98673885,15.986716,1392.94232,34.2,30.9,27.8,16.7,7.7,True,0.9,False,False,True,0.7,half_period,
1215,352184899,76208,0.7460462421,0.747398,1654.58638,8.0,3.4,5.2,3.3,1.4,False,0.42,False,False,True,0.25,ok,
1219,352353080,35126,13.36295972,13.453037,1659.94878,1.7,143.1,219.3,4.8,160.6,True,86.61,False,False,True,1.05,half_period,
1220,352400180,44293,18.95952151,18.896773,1656.60249,3.9,119.4,162.8,11.2,127.1,True,30.85,False,False,True,1.05,half_period,
1233,354944794,64785,4.395311605,4.419116,1656.06671,2.0,2.5,1.5,2.2,0.4,False,1.24,True,False,True,0.75,weak,
1154,340058744,133592,2.75853621,2.758561,1385.90398,13.2,12.6,18.7,17.2,0.7,False,0.96,False,False,True,0.25,ok,
1155,340064696,126770,1.572557227,1.572557,1385.12225,36.5,36.0,51.0,52.0,0.6,False,0.99,False,False,True,0.25,ok,
1156,340358394,161646,0.9472231331,0.94703,1384.23781,2.8,13.0,53.6,52.3,0.5,False,4.63,False,False,True,0.6,stale,
1159,341118777,44982,6.847526404,6.847443,1658.20196,365.3,355.4,578.0,507.7,5.3,False,0.97,False,False,True,0.25,ok,
1295,365084581,27344,1.016763286,1.015674,1654.98462,2.7,4.7,9.4,9.5,0.2,False,1.74,True,False,True,0.9,stale,
1303,365725094,55100,20.2646378,20.231967,1667.3398,1.9,33.3,48.9,47.8,5.5,False,17.75,False,False,True,0.6,stale,
1306,365998896,46425,1.249992671,1.250032,1654.46429,29.7,32.2,131.4,120.9,7.7,False,1.08,False,False,True,0.25,ok,
1322,369770419,37980,10.23572798,10.235673,1633.65028,46.3,40.8,15.5,13.7,0.9,False,0.88,False,False,True,0.25,ok,
1285,363985977,27329,2.439240368,2.438791,1657.26128,23.1,40.5,92.4,99.7,5.5,False,1.75,False,False,True,0.6,stale,
1288,364115836,72589,0.4799874843,0.47935,1654.27638,9.4,10.0,10.3,13.2,1.9,False,1.07,False,False,True,0.25,ok,
1289,364153424,72614,1.526529533,1.526513,1654.78354,6.7,7.1,43.8,53.3,7.6,False,1.07,False,False,True,0.25,ok,
1293,364944633,27329,0.8126549535,0.812602,1657.9685,6.0,7.3,14.8,16.6,1.7,False,1.21,False,False,True,0.45,ok,
1335,372222115,31176,1.779399481,1.77943,1655.66558,4.4,5.9,30.2,28.4,0.3,False,1.35,False,False,True,0.45,ok,
1336,372238299,27006,1.499280806,1.499282,1655.08767,17.4,17.4,39.8,44.1,2.5,False,1.0,False,False,True,0.25,ok,
1338,372300924,44471,1.023479086,1.024908,1654.20302,7.4,5.6,9.1,7.4,1.1,False,0.75,False,False,True,0.25,ok,
1342,373015604,46127,0.6220197262,0.622196,1627.59608,4.9,7.0,8.4,10.2,1.0,False,1.43,False,False,True,0.45,ok,
1323,369816679,37870,3.482185512,3.48049,1628.37004,1.0,5.8,21.9,19.0,3.0,False,5.52,False,False,True,0.6,stale,
1326,370015361,21690,1.340986271,1.340973,1656.05915,34.8,31.3,80.9,82.8,1.0,False,0.9,False,False,True,0.25,ok,
1327,370108711,32100,1.024043459,1.02404,1654.70084,14.9,14.7,38.9,41.2,1.7,False,0.99,False,False,True,0.25,ok,
1331,371839648,44087,2.283424213,2.283416,1655.98466,715.2,695.3,1463.9,1586.8,51.2,False,0.97,False,False,True,0.25,ok,
1246,358071481,86966,3.365142694,3.365146,1326.34473,536.5,586.5,714.4,642.0,38.1,False,1.09,False,False,True,0.25,ok,
1248,358108126,127892,12.33045056,12.330378,1334.21049,3408.0,3196.7,2795.0,2548.6,104.2,False,0.94,False,False,True,0.25,ok,
1249,358501560,104306,3.711878058,3.711913,1327.40481,533.7,641.6,829.9,363.7,339.7,True,1.2,False,False,True,0.9,half_period,
1256,363713678,27329,1.65557944,1.655556,1658.63319,40.8,41.3,289.9,279.8,8.3,False,1.01,False,False,True,0.25,ok,
1197,349429641,27329,0.8619231399,0.861944,1657.74436,23.0,29.4,72.7,70.8,0.5,False,1.28,False,False,True,0.45,ok,
1199,349571436,231466,1.607737321,1.619137,1326.69999,2.0,3.5,1.1,1.7,0.5,False,1.75,True,False,True,0.9,stale,
1207,350183074,192569,37.90001908,37.900242,1363.12382,97.0,96.0,94.9,129.8,20.5,True,0.99,False,False,True,0.7,half_period,
1211,351397454,41246,0.4636651351,0.464619,1654.32902,2.1,3.7,0.9,2.5,1.2,False,1.76,True,False,True,0.9,stale,
1372,380468471,27078,2.776287201,2.776338,1658.9338,588.7,543.4,844.2,907.2,42.7,False,0.92,False,False,True,0.25,ok,
1373,380478404,27078,0.5146185217,0.514986,1657.40417,18.8,16.2,102.3,110.4,6.4,False,0.87,False,False,True,0.25,ok,
1375,380751868,27078,0.8093823111,0.80981,1657.5817,4.3,7.0,9.9,8.4,1.1,False,1.64,False,False,True,0.6,stale,
1376,380778770,46053,9.449567077,9.449663,1660.54061,77.5,81.8,59.4,25.7,12.8,True,1.05,False,False,True,0.7,half_period,
1386,382312510,64777,0.5842577176,0.584257,1654.51144,5.1,6.2,28.2,26.8,1.1,False,1.23,False,False,True,0.45,ok,
1387,382366334,55907,14.34945887,14.349444,1658.21067,1524.3,1302.2,1518.7,1867.4,86.6,False,0.85,False,True,True,0.55,ok,
1399,384021193,61449,1.862779784,1.862702,1626.46651,35.2,37.6,360.8,360.7,0.7,False,1.07,False,True,True,0.55,ok,
1400,384068226,45365,1.202462912,1.202006,1626.28316,2.6,4.8,8.4,3.9,3.2,False,1.83,True,False,True,0.9,stale,
1402,384194603,50390,0.5522483663,0.552181,1626.56618,3.6,7.2,13.2,10.9,1.6,False,1.99,False,False,True,0.6,stale,
1405,384511855,48931,1.911927588,1.912021,1626.48365,6.6,7.0,9.1,9.7,0.1,False,1.06,False,False,True,0.25,ok,
1406,384609312,50352,2.177619744,2.177757,1628.00981,22.5,29.0,70.1,100.0,26.4,True,1.29,False,False,True,0.9,half_period,
1407,384627699,22321,14.86995001,14.866484,1640.3623,50.4,82.0,94.9,82.7,5.3,False,1.63,False,False,True,0.6,stale,
1192,348839628,245342,13.91262878,13.912616,1336.14554,77.0,93.7,50.1,55.8,1.4,False,1.22,False,False,True,0.45,ok,
1193,348843066,217645,20.02824153,20.028124,1330.63741,585.0,626.6,771.0,898.3,9.4,False,1.07,False,False,True,0.25,ok,
1194,348997611,246075,4.418368657,4.418341,1327.00373,364.4,354.0,2465.6,2573.1,4.5,False,0.97,False,False,True,0.25,ok,
1195,349246232,55630,9.054138107,9.057834,1634.56893,1.9,3.9,3.3,4.1,0.4,False,2.0,True,False,True,0.9,stale,
1409,384742861,33108,6.356221275,6.470174,1628.8854,-0.5,6.7,1.3,9.5,5.1,True,,False,False,True,0.7,half_period,
1410,384744604,22338,27.09093013,27.090578,1626.47987,267.9,294.6,,,,False,1.1,False,False,True,0.25,ok,
1413,384818632,41142,3.088289775,3.088019,1627.02267,19.7,19.6,133.9,130.1,0.1,False,0.99,False,False,True,0.25,ok,
1423,388202793,197692,3.687645064,3.687672,1326.21405,27.7,29.2,33.7,33.3,0.1,False,1.05,False,False,True,0.25,ok,
1425,389013422,49309,39.541698,39.542228,1627.68624,141.9,135.2,3.2,2.8,0.8,False,0.95,False,False,True,0.25,ok,
1427,389132822,46718,0.9370807546,0.937067,1654.82832,8.9,8.6,25.2,23.5,1.0,False,0.96,False,False,True,0.25,ok,
1428,389364202,207500,0.9499331261,0.949926,1325.82256,32.0,27.2,89.0,90.3,0.5,False,0.85,False,False,True,0.25,ok,
1430,390219055,27329,2.175906147,2.175839,1657.76298,3.4,3.3,20.4,24.4,1.6,False,0.97,True,False,True,0.55,weak,
1454,394232334,65105,0.822515377,0.822509,1325.64735,2.6,3.1,6.1,5.5,0.3,False,1.15,True,False,True,0.55,weak,
1455,394233060,51530,0.3295232507,0.329824,1325.67744,9.6,6.3,9.9,11.3,1.2,False,0.65,False,False,True,0.25,ok,
1459,394722676,56319,6.334260797,6.33432,1330.51422,133.4,144.1,140.9,135.3,2.4,False,1.08,False,False,True,0.25,ok,
1468,396907792,27329,7.259436653,7.25965,1662.16731,62.6,62.5,58.0,66.7,5.5,False,1.0,False,False,True,0.25,ok,
1469,396957421,27329,6.328953907,6.329252,1662.20198,96.6,102.8,144.5,126.4,3.4,False,1.06,False,False,True,0.25,ok,
1470,397106960,27329,3.823217018,3.823141,1658.10294,713.3,572.6,952.1,931.0,30.9,False,0.8,False,False,True,0.25,ok,
1472,398404609,76426,14.45027035,14.455468,1659.87619,2.4,30.0,5.6,9.3,2.5,False,12.29,False,False,True,0.6,stale,
1476,400734328,58617,2.411015066,2.410996,1627.96544,5.4,6.3,8.9,6.0,1.8,False,1.16,False,False,True,0.25,ok,
1350,375058760,231103,7.12937331,7.129389,1329.25846,2336.9,2600.5,4586.9,5112.8,11.2,False,1.11,False,False,True,0.25,ok,
1351,375090559,225525,5.424140005,5.424276,1330.67705,12.5,16.2,19.0,18.3,0.3,False,1.29,False,False,True,0.45,ok,
1357,376778166,41260,12.92203223,12.8472,1659.59556,1.6,106.5,70.2,365.4,219.6,True,65.22,False,False,True,1.05,half_period,
1370,380391418,52990,13.27229098,13.230733,1635.2061,2.5,21.9,24.8,36.2,7.4,True,8.74,False,False,True,1.05,half_period,
1343,373849740,190691,0.5368438574,0.536846,1325.86107,5.8,4.7,13.0,12.5,0.4,False,0.8,False,False,True,0.25,ok,
1344,373917626,201072,1.579484299,1.579457,1327.06537,11.8,10.6,36.0,38.0,0.7,False,0.9,False,False,True,0.25,ok,
1345,373917747,181456,3.545403836,3.580519,1357.63216,0.9,2.5,8.6,8.7,0.1,False,2.75,True,False,True,0.9,stale,
1348,374355219,35520,1.402467184,1.430172,1655.41536,2.0,1.8,1.0,-0.3,0.9,False,0.92,True,False,True,0.55,weak,
1480,402096687,61690,1.224558558,1.224479,1627.20049,5.7,7.0,10.6,10.2,0.0,False,1.23,False,False,True,0.45,ok,
1481,402104788,45147,1.441319262,1.441306,1326.51899,6.8,7.0,24.9,24.8,0.4,False,1.04,False,False,True,0.25,ok,
1491,404707758,61815,20.27576146,20.275628,1633.18602,1594.2,1780.7,1797.2,1541.8,26.6,False,1.12,False,False,True,0.25,ok,
1494,404774891,25154,22.50328592,22.503075,1658.92544,102.9,116.3,252.9,255.4,1.8,False,1.13,False,False,True,0.25,ok,
1508,406241337,21690,2.286238861,2.284854,1657.74911,3.6,8.6,11.9,12.7,0.5,False,2.37,False,False,True,0.6,stale,
1512,406807194,41735,2.088222539,2.088471,1626.7607,4.6,10.8,28.5,28.8,0.0,False,2.36,False,False,True,0.6,stale,
1513,406863699,53074,16.74976925,16.749182,1631.51259,156.9,206.8,23.5,37.7,12.4,True,1.32,False,False,True,0.9,half_period,
1514,406872253,53071,0.4925357401,0.492482,1626.40091,2.6,6.5,7.4,6.9,0.4,False,2.5,False,False,True,0.6,stale,
1516,407066449,57871,1.212134075,1.212122,1627.09405,7.4,7.7,47.0,47.9,0.3,False,1.05,False,False,True,0.25,ok,
1518,407146714,61514,1.433170187,1.433529,1626.72977,1.6,8.6,61.3,82.5,15.6,True,5.36,False,False,True,1.05,half_period,
1520,407146723,61515,1.433344659,1.433518,1626.74368,10.2,9.1,104.0,142.9,28.4,True,0.89,False,False,True,0.7,half_period,
1521,407222000,57807,0.8091558681,0.809187,1626.81146,8.4,10.3,35.3,33.7,1.5,False,1.23,False,False,True,0.45,ok,
1545,410309657,22382,1.495350309,1.495331,1654.60727,11.8,11.3,90.5,91.8,0.1,False,0.96,False,False,True,0.25,ok,
1546,410310956,35942,3.091860419,3.091944,1655.26897,15.0,18.6,22.2,17.3,4.1,False,1.24,False,False,True,0.45,ok,
1547,410346480,44719,0.362272813,0.362631,1654.13387,10.7,6.7,12.0,10.7,0.8,False,0.63,False,False,True,0.25,ok,
1548,410373785,63732,1.144163901,1.144166,1654.60561,22.7,25.1,118.7,111.5,4.4,False,1.11,False,False,True,0.25,ok,
1528,407922730,75933,6.475014877,6.475112,1659.51046,6.7,6.7,8.5,8.1,0.5,False,1.01,False,False,True,0.25,ok,
1538,409847512,44256,2.917155332,2.917175,1654.07666,50.2,42.9,54.4,138.2,63.0,True,0.85,False,False,True,0.7,half_period,
1542,409935170,44379,4.359693393,4.352043,1655.74825,334.5,542.2,1344.1,644.8,529.8,True,1.62,False,False,True,1.05,half_period,
1544,410002663,35013,0.2691386283,0.269138,1654.06189,12.1,13.4,27.4,27.6,0.3,False,1.11,False,False,True,0.25,ok,
1495,404774919,25154,22.50314015,22.503137,1658.8997,47.5,47.9,104.8,112.3,5.3,False,1.01,False,False,True,0.25,ok,
1496,404797784,189976,1.306868775,1.306865,1326.86026,5.0,5.3,45.4,47.2,1.7,False,1.05,False,False,True,0.25,ok,
1498,405075695,62645,9.91835961,9.918484,1601.82732,111.6,125.5,147.2,121.4,0.3,False,1.12,False,False,True,0.25,ok,
1506,406098924,18170,0.8848260762,0.886273,1657.59039,14.2,11.1,76.4,85.4,4.3,False,0.78,False,False,True,0.25,ok,
1584,424797128,21026,1.456918078,1.456916,1655.90403,33.2,37.2,199.1,189.9,0.6,False,1.12,False,False,True,0.25,ok,
1585,424849871,21774,2.317143448,2.322124,1655.9271,1.8,14.6,5.9,4.0,1.0,False,8.32,False,False,True,0.6,stale,
1586,424876542,21034,0.4176862509,0.418169,1655.83544,7.8,6.4,15.4,16.1,0.5,False,0.83,False,False,True,0.25,ok,
1587,424877706,21690,11.5530262,11.67319,1665.99821,0.8,68.7,59.1,43.6,16.2,True,91.55,False,False,True,1.05,half_period,
1550,411868625,46067,12.03290245,12.037492,1658.11754,1.8,27.5,25.6,21.5,4.9,False,15.32,False,False,True,0.6,stale,
1551,411924206,51049,3.877878561,3.876682,1656.84567,1.5,80.7,103.4,52.9,33.3,True,53.83,False,False,True,1.05,half_period,
1552,411924652,51056,0.366512598,0.366351,1654.09825,3.0,21.4,34.5,37.7,2.4,False,7.23,False,False,True,0.6,stale,
1577,421262493,48297,2.395937767,2.396348,1627.13733,3.6,11.1,13.9,12.4,0.4,False,3.08,False,False,True,0.6,stale,
1588,424877713,21690,11.55279895,11.693477,1665.30381,10.6,73.4,36.5,9.0,22.5,True,6.9,False,False,True,1.05,half_period,
1589,424881840,31080,0.6150028391,0.614987,1654.45353,20.6,15.5,52.8,58.8,3.1,False,0.75,False,False,True,0.25,ok,
1590,424984597,20983,0.5224430979,0.5217,1655.85512,110.5,106.9,310.0,388.6,60.7,True,0.97,False,False,True,0.7,half_period,
1591,424986552,21774,1.648820547,1.648851,1655.5595,231.1,218.7,611.6,342.6,219.0,True,0.95,False,False,True,0.7,half_period,
1438,390725265,28736,0.9517141853,0.952893,1657.90668,40.9,69.6,343.0,372.0,19.3,False,1.7,False,False,True,0.6,stale,
1444,391745591,204094,0.6554053096,0.655411,1326.21319,8.1,9.8,24.8,33.6,6.0,True,1.22,False,False,True,0.9,half_period,
1445,391812839,234770,2.098876211,2.098954,1355.47615,10.6,7.8,16.1,18.1,1.4,False,0.73,False,False,True,0.25,ok,
1446,391923274,228043,19.27154813,19.271615,1334.88513,36.6,35.0,38.2,36.0,2.2,False,0.96,False,False,True,0.25,ok,
1522,407580995,57751,3.029037206,3.029046,1327.16012,60.0,66.0,485.8,462.7,2.1,False,1.1,False,False,True,0.25,ok,
1523,407621964,233541,35.39155171,35.392352,1331.31382,996.8,1253.4,477.7,457.3,75.9,False,1.26,False,False,True,0.45,ok,
1526,407824105,58977,17.9414676,17.944527,1637.43323,8.2,42.6,40.8,34.4,6.1,False,5.18,False,False,True,0.6,stale,
1527,407876993,58997,0.7412695952,0.74053,1626.58592,7.5,10.8,12.7,16.6,2.5,False,1.44,False,False,True,0.45,ok,
1706,3658835,18526,1.06789,1.067475,1628.87692,1.8,87.6,248.7,125.3,91.4,True,49.66,False,False,True,1.05,half_period,
1713,14474806,17619,4.356278,4.42413,1631.04243,2.1,6.9,8.6,13.5,2.5,False,3.22,False,False,True,0.6,stale,
1724,17972582,26759,0.716149,0.716424,1628.9059,3.6,11.1,83.2,118.9,24.0,True,3.06,False,False,True,1.05,half_period,
1726,19283982,17623,0.763515,0.76179,1628.60206,2.9,2.9,8.1,10.2,1.2,False,1.0,True,False,True,0.55,weak,
1637,451606385,47664,12.98023281,12.980137,1630.45559,454.6,447.5,293.5,276.8,3.3,False,0.98,False,False,True,0.25,ok,
1651,464281481,51835,0.6577136751,0.65711,1654.54682,12.9,11.0,24.4,31.5,5.3,True,0.85,False,False,True,0.7,half_period,
1652,464286489,51828,7.239770404,7.241591,1659.34501,1.9,23.8,35.5,37.6,3.3,False,12.23,False,False,True,0.6,stale,
1654,464315739,35913,3.197305924,3.197778,1657.03201,8.4,48.1,113.3,119.8,4.2,False,5.75,False,False,True,0.6,stale,
1727,19386010,19303,6.885667,6.926987,1492.62817,1.1,3.1,5.7,1.2,3.1,False,2.87,True,False,True,0.9,stale,
1728,19686666,19326,1.236675,1.237231,1492.536,6.2,21.1,34.9,34.4,1.8,False,3.43,False,False,True,0.6,stale,
1729,20627517,26553,0.420379,0.420057,1626.58073,8.4,6.0,24.3,26.6,1.7,False,0.72,False,False,True,0.25,ok,
1730,21109090,28754,1.527364,1.524865,1571.81498,1.2,8.7,8.5,3.4,3.4,False,7.24,False,False,True,0.6,stale,
1657,464522606,52652,0.5657097317,0.565765,1654.07132,2.0,4.7,32.4,32.4,0.1,False,2.29,True,False,True,0.9,stale,
1658,464548710,61232,3.12006268,3.120064,1656.93794,168.4,181.1,927.6,588.7,195.1,True,1.08,False,False,True,0.7,half_period,
1659,464561795,61236,6.073170211,6.073145,1658.91,553.2,673.3,594.1,781.5,155.3,True,1.22,False,False,True,0.9,half_period,
1660,464589896,64536,0.4586803982,0.458656,1654.41806,3.3,5.2,8.1,8.2,0.1,False,1.56,False,False,True,0.6,stale,
1661,464592499,37158,0.4490883085,0.44909,1654.34479,9.4,8.5,96.0,84.1,9.2,False,0.9,False,False,True,0.25,ok,
1662,464597067,64575,12.13226554,12.131981,1654.07322,15.0,23.7,14.1,13.5,0.2,False,1.58,False,False,True,0.6,stale,
1668,466273082,36006,0.8607424116,0.860772,1654.35381,9.3,14.3,62.6,63.2,0.3,False,1.53,False,False,True,0.6,stale,
1671,466682727,64224,6.157074421,6.15698,1657.4395,28.8,35.1,48.2,31.1,8.6,True,1.22,False,False,True,0.9,half_period,
1760,35907845,43342,2.118524,2.120184,1600.07796,6.3,11.0,25.9,29.6,2.2,False,1.75,False,False,True,0.6,stale,
1763,36595481,26759,1.735028,1.735101,1628.45688,9.4,7.8,20.9,20.4,1.0,False,0.83,False,False,True,0.25,ok,
1764,36601157,15938,0.988006,1.001777,1629.32124,-1.0,9.6,12.0,14.2,2.0,False,,False,False,True,0.25,ok,
1765,37062985,26759,2.69205,2.692526,1628.82184,1.7,6.2,29.5,27.6,0.4,False,3.73,False,False,True,0.6,stale,
1756,35208896,39127,1.224223,1.221801,1599.79124,4.1,8.1,15.7,9.8,4.3,False,1.99,False,False,True,0.6,stale,
1757,35351735,39142,2.620443,2.619734,1600.47813,4.5,14.3,26.7,26.2,0.6,False,3.19,False,False,True,0.6,stale,
1758,35678623,39859,1.356168,1.358014,1599.58194,2.1,12.6,14.8,11.2,2.8,False,5.89,False,False,True,0.6,stale,
1759,35905913,39163,1.417279,1.418535,1600.15877,2.6,7.2,7.7,10.9,2.2,False,2.78,False,False,True,0.6,stale,
1773,39654532,26759,2.098008,2.092861,1628.43313,6.4,6.0,11.0,13.4,1.7,False,0.94,False,False,True,0.25,ok,
1774,40076647,26759,0.963905,0.964028,1628.47825,2.6,4.4,20.3,20.0,0.5,False,1.66,True,False,True,0.9,stale,
1780,42853087,50438,4.304432,4.321059,1625.88047,2.6,398.5,546.1,519.8,40.3,False,150.67,False,False,True,0.6,stale,
1781,43230027,42426,0.297755,0.297578,1625.45018,14.0,19.9,72.0,81.1,5.9,False,1.42,False,False,True,0.45,ok,
1787,47191170,26511,1.822638,1.815815,1625.87426,4.1,9.2,19.3,18.5,0.4,False,2.26,False,False,True,0.6,stale,
1789,47412057,26759,1.300711,1.300827,1628.99535,5.3,8.1,21.2,22.0,0.4,False,1.54,False,False,True,0.6,stale,
1792,47954292,22176,6.747705,6.750654,1605.87478,1.7,16.3,12.9,11.3,0.4,False,9.84,False,False,True,0.6,stale,
1793,47954306,22181,6.75565,6.75052,1605.89769,1.1,12.7,11.5,11.1,0.3,False,11.2,False,False,True,0.6,stale,
1592,424986927,21774,2.96649848,2.966436,1655.19295,10.6,12.1,14.1,12.1,2.1,False,1.13,False,False,True,0.25,ok,
1593,425064757,226221,0.7846192044,0.78462,1326.42245,9.5,9.6,139.3,138.3,0.8,False,1.0,False,True,True,0.55,ok,
1594,425084025,183327,2.804275919,2.804239,1326.848,8.2,8.1,16.8,13.9,2.1,False,0.99,False,False,True,0.25,ok,
1635,451508609,21946,1.01009313,1.010073,1627.07749,58.2,63.3,261.0,274.8,16.4,False,1.09,False,False,True,0.25,ok,
1751,31106039,235234,2.874198,2.873954,1327.84787,6.4,7.2,7.8,13.4,3.9,False,1.13,False,False,True,0.25,ok,
1752,31136413,22155,10.76144,10.777539,1606.09716,5.4,18.1,6.9,12.1,5.2,True,3.38,False,False,True,1.05,half_period,
1753,32348125,26759,1.375017,1.373419,1629.19041,51.1,92.2,216.7,218.9,9.6,False,1.81,False,False,True,0.6,stale,
1755,34895527,17623,2.263854,2.262747,1629.95681,11.9,12.9,46.8,40.8,1.5,False,1.09,False,False,True,0.25,ok,
1746,29984131,197538,0.9444326008,0.944754,1326.21917,6.8,4.0,6.0,8.0,1.4,False,0.59,False,False,True,0.25,ok,
1748,30873996,29864,4.574519,4.573018,1603.89068,1.9,12.6,13.9,15.5,1.0,False,6.62,False,False,True,0.6,stale,
1749,30954770,29850,2.899537,2.897229,1600.07646,1.7,70.1,129.0,87.6,26.9,True,42.3,False,False,True,1.05,half_period,
1750,30991412,29557,9.532037,9.549903,1600.47363,4.6,11.6,8.9,10.3,1.6,False,2.53,False,False,True,0.6,stale,
1796,48292030,26323,0.473628,0.473233,1628.62094,2.4,5.2,24.2,21.8,1.8,False,2.13,False,False,True,0.6,stale,
1797,48292396,26759,1.535433,1.535408,1629.30846,7.7,9.7,22.5,21.2,1.2,False,1.25,False,False,True,0.45,ok,
1798,49126959,26553,1.704179,1.703427,1627.96925,4.1,25.1,68.9,54.9,6.1,True,6.17,False,False,True,1.05,half_period,
1800,50011022,26759,0.625711,0.626093,1628.84432,8.4,38.2,270.1,254.6,11.0,False,4.56,False,False,True,0.6,stale,
1782,43456108,53140,2.38315,2.38758,1625.86727,2.4,5.7,15.8,14.6,0.9,False,2.38,False,False,True,0.6,stale,
1783,43599504,53148,1.144444,1.143595,1626.09039,1.4,22.9,17.3,26.7,6.3,True,15.9,False,False,True,1.05,half_period,
1785,44838275,26319,2.142571,2.146058,1629.78886,3.4,22.6,39.7,29.9,5.2,True,6.57,False,False,True,1.05,half_period,
1786,45006631,53181,5.262935,5.262685,1627.16607,25.0,47.6,16.8,15.9,0.5,False,1.9,False,False,True,0.6,stale,
1768,38063444,42416,0.390092,0.390019,1625.41392,3.5,5.3,28.1,29.6,1.5,False,1.5,False,False,True,0.6,stale,
1770,38843122,220739,15.516752,15.59692,1329.93347,4.0,5.9,3.2,10.1,4.6,False,1.48,False,False,True,0.45,ok,
1771,39654181,26759,4.939254,4.935826,1630.98,0.4,32.0,51.4,55.1,0.6,False,80.88,False,False,True,0.6,stale,
1772,39654517,26759,2.098008,2.098817,1628.4067,6.9,11.6,11.5,9.8,1.0,False,1.68,False,True,True,0.9,stale,
1817,58973400,26759,0.903818,0.903786,1628.41085,12.6,9.1,24.6,21.2,2.1,False,0.72,False,False,True,0.25,ok,
1818,60735803,18990,5.530834,5.638541,1602.00314,4.0,7.1,3.5,4.2,0.3,False,1.79,False,True,True,0.9,stale,
1820,60768924,22140,1.870684,1.870338,1599.81394,0.3,24.1,31.9,34.8,1.4,False,70.27,False,False,True,0.6,stale,
1828,66172548,25799,1.975216,1.965519,1625.62138,2.4,10.3,24.8,11.3,8.8,True,4.36,False,False,True,1.05,half_period,
1842,69284553,15294,2.36829,2.36659,1630.93949,5.8,82.7,124.4,101.4,6.9,False,14.24,False,False,True,0.6,stale,
1843,69284571,15294,2.368487,2.366592,1630.93805,7.2,55.6,108.9,90.7,5.4,False,7.68,False,False,True,0.6,stale,
1846,70540608,42282,0.802129,0.801919,1625.41193,21.0,17.6,15.6,25.3,7.0,True,0.84,False,False,True,0.7,half_period,
1847,71808539,18011,2.424312,2.42027,1626.84142,4.2,4.7,14.8,15.0,1.1,False,1.14,True,False,True,0.55,weak,
1733,22327935,31081,1.131531,1.132048,1572.39843,2.0,6.9,14.0,13.5,0.5,False,3.51,False,False,True,0.6,stale,
1741,27557200,26759,1.419461,1.419912,1628.85208,5.7,14.1,29.2,25.4,2.3,False,2.46,False,False,True,0.6,stale,
1744,29781865,232505,6.860309,6.853398,1331.64066,1.0,2.5,1.9,2.2,0.1,False,2.61,True,False,True,0.9,stale,
1745,29833696,234381,8.978365,8.975258,1329.93105,1.6,3.0,2.1,3.2,0.7,False,1.92,True,False,True,0.9,stale,
1849,72572630,21838,1.6021,1.602391,1600.98592,2.4,12.1,12.7,13.6,0.2,False,5.05,False,False,True,0.6,stale,
1850,72632899,38540,1.355142,1.355315,1573.02465,-0.9,4.6,20.7,21.9,0.9,False,,True,False,True,0.55,weak,
1855,73928163,8270,3.983888,4.00544,1627.29367,221.4,342.0,315.3,334.7,86.0,False,1.54,False,False,True,0.6,stale,
1856,74346212,47494,5.867323,5.855187,1628.29398,1.5,40.6,56.8,57.1,2.3,False,26.94,False,False,True,0.6,stale,
1882,83839341,19169,5.585736,5.587591,1603.18227,0.3,18.2,31.1,30.7,1.3,False,53.67,False,False,True,0.6,stale,
1883,83914031,19179,1.864273,1.864552,1600.32256,2.2,2.6,12.9,14.5,0.2,False,1.2,True,False,True,0.75,weak,
1886,87438239,18011,0.530133,0.531049,1625.59079,4.5,19.8,51.7,68.7,13.5,True,4.43,False,False,True,1.05,half_period,
1890,91628130,44038,0.539169,0.538796,1572.23741,3.8,5.3,10.8,9.6,0.9,False,1.39,False,False,True,0.45,ok,
1866,76758733,27344,7.776237,7.78677,1660.53806,2.7,4.4,107.7,-1.3,83.8,True,1.63,True,True,True,1.65,half_period,
1868,78374609,26027,1.390989,1.390247,1629.58105,3.8,5.7,49.9,49.0,0.8,False,1.52,False,False,True,0.6,stale,
1871,79125456,26027,1.969231,1.97061,1628.79056,7.6,18.9,35.5,33.9,0.1,False,2.49,False,False,True,0.6,stale,
1874,82488918,51189,0.72528,0.724835,1571.94284,2.1,7.6,16.4,16.9,0.1,False,3.63,False,False,True,0.6,stale,
1831,66754047,31196,1.237087,1.23558,1571.77338,1.3,5.3,5.2,3.7,0.9,False,4.18,False,False,True,0.6,stale,
1832,66755953,42720,0.631532,0.631878,1571.78961,2.1,18.9,28.9,27.5,1.0,False,8.88,False,False,True,0.6,stale,
1837,67703297,42852,1.981724,1.979798,1572.07173,2.7,11.0,22.9,11.8,6.9,True,4.09,False,False,True,1.05,half_period,
1841,69183541,25796,3.957153,3.956499,1627.73477,1.6,8.2,7.1,4.4,0.9,False,5.11,False,False,True,0.6,stale,
1876,82774262,51224,4.704283,4.702957,1572.90616,1.2,14.2,10.7,10.3,0.9,False,12.16,False,False,True,0.6,stale,
1877,82949776,53680,3.099793,3.101072,1574.76284,2.4,27.4,27.6,35.4,4.0,False,11.49,False,False,True,0.6,stale,
1878,83394510,22114,9.304639,9.317488,1608.38455,3.0,39.3,35.0,34.3,3.3,False,13.01,False,False,True,0.6,stale,
1880,83494672,22142,3.361446,3.375588,1602.62713,3.7,5.0,5.0,4.1,0.5,False,1.37,False,False,True,0.45,ok,
1950,121625048,11741,2.128697,2.127106,1601.76693,6.2,18.8,22.6,24.4,1.1,False,3.05,False,False,True,0.6,stale,
1952,121663898,26407,0.359739,0.359003,1599.84739,2.6,5.5,10.4,12.9,1.8,False,2.08,False,False,True,0.6,stale,
1953,121666838,26394,3.955412,3.957405,1600.4027,1.2,24.2,25.7,25.9,0.8,False,20.18,False,False,True,0.6,stale,
1954,121667554,26401,1.384044,1.385076,1600.63484,-0.1,9.2,22.4,21.7,0.7,False,,False,False,True,0.25,ok,
1924,107610704,22174,12.534403,12.532668,1607.60808,55.8,57.1,86.0,55.1,11.0,True,1.02,False,False,True,0.7,half_period,
1935,120297997,43715,6.601667,6.669865,1546.27419,1.2,4.7,7.9,3.1,4.0,False,3.82,True,False,True,0.9,stale,
1941,121058843,26373,1.274322,1.268621,1600.61397,4.0,11.1,23.1,19.5,2.6,False,2.77,False,False,True,0.6,stale,
1942,121058849,26373,1.274322,1.275232,1600.53658,3.1,6.5,13.5,13.5,0.1,False,2.15,False,False,True,0.6,stale,
1943,121096563,22245,0.515294,0.515603,1600.08082,3.2,4.8,6.5,5.4,0.9,False,1.48,True,False,True,0.75,weak,
1945,121196411,26169,3.911809,3.907668,1599.64344,2.2,8.0,13.8,12.3,0.7,False,3.71,False,False,True,0.6,stale,
1946,121248009,26409,13.636883,13.372275,1611.90114,1.0,37.9,,,,False,36.4,False,False,True,0.6,stale,
1948,121563490,26408,5.11563,5.117495,1600.53638,1.3,11.2,6.9,8.4,0.9,False,8.4,False,False,True,0.6,stale,
1892,91911611,51150,1.170419,1.15578,1571.99068,11.0,3.2,6.0,2.7,2.1,False,0.29,False,False,True,0.25,ok,
1893,92615090,33547,0.799586,0.799927,1571.87006,2.7,8.1,18.7,13.0,4.2,False,3.06,False,False,True,0.6,stale,
1894,93771344,40917,2.820358,2.831822,1574.28185,3.0,6.5,9.2,6.9,1.8,False,2.15,False,False,True,0.6,stale,
1896,96098342,18082,0.654878,0.655809,1628.59447,2.2,7.2,17.5,16.5,0.6,False,3.26,False,False,True,0.6,stale,
1902,97610426,42225,0.800533,0.799805,1625.46127,3.3,9.5,9.3,9.6,0.1,False,2.85,False,False,True,0.6,stale,
1904,98952744,32783,5.159869,5.15908,1572.02983,2.3,9.8,12.4,10.4,0.9,False,4.24,False,False,True,0.6,stale,
1909,100100823,30527,0.94152,0.941445,1354.46167,69.8,78.6,144.9,133.1,7.1,False,1.13,False,False,True,0.25,ok,
1916,102625324,32836,9.177873,9.176856,1546.32403,1.0,94.6,31.9,38.7,4.2,False,91.81,False,False,True,0.6,stale,
1969,122632735,8083,1.137517,1.139941,1628.591,3.2,7.5,13.9,7.1,4.7,False,2.38,False,False,True,0.6,stale,
1973,123064672,14703,0.802794,0.800319,1628.72638,2.0,4.6,19.9,19.6,0.6,False,2.32,True,False,True,0.9,stale,
1974,123282768,8083,3.939249,3.940947,1632.14354,9.4,58.8,184.1,234.5,5.3,True,6.26,False,False,True,1.05,half_period,
1977,124169565,23839,2.361931,2.363833,1630.63821,8.2,21.5,39.5,38.1,1.0,False,2.64,False,False,True,0.6,stale,
1955,121795527,26056,1.445155,1.445689,1600.60412,2.5,12.4,13.8,14.0,0.0,False,4.91,False,False,True,0.6,stale,
1958,121926023,26076,1.97642,1.983247,1600.35942,1.9,6.8,15.2,13.6,1.8,False,3.51,False,False,True,0.6,stale,
1959,121927399,26054,0.600017,0.600087,1600.18635,3.0,5.2,7.8,6.8,0.6,False,1.72,False,False,True,0.6,stale,
1960,121933402,26350,1.062517,1.061087,1600.60493,23.7,29.2,41.1,49.1,7.0,False,1.23,False,False,True,0.45,ok,
1962,122227070,25541,1.640989,1.637625,1599.69185,4.4,4.1,3.0,2.4,0.3,False,0.93,True,False,True,0.55,weak,
1965,122355918,25987,1.3271,1.328424,1600.79258,2.5,6.4,7.5,7.9,0.1,False,2.54,False,False,True,0.6,stale,
1966,122399664,25990,1.327794,1.333286,1600.72742,4.3,6.6,10.2,9.5,0.2,False,1.52,False,False,True,0.6,stale,
1967,122424768,26759,1.621544,1.625376,1629.29169,9.7,61.7,95.5,89.2,9.8,False,6.34,False,False,True,0.6,stale,
1978,124256104,23839,1.603489,1.604772,1628.88251,5.7,9.9,15.7,20.5,2.7,False,1.73,False,False,True,0.6,stale,
1979,124593564,23839,1.709739,1.704283,1629.23131,3.3,6.4,10.8,9.6,1.0,False,1.96,False,False,True,0.6,stale,
1980,124780430,30164,4.830735,4.834358,1600.88501,3.1,8.0,12.6,13.2,0.5,False,2.54,False,False,True,0.6,stale,
1981,125228210,27089,1.388211,1.387458,1629.22752,2.3,8.0,17.3,16.4,1.1,False,3.51,False,False,True,0.6,stale,
1984,125659567,27089,1.572239,1.572611,1628.4945,1.8,30.4,251.0,249.6,1.1,False,16.85,False,False,True,0.6,stale,
1986,125875112,11897,3.040437,3.037706,1600.46219,11.8,28.3,31.3,29.8,6.7,False,2.39,False,False,True,0.6,stale,
1987,125876981,11924,1.686822,1.686694,1599.89653,11.4,14.0,25.9,26.7,0.2,False,1.22,False,False,True,0.45,ok,
1989,126309829,17953,2.21297,2.211192,1628.68113,2.3,41.4,69.7,67.6,1.7,False,18.12,False,False,True,0.6,stale,
1990,126468953,26483,1.263217,1.263124,1625.75981,15.1,19.1,92.4,104.4,9.1,False,1.27,False,False,True,0.45,ok,
1991,126976674,22161,0.638211,0.63782,1600.22667,3.0,5.0,7.2,5.9,0.7,False,1.65,True,False,True,0.9,stale,
1992,127196805,22157,8.317356,8.320541,1602.79356,2.6,33.0,85.4,0.1,55.0,True,12.88,False,False,True,1.05,half_period,
1993,127248904,21816,1.236822,1.237291,1599.82465,1.2,13.8,30.7,33.0,1.8,False,11.72,False,False,True,0.6,stale,
1994,127311697,22159,0.929878,0.930819,1600.1946,0.3,3.4,17.4,16.2,0.3,False,11.97,True,False,True,0.9,stale,
1996,127435139,14277,2.455056,2.447992,1601.49922,0.9,3.9,0.5,3.8,2.3,False,4.52,True,False,True,0.9,stale,
1997,127602771,21776,3.343349,3.344439,1601.10757,2.8,13.0,18.1,8.5,3.8,False,4.6,False,False,True,0.6,stale,
1998,127662261,22151,7.09183,7.028025,1602.73554,2.2,6.0,9.3,-1.4,7.0,True,2.72,False,False,True,1.05,half_period,
2001,127861022,18943,4.404255,4.405428,1601.81839,3.1,6.1,4.2,7.9,2.7,False,2.01,False,False,True,0.6,stale,
2003,128005970,22159,3.126922,3.129754,1600.00061,2.7,28.8,17.4,48.8,21.5,True,10.75,False,False,True,1.05,half_period,
2005,128231721,21639,5.387042,5.388092,1628.79461,4.1,84.5,115.2,114.7,4.2,False,20.48,False,False,True,0.6,stale,
2008,128622942,26333,1.763211,1.755184,1599.89049,8.8,9.8,12.6,13.1,0.5,False,1.12,False,False,True,0.25,ok,
2009,129058686,26404,4.852231,4.848889,1600.511,2.0,11.3,7.1,16.1,7.1,True,5.78,False,False,True,1.05,half_period,
2010,129125448,26399,1.807655,1.807369,1600.07581,3.7,51.5,89.4,84.6,2.8,False,13.92,False,False,True,0.6,stale,
2011,129187343,23094,7.342376,7.313302,1602.78022,1.2,16.3,16.9,12.0,0.2,False,13.42,False,False,True,0.6,stale,
2012,129191367,23106,6.637201,6.645103,1601.46465,1.9,10.9,12.3,8.2,3.6,False,5.64,False,False,True,0.6,stale,
2013,129193604,23100,1.161822,1.155168,1600.33644,1.6,5.2,2.4,5.6,2.2,False,3.19,False,False,True,0.6,stale,
2014,129473370,26396,1.915706,1.917036,1600.70264,3.5,8.5,17.2,13.3,2.1,False,2.41,False,False,True,0.6,stale,
2015,129659797,26406,1.478489,1.477951,1600.214,10.2,21.0,99.1,86.5,10.3,False,2.07,False,False,True,0.6,stale,
2016,129951308,26410,6.773997,6.770941,1604.69176,5.0,19.7,25.9,23.1,0.3,False,3.93,False,False,True,0.6,stale,
2018,130814025,33871,1.304715,1.304973,1625.82568,5.6,183.0,351.5,242.3,71.0,True,32.7,False,False,True,1.05,half_period,
2019,131427690,21822,13.551729,13.552888,1602.24567,26.6,73.4,61.7,58.8,2.1,False,2.76,False,False,True,0.6,stale,
2020,131530341,33875,0.595672,0.595273,1625.2598,1.9,5.7,18.7,20.7,1.3,False,3.03,False,False,True,0.6,stale,
2025,136908879,25416,1.436748,1.438038,1629.09018,5.4,10.6,54.7,53.8,1.8,False,1.96,False,False,True,0.6,stale,
2075,147925015,15626,2.697927,2.69695,1601.16504,2.8,3.7,2.3,2.6,0.2,False,1.3,True,False,True,0.75,weak,
2076,147928636,8231,1.156961,1.157218,1600.4114,5.9,6.1,5.7,8.4,2.0,False,1.05,False,False,True,0.25,ok,
2079,148307820,17762,7.689454,7.693515,1600.54278,2.0,26.1,25.3,21.4,1.9,False,12.75,False,False,True,0.6,stale,
2080,148311948,8231,3.566775,3.567183,1601.12771,2.9,3.7,1.6,0.5,0.7,False,1.26,True,False,True,0.75,weak,
2068,145525428,25819,1.727452,1.729026,1625.33699,2.3,16.8,27.2,31.7,3.1,False,7.2,False,False,True,0.6,stale,
2069,146158902,26513,0.674144,0.674754,1625.24266,19.8,20.9,70.5,81.5,8.0,False,1.05,False,False,True,0.25,ok,
2070,146177060,32842,4.112581,4.113572,1548.4405,2.7,5.2,6.4,7.2,0.6,False,1.87,False,False,True,0.6,stale,
2071,146708900,20011,13.853009,13.831641,1384.88996,15.0,39.7,40.4,24.3,10.3,True,2.64,False,False,True,1.05,half_period,
2108,159657962,25876,0.661128,0.661477,1600.14826,3.9,5.4,19.2,19.0,0.3,False,1.37,False,False,True,0.45,ok,
2109,159715068,26332,2.9909,3.014062,1601.03352,3.3,4.1,4.7,2.3,1.8,False,1.24,True,False,True,0.75,weak,
2110,159750552,22656,1.604878,1.608406,1600.51861,12.5,9.1,21.9,14.5,5.5,True,0.73,False,False,True,0.7,half_period,
2113,160086763,18939,0.799322,0.796155,1599.91435,2.6,3.8,2.8,3.8,0.6,False,1.45,True,False,True,0.75,weak,
2060,142513212,25284,1.125017,1.125347,1599.9446,15.2,21.9,59.6,62.1,2.3,False,1.45,False,False,True,0.45,ok,
2063,143413399,25359,4.507424,4.533866,1603.24459,2.1,7.6,7.4,5.8,2.1,False,3.67,False,False,True,0.6,stale,
2064,144344224,25630,0.774322,0.774912,1599.66685,1.7,15.4,29.6,34.0,4.1,False,8.81,False,False,True,0.6,stale,
2066,145511545,25815,2.509119,2.508248,1627.55236,1.9,52.3,103.4,99.4,6.0,False,27.38,False,False,True,0.6,stale,
2114,160191676,39603,12.477929,12.634248,1361.62114,0.7,2.0,4.0,-1.0,3.4,False,3.04,True,False,True,0.9,stale,
2115,160214707,26398,0.775711,0.775978,1600.00775,3.1,4.0,5.7,5.9,0.0,False,1.3,True,False,True,0.75,weak,
2116,160287939,22167,10.912784,10.929254,1606.71953,2.5,33.8,37.2,35.9,2.0,False,13.4,False,False,True,0.6,stale,
2117,160288160,22168,2.902447,2.902778,1600.04396,3.3,21.6,24.1,19.4,0.9,False,6.64,False,False,True,0.6,stale,
2119,160400759,26399,13.299419,13.370514,1612.20121,2.6,27.1,,,,False,10.59,False,False,True,0.6,stale,
2120,160479394,26359,0.359044,0.359637,1599.98023,2.6,8.3,17.3,10.4,4.7,False,3.18,False,False,True,0.6,stale,
2121,160486013,25938,0.777794,0.77776,1599.94556,11.6,8.0,18.8,19.1,0.2,False,0.69,False,False,True,0.25,ok,
2122,160540218,26339,1.971006,1.974215,1599.93483,3.5,7.6,12.7,13.3,0.3,False,2.18,False,False,True,0.6,stale,
2123,160540255,26195,1.975646,1.9742,1599.92629,2.8,5.0,8.3,6.4,1.6,False,1.77,True,False,True,0.9,stale,
2124,160546107,15732,7.245163,7.244476,1605.53573,3.6,40.0,47.5,-0.2,30.6,True,11.25,False,False,True,1.05,half_period,
2125,160547233,15697,1.975013,1.979143,1601.05723,2.3,7.3,12.9,8.5,2.8,False,3.14,False,False,True,0.6,stale,
2127,160635896,26404,5.264461,5.349738,1602.74128,1.2,3.9,5.5,5.2,0.4,False,3.24,True,False,True,0.9,stale,
2128,160694854,26283,0.40835,0.407872,1599.68919,2.0,4.1,5.7,5.9,0.2,False,2.08,True,False,True,0.9,stale,
2129,160889020,26018,9.386785,9.381162,1600.26449,2.9,16.9,30.3,2.2,20.0,True,5.89,False,False,True,1.05,half_period,
2130,160973531,25259,2.676707,2.668675,1601.98337,1.1,8.6,11.5,8.4,1.5,False,7.66,False,False,True,0.6,stale,
2132,161156119,39617,0.534308,0.533802,1572.21848,2.3,10.3,9.2,13.1,2.8,False,4.59,False,False,True,0.6,stale,
2133,161193924,25624,1.973324,1.973997,1601.33093,2.9,21.3,38.5,38.1,0.4,False,7.35,False,False,True,0.6,stale,
2135,161593508,17323,0.6771,0.676685,1628.96047,2.9,5.0,10.1,8.5,1.1,False,1.73,True,False,True,0.9,stale,
2145,165665477,29798,2.299471,2.298628,1601.09553,1.9,27.7,38.7,45.2,5.8,False,14.75,False,False,True,0.6,stale,
2146,165875739,30092,1.654878,1.658666,1600.29014,7.0,10.9,7.5,14.1,4.7,False,1.56,False,False,True,0.6,stale,
2151,166084804,30455,0.334044,0.334217,1600.38917,6.4,9.2,19.5,25.9,4.6,False,1.44,False,False,True,0.45,ok,
2153,166143022,30197,0.5896,0.588828,1600.11737,2.2,5.9,10.0,9.1,0.6,False,2.74,False,False,True,0.6,stale,
2155,166302995,30193,2.873326,2.921272,1601.07202,3.7,8.4,16.3,13.9,1.2,False,2.3,False,False,True,0.6,stale,
2156,166311160,21827,0.6271,0.627585,1600.25785,6.9,9.8,21.1,22.6,0.9,False,1.41,False,False,True,0.45,ok,
2157,166524868,22195,3.722408,3.72294,1602.53052,2.1,10.5,12.0,11.5,1.3,False,5.09,False,False,True,0.6,stale,
2165,167448334,22154,0.548628,0.548957,1599.6714,3.7,3.7,4.7,5.9,0.8,False,1.0,True,False,True,0.55,weak,
2166,167540315,22148,6.517717,6.498324,1605.65892,2.1,37.4,68.7,-0.4,52.0,True,17.74,False,False,True,1.05,half_period,
2167,167546054,22159,7.269194,7.27883,1605.79144,1.6,12.4,12.1,10.0,1.8,False,7.85,False,False,True,0.6,stale,
2084,150360010,245006,3.712393,3.779825,1328.72223,0.9,3.0,2.8,5.1,1.7,False,3.33,True,False,True,0.9,stale,
2104,159199075,22164,1.293072,1.292606,1600.8051,2.6,7.8,7.8,8.4,0.6,False,2.99,False,False,True,0.6,stale,
2105,159318774,22158,6.884917,6.880658,1605.48666,4.1,11.2,19.3,15.8,2.6,False,2.76,False,False,True,0.6,stale,
2106,159536608,25883,1.428489,1.428148,1600.07908,3.4,12.1,17.2,15.0,1.1,False,3.58,False,False,True,0.6,stale,
2190,179097087,21939,7.599756,7.601043,1603.51705,3.5,17.0,18.7,13.4,2.1,False,4.8,False,False,True,0.6,stale,
2195,179319652,22132,1.342378,1.341018,1600.97638,1.3,3.3,5.2,3.0,1.6,False,2.46,True,False,True,0.9,stale,
2196,179322892,22182,13.118333,13.206518,1602.54119,2.8,8.3,7.1,3.8,2.7,False,2.94,False,False,True,0.6,stale,
2198,179410546,11917,2.932769,2.936405,1600.20596,2.5,6.4,5.8,7.4,0.8,False,2.57,False,False,True,0.6,stale,
2200,179873497,52124,1.875739,1.875263,1600.79182,3.1,69.3,143.4,140.8,0.7,False,22.36,False,False,True,0.6,stale,
2204,185827241,37043,15.431428,15.714552,1610.49544,0.5,5.7,7.3,7.3,2.0,False,11.29,False,False,True,0.6,stale,
2209,187726683,43810,0.625623,0.625743,1600.49561,2.2,14.5,40.4,27.8,8.8,True,6.6,False,False,True,1.05,half_period,
2212,188720655,29249,0.704819,0.70377,1625.87703,3.6,6.1,12.0,14.0,1.7,False,1.69,False,False,True,0.6,stale,
2214,188995715,37051,6.039398,6.039421,1604.47426,162.7,178.6,169.7,209.7,33.6,False,1.1,False,False,True,0.25,ok,
2215,189241038,47298,1.444362,1.445364,1599.85638,1.9,7.9,15.7,10.1,4.2,False,4.13,False,False,True,0.6,stale,
2218,189929379,25826,1.39144,1.390035,1625.57438,4.0,7.2,8.6,7.0,1.0,False,1.78,False,False,True,0.6,stale,
2220,190026633,37971,6.734362,6.732677,1599.72828,0.9,54.4,142.7,117.0,2.0,False,58.1,False,False,True,0.6,stale,
2225,190529058,47287,1.981197,1.980688,1599.1921,1.8,12.9,24.1,22.2,0.0,False,7.16,False,False,True,0.6,stale,
2227,191312974,37230,17.044244,17.046994,1607.18689,13.2,125.8,134.9,102.9,2.0,False,9.52,False,False,True,0.6,stale,
2228,191327580,37209,3.408333,3.402893,1600.08263,2.6,8.6,16.6,18.6,2.4,False,3.34,False,False,True,0.6,stale,
2230,192094773,47361,15.892702,16.093571,1612.57118,1.2,2.4,0.5,2.8,1.7,False,1.92,True,False,True,0.9,stale,
2041,140595903,246620,26.537911,26.548192,1362.29105,2.9,21.2,6.7,11.2,3.3,False,7.39,False,False,True,0.6,stale,
2042,140769687,15809,7.677991,7.645597,1604.70608,1.2,3.1,4.7,1.3,1.7,False,2.62,True,False,True,0.9,stale,
2043,140938580,247685,2.374198,2.374153,1327.97524,12.2,15.0,16.6,18.5,1.9,False,1.24,False,False,True,0.45,ok,
2044,141081975,25218,5.437154,5.435235,1602.21945,2.2,27.7,35.4,30.3,3.7,False,12.75,False,False,True,0.6,stale,
2234,193140359,38182,15.867924,15.791877,1598.86668,3.5,4.3,-0.3,2.2,1.2,False,1.23,True,False,True,0.75,weak,
2264,207573269,46105,8.761688,8.777949,1607.09929,2.2,17.1,6.7,15.1,5.4,True,7.96,False,False,True,1.05,half_period,
2265,208295586,35411,1.586003,1.588996,1625.9545,2.5,7.4,13.3,14.2,0.2,False,2.94,False,False,True,0.6,stale,
2266,208330336,34954,2.711833,2.708617,1626.11534,3.6,35.6,29.3,25.6,4.1,False,9.85,False,False,True,0.6,stale,
2168,167653886,211231,8.676282,8.783525,1329.65537,1.6,2.7,3.4,2.2,0.7,False,1.71,True,False,True,0.9,stale,
2169,167662034,22161,5.607598,5.641226,1600.8855,2.3,4.7,2.7,4.1,0.8,False,2.04,True,False,True,0.9,stale,
2173,169955734,27164,0.500676,0.500697,1626.59402,11.6,24.5,120.7,127.0,7.8,False,2.12,False,False,True,0.6,stale,
2178,173814550,27557,0.386818,0.387082,1626.78182,1.6,9.7,30.9,25.0,3.7,False,6.01,False,False,True,0.6,stale,
2274,211418621,8133,1.761822,1.761937,1630.34398,10.5,10.6,58.7,53.8,0.6,False,1.01,False,False,True,0.25,ok,
2275,211530711,8133,2.471409,2.471898,1629.38877,1.5,14.1,14.3,18.8,1.3,False,9.59,False,False,True,0.6,stale,
2276,211578180,8133,0.700017,0.698705,1629.34482,9.7,7.9,19.9,17.2,2.3,False,0.82,False,False,True,0.25,ok,
2277,211687791,23839,4.284611,4.290334,1630.57985,7.3,13.5,19.9,14.8,4.7,False,1.85,False,False,True,0.6,stale,
2280,212169285,27089,2.370692,2.373278,1629.90201,6.7,9.7,28.1,31.2,1.7,False,1.45,False,False,True,0.45,ok,
2281,212272377,27089,1.134044,1.132302,1628.63794,11.5,9.4,13.9,25.8,8.2,True,0.82,False,False,True,0.7,half_period,
2283,212415509,27089,1.344461,1.345091,1629.55545,6.0,12.3,59.8,60.1,0.4,False,2.05,False,False,True,0.6,stale,
2284,212459069,27089,1.949553,1.950627,1628.50424,1.4,33.3,100.7,86.4,3.3,False,22.95,False,False,True,0.6,stale,
2267,208424921,38703,0.884716,0.883736,1600.32564,3.8,10.8,16.1,17.2,0.6,False,2.82,False,False,True,0.6,stale,
2269,208770975,35414,0.509734,0.509704,1626.47023,6.8,18.3,32.9,30.1,2.1,False,2.69,False,False,True,0.6,stale,
2270,209003016,43029,1.167373,1.168309,1626.73667,3.1,29.9,90.9,76.9,9.2,False,9.7,False,False,True,0.6,stale,
2271,209708399,45570,1.05339,1.053954,1599.75859,1.2,71.5,179.2,187.7,6.6,False,58.27,False,False,True,0.6,stale,
2285,212519764,27089,0.6396,0.640556,1628.39978,2.2,3.9,6.4,11.5,3.7,False,1.72,True,False,True,0.9,stale,
2286,212711371,27089,1.301405,1.301438,1629.04253,21.2,26.7,60.1,55.5,1.3,False,1.26,False,False,True,0.45,ok,
2287,212844967,26654,1.578484,1.581486,1626.48977,3.8,5.4,30.8,25.7,2.4,False,1.42,False,False,True,0.45,ok,
2288,213156716,27089,2.789845,2.742562,1628.37258,0.5,5.3,9.7,8.2,0.2,False,9.88,False,False,True,0.6,stale,
2179,174291112,27557,2.02309,2.027887,1627.37265,3.2,86.8,152.8,146.0,4.2,False,27.1,False,False,True,0.6,stale,
2183,176463726,18547,2.0775,2.072734,1630.00403,1.7,8.7,21.0,5.4,11.0,True,5.3,False,False,True,1.05,half_period,
2188,179028588,22178,0.3396,0.339914,1600.06219,6.0,10.1,16.5,18.5,1.3,False,1.68,False,False,True,0.6,stale,
2189,179040880,234041,1.58392,1.583522,1326.13572,3.9,10.9,37.7,36.2,1.8,False,2.82,False,False,True,0.6,stale,
2289,213230168,27089,0.613905,0.613685,1628.82025,1.6,5.3,20.4,23.0,2.0,False,3.34,False,False,True,0.6,stale,
2290,213236738,27089,0.481961,0.481831,1628.36151,2.6,3.9,29.8,30.1,0.8,False,1.49,True,False,True,0.75,weak,
2291,213242228,26631,0.545846,0.547356,1626.51945,2.7,2.6,13.0,12.4,0.2,False,0.97,True,False,True,0.55,weak,
2292,213344368,27089,0.89585,0.895182,1628.86405,7.9,14.0,40.3,37.8,1.1,False,1.76,False,False,True,0.6,stale,
2293,213436349,27089,2.952266,2.957638,1629.28332,4.6,18.0,16.4,14.3,1.9,False,3.95,False,False,True,0.6,stale,
2294,213441778,27089,1.786822,1.786865,1630.1099,31.1,40.9,84.7,34.4,36.1,True,1.31,False,False,True,0.9,half_period,
2296,213691570,27089,0.297239,0.297227,1628.59341,3.2,2.5,13.3,14.3,0.6,False,0.78,True,False,True,0.55,weak,
2298,213951167,27089,6.100895,6.103931,1633.2533,4.5,44.9,155.1,148.1,2.0,False,10.02,False,False,True,0.6,stale,
2299,213978083,27089,0.961822,0.960157,1628.92856,3.9,8.3,14.6,8.3,4.3,False,2.12,False,False,True,0.6,stale,
2300,213988070,27089,8.395481,8.393662,1636.22992,4.2,73.4,76.6,85.8,3.7,False,17.67,False,False,True,0.6,stale,
2301,214141558,27089,0.468072,0.468,1628.5456,1.8,12.2,25.2,25.5,0.5,False,6.93,False,False,True,0.6,stale,
2302,214179419,27089,1.065294,1.065355,1629.26022,8.3,21.0,62.7,61.0,3.2,False,2.53,False,False,True,0.6,stale,
2046,141123393,221314,17.181014,17.155366,1330.5396,0.7,3.3,3.3,3.5,0.5,False,4.98,True,False,True,0.9,stale,
2048,141281260,242516,1.619337,1.619218,1327.13168,2.7,5.7,92.1,92.8,1.0,False,2.13,False,False,True,0.6,stale,
2049,141334793,242397,1.472809,1.472961,1325.80396,0.7,9.8,33.6,34.0,0.1,False,14.37,False,False,True,0.6,stale,
2056,142243067,25462,11.181979,11.17113,1604.09118,3.1,30.8,26.3,42.6,18.4,True,9.91,False,False,True,1.05,half_period,
2308,214533332,26926,2.67548,2.674822,1630.04081,18.6,23.2,180.4,181.7,0.5,False,1.25,False,False,True,0.45,ok,
2309,214728964,25048,2.331988,2.330294,1630.87417,3.0,42.1,63.1,49.6,5.5,True,14.01,False,False,True,1.05,half_period,
2311,215319726,18011,2.960066,2.963187,1627.61185,8.3,58.0,74.9,85.0,2.0,False,6.98,False,False,True,0.6,stale,
2314,216122841,26340,4.274836,4.283213,1626.14912,4.5,28.1,38.6,31.3,4.1,False,6.19,False,False,True,0.6,stale,
2303,214250143,27089,6.09059,6.093855,1631.4304,3.5,12.5,13.8,11.5,0.6,False,3.54,False,False,True,0.6,stale,
2304,214250194,27089,6.09059,6.093755,1631.44937,2.1,21.6,29.4,24.1,2.0,False,10.39,False,False,True,0.6,stale,
2305,214315111,26926,5.106524,5.107518,1633.24142,6.1,107.6,133.3,60.4,44.2,True,17.58,False,False,True,1.05,half_period,
2307,214416183,26926,2.134068,2.131585,1629.00473,1.2,27.5,38.3,54.8,9.6,True,22.59,False,False,True,1.05,half_period,
2315,216136608,27089,2.594598,2.592533,1629.59577,2.4,14.4,12.7,14.0,0.5,False,6.09,False,False,True,0.6,stale,
2316,216149295,27089,0.715294,0.715608,1628.91775,2.5,4.0,14.6,13.0,1.5,False,1.58,True,False,True,0.9,stale,
2317,216165538,27089,0.615294,0.615125,1628.83483,5.6,13.7,43.8,43.1,0.0,False,2.45,False,False,True,0.6,stale,
2321,216795080,27089,3.630031,3.625705,1631.10324,1.9,57.8,69.0,79.9,5.9,False,29.95,False,False,True,0.6,stale,
2323,216930709,27089,1.217378,1.219762,1629.50662,2.5,6.8,11.8,11.4,0.2,False,2.76,False,False,True,0.6,stale,
2327,217358688,27089,1.876265,1.872454,1629.67475,4.4,11.7,19.6,20.2,0.0,False,2.69,False,False,True,0.6,stale,
2330,217529901,27089,1.32085,1.320831,1629.43838,6.0,6.2,17.8,17.9,0.0,False,1.02,False,False,True,0.25,ok,
2336,217954345,27089,3.517058,3.516336,1628.9817,3.9,1056.4,1593.1,1412.0,37.8,False,272.88,False,False,True,0.6,stale,
2362,221840196,34957,1.246014,1.246329,1626.9448,3.2,58.5,93.6,121.6,17.5,True,18.02,False,False,True,1.05,half_period,
2363,221943346,27164,1.055636,1.056607,1627.21356,11.6,34.9,97.6,103.5,4.2,False,3.02,False,False,True,0.6,stale,
2364,222403569,7792,1.090215,1.090108,1629.07533,18.1,14.1,49.3,58.7,2.7,False,0.78,False,False,True,0.25,ok,
2365,223784978,17332,0.898628,0.897002,1629.32684,21.6,26.8,93.9,80.8,6.1,False,1.24,False,False,True,0.45,ok,
2384,230152753,26755,2.33495,2.335649,1629.12411,3.9,9.7,21.2,18.5,1.9,False,2.48,False,False,True,0.6,stale,
2385,230152900,26759,1.876264,1.87666,1628.80595,2.9,13.4,22.9,22.9,0.8,False,4.55,False,False,True,0.6,stale,
2386,230258296,26759,4.578778,4.584721,1629.46354,2.0,58.7,134.4,113.3,24.8,False,29.32,False,False,True,0.6,stale,
2389,231024251,25308,4.6308,4.609648,1630.86414,2.2,8.4,3.7,5.5,1.2,False,3.73,False,False,True,0.6,stale,
2390,231250984,26755,2.107989,2.107472,1629.02118,2.0,9.6,15.8,15.8,0.8,False,4.83,False,False,True,0.6,stale,
2391,231255809,26675,0.556267,0.556247,1628.50899,16.0,19.3,38.2,38.4,0.0,False,1.2,False,False,True,0.45,ok,
2392,231351672,26759,1.204183,1.206546,1628.66149,1.8,41.3,108.9,99.3,0.9,False,22.87,False,False,True,0.6,stale,
2393,231355743,17622,1.204878,1.204568,1628.68272,4.2,40.7,100.8,96.0,2.0,False,9.71,False,False,True,0.6,stale,
2410,233320107,26759,4.241928,4.246775,1629.16919,1.7,26.0,66.1,58.5,2.6,False,15.31,False,False,True,0.6,stale,
2414,233553547,26755,1.409044,1.409139,1628.60291,7.0,12.9,31.9,30.2,1.1,False,1.84,False,False,True,0.6,stale,
2415,233554200,17623,0.753489,0.755318,1628.56138,3.9,5.3,8.7,11.9,2.2,False,1.36,False,False,True,0.45,ok,
2426,234427100,26755,0.874322,0.874076,1628.39554,1.7,4.3,15.4,15.2,0.0,False,2.55,True,False,True,0.9,stale,
2427,234539513,26759,1.540989,1.540219,1628.57166,3.0,17.3,42.7,42.3,1.5,False,5.86,False,False,True,0.6,stale,
2428,234539661,26759,1.654183,1.657573,1629.48397,2.5,10.6,11.0,13.6,2.4,False,4.26,False,False,True,0.6,stale,
2429,234636301,17623,0.403489,0.403696,1628.49615,7.0,9.0,24.7,20.5,2.7,False,1.28,False,False,True,0.45,ok,
2430,234648124,26759,0.511128,0.511426,1628.51716,3.8,5.4,36.3,37.5,1.1,False,1.43,False,False,True,0.45,ok,
2431,234870606,17623,1.3146,1.320662,1628.36473,5.1,8.2,20.5,26.5,4.5,False,1.61,False,False,True,0.6,stale,
2432,235082229,17619,2.20233,2.203273,1628.51279,2.0,11.4,21.8,24.7,1.6,False,5.6,False,False,True,0.6,stale,
2433,235533032,26755,2.040543,2.03943,1629.00272,2.4,26.0,45.2,43.3,0.4,False,11.04,False,False,True,0.6,stale,
2434,235631724,26755,1.916052,1.916987,1628.58142,2.7,27.8,127.7,119.4,5.5,False,10.46,False,False,True,0.6,stale,
2342,218282034,27089,1.16023,1.158857,1629.059,3.4,9.5,28.4,27.0,0.9,False,2.79,False,False,True,0.6,stale,
2349,219177716,106283,2.429577,2.429721,1326.18258,6.4,7.0,133.3,138.7,0.9,False,1.1,False,False,True,0.25,ok,
2359,221108005,34962,2.116205,2.117476,1626.73431,1.4,39.9,105.9,97.5,0.9,False,28.78,False,False,True,0.6,stale,
2361,221810430,34563,0.844636,0.844673,1627.02734,5.4,8.6,46.0,50.5,2.6,False,1.57,False,False,True,0.6,stale,
2394,231461934,26759,9.810615,9.811675,1633.89448,10.7,62.5,78.6,60.8,8.1,True,5.85,False,False,True,1.05,half_period,
2395,231717326,88723,2.332532,2.33289,1413.10277,4.0,65.3,136.1,141.2,10.7,False,16.19,False,False,True,0.6,stale,
2396,231902216,26759,4.988913,4.985525,1629.06894,1.4,12.6,11.4,19.5,3.6,False,9.21,False,False,True,0.6,stale,
2403,233100410,26759,0.617378,0.617854,1628.75104,7.3,6.0,42.3,45.1,2.1,False,0.81,False,False,True,0.25,ok,
2466,241840688,22161,0.570155,0.569854,1599.69435,2.0,4.6,7.7,7.4,0.4,False,2.34,True,False,True,0.9,stale,
2467,242095191,30078,2.247034,2.247855,1600.74002,3.3,3.7,10.0,11.9,1.1,False,1.11,True,False,True,0.55,weak,
2468,242107805,29518,0.446544,0.446846,1600.3385,3.2,4.6,13.1,13.3,0.2,False,1.46,True,False,True,0.75,weak,
2469,242312946,21489,0.8521,0.850409,1600.41112,3.4,3.6,3.8,6.0,1.5,False,1.07,True,False,True,0.55,weak,
2470,242316748,22207,7.186527,7.129316,1607.04869,1.2,11.4,13.3,5.9,2.8,False,9.43,False,False,True,0.6,stale,
2471,242322872,21550,3.101181,3.101992,1600.49603,5.5,9.6,28.3,30.8,0.9,False,1.75,False,False,True,0.6,stale,
2475,242483157,22155,0.378489,0.378113,1599.72478,5.7,7.8,20.4,18.9,1.1,False,1.38,False,False,True,0.45,ok,
2476,242504767,21371,2.055157,2.056723,1599.89456,2.7,7.1,9.0,8.7,0.0,False,2.65,False,False,True,0.6,stale,
2477,242504799,21374,2.057012,2.056768,1599.87578,1.7,9.9,43.4,43.6,1.1,False,5.91,False,False,True,0.6,stale,
2480,243232071,30328,7.90162,7.902784,1603.01102,1.9,32.7,65.5,-1.0,44.9,True,16.91,False,False,True,1.05,half_period,
2481,243266571,32422,0.88335,0.881901,1600.56507,2.1,4.6,6.1,6.5,0.3,False,2.16,True,False,True,0.9,stale,
2482,243551138,30199,0.597933,0.598097,1600.15735,3.9,16.7,77.6,79.8,1.2,False,4.26,False,False,True,0.6,stale,
2491,246303586,8083,1.103489,1.102946,1628.70895,11.3,26.0,40.8,36.5,4.4,False,2.31,False,False,True,0.6,stale,
2492,246593384,17623,4.237695,4.234265,1629.4794,2.1,10.3,10.9,12.5,0.4,False,4.79,False,False,True,0.6,stale,
2493,247036903,26759,1.243767,1.242835,1629.03404,2.1,9.2,25.4,20.4,2.3,False,4.3,False,False,True,0.6,stale,
2494,247221869,26759,1.237517,1.234274,1628.91971,2.1,30.1,47.3,46.7,0.7,False,14.16,False,False,True,0.6,stale,
2495,247458753,26759,1.304878,1.303744,1628.90298,1.7,3.2,32.7,30.3,1.9,False,1.85,True,False,True,0.9,stale,
2496,247860584,8083,0.679878,0.680181,1628.52176,4.2,5.0,6.2,5.0,1.0,False,1.19,True,False,True,0.55,weak,
2497,247862866,8083,1.525017,1.525441,1629.00192,26.6,42.2,100.9,95.9,0.6,False,1.59,False,False,True,0.6,stale,
2498,247926108,26759,1.501405,1.500589,1629.57098,3.1,12.4,30.1,32.5,0.1,False,3.99,False,False,True,0.6,stale,
2484,244901546,33364,1.362224,1.361711,1599.00131,1.4,19.6,27.5,25.1,0.9,False,13.72,False,False,True,0.6,stale,
2486,244947717,49339,11.240246,11.239617,1602.64725,2.9,8.5,1.8,5.7,3.0,False,2.92,False,False,True,0.6,stale,
2488,244956385,41862,0.965696,0.965944,1598.69994,1.4,90.9,181.5,174.3,3.3,False,65.69,False,False,True,0.6,stale,
2490,246002232,26759,4.178974,4.176766,1628.92995,1.6,29.5,46.7,43.3,2.6,False,18.83,False,False,True,0.6,stale,
2436,236290312,22966,1.189384,1.186752,1628.71267,3.1,6.9,14.5,18.2,3.3,False,2.19,False,False,True,0.6,stale,
2437,236298938,26759,1.009994,1.009279,1628.64352,7.8,16.0,31.3,27.7,2.5,False,2.04,False,False,True,0.6,stale,
2439,236833009,26757,1.494653,1.496062,1628.45109,2.9,8.6,20.4,18.8,0.6,False,3.01,False,False,True,0.6,stale,
2446,238228073,199820,3.271036873,3.216991,1325.54744,1.5,2.2,0.5,2.3,1.4,False,1.4,True,False,True,0.75,weak,
2518,253518845,30927,0.247908,0.245195,1599.631,1.8,3.3,-0.0,0.0,0.0,False,1.85,True,False,True,0.9,stale,
2519,253545732,40908,1.336797,1.3374,1599.79994,1.1,25.4,22.7,25.7,2.4,False,22.12,False,False,True,0.6,stale,
2521,254434508,17631,0.632196,0.632384,1628.761,2.7,12.5,48.0,46.3,2.0,False,4.72,False,False,True,0.6,stale,
2522,254667882,14333,2.11475,2.108243,1630.18016,3.5,6.6,13.7,11.4,0.8,False,1.89,False,False,True,0.6,stale,
2502,250125954,26565,3.297247,3.281561,1601.52876,1.6,6.7,5.8,7.0,2.2,False,4.14,False,False,True,0.6,stale,
2515,253168485,52320,3.762946,3.76133,1603.13728,1.0,5.3,8.9,8.6,0.4,False,5.07,False,False,True,0.6,stale,
2516,253210325,42034,1.46388,1.465996,1600.05634,2.7,4.6,9.6,8.4,0.7,False,1.68,True,False,True,0.9,stale,
2517,253453893,41953,3.461848,3.461926,1600.99272,54.9,73.0,63.3,75.7,0.2,False,1.33,False,False,True,0.45,ok,
2569,267177329,19480,4.454141,4.482417,1575.20855,21.6,5.8,0.1,2.2,1.6,False,0.27,False,False,True,0.25,ok,
2570,267205235,26338,4.199943,4.199213,1627.71542,17.4,16.1,22.8,26.4,1.7,False,0.93,False,False,True,0.25,ok,
2571,267230418,17967,0.829878,0.830063,1628.80454,3.1,10.5,35.2,37.4,0.9,False,3.43,False,False,True,0.6,stale,
2577,268472260,20052,0.779447,0.779542,1571.75499,3.7,13.0,48.3,48.4,0.6,False,3.57,False,False,True,0.6,stale,
2557,263758683,37889,2.576028,2.561876,1599.47465,2.4,5.8,5.1,5.0,0.1,False,2.4,False,False,True,0.6,stale,
2563,266091141,30806,0.784501,0.784499,1572.42104,5.3,4.4,11.9,10.8,1.0,False,0.84,False,False,True,0.25,ok,
2564,266314554,30822,1.155142,1.15344,1572.73863,8.8,15.3,33.8,29.5,3.0,False,1.74,False,False,True,0.6,stale,
2567,266509815,30867,1.378365,1.379987,1572.26065,1.6,6.5,9.2,8.1,0.7,False,4.13,False,False,True,0.6,stale,
2583,270347816,11906,2.873558,2.873439,1600.07877,9.3,12.5,9.3,6.8,2.2,False,1.35,False,False,True,0.45,ok,
2585,270996453,41874,1.215963,1.217282,1600.19788,1.7,13.6,24.0,23.9,0.0,False,7.9,False,False,True,0.6,stale,
2586,271175883,22166,0.460433,0.4605,1600.06851,2.9,7.2,12.6,11.6,0.8,False,2.51,False,False,True,0.6,stale,
2587,271230204,22179,1.457655,1.457887,1601.33443,7.5,63.3,138.4,135.1,8.4,False,8.48,False,False,True,0.6,stale,
2578,268478390,30708,4.736905,4.751384,1575.28888,3.3,9.2,19.3,4.3,11.0,True,2.79,False,False,True,1.05,half_period,
2579,268664907,30753,1.154447,1.154367,1572.32197,8.6,8.7,24.4,21.9,1.3,False,1.02,False,False,True,0.25,ok,
2580,268668352,30764,3.763231,3.714261,1572.59046,1.9,2.3,1.5,2.3,0.9,False,1.24,True,False,True,0.75,weak,
2581,268799077,34594,0.532226,0.532519,1571.83591,1.5,13.2,36.4,22.2,9.6,True,8.61,False,False,True,1.05,half_period,
2609,273996323,34749,10.922771,10.943327,1609.47759,1.1,42.8,57.8,46.8,1.9,False,37.43,False,False,True,0.6,stale,
2614,275556983,25799,0.960255,0.960762,1625.72917,0.5,162.9,1010.1,610.1,266.4,True,333.88,False,False,True,1.05,half_period,
2618,276098589,26391,3.552085,3.551175,1600.10823,3.8,8.3,12.3,15.8,3.6,False,2.21,False,False,True,0.6,stale,
2619,276130586,22242,0.956961,0.95795,1600.52999,2.8,8.6,22.2,17.8,2.8,False,3.08,False,False,True,0.6,stale,
2551,261261490,142728,3.534268208,3.534317,1327.29138,32.3,46.3,47.4,47.4,1.3,False,1.44,False,True,True,0.75,ok,
2553,261754181,41895,1.233325,1.234666,1600.56725,2.2,13.2,18.7,16.7,1.5,False,5.86,False,False,True,0.6,stale,
2554,261959732,48922,7.12761,7.12826,1629.94068,1206.4,1906.5,3437.1,2871.3,393.3,False,1.58,False,False,True,0.6,stale,
2556,263521874,42968,0.670827,0.670658,1600.18595,6.7,8.6,17.4,13.5,2.7,False,1.27,False,False,True,0.45,ok,
2650,281880293,40866,0.911788,0.912439,1598.58791,3.6,5.0,10.8,11.5,0.5,False,1.38,False,False,True,0.45,ok,
2654,282830040,26503,0.718589,0.719255,1625.67885,5.1,9.1,40.2,43.1,0.9,False,1.8,False,False,True,0.6,stale,
2655,283512651,37683,0.79845,0.798369,1625.37088,23.6,63.1,325.6,314.6,5.1,False,2.67,False,False,True,0.6,stale,
2657,283952659,29225,3.72168,3.728517,1626.91771,1.1,221.1,402.4,400.0,4.2,False,203.72,False,False,True,0.6,stale,
2547,260985864,126463,3.34017,3.339948,1327.39861,59.0,76.7,130.9,126.5,2.4,False,1.3,False,False,True,0.45,ok,
2548,261055226,26926,2.710582,2.712169,1628.90375,2.7,19.4,36.2,35.5,0.4,False,7.22,False,False,True,0.6,stale,
2549,261136000,194177,0.501282,0.501202,1325.93019,3.2,12.0,20.2,14.8,3.8,False,3.79,False,True,True,0.9,stale,
2550,261178410,27089,0.366672,0.365805,1628.42329,12.0,19.6,73.6,73.7,0.5,False,1.63,False,False,True,0.6,stale,
2664,285474313,42232,0.589721,0.589815,1625.53038,1.0,8.8,17.2,31.2,10.0,True,8.5,False,False,True,1.05,half_period,
2670,287787618,31419,1.632225,1.632206,1571.94955,15.5,18.4,56.2,49.3,4.1,False,1.18,False,False,True,0.25,ok,
2674,288598068,49084,3.932643,3.936868,1601.21728,1.9,15.5,15.8,13.4,1.1,False,8.25,False,False,True,0.6,stale,
2676,289299411,37979,3.051284,3.051903,1601.01927,1.6,19.8,27.1,34.2,2.4,False,12.03,False,False,True,0.6,stale,
2588,271295765,41981,1.640269,1.641355,1600.0342,1.8,8.7,20.7,17.2,1.7,False,4.73,False,False,True,0.6,stale,
2593,271903247,199146,1.810839545,1.810831,1326.4528,68.6,74.0,250.2,246.1,1.0,False,1.08,False,False,True,0.25,ok,
2605,273031342,34718,14.944945,14.847216,1608.9832,1.5,1.8,12.8,-1.1,9.6,True,1.15,True,False,True,1.0,half_period,
2606,273032320,34725,0.362491,0.362762,1599.6766,6.5,11.9,24.8,17.5,5.3,True,1.82,False,False,True,1.05,half_period,
2678,289740847,56932,1.642355,1.643723,1600.46118,1.5,8.4,26.0,25.6,0.3,False,5.77,False,False,True,0.6,stale,
2681,290146287,25796,1.296959,1.297976,1625.37997,16.3,57.2,206.0,168.7,28.4,False,3.51,False,False,True,0.6,stale,
2683,290852515,46256,1.501306,1.502471,1599.61046,1.7,12.0,47.2,43.4,1.4,False,7.14,False,False,True,0.6,stale,
2684,291374385,48953,1.456514,1.45733,1626.94165,19.5,32.2,146.7,145.8,2.9,False,1.65,False,False,True,0.6,stale,
2685,291659438,47048,1.18589,1.186144,1601.15515,2.6,54.8,126.8,144.8,13.6,False,20.77,False,False,True,0.6,stale,
2686,291743341,8133,0.275017,0.274874,1628.73861,4.9,7.9,23.6,16.3,5.4,True,1.62,False,False,True,1.05,half_period,
2687,292438489,49970,3.092685,3.089259,1603.10008,3.0,16.4,36.5,37.9,2.2,False,5.42,False,False,True,0.6,stale,
2688,292883193,43835,0.749085,0.749191,1600.78048,0.1,218.3,394.0,295.7,70.0,True,2472.04,False,False,True,1.05,half_period,
2689,293085735,8133,0.529183,0.528568,1628.72741,3.8,4.0,10.1,10.3,0.4,False,1.07,True,False,True,0.55,weak,
2691,293583535,36784,0.534022,0.534127,1600.48959,6.3,7.8,15.1,15.0,0.1,False,1.23,False,False,True,0.45,ok,
2693,293797383,45683,5.576427,5.575476,1630.77595,1.8,67.2,68.8,73.5,0.6,False,36.82,False,False,True,0.6,stale,
2698,294706486,29099,0.786105,0.784052,1600.22735,3.0,8.2,13.5,14.7,0.5,False,2.77,False,False,True,0.6,stale,
2534,257286393,41035,11.082265,11.073445,1607.77727,1.1,62.2,86.8,61.6,11.3,True,54.35,False,False,True,1.05,half_period,
2535,257900866,49342,2.065751,2.066073,1600.19419,33.5,81.7,218.8,226.9,6.6,False,2.44,False,False,True,0.6,stale,
2542,260132327,243212,17.299404,17.29861,1331.06035,646.0,817.3,685.5,648.7,9.0,False,1.27,False,False,True,0.45,ok,
2544,260304296,225191,2.050587,2.050384,1326.27904,0.8,30.3,83.7,81.7,0.1,False,37.45,False,True,True,0.9,stale,
2708,295858190,28688,1.124779,1.124938,1600.70419,10.3,19.8,107.4,105.6,0.4,False,1.92,False,False,True,0.6,stale,
2709,295863057,39400,1.212494,1.214106,1600.60193,2.6,8.9,18.0,19.5,1.2,False,3.44,False,False,True,0.6,stale,
2712,296113066,38592,1.792835,1.792506,1601.73267,4.3,14.3,23.9,24.3,0.8,False,3.33,False,False,True,0.6,stale,
2715,297662647,42992,1.126005,1.126374,1599.21718,2.7,18.7,16.4,23.9,5.8,True,6.95,False,False,True,1.05,half_period,
2620,276226024,18512,1.705572,1.708733,1601.17576,2.1,8.0,10.5,12.4,0.9,False,3.85,False,False,True,0.6,stale,
2623,276508360,15888,2.595027,2.598482,1600.92129,1.7,5.2,19.1,17.6,0.4,False,3.03,False,False,True,0.6,stale,
2626,277027632,218732,1.613087,1.613467,1354.67949,2.1,7.2,12.5,12.2,0.3,False,3.41,False,False,True,0.6,stale,
2634,278683879,245274,19.909766,19.909753,1344.70888,5233.5,5028.5,7779.7,8204.8,15.7,False,0.96,False,False,True,0.25,ok,
2637,278864838,246367,1.882532,1.882462,1327.34646,4.5,7.7,7.4,9.3,1.6,False,1.7,False,False,True,0.6,stale,
2638,278866220,185958,2.194337,2.194082,1327.3524,5.6,48.2,33.0,33.7,0.7,False,8.62,False,False,True,0.6,stale,
2640,279408526,20720,4.974022,4.966687,1627.55267,2.1,9.4,1.3,3.0,1.0,False,4.4,False,False,True,0.6,stale,
2641,279684876,25790,1.877774,1.872304,1626.97792,4.2,38.5,57.1,64.0,1.8,False,9.15,False,False,True,0.6,stale,
2734,303123055,40150,1.518524,1.518593,1572.41457,33.0,31.4,74.7,75.9,0.4,False,0.95,False,False,True,0.25,ok,
2738,303513094,51893,4.128421,4.128061,1573.36541,16.6,26.6,45.8,41.8,1.5,False,1.61,False,False,True,0.6,stale,
2740,303652844,44172,1.488886,1.487381,1627.20827,5.6,15.5,33.5,30.6,0.7,False,2.78,False,False,True,0.6,stale,
2741,303739560,43898,1.55267,1.552538,1572.10759,4.9,10.7,41.2,42.5,0.2,False,2.19,False,False,True,0.6,stale,
2744,303883791,34197,1.774893,1.774075,1572.72991,2.8,5.4,12.2,7.4,3.2,False,1.94,False,False,True,0.6,stale,
2745,303937677,51991,4.903055,4.905,1573.65679,4.7,15.3,17.9,15.5,1.2,False,3.26,False,False,True,0.6,stale,
2747,304002474,34400,0.539476,0.539368,1571.5466,4.0,14.2,30.7,34.1,2.6,False,3.53,False,False,True,0.6,stale,
2748,304003937,34484,0.517948,0.517547,1571.36004,5.7,7.5,18.3,14.6,2.3,False,1.33,False,False,True,0.45,ok,
2749,304038623,52004,0.645726,0.644776,1571.23416,12.0,11.1,11.5,12.4,0.8,False,0.93,False,False,True,0.25,ok,
2750,304071817,52654,1.589916,1.591095,1628.93699,2.9,11.5,19.4,14.9,3.4,False,3.97,False,False,True,0.6,stale,
2753,304279039,34419,1.985309,1.985804,1571.33273,3.2,9.4,13.7,12.0,1.8,False,2.92,False,False,True,0.6,stale,
2754,304294908,34108,1.645032,1.644429,1571.33251,2.7,21.6,80.4,77.8,0.2,False,7.99,False,False,True,0.6,stale,
2701,294982289,232852,2.130448,2.130401,1326.15034,6.3,8.8,15.0,14.7,0.1,False,1.4,False,False,True,0.45,ok,
2703,295056494,50097,2.263074,2.263591,1600.7093,2.9,10.7,38.7,39.6,0.4,False,3.74,False,False,True,0.6,stale,
2705,295169431,55687,0.6944640768,0.694481,1627.51522,8.6,9.0,33.1,34.2,0.6,False,1.05,False,False,True,0.25,ok,
2706,295197081,43909,2.637742,2.636856,1601.49794,4.5,35.1,46.6,20.1,17.0,True,7.81,False,False,True,1.05,half_period,
2717,299305353,35291,0.347216,0.347066,1600.24996,8.6,7.6,16.4,17.5,0.9,False,0.88,False,False,True,0.25,ok,
2719,299676849,45984,1.861574,1.871604,1600.92218,3.6,6.0,2.5,5.5,1.9,False,1.65,False,False,True,0.6,stale,
2720,299798694,38673,0.822216,0.823337,1600.17974,4.4,9.7,21.9,15.1,4.6,False,2.2,False,False,True,0.6,stale,
2721,300140870,213173,11.446202,11.444883,1334.26791,2.5,12.0,-1.0,65.0,44.9,True,4.77,False,False,True,1.05,half_period,
2761,304894205,49212,4.799958,4.801505,1574.52977,3.4,38.3,41.3,41.4,2.4,False,11.17,False,False,True,0.6,stale,
2762,304944852,34785,1.581837,1.582087,1571.85596,9.4,15.7,28.6,26.9,0.9,False,1.66,False,False,True,0.6,stale,
2763,304952247,34449,1.50267,1.472607,1571.97436,1.0,5.0,6.5,7.6,0.8,False,4.91,True,False,True,0.9,stale,
2764,305346623,51987,2.591559,2.588605,1572.50108,4.7,28.9,77.6,73.5,3.5,False,6.2,False,False,True,0.6,stale,
2765,305375273,34152,1.051976,1.052173,1572.18283,2.2,4.2,8.4,5.4,2.1,False,1.93,True,False,True,0.9,stale,
2767,305730050,33283,2.689476,2.681343,1572.62502,5.3,3.3,1.3,3.5,1.4,False,0.63,False,False,True,0.25,ok,
2768,305731269,34490,1.034615,1.034752,1572.13473,3.6,11.2,23.4,25.0,1.2,False,3.11,False,False,True,0.6,stale,
2769,305744241,21822,8.318593,8.323492,1601.46892,1.1,6.2,7.9,0.5,4.0,False,5.8,False,False,True,0.6,stale,
2756,304425968,43867,5.765534,5.76734,1574.40016,2.5,28.0,24.3,27.4,2.1,False,11.31,False,False,True,0.6,stale,
2757,304427679,43853,1.537393,1.536938,1572.27924,2.7,8.3,18.2,20.6,1.6,False,3.05,False,False,True,0.6,stale,
2759,304817832,34704,2.470283,2.467749,1572.35176,3.8,20.3,29.9,33.7,4.0,False,5.36,False,False,True,0.6,stale,
2760,304893516,49217,4.276153,4.276954,1571.97683,1.8,27.3,34.7,39.2,2.5,False,14.93,False,False,True,0.6,stale,
2770,305810217,50737,1.402551,1.402407,1571.67745,29.6,33.7,88.0,82.1,4.2,False,1.14,False,False,True,0.25,ok,
2774,305894034,43915,1.224198,1.2238,1572.04179,3.0,37.2,111.2,108.8,1.2,False,12.2,False,False,True,0.6,stale,
2775,306047999,52067,3.706663,3.707677,1572.30964,2.6,16.1,18.4,10.5,6.2,True,6.29,False,False,True,1.05,half_period,
2776,306132641,43921,0.994337,0.99394,1571.56454,3.9,7.3,18.1,27.6,7.0,True,1.85,False,False,True,1.05,half_period,
2777,306295996,34784,0.799297,0.798617,1571.96418,3.0,4.8,6.7,7.4,0.5,False,1.62,True,False,True,0.9,stale,
2778,306296537,34685,1.565051,1.564269,1571.30759,2.7,24.7,66.7,63.5,2.6,False,9.06,False,False,True,0.6,stale,
2780,306385060,52078,2.191559,2.192137,1572.83871,2.7,10.6,20.7,16.6,2.0,False,3.91,False,False,True,0.6,stale,
2781,306385684,52052,14.029731,14.036751,1575.03737,2.8,32.5,34.0,34.5,1.0,False,11.74,False,False,True,0.6,stale,
2782,306385801,52051,7.018166,7.018378,1575.03778,126.3,153.5,185.2,180.1,10.3,False,1.21,False,False,True,0.45,ok,
2785,306420990,34636,1.347115,1.347401,1571.64318,4.0,6.5,32.0,29.7,1.3,False,1.62,False,False,True,0.6,stale,
2788,306682609,43907,6.964198,6.963429,1572.32183,4.0,20.4,13.9,16.1,2.8,False,5.04,False,False,True,0.6,stale,
2792,306798564,43979,13.097024,13.103279,1576.99158,1.9,32.4,77.5,82.0,4.4,False,16.87,False,False,True,0.6,stale,
2802,307312383,30103,0.455572,0.456144,1600.50261,4.8,4.6,18.9,18.0,1.0,False,0.96,True,False,True,0.55,weak,
2804,307314350,30200,3.461174,3.461315,1601.11772,19.2,29.0,22.6,27.0,1.4,False,1.51,False,False,True,0.6,stale,
2805,307423445,26051,2.388962,2.390716,1599.82006,2.0,6.0,12.2,14.1,1.4,False,2.97,False,False,True,0.6,stale,
2808,307532400,18512,6.969876,7.079649,1603.15445,0.6,4.1,,,,False,7.05,True,False,True,0.9,stale,
2723,300234002,37414,1.4118,1.411147,1601.30124,2.8,9.9,17.8,20.3,1.2,False,3.5,False,False,True,0.6,stale,
2724,300272165,25805,0.325533,0.325521,1625.47151,24.7,33.1,150.8,160.0,5.8,False,1.34,False,False,True,0.45,ok,
2725,300291839,232656,9.250459633,9.250395,1330.27752,49.6,52.4,35.4,38.1,1.5,False,1.06,False,False,True,0.25,ok,
2727,300448520,230988,3.400216,3.399895,1327.72514,7.8,33.6,35.9,36.2,0.4,False,4.32,False,False,True,0.6,stale,
2820,309077217,52103,1.067948,1.068307,1571.41671,2.4,9.3,23.1,24.3,0.9,False,3.85,False,False,True,0.6,stale,
2823,309519347,52336,0.894436,0.894901,1599.9725,4.7,12.0,22.0,23.7,1.1,False,2.54,False,False,True,0.6,stale,
2824,309528303,48377,9.153993,9.146029,1607.81477,2.2,14.9,16.6,16.7,2.1,False,6.82,False,False,True,0.6,stale,
2827,309988394,51926,3.2173,3.21778,1602.0737,5.0,26.3,32.3,25.1,5.3,True,5.24,False,False,True,1.05,half_period,
2793,306846813,52167,1.155448,1.155115,1571.75155,1.8,3.7,6.4,3.0,2.3,False,2.04,True,False,True,0.9,stale,
2795,306919011,49198,1.594337,1.593806,1571.61569,2.0,6.5,8.6,11.8,2.7,False,3.18,False,False,True,0.6,stale,
2796,306928528,170503,0.645726,0.645618,1325.83277,4.6,8.6,11.6,17.6,4.2,False,1.88,False,False,True,0.6,stale,
2798,306971798,34438,1.288087,1.287666,1572.30889,3.0,15.9,41.0,37.5,1.9,False,5.24,False,False,True,0.6,stale,
2828,309997475,52129,0.63888,0.64081,1600.15351,3.4,5.3,8.1,11.9,2.6,False,1.54,False,False,True,0.6,stale,
2830,310102811,48940,1.153042,1.152347,1626.37884,2.5,4.2,4.5,5.6,0.7,False,1.68,True,False,True,0.9,stale,
2831,310116433,41840,3.768472,3.768855,1600.8497,10.0,72.5,80.2,78.8,0.7,False,7.28,False,False,True,0.6,stale,
2832,310276851,41944,1.617352,1.616917,1600.8256,3.8,10.0,45.8,45.5,0.7,False,2.64,False,False,True,0.6,stale,
2833,310412436,51901,2.547981,2.546511,1600.34151,1.6,25.8,23.5,26.2,2.3,False,15.74,False,False,True,0.6,stale,
2834,310513097,48899,16.541486,16.543199,1630.3222,6.9,9.5,9.3,13.1,2.3,False,1.38,False,False,True,0.45,ok,
2835,310713487,51892,1.324616,1.325551,1598.6967,1.9,14.4,24.2,25.0,0.2,False,7.75,False,False,True,0.6,stale,
2836,310857786,41064,1.153736,1.153693,1626.66024,4.4,4.0,3.6,4.2,0.4,False,0.9,True,False,True,0.55,weak,
2838,311392306,52778,0.81318,0.813491,1627.62702,7.2,9.2,29.9,31.3,0.6,False,1.28,False,False,True,0.45,ok,
2839,311584573,43879,1.134338,1.129116,1598.52561,5.2,5.8,6.3,6.7,0.2,False,1.11,False,False,True,0.25,ok,
2841,311840827,42934,0.874982,0.874699,1598.56372,10.2,42.4,81.4,81.6,0.1,False,4.17,False,False,True,0.6,stale,
2842,311892170,50763,1.154431,1.176657,1626.34155,2.5,3.8,4.2,2.5,1.1,False,1.52,True,False,True,0.9,stale,
2810,307693244,44463,1.788782,1.789673,1572.06503,0.6,7.9,20.1,17.0,2.5,False,14.41,False,False,True,0.6,stale,
2811,307710819,118789,1.063087,1.063047,1355.11077,2.5,5.1,7.5,8.2,0.4,False,2.03,False,False,True,0.6,stale,
2814,308085294,111434,3.072809,3.072922,1355.78938,5.8,7.8,6.6,5.4,1.2,False,1.35,False,True,True,0.75,ok,
2815,308202863,34523,2.732532,2.73279,1572.45644,4.1,9.8,14.0,12.3,0.8,False,2.4,False,False,True,0.6,stale,
2843,311958594,46128,0.622190189,0.622198,1627.58968,29.6,29.0,48.8,47.7,2.3,False,0.98,False,False,True,0.25,ok,
2844,312106044,42977,1.134338,1.134191,1599.34988,14.6,53.8,103.8,116.3,10.6,False,3.7,False,False,True,0.6,stale,
2845,312207694,29516,1.615889,1.614829,1599.01443,3.4,12.0,19.4,22.6,2.9,False,3.5,False,False,True,0.6,stale,
2849,312447774,38140,1.112494,1.112403,1600.64118,27.3,99.3,205.5,168.9,21.4,False,3.64,False,False,True,0.6,stale,
2850,312576659,43084,0.327394,0.326856,1598.37801,1.1,8.3,19.7,21.7,1.6,False,7.42,False,False,True,0.6,stale,
2851,312594037,30968,1.184022,1.183954,1600.53893,10.3,15.1,37.5,38.0,0.3,False,1.46,False,False,True,0.45,ok,
2853,312909996,38138,1.647216,1.645499,1601.55486,2.0,15.2,32.7,31.3,0.8,False,7.45,False,False,True,0.6,stale,
2854,312934382,30985,5.223486,5.227086,1601.1681,2.8,12.5,15.9,23.3,3.8,False,4.43,False,False,True,0.6,stale,
2816,308547289,52083,0.82767,0.827765,1571.81302,2.5,16.2,22.5,23.7,2.1,False,6.43,False,False,True,0.6,stale,
2817,308600649,132416,1.625513,1.625458,1326.79341,3.0,3.2,61.9,59.5,0.2,False,1.06,True,False,True,0.55,weak,
2818,308632856,51841,1.279852,1.279191,1600.24531,2.8,7.4,9.4,9.5,0.3,False,2.62,False,False,True,0.6,stale,
2819,308989653,133973,1.131837,1.132108,1326.44147,2.8,9.3,17.3,19.5,1.4,False,3.31,False,False,True,0.6,stale,
2855,313051040,43029,0.526005,0.526646,1598.79101,1.6,5.0,15.9,18.7,2.2,False,3.19,False,False,True,0.6,stale,
2856,313079610,38247,1.604161,1.605397,1600.55142,4.7,7.0,11.1,11.9,0.7,False,1.49,False,False,True,0.45,ok,
2858,313265560,41012,1.431927,1.430735,1599.64418,2.7,11.4,34.4,40.1,5.0,False,4.18,False,False,True,0.6,stale,
2859,313440720,16274,2.840133,2.841966,1601.23231,2.5,10.1,6.6,10.2,2.4,False,4.07,False,False,True,0.6,stale,
2862,313669529,26473,1.273529,1.274708,1599.69917,2.5,7.9,22.4,22.2,0.0,False,3.21,False,False,True,0.6,stale,
2863,313672833,38140,0.642355,0.642585,1600.27371,0.4,39.1,148.0,122.8,16.0,False,111.47,False,False,True,0.6,stale,
2864,313675938,38262,12.948122,12.953828,1604.15488,0.6,107.8,146.8,133.2,8.6,False,176.08,False,False,True,0.6,stale,
2865,313684214,45784,2.039734,2.042145,1600.99125,2.8,12.4,45.7,41.9,2.3,False,4.41,False,False,True,0.6,stale,
2886,315489661,24829,1.990131,1.988518,1601.89669,14.2,24.3,23.3,31.9,7.4,True,1.71,False,False,True,1.05,half_period,
2887,315659528,45946,1.381938,1.381442,1600.71542,2.1,6.8,17.8,21.9,2.6,False,3.3,False,False,True,0.6,stale,
2888,315835598,30901,3.502587,3.503211,1573.47977,5.1,12.6,26.0,18.6,0.5,False,2.45,False,False,True,0.6,stale,
2889,315841434,30886,1.324774,1.32343,1571.29301,6.7,14.9,49.2,49.7,1.1,False,2.21,False,False,True,0.6,stale,
2878,314905762,45941,2.727043,2.725994,1600.26572,1.5,118.2,118.4,47.9,47.0,True,79.87,False,False,True,1.05,half_period,
2880,315175893,30913,2.408684,2.407678,1571.59391,2.5,10.7,9.1,6.8,1.8,False,4.27,False,False,True,0.6,stale,
2883,315352159,29827,0.738883,0.739163,1600.3512,1.8,10.7,18.2,15.0,2.2,False,5.86,False,False,True,0.6,stale,
2884,315446387,33898,1.274198,1.274842,1572.00501,3.5,7.0,15.8,14.6,1.2,False,1.97,False,False,True,0.6,stale,
2866,313684759,45789,3.319094,3.31657,1603.2394,1.4,24.6,25.2,19.4,0.8,False,17.57,False,False,True,0.6,stale,
2868,313831007,45808,0.432633,0.432895,1600.38448,3.5,7.8,21.7,26.7,3.6,False,2.19,False,False,True,0.6,stale,
2871,314137082,38533,4.525535,4.527056,1601.97708,1.9,13.9,27.0,19.4,5.2,True,7.19,False,False,True,1.05,half_period,
2873,314626096,51235,2.282142,2.281366,1599.48969,2.8,9.0,15.8,16.8,0.3,False,3.2,False,False,True,0.6,stale,
2890,316005417,33914,1.472809,1.472709,1571.95148,5.4,5.7,16.9,16.4,0.6,False,1.05,False,False,True,0.25,ok,
2892,316154984,42759,1.252772,1.244778,1601.2953,2.2,4.0,5.2,2.4,1.9,False,1.82,True,False,True,0.9,stale,
2893,316155106,42769,2.504955,2.502027,1601.23047,2.2,2.5,2.1,2.7,0.5,False,1.14,True,False,True,0.55,weak,
2894,316284824,35088,9.602452,9.61121,1605.34094,1.5,2.3,12.9,-1.9,9.3,True,1.54,True,False,True,1.35,half_period,
2895,316284935,35132,9.589422,9.602745,1606.62006,1.6,38.6,42.7,35.5,0.1,False,23.78,False,False,True,0.6,stale,
2897,316372693,33867,2.124893,2.124735,1572.21335,12.9,8.0,35.5,36.3,0.6,False,0.62,False,False,True,0.25,ok,
2898,316373825,33889,2.283226,2.283993,1572.0974,3.7,8.4,13.1,5.6,4.7,False,2.27,False,False,True,0.6,stale,
2899,316504931,30938,1.08392,1.084099,1571.88761,3.1,2.9,3.9,8.2,3.0,False,0.95,True,False,True,0.55,weak,
2900,316651612,23283,3.977398,3.978413,1572.94772,5.6,5.4,7.6,8.5,1.0,False,0.97,False,False,True,0.25,ok,
2902,317041781,33897,1.598504,1.595404,1571.66432,4.5,5.7,11.9,12.1,0.5,False,1.27,False,False,True,0.45,ok,
2903,317387938,30527,0.854059,0.853953,1571.793,12.9,19.0,28.0,27.3,0.3,False,1.47,False,False,True,0.45,ok,
2904,317396893,34419,2.808226,2.808457,1572.88474,7.3,7.4,13.6,14.7,0.9,False,1.01,False,False,True,0.25,ok,
2907,317639292,43959,1.326976,1.327133,1571.64602,3.3,4.5,7.3,6.9,0.5,False,1.39,True,False,True,0.75,weak,
2909,317671564,35310,2.502782,2.50867,1601.1779,3.7,2.7,2.7,4.1,1.1,False,0.72,True,False,True,0.55,weak,
2910,317787979,33911,3.558438,3.558049,1573.71337,5.0,5.4,10.8,9.0,1.5,False,1.09,False,False,True,0.25,ok,
2911,318098291,30613,2.414476,2.415771,1572.59892,3.2,8.0,19.8,19.7,0.2,False,2.53,False,False,True,0.6,stale,
2913,318314617,46009,0.831244,0.83069,1600.31783,2.2,3.8,7.3,7.3,0.2,False,1.77,True,False,True,0.9,stale,
2916,318379066,44011,0.676976,0.677125,1571.4559,3.1,4.6,14.1,15.7,0.8,False,1.47,True,False,True,0.75,weak,
2920,318827246,30526,2.45267,2.458246,1571.23637,2.6,5.6,6.6,7.6,0.7,False,2.18,False,False,True,0.6,stale,
2921,318911305,45980,2.502781,2.516617,1601.19053,2.1,4.3,3.2,2.7,0.4,False,2.05,True,False,True,0.9,stale,
2936,320547523,23326,1.142254,1.141492,1571.60649,2.5,3.9,4.0,8.6,3.4,False,1.59,True,False,True,0.9,stale,
2937,320714733,38709,1.925187,1.926027,1600.62266,2.2,4.6,9.3,9.7,0.3,False,2.12,True,False,True,0.9,stale,
2938,320867471,45855,2.649418,2.650683,1601.17926,1.2,16.3,30.7,34.5,2.4,False,13.27,False,False,True,0.6,stale,
2940,321172577,33953,1.000587,1.000354,1571.62639,4.2,31.5,46.8,57.4,7.7,False,7.49,False,False,True,0.6,stale,
2922,318987148,33941,1.078365,1.078047,1571.84677,3.0,26.3,63.1,66.8,2.5,False,8.76,False,False,True,0.6,stale,
2923,319127604,33893,1.59017,1.590279,1571.44626,3.2,4.3,5.2,3.2,1.4,False,1.34,True,False,True,0.75,weak,
2924,319127832,33902,2.579754,2.625123,1573.5209,0.8,1.3,6.2,6.0,0.7,False,1.63,True,False,True,0.9,stale,
2926,319219289,45936,2.223657,2.223948,1600.30281,3.0,7.1,7.8,9.3,0.9,False,2.36,False,False,True,0.6,stale,
2931,319990058,45909,0.786799,0.786827,1600.70741,35.0,41.5,167.7,144.2,15.4,False,1.19,False,False,True,0.25,ok,
2932,320242828,34004,2.095726,2.097036,1572.8,2.9,7.7,13.0,15.1,1.8,False,2.67,False,False,True,0.6,stale,
2933,320287382,45886,0.639577,0.640215,1600.2637,3.3,11.1,29.6,20.9,6.2,True,3.32,False,False,True,1.05,half_period,
2934,320434208,35298,2.339764,2.336341,1602.13563,3.3,2.4,6.7,9.5,2.1,False,0.73,True,False,True,0.55,weak,
2927,319490147,33950,1.810309,1.814958,1572.30168,1.4,3.2,1.6,-0.5,1.4,False,2.36,True,False,True,0.9,stale,
2928,319492973,34012,1.311004,1.30751,1572.41439,2.1,7.5,8.9,7.5,1.1,False,3.54,False,False,True,0.6,stale,
2929,319817534,33932,1.209615,1.209348,1571.29453,1.9,4.5,8.3,9.0,0.8,False,2.42,True,False,True,0.9,stale,
2930,319936621,32902,2.64017,2.631213,1573.75079,2.3,1.3,0.5,-0.4,0.7,False,0.55,True,False,True,0.55,weak,
2941,321311495,34408,2.170726,2.174989,1571.21535,2.1,3.4,6.1,9.1,1.8,False,1.58,True,False,True,0.9,stale,
2942,321337113,45738,1.251383,1.274658,1601.13387,2.4,5.8,1.4,-0.2,1.1,False,2.46,False,False,True,0.6,stale,
2944,321457737,34424,1.322115,1.322198,1572.02941,6.8,6.5,18.0,12.7,3.8,False,0.96,False,False,True,0.25,ok,
2945,321458091,34424,15.269907,15.281875,1584.6873,6.7,7.6,13.3,-0.0,7.4,True,1.14,False,False,True,0.7,half_period,
2946,321514164,38424,0.587494,0.587344,1600.40988,3.8,5.0,11.8,11.3,0.5,False,1.32,False,False,True,0.45,ok,
2948,322087754,34364,2.031837,2.031877,1573.20041,11.9,11.5,20.8,19.6,0.6,False,0.96,False,False,True,0.25,ok,
2949,322098744,34447,1.206718,1.207025,1571.92321,5.3,8.0,25.5,22.5,1.8,False,1.51,False,False,True,0.6,stale,
2950,322102151,34467,0.900587,0.901187,1571.94118,4.0,8.2,17.6,18.7,0.9,False,2.05,False,False,True,0.6,stale,
2951,322117652,42333,0.929855,0.926409,1600.39935,5.9,6.7,12.2,9.1,2.3,False,1.14,False,False,True,0.25,ok,
2952,322244880,34437,0.926976,0.9256,1571.64786,4.5,5.0,14.3,14.2,0.2,False,1.13,False,False,True,0.25,ok,
2953,322694563,43870,0.604059,0.603362,1571.28903,5.1,8.0,14.2,17.0,1.8,False,1.57,False,False,True,0.6,stale,
2954,322764257,34158,0.671522,0.671242,1600.25303,2.1,73.8,6.8,8.7,1.5,False,34.52,False,False,True,0.6,stale,
2955,322841924,33934,0.508226,0.508102,1571.43423,2.4,12.9,41.0,26.0,10.8,True,5.43,False,False,True,1.05,half_period,
2956,322985477,33273,4.308996,4.307916,1572.64828,3.2,9.2,16.5,18.1,0.2,False,2.84,False,False,True,0.6,stale,
2958,323160875,34433,1.108226,1.108887,1571.86755,2.3,5.2,7.5,8.5,0.5,False,2.26,False,False,True,0.6,stale,
2959,323325037,34360,1.948504,1.948327,1571.23411,5.9,7.2,9.0,3.5,3.8,False,1.22,False,False,True,0.45,ok,
2964,324072953,38730,0.827772,0.826434,1600.51967,3.6,5.9,18.4,15.5,2.1,False,1.64,False,False,True,0.6,stale,
2965,324098751,29587,2.193643,2.198477,1571.20476,2.2,1.8,1.3,2.8,1.1,False,0.79,True,False,True,0.55,weak,
2966,324732058,45958,1.727772,1.728657,1600.70796,1.8,12.0,28.4,27.9,1.1,False,6.76,False,False,True,0.6,stale,
2967,324846771,34830,1.633226,1.633473,1571.75449,19.0,50.3,94.8,103.3,0.8,False,2.65,False,False,True,0.6,stale,
2969,324983718,38706,15.627454,15.752864,1601.92924,2.1,3.8,11.2,7.9,2.4,False,1.77,True,False,True,0.9,stale,
2970,324993853,34487,2.201976,2.203076,1572.0872,2.5,7.4,12.8,12.7,0.2,False,3.0,False,False,True,0.6,stale,
2971,324993868,29435,2.201976,2.19605,1571.30179,1.6,1.9,-0.3,1.1,1.0,False,1.25,True,False,True,0.75,weak,
2972,325004721,34481,3.302551,3.302995,1573.61405,48.9,19.5,105.7,100.7,2.7,False,0.4,False,False,True,0.25,ok,
2973,325100010,38646,13.948804,13.949315,1600.80648,44.0,47.7,52.7,59.6,7.9,False,1.08,False,False,True,0.25,ok,
2974,325157946,34567,1.788087,1.787917,1571.78076,5.7,9.2,17.6,15.6,2.0,False,1.62,False,False,True,0.6,stale,
2976,325417435,31597,1.211799,1.211751,1601.3662,1.9,2.9,1.2,0.4,0.5,False,1.5,True,False,True,0.9,stale,
2977,325417448,45931,2.421,2.421682,1600.82028,1.8,8.7,11.1,12.3,0.6,False,4.93,False,False,True,0.6,stale,
2978,325925045,48380,0.508316,0.508585,1598.3538,0.8,22.7,53.2,51.6,1.3,False,29.49,False,False,True,0.6,stale,
2981,326164886,37519,1.722911,1.721848,1600.22822,2.9,19.6,20.9,18.4,2.8,False,6.73,False,False,True,0.6,stale,
2982,326170150,37766,1.625688,1.62647,1600.8907,2.7,12.5,18.4,20.0,1.5,False,4.63,False,False,True,0.6,stale,
2983,326287972,48508,0.562482,0.56228,1598.38198,11.6,22.6,75.5,80.8,4.5,False,1.95,False,False,True,0.6,stale,
2960,323340652,33981,1.962393,1.963343,1573.04427,4.2,16.5,27.5,26.5,0.7,False,3.89,False,False,True,0.6,stale,
2961,323605447,43841,1.051976,1.051856,1572.1368,4.2,15.1,24.8,30.0,3.3,False,3.64,False,False,True,0.6,stale,
2962,323608162,43860,2.040865,2.040335,1572.42637,4.4,8.5,15.9,18.1,1.6,False,1.94,False,False,True,0.6,stale,
2963,323793844,46822,0.515966,0.514918,1600.36296,3.3,4.1,5.4,3.1,1.7,False,1.23,True,False,True,0.75,weak,
2984,326316945,30753,0.679855,0.671896,1600.75897,2.8,329.6,1.5,1.9,0.3,False,118.36,False,False,True,0.6,stale,
2985,326615400,37490,4.070683,4.069891,1601.8108,4.4,9.1,10.6,10.4,0.0,False,2.06,False,False,True,0.6,stale,
2986,326616299,37504,0.588883,0.591857,1600.61768,1.1,8.1,17.7,16.2,0.6,False,7.16,False,False,True,0.6,stale,
2987,326751253,39194,2.918133,2.915986,1602.09777,2.9,15.5,22.0,22.3,0.5,False,5.4,False,False,True,0.6,stale,
2991,327318744,45882,3.658526,3.651268,1600.51202,2.1,25.0,43.4,39.6,0.2,False,11.98,False,False,True,0.6,stale,
2993,327497956,45736,0.809716,0.80953,1600.1877,0.5,459.2,52.3,38.7,9.5,True,893.87,False,False,True,1.05,half_period,
2995,327664526,40724,1.545816,1.542541,1599.39114,4.0,5.4,4.7,3.5,0.9,False,1.37,False,False,True,0.45,ok,
2996,327664529,48274,1.545121,1.544805,1598.77422,2.1,10.5,16.5,16.4,0.1,False,4.93,False,False,True,0.6,stale,
2997,327725463,54380,4.750262633,4.750294,1328.14254,43.9,52.0,143.7,126.0,5.3,False,1.18,False,False,True,0.25,ok,
3000,328209247,45974,0.813188,0.812801,1600.75848,1.0,13.1,18.7,25.9,5.0,False,13.37,False,False,True,0.6,stale,
3001,328243487,48732,0.622899,0.622844,1598.40132,2.1,13.5,33.8,36.0,1.5,False,6.45,False,False,True,0.6,stale,
3002,328248688,48780,1.039566,1.034073,1598.6453,0.8,5.9,23.6,23.7,0.5,False,7.58,False,False,True,0.6,stale,
3005,328386351,49029,1.847899,1.842047,1600.10624,1.3,7.6,9.1,6.6,1.6,False,5.89,False,False,True,0.6,stale,
3006,328477136,45716,1.301371,1.301516,1598.71652,7.6,23.4,53.6,44.5,5.4,False,3.06,False,False,True,0.6,stale,
3010,329119931,29419,8.0374,8.042836,1599.81709,0.6,39.9,54.7,50.7,0.6,False,63.69,False,False,True,0.6,stale,
3011,329119936,29419,8.0374,8.042872,1599.80266,1.5,42.1,58.7,54.1,0.2,False,28.29,False,False,True,0.6,stale,
3023,330284479,45919,1.059716,1.059811,1600.54025,8.6,13.3,23.6,31.1,5.6,True,1.56,False,False,True,1.05,half_period,
3025,331181140,29476,0.394361,0.393678,1598.96497,5.5,15.3,31.9,31.3,0.3,False,2.77,False,False,True,0.6,stale,
3027,331657635,45802,3.207753,3.207234,1601.59797,5.5,7.1,10.7,6.4,2.3,False,1.29,False,False,True,0.45,ok,
3028,331674456,39535,3.273645,3.271242,1601.87045,2.8,68.1,118.9,94.1,21.3,True,24.29,False,False,True,1.05,half_period,
3018,329684465,46549,1.067835,1.06814,1600.5075,0.9,25.8,106.4,129.5,15.5,False,27.63,False,False,True,0.6,stale,
3019,329694340,37592,15.616458,15.506759,1614.21003,2.1,2.2,2.8,1.5,1.2,False,1.08,True,False,True,0.55,weak,
3020,330113590,45822,1.140272,1.141325,1601.23519,6.3,7.4,18.1,18.3,0.1,False,1.17,False,False,True,0.25,ok,
3022,330223440,29495,1.62075,1.621944,1599.09992,3.2,6.7,17.4,15.1,1.4,False,2.09,False,False,True,0.6,stale,
3029,331674928,39567,1.346307,1.34637,1600.75918,23.7,37.7,95.4,100.1,1.9,False,1.59,False,False,True,0.6,stale,
3030,331835944,38552,1.568744,1.568048,1600.59567,3.2,9.2,10.8,19.3,6.5,True,2.89,False,False,True,1.05,half_period,
3031,331844164,36552,2.151971,2.190314,1601.07987,2.6,2.5,2.7,1.0,1.2,False,0.95,True,False,True,0.55,weak,
3034,331967245,36711,1.297216,1.297131,1600.93708,18.1,17.3,46.5,44.7,2.5,False,0.95,False,False,True,0.25,ok,
3012,329158471,48311,2.320521,2.320712,1598.49721,6.6,11.0,16.0,22.5,4.4,False,1.68,False,False,True,0.6,stale,
3014,329354989,35666,2.777575,2.777282,1600.32482,1096.7,1375.1,1308.0,1403.7,56.3,False,1.25,False,False,True,0.45,ok,
3016,329544652,38366,0.35901,0.359318,1598.3684,2.2,4.7,8.0,8.8,0.5,False,2.18,True,False,True,0.9,stale,
3017,329656666,48741,0.956232,0.955737,1598.90315,1.9,15.0,43.5,40.2,3.0,False,7.97,False,False,True,0.6,stale,
3036,332396643,45742,1.006244,1.005991,1600.20114,0.8,13.5,27.9,27.9,0.4,False,17.32,False,False,True,0.6,stale,
3038,332759920,46639,1.712494,1.714465,1600.76128,3.7,20.6,54.3,59.0,0.6,False,5.52,False,False,True,0.6,stale,
3039,333183861,46796,11.164873,11.169654,1600.58033,1.9,12.3,15.0,12.2,0.7,False,6.35,False,False,True,0.6,stale,
3040,333554635,26402,0.297933,0.29811,1599.92282,2.2,4.3,9.4,11.0,1.2,False,1.94,True,False,True,0.9,stale,
3042,333835888,26292,3.10842,3.107338,1601.17784,-0.1,17.5,46.1,44.1,3.6,False,,False,False,True,0.25,ok,
3043,333845542,26221,1.748628,1.749303,1600.5325,1.3,34.6,77.7,75.3,2.7,False,26.36,False,False,True,0.6,stale,
3045,334136303,26293,2.940288,2.938621,1602.37072,3.4,13.8,21.2,14.9,4.6,False,4.11,False,False,True,0.6,stale,
3046,334234984,26055,1.222933,1.222159,1600.43485,3.5,6.7,11.1,10.5,0.2,False,1.94,False,False,True,0.6,stale,
3047,334238369,24085,2.664184,2.665941,1600.84749,3.0,74.8,9.3,14.1,3.0,False,24.67,False,False,True,0.6,stale,
3049,334417846,26383,0.451405,0.450662,1599.79588,2.7,3.3,9.8,10.6,0.5,False,1.22,True,False,True,0.75,weak,
3050,334638020,26301,2.849994,2.851419,1599.81885,2.6,63.3,57.3,57.0,1.1,False,24.27,False,False,True,0.6,stale,
3051,334841845,25834,2.126134,2.128277,1599.79848,3.8,17.5,73.8,65.9,2.0,False,4.6,False,False,True,0.6,stale,
3057,335444781,26035,0.60835,0.608778,1599.98739,3.0,4.7,11.6,14.0,1.6,False,1.57,True,False,True,0.9,stale,
3058,335444785,26030,0.609044,0.608781,1599.99413,3.6,4.9,12.6,12.3,0.3,False,1.36,True,False,True,0.75,weak,
3059,335448400,25833,1.482655,1.481558,1600.54185,1.4,7.0,28.6,25.5,2.6,False,5.02,False,False,True,0.6,stale,
3060,335448537,25825,9.905603,10.080674,1606.21531,2.6,3.4,7.3,1.4,4.3,False,1.29,True,False,True,0.75,weak,
3052,334846268,26379,1.609739,1.612028,1600.40549,1.7,5.5,8.6,10.5,1.7,False,3.18,False,False,True,0.6,stale,
3054,334917813,39187,0.589577,0.590562,1600.55691,6.8,14.2,24.1,20.0,3.0,False,2.07,False,False,True,0.6,stale,
3055,335193580,20739,1.665751,1.66381,1601.06452,6.4,8.2,13.0,12.3,0.8,False,1.28,False,False,True,0.45,ok,
3056,335194472,20737,1.730549,1.729181,1600.95306,11.1,11.0,26.5,23.6,1.9,False,0.98,False,False,True,0.25,ok,
3075,337166822,28945,5.712854,5.714281,1604.55926,54.8,100.6,119.7,107.8,1.0,False,1.84,False,False,True,0.6,stale,
3077,337499842,38196,3.906994,3.901105,1600.74818,2.5,7.5,7.8,5.0,2.2,False,2.96,False,False,True,0.6,stale,
3078,337508645,34660,2.504957,2.503864,1601.20027,2.8,3.6,1.2,7.2,4.3,False,1.27,True,False,True,0.75,weak,
3079,337801963,8083,3.210884,3.208998,1630.15503,2.3,37.8,57.1,56.3,11.1,False,16.11,False,False,True,0.6,stale,
3061,335514415,46159,1.531938,1.527193,1600.91457,10.5,13.1,28.6,29.8,0.3,False,1.24,False,False,True,0.45,ok,
3062,335530405,15746,1.097933,1.094461,1599.76782,3.3,4.5,4.2,9.1,3.3,False,1.37,True,False,True,0.75,weak,
3063,335530652,15772,0.606267,0.60693,1599.82053,1.3,6.5,13.9,13.4,0.4,False,5.18,False,False,True,0.6,stale,
3068,336179403,49344,0.860411,0.860045,1600.24373,2.4,7.5,13.3,12.3,1.0,False,3.1,False,False,True,0.6,stale,
3069,336357422,29405,1.352068,1.352543,1600.37334,5.5,7.9,7.3,9.7,1.8,False,1.43,False,False,True,0.45,ok,
3070,336366871,46900,2.459848,2.462469,1602.40669,3.2,11.1,15.3,14.2,0.1,False,3.48,False,False,True,0.6,stale,
3072,336947874,34555,0.519438,0.520359,1600.59526,3.8,20.5,28.0,28.0,0.1,False,5.35,False,False,True,0.6,stale,
3073,336952304,34607,15.090927,15.028516,1608.77205,1.1,104.0,146.7,3.2,93.9,True,98.27,False,False,True,1.05,half_period,
3080,337806832,26027,4.402007,4.401884,1629.32861,27.6,28.4,38.6,20.2,14.4,True,1.03,False,False,True,0.7,half_period,
3081,338387134,34684,0.848605,0.848624,1600.93108,13.8,18.8,32.6,31.8,0.5,False,1.36,False,False,True,0.45,ok,
3082,338388997,34712,0.925688,0.927061,1600.42082,4.0,6.6,16.9,17.4,0.2,False,1.64,False,False,True,0.6,stale,
3083,338736733,26027,15.745872,15.736592,1632.05192,4.5,28.1,27.1,32.2,0.7,False,6.26,False,False,True,0.6,stale,
3084,338885522,37916,3.150993,3.152346,1600.58408,1.6,14.2,21.5,23.3,3.3,False,8.8,False,False,True,0.6,stale,
3085,338895052,38690,0.722972,0.722924,1598.5629,2.7,4.3,16.4,15.4,0.9,False,1.61,True,False,True,0.9,stale,
3086,338982489,38356,2.199277,2.177895,1598.48198,0.8,2.5,0.3,4.6,3.1,False,2.99,True,False,True,0.9,stale,
3087,339027200,44941,0.786102,0.786488,1599.78709,3.9,6.3,16.6,8.7,5.3,True,1.63,False,False,True,1.05,half_period,
3100,341394535,16945,2.043426,2.054453,1629.31794,3.3,7.4,5.6,11.4,3.7,False,2.27,False,False,True,0.6,stale,
3103,341589739,38113,2.910152,2.908077,1602.89836,1.7,5.1,7.6,6.6,0.3,False,2.98,False,False,True,0.6,stale,
3105,341701383,31605,0.964577,0.964929,1600.69794,2.6,5.4,11.5,9.3,1.4,False,2.11,False,False,True,0.6,stale,
3106,341865564,38640,2.278333,2.268241,1601.50977,3.7,7.0,6.2,7.6,1.3,False,1.88,False,False,True,0.6,stale,
3116,343235156,38797,4.441855,4.437115,1602.48316,4.4,43.0,64.7,37.8,16.5,True,9.78,False,False,True,1.05,half_period,
3117,343245403,27540,1.095133,1.094261,1601.13644,1.2,5.9,7.9,9.2,0.8,False,5.02,False,False,True,0.6,stale,
3118,343280050,16945,2.446424,2.443365,1629.50177,4.4,6.4,13.5,10.0,2.9,False,1.46,False,False,True,0.45,ok,
3119,343518108,38558,1.143529,1.140858,1600.54014,2.8,4.4,7.8,10.2,1.7,False,1.61,True,False,True,0.9,stale,
3135,348040545,26759,1.137517,1.135326,1628.64838,3.9,10.4,22.9,22.6,0.5,False,2.65,False,False,True,0.6,stale,
3137,348341378,24764,1.143767,1.121379,1628.36837,0.8,6.9,1.7,4.0,1.6,False,8.35,False,False,True,0.6,stale,
3140,348980059,23839,0.798628,0.796628,1628.4518,10.8,22.5,66.8,76.6,5.0,False,2.08,False,False,True,0.6,stale,
3142,349241221,23832,3.501592,3.498706,1628.04273,2.9,108.8,138.2,122.6,2.0,False,37.46,False,False,True,0.6,stale,
3107,341972039,31696,18.825278,18.767101,1615.61754,0.9,168.2,51.9,128.3,59.8,True,178.84,False,False,True,1.05,half_period,
3108,342083044,31645,0.677077,0.678117,1600.50545,0.9,12.2,26.1,41.4,10.8,True,12.9,False,False,True,1.05,half_period,
3109,342087037,31583,0.642355,0.642248,1600.77506,3.0,8.0,11.2,10.5,0.5,False,2.68,False,False,True,0.6,stale,
3110,342474010,65664,2.800947,2.803256,1625.48258,1.1,32.5,38.2,40.2,1.9,False,28.56,False,False,True,0.6,stale,
3111,342723312,38784,0.620133,0.620552,1600.34855,2.8,5.7,9.0,4.3,3.5,False,2.03,False,False,True,0.6,stale,
3112,342823104,31707,0.851383,0.850494,1600.30563,3.7,6.4,16.2,13.3,2.3,False,1.73,False,False,True,0.6,stale,
3114,343142458,46853,3.019002,3.018383,1601.47914,2.8,50.0,190.1,169.3,1.9,False,18.14,False,False,True,0.6,stale,
3115,343145087,46873,2.450324,2.448968,1601.86848,2.0,12.6,9.9,12.9,2.4,False,6.42,False,False,True,0.6,stale,
3091,339752271,38641,17.592565,17.420515,1611.24671,4.7,2.5,1.1,2.5,1.4,False,0.54,True,False,True,0.55,weak,
3093,340058744,133592,2.75853621,2.758561,1385.90398,13.2,12.6,18.7,17.2,0.7,False,0.96,False,False,True,0.25,ok,
3096,340155472,38728,0.945827,0.945613,1600.42576,2.0,8.2,7.7,11.7,2.7,False,4.17,False,False,True,0.6,stale,
3098,340724398,31612,0.541661,0.541857,1600.66838,6.1,4.6,9.9,10.3,0.4,False,0.75,False,False,True,0.25,ok,
3194,364522710,18526,0.788905,0.787607,1628.88332,3.5,7.4,17.5,16.3,0.7,False,2.09,False,False,True,0.6,stale,
3196,364843934,43037,1.706561,1.705933,1599.74419,2.0,5.8,10.3,9.4,0.7,False,2.9,False,False,True,0.6,stale,
3203,365717150,22168,11.914843,11.908661,1608.88822,1.7,69.9,61.3,68.5,7.3,False,42.32,False,False,True,0.6,stale,
3207,366314794,22193,1.827101,1.826874,1600.96844,-0.8,6.8,15.3,14.3,0.2,False,,False,False,True,0.25,ok,
3178,359579195,40753,1.25276,1.252374,1599.13821,2.4,37.0,85.0,95.4,7.1,False,15.71,False,False,True,0.6,stale,
3180,360148723,16413,0.997206,0.997863,1598.78889,3.6,6.7,15.6,13.2,1.8,False,1.84,False,False,True,0.6,stale,
3182,360800754,60851,1.657625,1.657875,1628.52235,2.5,13.3,45.1,46.9,0.9,False,5.26,False,False,True,0.6,stale,
3183,360943695,41828,3.598981,3.598634,1598.69323,110.0,164.9,121.7,163.2,29.9,True,1.5,False,False,True,0.9,half_period,
3239,376483392,42794,2.447237,2.449497,1573.54929,3.9,16.6,25.1,35.3,6.9,True,4.24,False,False,True,1.05,half_period,
3256,378682742,43951,1.728365,1.730145,1572.13753,2.3,6.3,9.9,9.4,0.4,False,2.8,False,False,True,0.6,stale,
3261,379222611,35099,1.578088,1.581806,1598.86593,5.7,10.3,12.6,14.8,1.5,False,1.8,False,False,True,0.6,stale,
3262,379338672,44523,1.381143,1.381381,1572.55242,1.4,5.9,6.6,7.1,0.7,False,4.35,False,False,True,0.6,stale,
3185,361038972,41822,3.607226,3.598681,1598.68692,2.2,5.4,2.9,5.4,1.7,False,2.46,False,False,True,0.6,stale,
3186,361047410,41818,2.630448,2.629615,1600.74339,4.0,10.7,9.8,11.8,1.0,False,2.68,False,False,True,0.6,stale,
3190,363643185,51622,0.704153,0.703847,1627.84376,2.5,6.5,12.9,12.5,0.3,False,2.62,False,False,True,0.6,stale,
3193,364398428,115565,1.587393,1.587501,1327.11545,203.6,269.0,507.6,538.1,22.0,False,1.32,False,False,True,0.45,ok,
3264,379650425,44557,1.984615,1.984724,1571.41434,6.6,7.8,8.8,12.6,2.7,False,1.18,False,False,True,0.25,ok,
3265,379672280,37936,4.487628,4.438636,1599.66356,3.8,4.8,3.1,4.5,1.0,False,1.28,True,False,True,0.75,weak,
3268,380344351,51619,1.089894,1.090099,1599.11582,7.5,65.2,117.5,120.5,1.4,False,8.75,False,False,True,0.6,stale,
3270,380570695,51670,0.901699,0.901512,1598.7795,2.8,12.2,28.8,18.0,7.6,True,4.31,False,False,True,1.05,half_period,
3271,380580939,41737,3.588223,3.597829,1600.31721,2.1,13.0,14.1,15.3,1.1,False,6.34,False,False,True,0.6,stale,
3272,380840588,38525,1.438188,1.438603,1600.46913,1.4,34.8,44.3,44.0,2.0,False,24.04,False,False,True,0.6,stale,
3273,380852016,38733,1.063883,1.06327,1600.54026,1.8,12.4,23.0,21.2,1.7,False,6.77,False,False,True,0.6,stale,
3274,380861528,27089,3.014572,3.014819,1631.07178,24.0,38.5,117.1,123.8,5.1,False,1.61,False,False,True,0.6,stale,
3275,380868607,27089,0.869461,0.869487,1629.18574,11.2,12.5,73.0,73.1,1.6,False,1.12,False,False,True,0.25,ok,
3278,381492296,42840,1.460698,1.46054,1571.85993,5.6,8.0,20.0,20.0,0.0,False,1.44,False,False,True,0.45,ok,
3279,381639335,41624,4.183602,4.197166,1601.53339,1.5,8.7,6.3,12.4,4.7,False,5.59,False,False,True,0.6,stale,
3282,382016348,27089,1.349322,1.347377,1629.63022,4.7,6.2,12.8,13.7,0.5,False,1.32,False,False,True,0.45,ok,
3284,382232653,27089,0.846544,0.846958,1628.87513,2.0,9.3,32.2,18.9,8.8,True,4.71,False,False,True,1.05,half_period,
3286,382288998,51841,0.661797,0.662076,1599.85486,2.1,5.7,15.1,12.9,1.5,False,2.7,False,False,True,0.6,stale,
3287,382291887,51848,2.154208,2.15308,1600.80997,1.2,11.6,6.3,15.2,6.2,True,9.73,False,False,True,1.05,half_period,
3289,382400632,41573,1.807949,1.80798,1599.08097,12.2,15.1,19.9,21.3,0.9,False,1.24,False,False,True,0.45,ok,
3211,367476633,36391,4.92833,4.873705,1627.84677,2.7,3.9,5.0,0.5,3.5,False,1.44,True,False,True,0.75,weak,
3216,368934540,26926,6.414003,6.421254,1630.36173,4.0,55.4,65.1,74.0,1.7,False,13.69,False,False,True,0.6,stale,
3219,369419476,52172,1.16388,1.164251,1599.71524,1.5,5.7,6.0,7.2,0.8,False,3.89,False,False,True,0.6,stale,
3228,372850357,225397,0.820032,0.820052,1325.95736,2.8,4.9,15.4,17.1,1.2,False,1.74,True,False,True,0.9,stale,
3296,383109671,36627,1.912279,1.911231,1601.40051,1.9,9.5,21.6,18.7,2.2,False,5.02,False,False,True,0.6,stale,
3297,383236314,41933,1.528463,1.527503,1600.00204,9.4,22.2,42.4,37.6,4.0,False,2.36,False,False,True,0.6,stale,
3300,383853932,26398,7.673211,7.67379,1602.78071,7.4,98.9,111.6,52.6,17.1,True,13.29,False,False,True,1.05,half_period,
3301,383855194,26396,0.573628,0.572358,1600.1954,7.6,6.5,27.4,28.3,0.9,False,0.86,False,False,True,0.25,ok,
3290,382438480,46859,2.322973,2.321272,1601.48114,4.3,8.8,8.8,7.5,1.2,False,2.06,False,False,True,0.6,stale,
3291,382446393,46802,0.688668,0.688631,1600.72949,2.9,6.3,38.5,40.9,1.6,False,2.2,False,False,True,0.6,stale,
3292,382744087,42808,1.636102,1.631459,1571.89948,2.1,6.0,6.5,11.5,3.5,False,2.89,False,False,True,0.6,stale,
3295,382986366,48357,10.862147,10.730371,1603.20422,1.7,4.1,2.7,0.6,1.5,False,2.38,True,False,True,0.9,stale,
3230,372913439,115564,13.473506,13.478082,1333.39415,2.8,103.9,40.6,46.4,3.4,False,37.54,False,False,True,0.6,stale,
3234,375090559,225525,5.424140005,5.424276,1330.67705,12.5,16.2,19.0,18.3,0.3,False,1.29,False,False,True,0.45,ok,
3237,376385505,42733,2.090759,2.090131,1573.37018,3.4,19.5,31.3,31.7,1.1,False,5.78,False,False,True,0.6,stale,
3238,376385526,42709,2.091605,2.090087,1573.39722,2.3,6.1,11.9,11.9,0.4,False,2.6,False,False,True,0.6,stale,
3302,383858633,26396,4.568471,4.568878,1603.18797,146.1,172.8,195.6,228.7,11.8,False,1.18,False,False,True,0.25,ok,
3305,384587672,46537,2.713703,2.7037,1601.54892,1.4,7.8,12.1,11.8,0.4,False,5.73,False,False,True,0.6,stale,
3306,384609312,50352,2.177619744,2.177757,1628.00981,22.5,29.0,70.1,100.0,26.4,True,1.29,False,False,True,0.9,half_period,
3312,387784316,36598,1.154161,1.153657,1600.97003,6.0,8.8,13.1,16.4,2.3,False,1.46,False,False,True,0.45,ok,
3325,390100628,46786,0.767254,0.766485,1571.45842,6.5,9.2,20.0,19.7,0.2,False,1.41,False,False,True,0.45,ok,
3326,390262679,36746,4.112506,4.119309,1601.69628,22.5,32.1,39.7,36.2,0.0,False,1.43,False,False,True,0.45,ok,
3327,390283858,41292,2.838206,2.840031,1573.4222,3.2,21.0,51.8,54.0,0.1,False,6.61,False,False,True,0.6,stale,
3328,390284116,41379,21.591747,21.578346,1580.27681,4.0,23.9,11.5,14.6,1.7,False,6.03,False,False,True,0.6,stale,
3329,390295047,47494,3.26942,3.271049,1573.38226,1.3,2.0,1.1,1.5,0.4,False,1.56,True,False,True,0.9,stale,
3330,390454243,39385,0.832415,0.832181,1572.01662,0.2,10.0,24.3,17.6,4.4,False,41.99,False,False,True,0.6,stale,
3331,390471207,43013,5.263934,5.263501,1572.51591,25.2,45.0,51.1,52.8,4.1,False,1.78,False,False,True,0.6,stale,
3333,390537352,41212,1.212393,1.214809,1571.93,4.3,7.3,11.7,14.6,1.9,False,1.7,False,False,True,0.6,stale,
3334,390539148,44057,3.328232,3.293575,1572.55341,2.4,4.2,7.0,6.3,0.3,False,1.73,True,False,True,0.9,stale,
3336,390672227,46714,6.162501,6.169917,1575.44174,2.1,21.3,24.1,20.5,2.0,False,10.3,False,False,True,0.6,stale,
3337,390673262,46716,2.001282,2.00228,1573.13049,2.7,9.7,29.9,25.8,2.0,False,3.56,False,False,True,0.6,stale,
3338,390673404,46717,2.001282,2.002241,1573.14685,2.3,12.8,33.1,25.0,4.9,False,5.48,False,False,True,0.6,stale,
3339,390673669,46717,0.879059,0.879115,1571.343,7.5,9.3,14.1,27.8,9.5,True,1.24,False,False,True,0.9,half_period,
3344,391238898,44057,2.6134,2.612672,1572.77922,4.0,12.2,28.1,12.4,10.3,True,3.01,False,False,True,1.05,half_period,
3348,391941900,39412,0.440272,0.440056,1600.29345,4.4,10.8,31.5,31.8,0.2,False,2.45,False,False,True,0.6,stale,
3350,392284933,46905,16.951784,16.694045,1613.1823,1.3,2.0,1.6,3.0,1.8,False,1.6,True,False,True,0.9,stale,
3351,392340763,43940,2.536698,2.538166,1571.3569,3.1,10.0,18.5,16.5,0.8,False,3.22,False,False,True,0.6,stale,
3352,392343741,35977,0.736004,0.735893,1571.2865,3.0,4.2,2.1,2.4,0.2,False,1.42,True,False,True,0.75,weak,
3353,392556588,36744,1.681232,1.682205,1598.36116,2.4,8.8,25.8,22.2,1.1,False,3.71,False,False,True,0.6,stale,
3354,392562977,42959,2.898658,2.896557,1600.05843,2.3,10.4,13.9,10.3,2.6,False,4.57,False,False,True,0.6,stale,
3357,392912142,22193,0.781961,0.780692,1599.74939,4.1,8.5,12.7,13.2,0.5,False,2.07,False,False,True,0.6,stale,
3360,393355514,46688,4.468627,4.469788,1603.79476,3.9,63.8,32.1,29.0,2.1,False,16.43,False,False,True,0.6,stale,
3365,395326816,55972,0.647901,0.64757,1598.64164,2.2,9.2,17.1,16.9,0.4,False,4.14,False,False,True,0.6,stale,
3366,395425058,46894,0.562494,0.563403,1600.33816,8.8,18.8,66.4,72.9,5.0,False,2.13,False,False,True,0.6,stale,
3314,388118362,36664,0.668744,0.668812,1600.28769,7.7,39.2,65.0,69.2,4.9,False,5.07,False,False,True,0.6,stale,
3317,389363745,201520,1.370032,1.360049,1326.88136,2.8,3.4,13.5,10.7,1.9,False,1.21,True,False,True,0.75,weak,
3318,389553886,46888,3.038609,2.981196,1602.17174,2.1,3.0,2.1,4.0,1.5,False,1.44,True,False,True,0.75,weak,
3320,389887311,46908,2.40755,2.407151,1601.46931,5.1,9.9,17.9,14.6,2.5,False,1.94,False,False,True,0.6,stale,
3367,395429720,36525,2.981667,2.95836,1603.11506,1.6,9.8,1.0,1.7,0.6,False,6.0,False,False,True,0.6,stale,
3368,395491072,42051,1.226373,1.227328,1598.53893,3.1,7.0,15.7,13.7,0.9,False,2.27,False,False,True,0.6,stale,
3374,397221036,47050,0.769438,0.768959,1600.59667,11.0,19.6,59.4,57.6,1.9,False,1.78,False,False,True,0.6,stale,
3375,397225622,47152,0.468744,0.468631,1600.25069,5.4,11.3,23.5,15.5,5.4,True,2.1,False,False,True,1.05,half_period,
3378,397888247,31612,1.723605,1.722123,1601.02786,5.5,47.1,55.3,41.8,9.9,True,8.55,False,False,True,1.05,half_period,
3379,397891491,46967,1.293049,1.292421,1600.21899,4.6,6.7,16.3,16.2,0.2,False,1.47,False,False,True,0.45,ok,
3381,398473912,39349,0.891253,0.891867,1572.10976,6.8,16.8,46.7,44.9,0.1,False,2.47,False,False,True,0.6,stale,
3382,398548197,39018,0.997001,0.996937,1572.24333,22.9,27.9,75.6,71.4,3.2,False,1.22,False,False,True,0.45,ok,
3383,398828356,38991,5.258614,5.262316,1574.70503,3.0,7.5,6.0,11.8,3.8,False,2.53,False,False,True,0.6,stale,
3394,400265077,35845,2.393643,2.436012,1573.35103,1.9,2.6,2.7,2.3,0.4,False,1.35,True,False,True,0.75,weak,
3397,401060152,41890,2.2524,2.257286,1600.85588,2.5,9.3,11.5,15.6,3.4,False,3.75,False,False,True,0.6,stale,
3398,401507450,46411,0.602067,0.602571,1598.77338,5.1,6.8,25.8,25.1,0.3,False,1.34,False,False,True,0.45,ok,
3414,407066449,57871,1.212134075,1.212122,1627.09405,7.4,7.7,47.0,47.9,0.3,False,1.05,False,False,True,0.25,ok,
3417,407837241,45958,0.970133,0.971267,1600.86623,10.1,17.3,39.9,43.8,2.0,False,1.71,False,False,True,0.6,stale,
3424,409764819,17251,2.295627,2.294523,1629.71129,0.9,26.7,84.7,48.9,19.7,True,28.29,False,False,True,1.05,half_period,
3428,410712205,43007,0.578783,0.579198,1598.48513,4.8,6.3,13.5,16.0,1.9,False,1.32,False,False,True,0.45,ok,
3431,411595102,46393,1.661723,1.660477,1600.37109,5.9,22.3,32.2,24.4,4.5,False,3.8,False,False,True,0.6,stale,
3432,412330557,46158,2.889488,2.88883,1599.42956,2.0,12.2,20.8,23.1,1.1,False,6.14,False,False,True,0.6,stale,
3433,412377174,52354,0.640963,0.640941,1599.78643,6.5,6.5,17.0,18.0,0.5,False,1.01,False,False,True,0.25,ok,
3434,412377282,52446,0.640963,0.640946,1599.78091,5.9,5.5,18.8,18.6,0.4,False,0.93,False,False,True,0.25,ok,
3400,402586141,67142,0.896882,0.899822,1625.42392,3.5,7.7,24.1,11.9,8.8,True,2.17,False,False,True,1.05,half_period,
3404,403765053,36778,0.818049,0.817019,1600.31272,5.7,8.3,25.9,25.8,0.2,False,1.47,False,False,True,0.45,ok,
3405,404089623,39210,1.059034,1.059409,1600.25474,121.9,7.3,14.4,14.6,0.3,False,0.06,False,False,True,0.25,ok,
3406,404089811,47031,1.029234,1.010133,1600.37157,2.8,3.2,5.0,2.5,1.9,False,1.14,True,False,True,0.55,weak,
3143,349371595,222920,1.285309,1.28526,1326.75324,31.2,59.4,248.3,242.3,0.7,False,1.91,False,False,True,0.6,stale,
3147,350445762,231831,3.190664,3.190144,1326.80793,3.4,18.3,20.1,21.0,1.0,False,5.38,False,False,True,0.6,stale,
3148,350445770,231831,3.19017,3.190148,1326.8028,15.2,17.9,19.0,17.7,0.9,False,1.17,False,False,True,0.25,ok,
3150,350478847,233001,2.610309,2.610106,1325.87657,2.0,2.9,4.3,1.3,2.1,False,1.49,True,False,True,0.75,weak,
3435,412471212,27089,2.921113,2.922745,1629.69239,2.2,3.2,14.5,15.1,0.4,False,1.44,True,False,True,0.75,weak,
3437,412542159,42076,0.50763,0.507367,1600.08316,1.8,4.6,10.3,11.7,1.0,False,2.48,True,False,True,0.9,stale,
3438,412612669,45982,0.526383,0.525602,1600.21851,4.8,9.7,10.4,11.5,0.8,False,2.04,False,False,True,0.6,stale,
3439,412660244,27089,0.504878,0.504416,1628.54645,2.4,5.6,16.5,14.1,1.4,False,2.29,False,False,True,0.6,stale,
3445,413525091,11884,0.939501,0.938993,1599.53818,3.9,4.3,9.5,8.8,0.5,False,1.09,True,False,True,0.55,weak,
3446,414178073,45594,1.567071,1.568381,1625.82075,1.0,17.2,56.5,51.1,1.9,False,16.61,False,False,True,0.6,stale,
3447,414258267,45579,1.507848,1.511593,1625.95826,3.3,42.4,43.2,44.4,1.0,False,12.84,False,False,True,0.6,stale,
3448,414480242,39871,0.67964,0.680261,1599.37752,4.3,5.6,11.8,11.9,0.1,False,1.3,False,False,True,0.45,ok,
3441,412806642,52295,4.154073,4.155757,1603.16683,1.5,24.5,76.8,72.0,1.4,False,16.06,False,True,True,0.9,stale,
3442,412952660,35576,18.01674,18.278278,1618.02506,0.1,3.8,32.4,0.2,20.1,True,33.54,True,False,True,1.35,half_period,
3443,413084104,37739,5.811356,5.815128,1601.0326,1.6,33.2,54.8,36.5,13.7,True,20.33,False,False,True,1.05,half_period,
3444,413216924,47432,1.809501,1.809132,1599.27096,2.9,152.3,30.4,112.8,57.4,True,53.23,False,False,True,1.05,half_period,
3407,404089822,47010,1.350688,1.350443,1601.18446,2.3,10.8,30.2,30.6,0.5,False,4.59,False,False,True,0.6,stale,
3408,404850274,189968,1.497809,1.497815,1326.76327,10.0,11.0,30.8,30.6,0.2,False,1.1,False,False,True,0.25,ok,
3409,405242681,35560,0.505335,0.505307,1571.93726,3.9,4.7,14.0,11.8,1.2,False,1.22,True,False,True,0.75,weak,
3412,406861632,60197,0.365062,0.364055,1626.15007,3.5,5.8,13.7,13.1,0.3,False,1.67,False,False,True,0.6,stale,
3474,421562553,25801,1.109352,1.109428,1625.89964,78.1,95.3,231.2,228.8,11.9,False,1.22,False,False,True,0.45,ok,
3479,423138831,33941,1.96634,1.967191,1625.63235,2.7,105.1,127.3,381.8,175.8,True,39.63,False,False,True,1.05,half_period,
3480,423228465,42365,0.455797,0.455608,1625.62757,2.9,3.6,23.1,18.0,3.4,False,1.25,True,False,True,0.75,weak,
3488,425538187,33169,0.529585,0.529402,1598.8244,2.7,5.5,19.0,18.9,0.0,False,2.0,False,False,True,0.6,stale,
3450,414712404,39135,3.706121,3.717317,1602.38622,5.0,11.1,17.5,17.5,1.4,False,2.21,False,False,True,0.6,stale,
3453,415097486,52121,2.501277,2.500769,1599.89855,2.2,8.4,7.2,9.9,1.8,False,3.81,False,False,True,0.6,stale,
3454,415191100,52126,1.209713,1.207619,1600.53293,3.5,3.2,4.1,3.6,0.3,False,0.91,True,False,True,0.55,weak,
3459,417359444,31330,0.565195,0.564898,1599.36436,2.9,10.0,29.2,15.1,9.5,True,3.43,False,False,True,1.05,half_period,
3460,417362390,39102,2.397001,2.396409,1598.91353,2.7,24.1,62.0,34.0,20.3,True,9.06,False,False,True,1.05,half_period,
3465,419175047,39148,2.565352,2.566828,1601.03289,2.3,12.3,19.0,20.8,1.7,False,5.28,False,False,True,0.6,stale,
3467,419648095,52311,1.972744,1.9709,1601.35829,1.0,8.8,25.9,26.7,0.2,False,9.17,False,False,True,0.6,stale,
3471,420458974,30194,5.249345,5.256807,1602.42612,2.5,40.0,56.3,48.4,2.0,False,15.77,False,False,True,0.6,stale,
3505,430824936,37908,2.367442,2.366099,1601.01435,2.5,16.6,14.1,16.9,2.2,False,6.71,False,False,True,0.6,stale,
3508,432365612,53452,2.084615,2.08546,1544.7146,2.5,3.6,26.7,27.8,0.1,False,1.42,True,False,True,0.75,weak,
3510,433546798,48999,0.826383,0.82662,1600.93748,2.5,7.9,10.1,11.3,0.7,False,3.23,False,False,True,0.6,stale,
3511,433554644,49058,1.691658,1.689765,1599.90275,4.5,8.2,19.8,18.8,1.0,False,1.83,False,False,True,0.6,stale,
3489,426134162,64861,0.61943,0.618704,1627.57498,1.1,10.4,29.8,37.8,5.5,True,9.28,False,False,True,1.05,half_period,
3490,426264684,58777,1.394708,1.395779,1626.46705,1.0,40.9,17.2,19.4,1.5,False,39.05,False,False,True,0.6,stale,
3500,429446407,38523,0.706938,0.706955,1600.86364,5.4,6.0,14.2,13.6,0.4,False,1.13,False,False,True,0.25,ok,
3501,429458843,46670,8.109453,8.110576,1607.04843,4.1,166.9,199.0,237.7,8.9,False,40.44,False,False,True,0.6,stale,
3513,433852422,52103,4.282588,4.280031,1600.00504,1.5,48.2,43.6,48.7,1.8,False,32.46,False,False,True,0.6,stale,
3514,434572424,49075,2.029002,2.034219,1601.42336,2.6,7.3,14.8,13.7,0.1,False,2.83,False,False,True,0.6,stale,
3516,435602412,49179,2.694181,2.693853,1601.63115,34.8,34.0,98.4,67.7,20.7,True,0.98,False,False,True,0.7,half_period,
3517,435684144,36877,6.268273,6.270455,1601.30058,4.2,17.1,28.2,26.9,1.4,False,4.13,False,False,True,0.6,stale,
3518,436599296,49192,2.022474,2.022551,1601.9735,22.6,26.4,23.8,32.0,5.4,True,1.16,False,False,True,0.7,half_period,
3519,436602339,49109,1.663188,1.664298,1600.19438,7.3,14.8,22.0,50.9,18.7,True,2.04,False,False,True,1.05,half_period,
3520,437203024,49152,3.371859,3.374511,1602.49331,1.6,12.9,27.1,28.2,0.6,False,7.95,False,False,True,0.6,stale,
3521,437827403,49137,2.301476,2.305052,1601.80719,10.1,20.1,55.6,55.8,0.6,False,1.98,False,False,True,0.6,stale,
3522,438135575,49224,1.410411,1.409413,1600.50293,0.9,16.0,33.7,32.2,0.9,False,18.55,False,False,True,0.6,stale,
3523,438248320,49173,1.004158,1.001149,1600.17118,1.7,4.1,5.1,5.7,0.4,False,2.47,True,False,True,0.9,stale,
3524,438564421,49108,0.8618,0.863491,1600.62036,1.1,10.8,18.5,20.3,1.4,False,10.08,False,False,True,0.6,stale,
3525,438799405,46378,1.327502,1.326931,1598.36286,2.0,9.5,21.8,20.0,1.9,False,4.69,False,False,True,0.6,stale,
3526,438976273,40949,9.969487,9.985656,1607.26045,1.0,21.9,19.8,16.5,0.4,False,22.73,False,False,True,0.6,stale,
3531,439973468,49429,1.354855,1.353497,1600.39981,5.5,10.9,12.8,15.7,1.9,False,1.98,False,False,True,0.6,stale,
3537,440607377,49379,0.740272,0.740093,1600.56333,1.5,15.4,20.8,28.0,5.5,True,10.2,False,False,True,1.05,half_period,
3538,440615611,49400,1.479855,1.480168,1601.31592,2.8,9.5,15.4,15.1,0.0,False,3.39,False,False,True,0.6,stale,
3539,440710516,49242,0.852077,0.851891,1600.75446,2.1,6.5,18.4,9.1,6.5,True,3.15,False,False,True,1.05,half_period,
3540,440715437,49518,0.800688,0.800437,1600.29241,4.9,9.1,24.1,23.6,0.6,False,1.85,False,False,True,0.6,stale,
3541,440717050,49240,1.091661,1.092809,1600.56678,1.3,7.9,27.7,27.0,0.4,False,6.22,False,False,True,0.6,stale,
3547,441485133,40997,2.253602,2.253347,1602.20739,6.5,11.7,10.2,12.6,1.1,False,1.81,False,False,True,0.6,stale,
3550,441773651,49208,1.498605,1.49943,1600.53745,2.9,10.9,17.3,14.6,2.0,False,3.71,False,False,True,0.6,stale,
3554,441875362,49346,2.27833,2.278509,1600.70126,13.7,30.0,108.8,113.8,3.1,False,2.2,False,False,True,0.6,stale,
3555,441979693,49413,1.538883,1.539879,1600.29017,3.5,9.6,17.5,15.6,1.4,False,2.72,False,False,True,0.6,stale,
3556,442072081,49114,2.586016,2.587418,1601.57251,1.3,76.3,126.3,121.6,1.2,False,60.82,False,False,True,0.6,stale,
3557,442382301,40978,2.466222,2.468917,1601.58348,3.0,2.3,2.3,5.1,1.9,False,0.78,True,False,True,0.55,weak,
3559,442502815,49480,2.553402,2.555155,1601.08162,1.1,137.4,248.7,232.8,5.2,False,120.61,False,False,True,0.6,stale,
3560,442590282,38363,12.023486,12.01704,1604.61462,0.7,181.3,277.0,276.8,2.2,False,256.54,False,False,True,0.6,stale,
3561,442727960,18547,3.278193,3.273462,1630.31102,2.3,11.4,23.2,10.2,8.7,True,4.96,False,False,True,1.05,half_period,
3564,442867787,15294,1.384739,1.378801,1629.32966,2.9,1.8,3.7,3.7,0.1,False,0.62,True,False,True,0.55,weak,
3567,442942829,49335,2.944938,2.947127,1601.02542,2.4,14.0,8.6,18.0,6.6,True,5.8,False,False,True,1.05,half_period,
3569,443102233,41919,1.727772,1.72891,1601.02374,2.1,16.0,27.5,26.2,0.8,False,7.63,False,False,True,0.6,stale,
3570,443529773,41026,1.169438,1.168687,1600.91347,3.0,7.3,26.7,27.9,0.1,False,2.44,False,False,True,0.6,stale,
3580,446463870,35810,1.065865,1.066518,1545.37388,2.4,5.2,9.2,9.4,0.0,False,2.17,False,False,True,0.6,stale,
3581,446754770,41207,0.91714,0.916975,1600.9686,3.4,24.2,46.6,32.5,10.1,True,7.13,False,False,True,1.05,half_period,
3582,446916793,46648,1.581837,1.581186,1545.26987,3.6,11.0,15.7,31.2,11.2,True,3.08,False,False,True,1.05,half_period,
3584,447188979,52087,0.399318,0.398701,1626.70541,2.1,8.5,19.8,18.9,0.7,False,4.06,False,False,True,0.6,stale,
3571,443561611,38379,1.301383,1.298113,1601.0873,5.0,8.1,18.0,17.1,0.8,False,1.63,False,False,True,0.6,stale,
3572,443572900,34807,2.501698,2.500425,1601.22458,2.9,7.4,3.5,2.0,1.1,False,2.54,False,False,True,0.6,stale,
3577,445648583,105029,1.872809,1.873118,1492.10743,4.9,25.7,43.6,43.5,1.1,False,5.22,False,False,True,0.6,stale,
3579,446331750,41180,10.40783,10.417126,1600.74821,5.4,95.6,86.8,92.5,1.3,False,17.74,False,False,True,0.6,stale,
3586,448132309,36268,3.850538,3.840538,1601.98597,1.2,4.0,3.1,1.0,1.5,False,3.28,True,False,True,0.9,stale,
3587,448140384,46674,1.730549,1.732268,1601.80545,2.9,10.0,28.0,27.6,0.2,False,3.42,False,False,True,0.6,stale,
3589,448419342,43730,3.728483,3.727908,1544.62192,2.8,12.5,17.2,18.8,0.7,False,4.44,False,False,True,0.6,stale,
3590,448447142,46571,0.656938,0.656008,1600.72962,1.7,6.0,15.8,13.9,1.7,False,3.45,False,False,True,0.6,stale,
3591,448616261,36569,0.525688,0.526979,1600.22354,1.4,4.1,18.3,19.4,0.7,False,2.97,True,False,True,0.9,stale,
3592,448650100,49672,1.828456,1.831336,1599.44882,3.0,16.9,28.5,33.3,0.8,False,5.71,False,False,True,0.6,stale,
3593,448719936,49935,1.677762,1.70043,1598.55732,4.0,1.9,3.2,1.5,1.2,False,0.49,True,False,True,0.55,weak,
3594,448816348,38168,2.27355,2.271549,1602.3625,4.8,11.4,20.1,17.3,1.5,False,2.36,False,False,True,0.6,stale,
3595,448853649,49748,1.036105,1.036162,1600.66676,10.1,17.3,32.6,34.0,0.6,False,1.72,False,False,True,0.6,stale,
3596,449119021,49578,6.852025,6.859878,1606.13531,2.3,13.7,21.1,-2.0,15.8,True,5.88,False,False,True,1.05,half_period,
3597,449356205,49238,1.534022,1.534335,1600.26662,0.7,8.6,25.5,25.2,0.2,False,13.26,False,False,True,0.6,stale,
3598,449379391,49340,0.9243,0.922297,1600.93217,2.1,5.9,5.3,12.2,5.1,True,2.86,False,False,True,1.05,half_period,
3599,449464238,49356,0.534022,0.533489,1600.41645,1.4,6.9,12.0,23.4,8.0,True,4.9,False,False,True,1.05,half_period,
3600,449470573,49172,0.547216,0.547116,1600.53957,13.7,46.3,222.1,215.9,3.1,False,3.39,False,False,True,0.6,stale,
3601,449569805,29926,3.711269,3.709638,1603.08428,3.9,24.6,28.1,15.8,6.6,True,6.3,False,False,True,1.05,half_period,
3602,449631685,38185,0.461105,0.461652,1600.35456,3.2,5.8,12.2,12.8,0.4,False,1.8,False,False,True,0.6,stale,
3603,449637973,42035,0.981244,0.981429,1600.32081,1.5,8.5,20.8,25.0,2.5,False,5.54,False,False,True,0.6,stale,
3607,450200861,51199,6.216552,6.195975,1577.47281,0.9,3.2,2.7,4.3,1.1,False,3.73,True,False,True,0.9,stale,
3608,450276395,41751,2.477606,2.47895,1572.76529,0.6,9.4,32.7,31.7,0.4,False,15.48,False,False,True,0.6,stale,
3609,450277258,41737,2.893643,2.893994,1571.34251,6.3,15.2,20.1,19.0,0.5,False,2.43,False,False,True,0.6,stale,
3610,450285739,41733,2.893643,2.893983,1571.34315,7.5,12.4,21.2,23.0,1.5,False,1.66,False,False,True,0.6,stale,
3611,450368173,41756,5.380142,5.379076,1575.01079,1.6,33.1,25.9,25.5,2.4,False,20.67,False,False,True,0.6,stale,
3612,450395029,51991,2.088258,2.089058,1601.25001,0.3,11.1,28.8,10.4,13.3,True,33.88,False,False,True,1.05,half_period,
3613,450457660,41989,3.902415,3.894799,1602.4148,2.4,19.9,23.3,28.4,5.0,False,8.43,False,False,True,0.6,stale,
3628,451099774,41939,6.681426,6.667226,1603.69333,1.9,11.8,22.5,11.2,8.0,True,6.13,False,False,True,1.05,half_period,
3629,451314852,41380,1.73392,1.73351,1572.28277,3.0,24.5,84.1,86.6,0.3,False,8.13,False,False,True,0.6,stale,
3631,451458394,30761,2.011593,2.015777,1572.56667,3.0,6.5,11.9,10.9,0.4,False,2.16,False,False,True,0.6,stale,
3634,451578937,30560,0.883226,0.881877,1571.30953,2.2,2.9,2.6,3.0,0.2,False,1.3,True,False,True,0.75,weak,
3635,451614364,42034,0.972809,0.97247,1572.14653,1.8,13.1,12.5,22.6,7.0,True,7.34,False,False,True,1.05,half_period,
3636,451682970,23527,1.905448,1.890862,1573.01267,2.2,2.4,0.8,0.9,0.1,False,1.1,True,False,True,0.55,weak,
3637,451826702,30542,1.439476,1.440075,1571.47295,3.4,4.1,6.6,5.8,0.6,False,1.21,True,False,True,0.75,weak,
3638,452117876,30567,0.425587,0.425855,1571.22518,4.3,6.6,14.0,14.8,0.7,False,1.54,False,False,True,0.6,stale,
3623,450858093,41892,0.890963,0.890508,1599.98488,2.5,6.7,12.4,15.0,1.7,False,2.72,False,False,True,0.6,stale,
3624,450949884,43785,0.684019,0.684647,1599.65351,6.6,11.0,16.1,22.1,4.2,False,1.65,False,False,True,0.6,stale,
3626,450999224,41844,1.660309,1.660135,1572.34383,2.0,5.3,5.5,2.5,2.1,False,2.58,False,False,True,0.6,stale,
3627,451094183,52252,2.642994,2.642784,1600.26609,10.6,12.5,24.2,26.3,1.1,False,1.18,False,False,True,0.25,ok,
3654,455311320,26394,1.643072,1.643073,1601.19531,8.5,8.8,22.8,21.4,1.4,False,1.04,False,False,True,0.25,ok,
3655,455318073,26390,1.384739,1.384748,1600.98823,23.6,22.5,47.7,46.0,2.0,False,0.95,False,False,True,0.25,ok,
3656,455374178,26402,3.563368,3.565073,1601.47736,2.4,21.1,36.1,20.0,7.9,True,8.65,False,False,True,1.05,half_period,
3657,455387814,26395,2.945559,2.939095,1602.15084,2.7,9.3,16.6,19.0,1.4,False,3.49,False,False,True,0.6,stale,
3619,450731673,47013,1.684338,1.680497,1599.73268,6.7,11.2,11.6,8.8,2.1,False,1.68,False,False,True,0.6,stale,
3620,450823001,52097,0.74513,0.744756,1600.14286,4.0,4.6,8.6,8.4,0.1,False,1.15,True,False,True,0.55,weak,
3621,450829879,52105,1.252769,1.250983,1600.57185,3.1,11.0,13.5,21.1,5.8,True,3.58,False,False,True,1.05,half_period,
3622,450845097,41337,1.536698,1.535852,1571.47092,3.4,9.3,18.0,13.4,2.9,False,2.75,False,False,True,0.6,stale,
3614,450559047,41717,1.476976,1.473751,1571.36099,2.2,4.7,5.4,7.8,1.5,False,2.19,True,False,True,0.9,stale,
3615,450619932,48867,1.64642,1.646691,1571.31168,4.3,7.1,17.4,17.1,0.3,False,1.67,False,False,True,0.6,stale,
3616,450631859,51255,3.779948,3.779647,1574.29113,4.0,11.6,10.2,12.7,1.2,False,2.9,False,False,True,0.6,stale,
3618,450679858,38552,16.411295,16.421665,1587.13414,1.7,6.0,6.1,8.7,3.1,False,3.54,False,False,True,0.6,stale,
3658,455389013,26407,0.618072,0.617705,1599.82508,8.3,103.5,189.1,177.9,8.4,False,12.45,False,False,True,0.6,stale,
3659,455416026,25967,2.431395,2.43434,1600.69751,2.2,13.2,36.0,34.5,0.4,False,6.01,False,False,True,0.6,stale,
3660,455481912,26120,1.137517,1.135397,1600.44977,2.0,6.5,5.9,8.9,2.6,False,3.18,False,False,True,0.6,stale,
3662,456058602,53206,5.80047,5.782932,1625.95907,2.0,776.4,0.2,1430.3,983.9,True,379.47,False,False,True,1.05,half_period,
3665,457455011,45451,0.507556,0.507398,1599.29345,1.2,73.4,68.8,77.9,5.7,False,60.59,False,False,True,0.6,stale,
3666,457462086,45466,2.194556,2.197225,1599.56566,3.2,8.5,18.9,21.2,1.1,False,2.67,False,False,True,0.6,stale,
3667,457544563,46714,1.024893,1.024751,1544.4922,3.4,11.2,15.6,30.7,10.9,True,3.29,False,False,True,1.05,half_period,
3668,457591834,45700,0.493524,0.49406,1571.26507,1.6,5.5,13.9,13.5,0.2,False,3.42,False,False,True,0.6,stale,
3678,459042543,45678,9.59058,9.594575,1571.23607,1.4,24.3,24.1,31.7,7.7,True,17.44,False,False,True,1.05,half_period,
3679,459042546,45678,9.59058,9.594729,1571.21129,1.1,22.1,27.1,29.3,3.2,False,19.49,False,False,True,0.6,stale,
3682,459437456,53657,0.803246,0.802843,1571.41958,3.5,12.9,16.0,17.7,1.1,False,3.68,False,False,True,0.6,stale,
3683,459670193,43919,1.378365,1.377957,1571.99532,1.8,9.0,13.2,14.7,1.0,False,4.98,False,False,True,0.6,stale,
3699,460557335,52058,2.162976,2.160345,1599.73905,2.9,12.3,32.5,33.7,0.0,False,4.29,False,False,True,0.6,stale,
3705,461022608,46751,5.216246,5.211748,1575.75277,3.5,17.6,26.4,19.6,5.3,True,5.01,False,False,True,1.05,half_period,
3707,461272446,29798,0.444461,0.444413,1600.10965,0.9,39.7,101.9,102.6,0.4,False,44.71,False,False,True,0.6,stale,
3708,461278438,29633,0.651405,0.651592,1600.38084,3.5,6.7,10.3,9.6,0.4,False,1.92,False,False,True,0.6,stale,
3670,457864221,46632,2.297809,2.297361,1545.84802,2.3,8.8,10.6,10.0,0.0,False,3.74,False,False,True,0.6,stale,
3674,458835698,45698,1.701162,1.70104,1571.53855,5.4,10.7,12.6,14.6,1.2,False,1.99,False,False,True,0.6,stale,
3675,458836406,45697,1.271996,1.271727,1571.35202,4.7,9.2,17.7,17.6,0.3,False,1.96,False,False,True,0.6,stale,
3677,459007525,46735,3.473581,3.473068,1573.13556,4.2,28.5,27.8,27.8,0.7,False,6.77,False,False,True,0.6,stale,
3710,461963757,22128,2.88698,2.886938,1628.68406,166.5,157.9,205.1,194.9,29.6,False,0.95,False,False,True,0.25,ok,
3714,463178502,46690,2.089476,2.088851,1545.59453,2.5,20.0,33.7,32.3,1.0,False,7.95,False,False,True,0.6,stale,
3715,463202584,46659,2.743643,2.743246,1544.61518,2.2,4.2,6.6,3.3,2.3,False,1.93,True,False,True,0.9,stale,
3717,463239707,46656,2.439476,2.439489,1545.42518,9.0,10.7,13.8,10.5,2.6,False,1.19,False,False,True,0.25,ok,
3684,459713293,53644,1.75394,1.753282,1572.92281,1.9,10.0,16.9,15.9,1.2,False,5.39,False,False,True,0.6,stale,
3688,459997974,46745,5.551004,5.547663,1573.54339,1.7,28.3,50.1,49.5,0.4,False,16.85,False,False,True,0.6,stale,
3692,460241334,46790,2.09642,2.095941,1571.72295,3.8,31.4,52.7,53.3,0.6,False,8.25,False,False,True,0.6,stale,
3693,460298963,46761,1.268643,1.271252,1572.27715,4.5,7.8,23.3,21.5,1.4,False,1.75,False,False,True,0.6,stale,
3640,452267394,30874,2.979664,2.978039,1572.91518,4.8,23.8,22.8,23.7,0.4,False,4.98,False,False,True,0.6,stale,
3641,452268602,30838,1.395726,1.418485,1572.36455,3.5,3.8,2.2,-0.6,2.0,False,1.09,True,False,True,0.55,weak,
3643,452355750,30558,7.20161,7.226645,1573.12866,3.8,3.2,2.6,3.8,0.5,False,0.86,True,False,True,0.55,weak,
3646,453100658,222797,1.804059,1.804545,1327.29802,4.3,23.0,36.6,32.4,2.8,False,5.31,False,False,True,0.6,stale,
3721,463588146,46642,2.167254,2.166736,1546.36113,4.0,11.0,16.4,10.1,3.3,False,2.77,False,False,True,0.6,stale,
3723,463627281,46652,0.265865,0.265794,1544.61223,2.6,4.4,11.6,11.4,0.1,False,1.71,True,False,True,0.9,stale,
3724,463637465,46739,2.264476,2.265025,1545.0568,2.4,7.3,18.2,19.9,0.8,False,3.04,False,False,True,0.6,stale,
3725,463640655,46693,1.845726,1.847377,1544.54319,2.1,5.3,10.3,9.4,0.7,False,2.53,False,False,True,0.6,stale,
3727,464825418,25427,0.973628,0.973421,1629.05786,1.4,20.6,49.1,49.0,0.2,False,14.74,False,False,True,0.6,stale,
3728,464853936,25431,2.073466,2.073502,1629.8704,97.0,108.4,240.4,253.7,1.0,False,1.12,False,False,True,0.25,ok,
3729,464887100,46823,1.272692,1.273299,1571.55971,2.4,10.8,21.4,22.1,0.6,False,4.56,False,False,True,0.6,stale,
3730,464889047,43931,2.885309,2.881083,1572.11352,2.5,4.5,7.6,6.6,0.8,False,1.84,True,False,True,0.9,stale,
3736,465019072,43954,1.750587,1.750642,1571.34279,12.6,11.5,19.3,17.6,0.8,False,0.91,False,False,True,0.25,ok,
3737,465046271,41138,2.172809,2.173355,1572.6281,2.1,7.8,9.9,8.6,0.7,False,3.76,False,False,True,0.6,stale,
3738,465050952,41190,1.148504,1.148513,1572.22009,13.7,16.1,40.0,35.4,2.1,False,1.17,False,False,True,0.25,ok,
3739,465053247,41196,1.199198,1.199489,1571.61539,2.0,18.9,41.0,47.9,4.9,False,9.5,False,False,True,0.6,stale,
3745,465249457,47528,0.869337,0.86839,1571.5338,1.6,6.4,11.1,9.1,1.3,False,3.92,False,False,True,0.6,stale,
3746,465310562,44055,1.825484,1.828208,1571.88667,4.7,12.6,14.8,15.3,1.6,False,2.67,False,False,True,0.6,stale,
3748,465377865,43931,2.341559,2.340941,1572.72883,2.2,7.7,6.4,11.7,4.2,False,3.42,False,False,True,0.6,stale,
3749,465466788,26151,2.420032,2.419894,1572.6936,6.9,8.6,6.2,10.2,2.5,False,1.25,False,False,True,0.45,ok,
3740,465055985,44075,2.145032,2.143416,1572.91023,3.7,7.9,12.5,5.5,4.9,False,2.16,False,False,True,0.6,stale,
3741,465139437,47518,1.396303,1.395566,1571.28442,1.6,6.1,8.2,17.2,6.6,True,3.74,False,False,True,1.05,half_period,
3742,465179776,44114,7.607544,7.605222,1571.90359,5.0,52.0,115.3,75.3,3.1,False,10.32,False,False,True,0.6,stale,
3743,465183119,43973,4.123648,4.124662,1575.17384,2.4,8.5,11.5,10.8,1.2,False,3.56,False,False,True,0.6,stale,
3732,464937865,47489,3.226282,3.223897,1574.33636,1.9,3.9,7.8,5.7,1.3,False,2.01,True,False,True,0.9,stale,
3733,464971546,47512,1.459615,1.459529,1571.87125,6.7,9.8,13.7,12.0,1.6,False,1.48,False,False,True,0.45,ok,
3734,465013317,33165,2.773504,2.775296,1573.88166,2.0,11.6,10.4,9.1,1.0,False,5.88,False,False,True,0.6,stale,
3735,465014168,46709,5.622516,5.621361,1574.58082,4.3,10.1,9.0,8.9,0.1,False,2.35,False,False,True,0.6,stale,
3750,465511152,44322,0.925587,0.92567,1571.33537,20.0,37.5,143.6,140.2,0.1,False,1.87,False,False,True,0.6,stale,
3752,465594558,47503,2.279754,2.280838,1571.71784,2.6,6.2,10.4,9.0,0.9,False,2.41,False,False,True,0.6,stale,
3753,465617523,47515,0.461581,0.461537,1571.52006,2.2,5.5,16.9,16.7,0.2,False,2.5,False,False,True,0.6,stale,
3755,465727783,8969,1.783226,1.783129,1572.81498,8.6,9.6,19.1,11.8,3.7,False,1.12,False,False,True,0.25,ok,
3762,466056926,47509,3.076976,3.076059,1572.18197,2.2,9.4,14.6,15.4,0.8,False,4.22,False,False,True,0.6,stale,
3764,466108918,49147,2.330664,2.326987,1571.95315,3.7,4.2,5.2,6.8,1.4,False,1.12,True,False,True,0.55,weak,
3766,466115813,49226,2.430448,2.429234,1573.15278,1.6,19.9,28.3,34.7,3.8,False,12.18,False,False,True,0.6,stale,
3767,466120902,52198,2.561698,2.562874,1573.26524,3.1,9.2,17.2,17.9,1.2,False,2.94,False,False,True,0.6,stale,
3757,465894544,44055,3.766062,3.764964,1572.58026,4.7,9.9,7.8,15.3,5.1,True,2.13,False,False,True,1.05,half_period,
3759,465933753,49183,3.505659,3.50785,1572.42591,3.3,34.9,60.7,49.2,3.9,False,10.47,False,False,True,0.6,stale,
3760,465942387,49849,1.000587,1.000796,1572.17572,2.2,13.1,23.7,31.3,4.7,False,5.99,False,False,True,0.6,stale,
3761,466055538,47576,2.928002,2.924439,1571.72625,2.8,8.1,11.8,8.4,2.7,False,2.89,False,False,True,0.6,stale,
3768,466139024,52128,1.392254,1.392042,1572.35135,4.7,16.9,38.6,37.5,0.4,False,3.6,False,False,True,0.6,stale,
3769,466146444,52037,4.362426,4.362596,1575.28753,7.0,9.4,8.0,13.0,3.8,False,1.36,False,False,True,0.45,ok,
3770,466249712,37265,1.758109,1.756481,1571.95609,2.6,16.8,34.1,38.4,1.2,False,6.37,False,False,True,0.6,stale,
3771,466259050,55512,0.839476,0.839823,1571.90077,1.1,7.9,5.7,12.4,4.6,False,7.11,False,False,True,0.6,stale,
3772,466284608,52082,1.258226,1.258597,1572.27546,1.9,10.6,18.2,16.3,1.6,False,5.57,False,False,True,0.6,stale,
3773,466288033,41223,0.990865,0.990118,1571.43916,3.7,9.1,12.6,15.7,2.1,False,2.49,False,False,True,0.6,stale,
3774,466292385,52200,0.875587,0.874301,1571.48011,2.1,5.9,6.5,8.2,1.1,False,2.74,False,False,True,0.6,stale,
3775,466318186,49190,1.12142,1.121563,1571.3565,2.7,6.7,8.4,10.4,1.4,False,2.44,False,False,True,0.6,stale,
3784,466670216,52111,4.634461,4.627078,1573.73236,7.6,8.3,19.6,16.3,2.1,False,1.09,False,False,True,0.25,ok,
3786,466914134,45150,2.481143,2.483012,1573.59739,3.9,6.9,11.3,8.4,1.6,False,1.76,False,False,True,0.6,stale,
3787,466920848,34181,1.100587,1.100482,1571.35476,4.0,10.1,11.7,11.7,0.1,False,2.55,False,False,True,0.6,stale,
3788,466943891,23347,2.842254,2.842448,1573.59782,4.6,5.1,11.8,8.5,2.1,False,1.09,False,False,True,0.25,ok,
3776,466456655,52067,2.461698,2.461925,1573.5328,2.9,9.4,8.8,14.8,5.1,True,3.3,False,False,True,1.05,half_period,
3777,466458872,46320,0.803365,0.811129,1571.67912,1.8,2.8,3.0,2.0,0.7,False,1.59,True,False,True,0.9,stale,
3778,466500235,49167,2.699198,2.700332,1573.58714,2.2,6.3,10.4,9.5,0.3,False,2.82,False,False,True,0.6,stale,
3779,466500542,49165,0.815051,0.814646,1571.85364,3.0,5.3,12.6,13.8,1.1,False,1.81,False,False,True,0.6,stale,
3789,466944145,23350,2.347169,2.344683,1572.07994,2.2,8.0,12.4,11.3,0.4,False,3.58,False,False,True,0.6,stale,
3790,467019224,45157,0.687393,0.687416,1571.80089,23.3,31.3,63.6,69.2,3.4,False,1.35,False,False,True,0.45,ok,
3791,467026608,41768,2.961698,2.961453,1573.80959,12.7,28.0,43.1,37.1,4.1,False,2.21,False,False,True,0.6,stale,
3793,467088799,41713,0.459615,0.459627,1571.60895,5.4,6.2,14.3,9.1,3.7,False,1.14,False,False,True,0.25,ok,
3780,466509525,52076,1.272115,1.272444,1571.41013,1.6,25.0,34.8,35.7,0.1,False,15.88,False,False,True,0.6,stale,
3781,466524535,41301,1.915865,1.915693,1571.48219,119.7,103.6,197.3,203.3,6.6,False,0.87,False,False,True,0.25,ok,
3782,466526396,46929,1.428365,1.428287,1571.72652,9.0,9.5,35.6,32.3,2.4,False,1.06,False,False,True,0.25,ok,
3783,466539668,45207,0.478365,0.47865,1571.38415,4.6,8.0,17.4,18.5,0.6,False,1.75,False,False,True,0.6,stale,
3818,468246097,41801,0.842135,0.843234,1571.27825,4.9,10.2,20.7,38.9,12.8,True,2.09,False,False,True,1.05,half_period,
3802,467451300,41769,1.25892,1.258817,1572.12055,10.6,25.8,37.2,43.5,4.0,False,2.44,False,False,True,0.6,stale,
3803,467461269,41757,15.573497,15.571371,1573.99364,4.0,13.7,15.0,17.7,1.9,False,3.39,False,False,True,0.6,stale,
3804,467518208,33926,2.631143,2.655412,1572.86866,3.2,2.8,4.2,1.6,1.7,False,0.88,True,False,True,0.55,weak,
3805,467526565,33939,2.338414,2.343396,1572.25748,2.5,7.6,16.8,9.7,4.7,False,3.0,False,False,True,0.6,stale,
3795,467096183,41685,1.361004,1.363449,1571.87795,4.7,5.8,5.1,6.2,0.7,False,1.23,False,False,True,0.45,ok,
3797,467273161,41762,2.21517,2.21268,1571.95067,3.1,5.5,7.2,6.6,0.3,False,1.76,False,False,True,0.6,stale,
3800,467316701,33928,5.768757,5.750465,1572.42176,4.0,25.1,47.0,30.0,13.9,True,6.3,False,False,True,1.05,half_period,
3801,467397106,45174,0.974893,0.97613,1572.12794,5.6,6.1,10.9,10.3,0.4,False,1.08,False,False,True,0.25,ok,
3806,467623724,45186,2.224893,2.224556,1571.47019,4.4,15.6,17.6,17.9,1.0,False,3.57,False,False,True,0.6,stale,
3807,467625517,45180,3.438896,3.437705,1572.7725,3.0,50.6,65.5,61.7,4.0,False,16.81,False,False,True,0.6,stale,
3808,467637858,41744,0.771301,0.770832,1571.3077,6.8,35.2,37.8,50.3,8.4,True,5.2,False,False,True,1.05,half_period,
3809,467745656,43869,1.441559,1.443186,1571.80306,3.3,5.8,11.1,9.7,0.9,False,1.76,False,False,True,0.6,stale,
3810,467805810,23212,2.435309,2.435828,1573.17268,8.9,27.2,34.7,35.5,2.1,False,3.07,False,False,True,0.6,stale,
3812,467883607,41743,0.808803,0.808438,1571.8333,2.4,17.8,49.8,28.7,14.1,True,7.39,False,False,True,1.05,half_period,
3814,467918103,33900,0.424776,0.424785,1571.32377,8.8,9.5,19.5,22.8,2.1,False,1.08,False,False,True,0.25,ok,
3816,468130429,33916,1.169915,1.169808,1571.59383,13.2,16.8,53.8,48.3,2.2,False,1.28,False,False,True,0.45,ok,
