101179364
101255974
101404344
101427335
10150705
101513965
101546875
101547609
101675455
101695924
102731164
103573024
103657171
104914008
105618511
106013773
10697190
108911914
109765689
110310815
110428269
111682678
112086256
112362827
112681546
112710057
112755167
112827315
112827464
113272112
113347424
113428669
113496667
113501026
113565705
113588970
113594232
113909881
114053589
11469974
115064173
115637849
115684219
115771549
115854656
116331699
116483514
116608612
116681081
116724157
116727724
116888149
117007618
117096174
117289683
117378334
117397619
117446938
117453686
117659938
117934375
118191063
118191083
118200081
118274531
118280350
118301361
118324224
118389230
118399541
118578646
118798035
118837152
118919710
119045610
119046610
119153127
119379330
119562612
119727527
119727544
119774374
119775495
119777368
119822417
119881567
120037640
120199940
120362128
120393609
120396319
120689840
120689878
120847748
121069461
121542578
122479370
122603474
122883754
123042728
125735470
126325291
126449150
126997753
127365016
127633512
127713554
127722285
127836129
128558389
128685675
128710970
128721058
128798054
128966834
129036837
12912584
129409890
129539786
129979528
13351941
135085261
135443063
135789669
136040527
136317809
136761005
136971594
137353009
137778682
138017750
138032974
13828577
138505004
138588540
138618351
138650903
138819293
139079180
139144054
140892243
141148940
141685465
141809360
141866704
141943708
142018015
142276270
142387023
142441910
142748406
142963071
143257768
143294289
143409637
143458736
143651157
143768683
143803539
143959183
14413057
144383510
14532016
14742096
14744387
147563142
147576476
147686743
1479206
14948284
15177117
15421076
16740101
16743192
16805617
17375136
18028547
1942622
2010901
20239565
2032632
2034171
20436558
21249791
21253918
21380220
21611656
21681683
21755546
21780369
21883641
22306932
2234723
2236015
22403404
22461871
22493917
22495872
22495977
22787333
22787334
22976756
22995632
23205275
23213390
23215535
2333883
23399041
23491633
23826331
24004619
24371322
24422764
24491836
26489741
26516151
26533207
26542657
27335165
27731228
27776350
27951093
28016860
28046109
28230919
28329552
28340235
28407127
28690049
29231068
2940839
29984131
30268168
30275619
30349725
30471979
30505260
30508512
30761513
30811026
30848598
30910046
30931288
31236325
31300787
31496366
31500603
31532677
31796120
32094209
32273186
32279509
32363108
38571020
39074957
39143349
40219040
41586601
41675260
41870248
42011932
42244951
44014899
47757785
48084398
48356677
49052849
49137560
49224134
49296796
49390070
49390251
49390558
49534600
49540533
50120414
50360888
50849800
5205367
53085065
53847727
55404385
55497281
56773241
57919833
58108085
58553534
61329361
61381436
61615041
61615109
61794497
61802871
62090970
62491518
62493628
63095911
63097440
63315583
63454475
63522035
63916460
6400274
6400304
64484444
64531935
64581100
64704038
64982329
6594598
65987075
66277508
66326188
66444514
66445643
66700467
67360321
67362286
68975924
69199037
6942395
69679391
69684115
69997672
70661912
70707979
70842628
71062411
71847021
71847068
71933719
72150241
72452387
72528673
73104778
74046141
74646659
74934381
75214502
75306937
75687169
75760449
76167206
76171166
76224662
76227523
76228620
76383336
76440874
76447579
76698127
76921510
77058935
77139245
77545160
80059889
80059891
80091106
80199862
81749728
81830377
82496599
83308167
83408987
83648910
84342725
85031598
85512095
85644328
85765877
85924890
86031591
86033989
86252824
8677665
86787267
86826742
87066595
87085603
87251422
87417567
87588667
87613257
87672048
87704700
87710200
87710526
87775884
88079763
88091070
88446176
88522681
88603791
88614027
88804537
88810317
88811782
89051125
89055250
89056972
89135457
89136956
89138310
89139187
89139402
89389197
89414346
89494258
89496702
89564762
89575652
89577845
89662511
89748395
89904680
90083037
90086266
90088601
90104045
90239533
90566043
90580320
90730706
90730747
90809108
91009428
91111448
91152385
91242033
91246501
9134886
91410481
91576611
91576689
92328347
9429099
9588485
96785948
96952279
97486585
98064760
98350979
9890080
98933651
98946854
99270298
99408107
99746675
99893800
147935743
148622233
148622234
148895442
148914403
149418554
149854222
150251466
150513899
154301400
154346187
154457855
155001079
155114483
155794095
155988736
156519022
157018051
157273321
157273362
157332634
157469799
157473672
157999789
158099116
158117162
158160754
158399506
158440302
158441915
158507355
158579379
158660631
159298033
159510109
159616938
159636127
159892657
160104585
160268701
160393513
160618493
160648169
160800210
160931697
160991022
161041306
161082285
161082288
161715566
163002971
164054301
164085733
164306172
165429298
165837238
165976940
166074503
166220082
166225154
166396033
166773165
167125688
167164631
167196597
167343398
167418903
167569135
167570131
167651110
167811273
167812449
168689156
169316288
169446708
169573910
170351961
170360278
171586500
172518755
172534921
173207470
173419202
173424364
173424379
174757717
176854066
176860064
177077475
177239203
177285916
177417406
177823340
180412528
180416826
180570279
180652891
180761818
180770456
181233908
181341926
181345288
182235802
182517224
182894670
183073148
183116749
183981740
184519651
185340863
185403173
185611061
185838481
186383896
187202523
187588017
188512864
188512873
188777507
189045636
189437251
189598024
192371731
192372961
192466992
192694031
193335365
193865652
194043403
194132691
194177494
194633998
194736844
195416956
198181552
198213332
198242676
198242678
198410480
198537349
198783841
199382504
199420503
199795179
199950643
200135791
200172467
200209252
200247352
201562850
201598744
201635971
201747686
202426246
202442974
202442982
202444594
202490797
202563254
202634511
203001339
210175404
213524471
218875002
219110814
219435542
219928884
219954315
219977016
219977027
220391499
220420534
224293813
229399317
229585356
229948921
229998470
230069712
230128667
230376136
230895783
230966413
230967251
231077461
232572560
232601764
232985036
233009109
233193944
233195058
233291862
233426186
233625787
233632419
233635280
233720276
233738458
233751709
234345288
236046394
236051090
236973844
237184773
237195907
237217334
237222864
238188289
238227405
238228073
238697966
238776139
238871375
239022536
239052494
239649487
239714064
239746556
240277644
240291153
240319271
240460949
240502860
240865015
240889942
240897200
240959477
240992272
241124203
242700892
243248327
243481409
246726023
247205466
249862365
249947378
250475499
250661510
250678855
250773560
251247031
251380779
251619073
251652448
252115508
252147347
252156901
252294709
252479260
252706458
252737605
252741805
252761128
252791409
252835677
253616822
253991565
254045302
254113345
254114662
254142627
254147986
254220375
254231029
254241787
255711238
255766847
255806138
255921197
255994336
256193124
256299194
256503960
256512446
256640561
257634283
257642093
258278548
258509996
258826934
259006185
259126645
259140194
259499465
259967623
260297394
260472863
260504114
260695792
260904053
260904121
260985861
261136679
261138857
261261490
261332760
261562118
261644653
261656371
261681115
262111822
262173985
262499670
262958558
263003176
263078716
263930781
264614791
264831542
265125520
265125525
265335460
265559455
265766984
265767012
265789033
265869770
266394699
266395331
266676103
266773101
267138970
267166845
267361631
267483361
267489265
267490092
267552804
267675314
267751030
267811506
268380299
268381049
268809852
268815631
268839084
269304135
269450900
269696438
269701147
269852699
269916109
270204401
270272800
270275812
270341214
270429419
270452481
270507297
271581073
271903247
271905978
271975434
272178884
272181655
272364793
272368236
272489043
272650576
272783172
273308789
273697554
273758462
273941203
274161343
274171474
274509791
274535454
274575202
274643143
275119073
275720352
275758701
275770230
276477308
276645751
276843427
276936320
276977291
277069819
277069829
277123828
277269411
277373239
277373256
277590781
277816903
277995171
278140156
278225267
278271171
278415929
278542841
278593268
278866211
278990501
279021812
279322913
279323859
279447155
279449126
279510159
280053651
280095254
280685089
280723416
280867169
281494100
281494116
281924357
281947762
282279756
282555160
282755773
282925798
283156726
283836833
283846399
284595199
285507306
285676468
285938173
286373310
286373319
286382512
286405674
286566741
287022336
287156968
287224990
287298034
288323785
288391628
289236608
289431048
290356815
290410012
290552720
290653746
290766957
291145873
291825023
291831495
291833006
292012143
292122717
292125267
292125277
292127048
292127642
292127687
292214881
292274582
292693046
292776690
292937494
293328247
293331179
293333013
293480909
293525651
293617835
293664120
293954617
293962038
294059372
294059397
294148079
294200378
294200509
294299078
294325257
294327312
294396667
294611659
294683885
294765664
294871044
294890615
295125030
295125033
295167241
295169431
295174363
295296524
295302063
295313132
295541511
296012680
297032911
298309266
298421458
298544913
298756723
298757219
299160301
299494754
299778628
299779868
299780329
300000680
300019694
300034498
300086757
300291839
300405121
300446210
300559128
300654002
300871545
300969635
301455720
301750630
301893786
301896030
301897558
301956342
302386283
302668828
302988499
303351921
303614800
303785997
303789830
303841100
303842892
303909865
303966807
303994011
304100538
304274584
304343052
304548927
304622998
304729610
304729846
304862653
305160955
305252864
305399324
305399325
305671743
305761174
305765400
305839017
305876160
305942749
306059878
306103027
306103891
306114087
306268580
306351964
306357959
306511505
306580216
306823776
306890690
306896053
306981323
306987941
307153959
307484741
308437841
308953703
309235372
309434156
309434301
309600985
309959700
310004006
310419795
310509626
310801704
310855797
310855822
310959570
311062274
311070085
311121985
311169550
311251028
311413113
311415441
311424123
311427289
311699501
311699919
311859088
311861272
311890977
311912383
311941977
311957752
311958594
311963578
312083267
312230566
312471474
312489639
312552375
312555100
312678993
312758663
313030085
314163397
314865962
314887863
315728717
315765488
316045916
316840393
317018306
317264215
317888368
318019844
318181542
318210930
318612970
318649597
319741451
319768060
320092265
320093611
320203415
320264024
320327921
320355456
320525204
320842315
320913313
321828403
321915222
322132157
322284851
323007878
323143096
323144533
323430114
323443194
323517985
323680311
323685904
323727556
323727563
323727580
323878563
323968843
324208224
324208723
324341594
324656952
325339373
325412896
325564366
325991837
326129048
326386206
326595551
326705079
326708938
326974824
327259175
327293700
327301957
327725463
327785134
329248002
329854172
330210666
330524857
330998582
330998588
331212487
331221558
332146607
337200525
337200587
337200647
337437566
337879997
337881909
339209865
339397374
339399882
339600659
339666347
339667988
339672028
339957347
340003367
340058744
340064696
340358394
341001796
341077131
341118777
341309569
343173397
343292307
343340516
343340931
343450911
343452418
343484756
343487338
343573862
343576379
343597113
343763382
343834897
343884825
343889045
343952976
344031627
344075391
344586348
344978642
344978736
344987663
346338553
346627403
347820651
347841053
347949236
347995170
348314199
348517784
348770361
348839628
348843066
348997611
349246232
349344436
349429641
349539672
349571436
349643889
349789882
349827430
349832824
349851744
350030939
350132371
350183074
350995806
350995812
351336681
351397454
351603861
351701483
352165018
352184899
352204750
352236055
352272029
352353080
352400180
352764091
353129911
353508262
353526615
353928547
353960119
353997059
354006740
354023414
354388980
354444731
354469661
354944794
355257194
355257343
355394078
356015357
356147735
356235833
356316200
356896561
357046804
357358259
357685999
357719182
358071481
358108063
358108126
358501560
358715557
359019914
359675849
360051638
360742636
363184094
363713678
363900902
1102463265
1507395454
1685970000
1685970004
1686255259
1687496434
1711759963
1715372738
1717399472
1874249679
1880194237
1883511917
1883519478
1921248789
1921248803
1950056979
1953905482
1953905490
1963523488
1969274810
1969274812
2003022879
363985977
364074479
364112579
364115836
364153424
364186197
364785009
364872760
364944633
364951842
365084581
365203184
365321314
365380824
365494323
365683029
365683032
365700102
365725094
365760877
365962806
365998896
366005019
366850508
366877625
366986734
366988508
366989877
367366318
367785426
368013010
368129261
368332050
368435330
369255529
369327648
369770419
369816679
369860950
369958563
370015361
370108711
370759597
371513482
371839073
371839648
372172128
372188911
372188924
372222115
372238299
372272753
372300924
372360503
372642120
372820291
373015604
373849740
373917626
373917747
374017545
374249729
374355219
374390400
375058760
375090559
375500475
375500479
375506058
375800897
376023383
376778166
376936788
377169726
377192658
377192659
377674736
378275454
378276288
379215982
379286801
379464439
379520843
380046819
380391418
380413487
380468471
380478404
380632257
380751868
380778770
380783252
380916235
381013459
381366555
381367886
381711001
381982417
382069435
382308684
382312510
382366334
382366619
383267977
383314245
383390264
383390914
383429255
383554318
383594341
383597078
383716793
384021193
384068226
384157295
384194603
384302932
384364892
384511855
384609312
384627699
384654908
384742861
384744604
384744828
384818612
384818632
385041086
387061852
387237076
387664866
387829772
387834907
387896530
388076004
388076435
388202793
388843945
389013422
389015383
389132822
389364202
389731338
390219055
390306055
390434208
390434734
390482405
390558532
390651552
390661644
390725265
390877530
390887307
390996644
391001489
391173252
391745591
391812839
391923274
392180516
392483505
392536805
393578740
393876901
393894013
394232334
394233060
394512189
394630054
394722182
394722676
394881270
394924221
395052951
395171208
396059992
396170777
396215041
396611524
396907792
396957421
397106960
397245443
398404609
399864405
399917000
399957581
400734328
401080440
401604346
401606923
402096687
402104788
402111216
402659317
402912765
403090580
403252169
403532418
403625625
403787892
404123632
404707758
404732598
404771598
404774891
404774919
404797784
404853708
405075695
405428714
405479122
405488488
405861888
405930915
405931203
405952536
406098924
406236094
406241337
406669566
406672232
406758816
406807194
406863699
406872253
406949643
407066449
407077146
407146714
407146722
407146723
407222000
407580995
407621964
407661994
407824089
407824105
407876993
407922730
408937625
409055269
409192118
409455615
409614721
409650437
409651781
409726763
409847512
409851100
409910690
409934687
409935170
409987035
410002663
410309657
410310956
410346480
410373785
410477617
411868625
411924206
411924652
416457567
416537915
416537916
417126296
417146817
417175621
417583197
417678051
417734853
417931607
418659158
418659523
418720347
419540913
419587655
419713844
419744996
419865067
419924650
420115946
420116962
420215263
420957957
421154783
421262493
421894914
422746188
423237407
423266608
424565534
424719589
424797128
424849871
424876542
424877706
424877713
424881840
424984597
424986552
424986927
425064757
425084025
425561347
425721385
426332869
426388995
426812143
427761355
428102518
428117606
428249301
428404278
428417567
428767557
430380593
430689541
430965138
431307905
431711546
431800989
434225250
435715608
435859871
435994957
435995015
436260983
436319259
440260433
440388263
440392691
440676745
441641972
441702645
444043522
444142791
444335503
445646082
445661970
445791323
445836238
446348261
446523110
451508609
451596415
451606385
452335793
452366964
452659443
456163318
456905229
457138169
458479530
458481461
458794118
459190726
459969365
462555217
464280516
464281481
464286489
464287543
464315739
464422047
464442741
464522606
464548710
464561795
464589896
464592499
464597067
464648853
465989972
466050403
466131056
466162076
466273082
466276212
466310009
466682727
468150795
468710608
468792279
468812400
469782185
469811846
470783105
470795607
470824703
502170540
504952284
516457072
520492853
620612499
624826996
640763859
645119047
646684138
664915372
700376729
702895990
723801891
723801895
801604587
841030789
900158020
900158021
900206636
950676499
10489
105400
158580
2106313
2229921
3658835
7474623
9989136
10024403
11111899
11799872
14292338
14474806
14767026
15129024
15738975
15739979
16102323
16160677
16622804
16832823
17020876
17151178
17972582
18907019
19283982
19386010
19686666
20627517
21109090
21979028
22327935
23650642
27011119
27346418
27397406
27424662
27434899
27462105
27557200
28164803
29781865
29833696
30873996
30954770
30991412
31106039
31136413
32348125
33325745
34895527
35208896
35351735
35678623
35905913
35907845
35999026
36594985
36595481
36601157
37062985
37475905
37770169
38063444
38699825
38843122
39654181
39654517
39654532
40076647
40461967
40864340
41237235
41330864
41946517
42853087
43230027
43456108
43599504
43770392
44838275
45006631
47191170
47402214
47412057
47753025
47931766
47954292
47954306
48087401
48188920
48292030
48292396
49126959
49924227
50011022
50577045
51288359
52449797
53253755
53644322
54108493
54172710
54180603
54343038
54344260
54450620
54808962
55221028
55452495
58142170
58973400
60735803
60768921
60768924
61599893
63199675
64265973
64325220
64403516
64948515
64982439
66172548
66288793
66754047
66755953
67027448
67309890
67360066
67385339
67703297
67926921
67982365
67982366
69183541
69284553
69284571
70141795
70323438
70540608
71808539
72187236
72572630
72632899
72688952
72924173
73104318
73539849
73928163
74346212
75434867
75436981
75647856
75867919
76203467
76404070
76500772
76580812
76658393
76758733
76768894
78374609
78953309
78977873
79125456
79831290
82488918
82489851
82774262
82949776
83394510
83449560
83494672
83524788
83839341
83914031
84356562
86280613
87438239
88053671
89535068
89643259
91628130
91701712
91911611
92615090
93771344
95737705
96098342
96663608
96818680
96996542
97156957
97610426
97762524
98952744
99135781
99135783
99867658
99899503
100100823
101079297
101335425
101654574
101689307
101827881
102145031
102625324
102642870
103452621
103806789
104795973
105233796
105296763
105452717
107610704
111837183
112504287
113745412
115551115
116307482
116522219
116855563
119515574
120110972
120297997
120315082
120422998
120894622
120966579
121058843
121058849
121096563
121196411
121248009
121526198
121563490
121623269
121625048
121632819
121663898
121666838
121667554
121795527
121841079
121845708
121926023
121927399
121933402
121967032
122227070
122262940
122354134
122355918
122399664
122424768
122632735
122707747
122882992
122897814
123064672
123282768
123415344
123827543
124169565
124256104
124593564
124780430
125228210
125508978
125618950
125659567
125835024
125875112
125876981
126188378
126309829
126468953
126976674
127196805
127248904
127311697
127315102
127435139
127602771
127662261
127861022
127955334
128005970
128131723
128231721
128285288
128558444
128622942
129058686
129125448
129187343
129191367
129193604
129473370
129659797
129951308
130814025
131427690
131530341
136209118
136519753
136650352
136863559
136908879
136973976
137500798
137501278
138107622
138167103
138287408
138361973
138508637
138795920
138906428
139252264
139395122
139396034
139644924
140595903
140769687
140938580
141081975
141119539
141123393
141146530
141281260
141334793
141432199
141663460
141663464
141670822
141714083
141806598
142243067
142308083
142320454
142381532
142513212
142878493
142946724
143413399
144344224
145511545
145515899
145525428
146158902
146177060
146708900
147340930
147563796
147576037
147925015
147928636
148307820
148311948
149577217
150252899
150326668
150360010
152899036
153227267
153814896
154001878
154211529
154396581
154396746
154741899
155028080
156103016
156329890
157389996
157776139
157878747
158461770
159127456
159199075
159318774
159536608
159629594
159657962
159715068
159750552
159822237
159980679
160086763
160191676
160214707
160287939
160288160
160323207
160400759
160479394
160486013
160540218
160540255
160546107
160547233
160585729
160635896
160694854
160889020
160973531
161042558
161156119
161193924
161450762
161593508
161825707
162130054
162410627
162695785
163988645
165456443
165470014
165502447
165625229
165665477
165875739
165898470
165951398
166002115
166021309
166084804
166090445
166143022
166185060
166302995
166311160
166524868
166546611
166618539
166670631
166843652
166896421
167098530
167198246
167448334
167540315
167546054
167653886
167662034
167810079
167893026
169177766
169955734
170150046
171777882
173207999
173510717
173814550
174291112
174418699
175619757
175953479
176463726
176711831
178006418
179028588
179040880
179097087
179131705
179252989
179253211
179319057
179319652
179322892
179371283
179410546
179448943
179873497
185402823
185612923
185827241
187320124
187430033
187538393
187630375
187726683
187871044
188452312
188720655
188833484
188995715
189241038
189578234
189679506
189929379
189972205
190026633
190061723
190223929
190271688
190367312
190529058
190995831
191312974
191327580
192076379
192094773
192626705
192641227
193140359
193342027
193863858
193871389
194387094
195037937
195526417
195729544
196776171
197061967
197150892
197676493
197847954
198076537
199550102
199574208
199616650
199688471
199786991
199949052
200222741
201201989
201692967
202148118
202565366
203452869
207493152
207573269
208295586
208330336
208424921
208710680
208770975
209003016
209708399
210157255
210944510
211418621
211530711
211578180
211687791
212111551
212136027
212169285
212272377
212373097
212415509
212459069
212519764
212711371
212844967
213156716
213230168
213236738
213242228
213344368
213436349
213441778
213514265
213691570
213941899
213951167
213978083
213988070
214141558
214179419
214250143
214250194
214315111
214330573
214416183
214533332
214728964
214981577
215319726
215860874
216122841
216136608
216149295
216165538
216419363
216419371
216419562
216795080
216871994
216930709
216996930
217060353
217253830
217358688
217396214
217468067
217529901
217549013
217699471
217783951
217784119
217872187
217954345
218023865
218048928
218152162
218209189
218237795
218282034
218336657
218496026
218631203
218777249
219160030
219177716
219728669
219852860
219882262
220396259
220402076
220420532
220430912
220474209
221108005
221736740
221810430
221840196
221943346
222403569
223784978
224595426
224795548
224837588
225452501
225456844
229452949
229508780
229510866
229535108
229536616
229585365
229683265
229770036
229779790
229798588
230022689
230130556
230152753
230152900
230258296
230395791
230494128
231024251
231250984
231255809
231351672
231355743
231461934
231717326
231902216
232312137
232679662
232859720
233070183
233077177
233084058
233100410
233105417
233126177
233153431
233154075
233193893
233320107
233417705
233503583
233504762
233553547
233554200
233558430
233569098
233569141
233576890
233681149
233794525
233943166
233964642
234406705
234427100
234539513
234539661
234636301
234648124
234870606
235082229
235533032
235631724
235681475
236290312
236298938
236833009
237117591
237232044
237236168
238058759
238198708
238226142
238543760
238616135
238616144
238670552
239187299
239278684
239715814
239814191
239816243
239834405
240118419
240121930
240450679
240574644
240613164
240725365
240726314
241469191
241840688
242095191
242107805
242312946
242316748
242322872
242365470
242375164
242483157
242504767
242504799
242526610
243183474
243232071
243266571
243551138
243659985
244901546
244945488
244947717
244955654
244956385
245991155
246002232
246303586
246593384
247036903
247221869
247458753
247860584
247862866
247926108
248253222
248281529
250125954
250340193
251183783
252053852
252190068
252332225
252403376
252881030
252906811
252993364
253053664
253168485
253210325
253453893
253518845
253545732
254039358
254434508
254667882
255319384
255350388
256216136
256291499
256385524
256509900
256621916
256624202
256933826
257286393
257900866
258631784
258777134
258827113
258872445
259126549
260066929
260132327
260244386
260304296
260352038
260891849
260985864
261055226
261136000
261178410
261264826
261754181
261959732
262815086
263521874
263758683
264281914
264899051
265395189
265755509
266091141
266314554
266474845
266509815
266843799
267177329
267205235
267230418
267239205
267544315
267608606
268160945
268472260
268478390
268664907
268668352
268799077
269033446
270347816
270955832
270996453
271175883
271230204
271295765
271351104
271541947
271697430
272050287
272284162
272364191
272397120
272462761
272841744
272944623
273031342
273032320
273042650
273888864
273996323
274215536
274903374
275556983
275578997
275816610
276098589
276130586
276226024
276262748
276459242
276508360
276647725
276740212
277027632
277237632
277284120
277387021
277507814
278357958
278478563
278592221
278683879
278730951
278730956
278864838
278866220
279388553
279408526
279684876
279864024
279979547
280477536
280735101
280838519
281165719
281279497
281351454
281880293
282606164
282830040
283512651
283534681
283952659
284062093
284298940
284450803
284680202
285006158
285474313
286095538
286561122
287190564
287196418
287787618
288182795
288268259
288380608
288598068
289299411
289740847
290004161
290044434
290146287
290318883
290852515
291374385
291659438
291743341
292438489
292883193
293085735
293165927
293583535
293708935
293797383
293877193
294176967
294283846
294683638
294706486
294926952
294963033
294982289
295037866
295056494
295137175
295197081
295440174
295858190
295863057
295947393
296113066
296790596
297412143
297662647
299305353
299616106
299676849
299798694
300140870
300169440
300234002
300272165
300380793
300448520
300561691
300740521
300808301
301250702
302038263
303123055
303217455
303264387
303365060
303513094
303609500
303652844
303739560
303773653
303861796
303883791
303937677
304002474
304003937
304038623
304071817
304172137
304278371
304279039
304294908
304349901
304425968
304427679
304809203
304817832
304893516
304894205
304944852
304952247
305346623
305375273
305650393
305730050
305731269
305744241
305810217
305890039
305894034
306047999
306132641
306295996
306296537
306306406
306385060
306385684
306385801
306388620
306420962
306420990
306494532
306635088
306682609
306737701
306742097
306770605
306798564
306846813
306897664
306919011
306928528
306942925
306971798
307037463
307175629
307293443
307312383
307314326
307314350
307423445
307424514
307435285
307532400
307615132
307693244
307710819
307895081
307990280
308085294
308202863
308547289
308600649
308632856
308989653
309077217
309365800
309475657
309519347
309528303
309700317
309863849
309988394
309997475
310098053
310102811
310116433
310276851
310412436
310513097
310713487
310857786
310932949
311392306
311584573
311700019
311840827
311892170
312106044
312207694
312250032
312259170
312279938
312447774
312576659
312594037
312594950
312909996
312934382
313051040
313079610
313109078
313265560
313440720
313506360
313656309
313669529
313672833
313675938
313684214
313684759
313781271
313831007
313831611
313920587
314137082
314626096
314724818
314801552
314901104
314905762
315170575
315175893
315303840
315350812
315352159
315446387
315452623
315489661
315659528
315835598
315841434
316005417
316119373
316154984
316155106
316284824
316284935
316321015
316372693
316373825
316504931
316651612
316976845
317041781
317387938
317396893
317507345
317639292
317670803
317671564
317787979
318098291
318108981
318314617
318345547
318357083
318379066
318405433
318741185
318746829
318827246
318911305
318987148
319127604
319127832
319219283
319219289
319490147
319492973
319817534
319936621
319990058
320242828
320287382
320434208
320547523
320714733
320867471
321165367
321172577
321311495
321337113
321423302
321457737
321458091
321514164
322087754
322098744
322102151
322117652
322244880
322694563
322764257
322841924
322985477
323160875
323325037
323340652
323605447
323608162
323793844
324072953
324098751
324732058
324846771
324854770
324983718
324993853
324993868
325004721
325100010
325157946
325166547
325417435
325417448
325925045
325980157
326107303
326164886
326170150
326287972
326316945
326615400
326616299
326751253
326816527
327000087
327018225
327318744
327341626
327497956
327650008
327664526
327664529
328167090
328177050
328209247
328243487
328248688
328258240
328328453
328386351
328477136
328483577
328984640
329017301
329119931
329119936
329158471
329170722
329354989
329541465
329544652
329656666
329684465
329694340
330113590
330223440
330284479
330379768
331181140
331447084
331657635
331674456
331674928
331835944
331844164
331846118
331967245
332289794
332396643
332759920
333183861
333554635
333745188
333835888
333845542
334125713
334136303
334234984
334238369
334270388
334417846
334638020
334841845
334846268
334911765
334917813
335193580
335194472
335444781
335444785
335448400
335448537
335514415
335530405
335530652
335724012
335936926
335975720
336179403
336357422
336366871
336438907
336947874
336952304
337062505
337166822
337369928
337499842
337508645
337801963
337806832
338387134
338388997
338736733
338885522
338895052
338982489
339027200
339402691
339733013
339752271
340005809
340100436
340152577
340155472
340312534
340724398
341202579
341394535
341544930
341557177
341589739
341631767
341701383
341865564
341972039
342083044
342087037
342474010
342723312
342823104
343004183
343142458
343145087
343235156
343245403
343280050
343518108
343726461
343757299
344320854
344538030
344747420
344974893
345220786
345883667
346125418
346912623
347042432
347641245
348040545
348250587
348341378
348466838
348980059
349095939
349241221
349371595
349644367
350346406
350445762
350445770
350445771
350478847
350519062
350930672
352239594
352583767
353140072
353216109
353448002
353778788
353934350
353988095
354274143
355569809
356473029
356590734
356639350
356747847
357047077
357201371
357536526
357652558
358180666
358463513
359155496
359438901
359579195
359676320
360148723
360176355
360800754
360943695
361034196
361038972
361047410
361177174
362104293
362818328
363643185
364200513
364302118
364398428
364522710
364821094
364843934
365042972
365070128
365182357
365444563
365615362
365717150
366123074
366266583
366314794
366362253
366780184
367099243
367476633
367519791
367540617
367738779
368025613
368934540
369054284
369327273
369419476
369822108
370100292
370296756
370789328
371017982
371106415
372213538
372670635
372850357
372913233
372913439
373133412
373326815
376385505
376385526
376483392
376734574
376734583
376930175
377052066
377099802
377173930
377380046
377380224
377571299
377660198
377758157
377763672
377877712
378236857
378388715
378411251
378682742
378839764
378846327
378851309
379010415
379222611
379338672
379386092
379650425
379672280
379865347
379973668
380344351
380570556
380570695
380580939
380840588
380852016
380861528
380868607
380870688
381233620
381492296
381639335
381779252
381874071
382016348
382190002
382232653
382259605
382288998
382291887
382302241
382400632
382438480
382446393
382744087
382851553
382945008
382986366
383109671
383236314
383716496
383853932
383855194
383858633
384032389
384388577
384587672
384828035
385858569
385895419
387664868
387784316
387809944
388118362
388474524
389286989
389363745
389553886
389749328
389887311
389927622
389988693
390019056
390093738
390100628
390262679
390283858
390284116
390295047
390454243
390471207
390535577
390537352
390539148
390545654
390672227
390673262
390673404
390673669
390874411
390945388
391238898
391241402
391527375
391803300
391941900
392068173
392284933
392340763
392343741
392556588
392562977
392632795
392912142
393233743
393254842
393355514
394051348
394664926
395117718
395326816
395425058
395429720
395491072
396057595
396134775
396723346
397149515
397221036
397225622
397605563
397606844
397888247
397891491
398299911
398473912
398548197
398828356
398987598
399066643
399366938
399367577
399423753
399490810
399822840
399969067
400183478
400265077
400715918
401060152
401507450
401590951
402586141
402965460
403113935
403765053
404089623
404089811
404089822
404850274
405242681
405736604
406861632
407035232
407147727
407394748
407837241
408628413
408939191
409183335
409306006
409369549
409520860
409764819
409840799
410439376
410712205
411531959
411582260
411595102
412330557
412377174
412377282
412471212
412542159
412612669
412660244
412721957
412806642
412952660
413084104
413216924
413525091
414178073
414258267
414480242
414586464
414712404
414870287
414929408
415097486
415191100
415947396
416443644
416636585
417359444
417362390
417743383
418187845
418297351
418619018
419175047
419640243
419648095
419649167
420201615
420394350
420458974
421177421
421308357
421562553
421847679
422108527
422284689
422322476
423138831
423228465
424340168
424437957
424699452
425205770
425505320
425505324
425511696
425538187
426134162
426264684
426389001
427352241
427406031
428515937
429295277
429446407
429458843
430459005
430528563
430797858
430824936
431523789
431551960
432365612
433011610
433546798
433554644
433784313
433852422
434572424
435453317
435602412
435684144
436599296
436602339
437203024
437827403
438135575
438248320
438564421
438799405
438976273
439230196
439609289
439617770
439946040
439973468
440186521
440277972
440343443
440520741
440607377
440615611
440710516
440715437
440717050
440878591
440881267
440926544
440932830
440961809
441485133
441692864
441722026
441773651
441793959
441829693
441837854
441875362
441979693
442072081
442382301
442456453
442502815
442590282
442727960
442833496
442857414
442867787
442899616
442908230
442942829
443019297
443102233
443529773
443561611
443572900
444911333
445648583
445903569
446331750
446463870
446754770
446916793
447137284
447188979
447206604
448132309
448140384
448358913
448419342
448447142
448616261
448650100
448719936
448816348
448853649
449119021
449356205
449379391
449464238
449470573
449569805
449631685
449637973
449798828
449951748
450178903
450200861
450276395
450277258
450285739
450368173
450395029
450457660
450559047
450619932
450631859
450649506
450679858
450731673
450823001
450829879
450845097
450858093
450949884
450972335
450999224
451094183
451099774
451314852
451390982
451458394
451509897
451528233
451578937
451614364
451682970
451826702
452117876
452239214
452267394
452268602
452355750
452388973
452893289
453100658
453319778
453330812
453673727
454428272
454643296
454747287
455311320
455318073
455374178
455387814
455389013
455416026
455481912
455667423
456058602
456235787
457403658
457455011
457462086
457544563
457591834
457793051
457864221
458051591
458218716
458481474
458835698
458836406
458856474
459007525
459042543
459042546
459186259
459236522
459437456
459670193
459713293
459891002
459977548
459997974
460047218
460140752
460172517
460241334
460298963
460369513
460369583
460375357
460468898
460525576
460557335
460799587
460943030
460994658
461022608
461080504
461272446
461278438
461927464
461963757
462744526
462774215
462888664
463178502
463202584
463210547
463239707
463525728
463527373
463527922
463588146
463610099
463627281
463637465
463640655
463734469
464825418
464853936
464887100
464889047
464901115
464937865
464971546
465013317
465014168
465019072
465046271
465050952
465053247
465055985
465139437
465179776
465183119
465221984
465249457
465310562
465353204
465377865
465466788
465511152
465553919
465594558
465617523
465717173
465727783
465826247
465894544
465933345
465933753
465942387
466055538
466056926
466058558
466108918
466114922
466115813
466120902
466139024
466146444
466249712
466259050
466284608
466288033
466292385
466318186
466456655
466458872
466500235
466500542
466509525
466524535
466526396
466539668
466670216
466773926
466914134
466920848
466943891
466944145
467019224
467026608
467049618
467088799
467088810
467096183
467273161
467279114
467281353
467316701
467397106
467451300
467461269
467518208
467526565
467623724
467625517
467637858
467745656
467805810
467854919
467883607
467902598
467918103
468130429
468133902
468246097
468845640
468983464
469097275
469099392
469162139
469468338
470205411
470315428
609551061
609551066
668056616
705298863
705298865
802070228
1003026859
1201222903
1715469662
1715469667
1717079071
1717732425
1717732429
1718087846
1718201850
1881273170
1883413829
1976758687
1976758694
2003049638
2014876461
2020355003
2041563029
2876
4711
17361
160023
808243
857186
909930
1003831
1018843
1103432
1122079
1129033
1133072
1260235
1449640
1525480
1528696
1942969
2507547
2685481
2758565
2760219
3027681
3224605
3233861
3364732
3680800
3808740
3840990
3896759
4165850
4598935
4605846
4616072
4619242
4646810
4959676
4999813
5024743
5109298
5224772
5485318
5592720
5709314
5724439
5772442
5800958
5882269
6010784
6276559
6404965
6499453
6653897
6663331
6785559
6853696
6892385
6893917
7020254
7059054
7274938
7413227
7422496
7439480
7548817
7561203
7562528
7583660
7624182
7681574
7904580
7976072
8005485
8260536
8400842
8516795
8599009
8621049
8767448
8853478
8988289
9006668
9030119
9032368
9033144
9100874
9102327
9136777
9151337
9155187
9344899
9346507
9348006
9376973
9392421
9441591
9443323
9701368
9725627
9727392
9828416
9830791
9833284
9837861
9858404
9907513
10507330
10593553
10792081
10827386
11034516
11417087
11521555
11927677
11936042
11996814
12036590
12061971
12421862
12862099
12980264
13021029
13023378
13023738
13349647
13419950
13424053
13533330
13574009
13684720
13737885
13961554
14029793
14091633
14091704
14156936
14336130
14344979
14440334
14570099
14570132
14614418
14661418
14709225
14715294
14770122
15247229
15445551
15460993
15565627
15654898
15682927
15692883
15863518
16005254
16076354
16187321
16264917
16288184
16538820
16552586
16776356
17005768
17122808
17150865
17307715
17385917
17409453
17457400
17538423
17555760
17652022
17683158
17746821
17865622
17896514
17932757
17993892
18017227
18019350
18021087
18067025
18310799
18318288
18373995
18794442
18795429
19025965
19028197
19117967
19155785
19342878
19447218
19519368
19547831
19612445
19684256
20069685
20096620
20178111
20182165
20182780
20299658
20318757
20579360
20897611
20988926
21101556
21119973
21130820
21132157
21279791
21291176
21505121
21549805
21744120
21747057
21997420
22020459
22069559
22121296
22186226
22221375
22233480
22384839
22529346
22683951
22705558
22712134
22972676
23170835
23179035
23229805
23435610
23725901
23937608
23982469
24113219
24358417
24615998
24695044
24833662
24837152
25155310
25212199
25375553
25758870
25773352
25799609
25911962
26017005
26018819
26051436
26305150
26390980
26406123
26469462
26583436
26587613
26693519
26826078
26865340
26880783
27039476
27064468
27230283
27294830
27459498
27476314
27649847
27774415
27848472
27863043
27916356
27966179
28294709
28945511
28961316
29017001
29069242
29105766
29106627
29119552
29169215
29191624
29336129
29344935
29418536
29505837
29781207
29781292
29857954
29918916
29960110
30016082
30037565
30122649
30254887
30300445
30853470
30947715
31054498
31258738
31268146
31374837
31515092
31553893
31605271
31634579
31637479
31786438
31858843
31943299
31975443
32004914
32260988
32296259
32487566
32497972
32498058
32677675
32925763
32949762
33159936
33227166
33303538
33350443
33521996
33595516
33651215
33692729
33716474
33831980
33840683
33911302
34068865
34077285
34266522
34297761
34395020
34499178
34524670
34551972
34646336
34729329
34737413
34781378
34977731
34980970
35009898
35022727
35106764
35285308
35315453
35483319
35516889
35582553
35636165
35652085
35758536
35855047
35857242
35972578
35973654
36022284
36352297
36381058
36440357
36452991
36592530
36607746
36718161
36724087
36734222
36808091
37117064
37150278
37240067
37291237
37575651
37718056
37754672
37862966
38118291
38399060
38460940
38509907
38510224
38696105
38846515
38965512
39018923
39080923
39200363
39218269
39414571
39516274
39573090
39699648
39724477
39824732
39858507
39903405
40083958
40292751
40466976
41227743
41422753
41995709
42484503
42763678
42883782
43276438
43333094
43429656
43604949
43647325
44313455
44510874
44514807
44621795
44647437
44745133
44764338
44791617
44792534
45034406
45048546
45191604
45296362
45299834
45368525
45465399
45492609
45655786
45896295
45996325
46096489
46104747
46307587
46627476
46631742
46698351
46772529
46774573
46807139
46999289
47094691
47132361
47132480
47244580
47319867
47425697
47587394
47601197
47617038
47720259
47911178
48031665
48103627
48210046
48220826
48253329
48274889
48476907
48476908
48661942
48806546
49043968
49045066
49046332
49066806
49254857
49428710
49705089
50312495
50379036
50712784
50751260
50989813
51234631
51637609
51830822
52005579
52052461
52260140
52307802
52315301
52368076
52420398
52517713
52640302
52738649
52869977
52928939
52936161
52976395
53047383
53122063
53189332
53287554
53307409
53365065
53394475
53458803
53498154
53617134
53728859
53735810
53744258
53875855
54141697
54145416
54238138
54962195
55092869
55266835
55275863
55315929
55488511
55559618
55650590
55778666
56096837
56399553
56457123
56630436
56655478
56798909
56999883
57093805
57159675
57193198
57694405
57753734
57984377
58046864
58372253
58461209
58542531
58723861
58798731
58824746
58825110
58997701
59128183
59351345
59536337
59575189
59582240
59770954
59842822
59843967
59859387
60189629
60286662
60491424
60542708
60646268
60859922
60984804
61098812
61109252
61117473
61145589
61205803
61344769
61538902
61687533
62483237
62740096
63013648
63189173
63190194
63211674
63283780
63470437
63586213
63659057
63717709
63718617
63844530
63898957
64071894
64282927
64938667
65212867
65412605
65416038
65440953
65446983
65737977
65805840
65845738
65905621
65949719
65981892
66151343
66242670
66413476
66497310
66561343
66620917
66726479
66788350
66818296
67031480
67247610
67418624
67444896
67478724
67517533
67535663
67566164
67598139
67630845
67646988
67666096
67711670
67743054
67772767
67782629
67798337
67881560
68007716
68030406
68035559
68081952
68345291
68443254
68453985
68523365
68573534
68577662
68646526
68808155
68850908
68893269
69028091
69068526
69295263
69356857
69995219
70440470
70513361
70524163
70678449
70780410
70785910
70887357
70899085
71013298
71088556
71268730
71341774
71345362
71347873
71431780
71459120
71582156
71674064
71854732
72090501
72401290
72504752
72542131
72542944
72806004
72985822
73038411
73082014
73228647
73250068
73433128
73448352
73540072
73649615
73717937
74274839
74484423
74530173
74534430
74712191
74881311
74967390
75076261
75171363
75208638
75522633
75580659
75589027
75744886
75784122
75878355
75919790
76032342
76193403
76197937
76419763
76545118
76663549
76798849
76882795
76894548
76923707
77031414
77044471
77156657
77156829
77258279
77527511
77550515
77680373
77958378
78055054
78441371
78489364
79030066
79292541
79316101
79605791
79748331
79920467
79930628
79971247
80137654
80166433
80384677
80611440
80681136
80682484
80711765
80713983
80778619
80783538
81077799
81178747
81247740
81247877
81419525
81593515
81693792
81744640
81808065
81831095
82302240
82308728
82452140
82598822
82622707
82739585
83092282
83148519
83154030
83275782
83395136
84339983
84599716
84788795
85242435
85266608
85284138
85429139
85459171
85593751
85791385
86021841
86075481
86263325
86396382
86419190
86898676
86951294
87090944
87091417
87216634
87405719
87827371
87873211
88101924
88114177
88266880
88385463
88460991
88485645
88529975
88565745
88684250
88863718
88902249
88992642
88999533
89020549
89062142
89544985
89617284
89702406
90127880
90669930
90850770
90853136
91051152
91101364
91251292
91287873
91555165
91697121
91869778
91987762
92004082
92217989
92352620
92363023
92439980
92562123
92677094
92744152
92992033
93093765
93862917
94011343
94346376
94405787
94823134
94986319
95010343
95079513
95191643
95234976
95337971
95361530
95423778
95574586
95589845
95660472
95709395
96074951
96165095
96170689
96246348
96317115
96736412
96925186
96948338
96973930
97165413
97249514
97279971
97409519
97486178
97568467
97588014
97669493
97714451
97735297
97735908
97766057
97825640
97866515
97921547
97925605
98159959
98283926
98545929
98613492
98620619
98662211
98728690
98796344
98833877
99081059
99097200
99224131
99572130
99648579
99654378
99834717
99869022
100099031
100100827
100267480
100389539
100566492
100589633
100608026
100683605
100757807
100769500
100780304
100909102
100974694
100990000
101011575
101037590
101133275
101225566
101348333
101520163
101569583
101588793
101592219
101696403
101721385
101955023
101961987
102030574
102159710
102192004
102264230
102672709
102713734
102719996
102734241
102840239
102846772
102848207
103096524
103183399
103195323
103633434
103751498
104022675
104024556
104208182
104734832
104986789
105135774
105379013
105616091
105759569
106224627
106402532
106626059
106829921
106940971
107017977
107018378
107090327
107340585
107440797
107506563
107617930
107776260
107782586
108940329
110738386
110936761
110996418
111108561
111991770
112026224
112037211
112099249
112110888
112316665
112604564
113117112
113648563
113804153
114018671
114103134
114181798
114299824
114749636
114947483
115010361
115182469
115242351
115270627
115453244
115508409
115524421
115564354
115628210
115683877
115739057
115899725
116048097
116156517
116242971
116264089
116631353
116668723
116848450
117068362
117275513
117799904
117892246
117938087
117979455
117979897
118072143
118084044
118308828
118327533
118327550
118406995
118573065
118603213
118754987
118820486
118914286
118956453
118963720
119069946
119089245
119130170
119131709
119290630
119292328
119556803
119584412
119638424
119700084
119925436
119950057
120033290
120045750
120101789
120115768
120183168
120247528
120255950
120317234
120523488
120610833
120757718
120826158
120896927
120960812
121194926
121625070
121660904
121731834
122418622
122612091
122613513
122617317
122629761
122695048
122881136
122981686
123007594
123106490
123133954
123233041
123309556
123357034
123357864
123462119
123482865
123495874
123627908
123702439
123846039
124029677
124095888
124146529
124174267
124206468
124235800
124322274
124379043
124453339
124454726
124491883
124515764
124573851
125367522
125424836
125489084
125520907
125552076
125563127
125739286
126125073
126225595
126322519
126325149
126572546
126606859
126733133
127012328
127115861
127226712
127229631
127328218
127476180
127530399
127895118
127957099
128135100
128449971
128531633
129004637
129107501
129108133
129637892
129890791
130181866
130349701
130415266
130611752
130797885
130924120
130948731
131025778
131034657
131250246
131347421
131348451
131419624
131581522
131730580
131743355
132313173
132314633
132534906
132611413
132963419
133107143
133129971
133331642
133334108
133427311
133512515
133655284
134183038
134200185
134221850
134315574
134471108
134537478
134551640
134596619
135267558
136122328
136504576
136998882
137020480
137151335
137420801
137881699
137906197
138168780
138294130
138329479
138344895
138475192
138497780
138644215
138671052
138727432
138820713
138973825
139086171
139148528
139285832
139314045
139357541
139375960
139444326
139445453
139445621
139507260
139528693
139550876
139559780
139707575
139733308
139771134
139877968
140019355
140067837
140284353
140287227
140687214
140691463
140706833
140740440
141141249
141186075
141205978
141275395
141363913
141395223
141458054
141488193
141527579
141527965
141574742
141608198
141631253
141677268
141762491
141768070
141933255
141985686
142087638
142090065
142105158
142117976
142171554
142378043
142394656
142405475
142420436
142530031
142532090
142562395
142618165
142628514
142635225
142739544
142748283
142784687
142868621
142908390
142916753
142937186
143008050
143009290
143072696
143143769
143410850
143526233
143687316
143724857
143994382
144006874
144037593
144065872
144124187
144125079
144155193
144301052
144301273
144310492
144401492
144467913
144628120
144645881
144682439
144700903
145023816
145038729
145163386
145204443
145249556
145750719
145879095
145904365
145910571
146172354
146406806
146413471
146520535
146523262
146589986
146664561
146776480
146836153
146841337
146842334
147034452
147092818
147125706
147203645
147284470
147425389
147430118
147437399
147456499
147660886
147723246
147761049
147797743
147804034
147821208
147857396
147890655
147892178
147923561
147950620
147951030
147977348
147994863
148004811
148129139
148478039
148479278
148497855
148514918
148667071
148673433
148679712
148772620
148833828
148883384
148960849
149022647
149109125
149282072
149302744
149349867
149394317
149496868
149572298
149585119
149603524
149745822
149788158
149833117
149845414
149917086
149918151
149969625
149990841
149995163
150006846
150030205
150074121
150098860
150151262
150299840
150388393
150424946
150428135
150428703
150430484
150437346
150470555
150476057
150531994
150559728
150761163
150902766
150907983
151483286
151724385
151759246
151825527
151920165
151930063
152005053
152245179
152467154
152477897
152563846
152569268
152852327
153065527
153078576
153412485
153723304
153725446
153896150
153951307
153971295
153976959
153978165
154014059
154089169
154105890
154126149
154181821
154258295
154304816
154351773
154353849
154400369
154437244
154459165
154474036
154563411
154576989
154616309
154618248
154716798
154741689
154762431
154867950
154872375
154923406
154940895
155012162
155044736
155093420
155258153
155351556
155369758
155419920
155491828
155807906
155867025
155873992
155993822
156002449
156007004
156016136
156075294
156172268
156377968
156648452
156724719
156887426
156949982
156987351
156990000
156999527
157011920
157050713
157081737
157088184
157127081
157213708
157218656
157225097
157230659
157266693
157572174
157586003
157655504
157667414
157768969
157769780
158002130
158022899
158241252
158323182
158324245
158325942
158388163
158552665
158555987
158588995
158623531
158697949
158845573
158978373
159098316
159104028
159107668
159117779
159262969
159332859
159438097
159742538
159815224
159951311
159989004
160004025
160037058
160039081
160045097
160077104
160148385
160165689
160180298
160347548
160390955
160432093
160440924
160476088
160491359
160521907
160522555
160578764
160618074
160708862
160930264
161247580
161299119
161479081
161738745
162179096
162289289
162387333
162577468
162620529
162689341
162802770
162922904
163030461
163164300
163260812
163262555
163539739
164150537
164260243
164280385
164458714
164652245
164767175
164892194
165201455
165202476
165297570
165317334
165413340
165414210
165431806
165468291
165527918
165667705
165682741
165827520
165948070
165985431
165987272
166184428
166242494
166648874
166739520
166778944
166833457
166834768
166836920
166851829
167092385
167303382
167342439
167403519
167415965
167597352
167600516
167661160
167714124
167714792
167720788
168158622
168191686
168281028
168384845
168405330
168751223
169191182
169226822
169249234
169448297
169448771
169461816
169765334
169958952
170102285
170221808
170367033
170368805
170405772
170434745
170466784
170634116
170789802
171160243
171160885
171312653
171599496
171922657
172033454
172110606
172193428
172222885
172353721
172370679
172598832
172630205
173103335
173176491
173298412
173612049
173640199
173671381
173711153
173818213
173979859
174206540
174426662
174546820
174599051
174826170
175193677
175317833
175477257
175482273
175532955
175604949
175772482
176082442
176220787
176242778
176279915
176314383
176442805
176685457
176789447
176796997
176797879
176861415
176868951
176899385
176956893
177077336
177079323
177115354
177162886
177244357
177254988
177257073
177258735
177308364
177414713
177712122
177718896
178155732
178162579
178170828
178215634
178217113
178266267
178284730
178289267
178367144
178577607
178657161
178819686
178879588
178959058
179033846
179034327
179230828
179317684
179580045
179582003
179687771
179715231
179985715
179987678
180285396
180575165
180672438
180695581
180931993
180987952
180989820
180991313
181208298
181304295
181422954
181748381
181949561
182405015
183120439
183532609
183537452
183593642
183675732
183985250
184240683
184295571
184468386
184521624
184531966
184733148
184739529
185598695
186292194
186459119
186470510
186541435
186614891
186707229
186810676
186812530
186815660
186936449
186989177
187416256
187532854
188001223
188128470
188389305
188570092
188589164
188646744
188768068
188800346
188865842
188876052
189013224
189097100
189300053
189380158
189625051
189852832
190081497
190250689
190479710
190496853
190643105
190721237
190822775
190986054
190998418
191202679
191284318
191496430
191671884
191998744
192003741
192076548
192259856
192415680
192487723
192790476
192878624
192969211
192976435
192982424
192988021
193023697
193336820
193413306
193482096
193556520
193641523
193754373
193765661
193773468
193782529
193979250
194076601
194203348
194234471
194461202
194679333
194736418
194795551
195155818
195187769
195256633
195606729
195750008
196066560
196261799
196286578
196474344
196973090
197743152
197807778
198008005
198077394
198161914
198186769
198189972
198206613
198212955
198241702
198356533
198360694
198385543
198390247
198456933
198458010
198512478
198588220
198610218
198725468
199162630
199376584
199444169
199610140
199671901
199721945
200090347
200296137
200320748
200321577
200322593
200435203
200606159
200606486
200723869
200743403
200775844
200803270
200805484
200917197
201186294
201248411
201508515
201604954
201642601
201660996
201793781
202087931
202282233
202283090
202375913
202428245
202504234
202514659
202872757
202941251
203096531
203189770
203214081
203214138
203287192
203289099
203377303
203476998
204376737
204650483
204671232
206284139
206352378
206474443
206669860
206717400
206785987
206897186
206906112
207077681
207110080
207141131
207237016
207339000
207468071
207491214
208091447
208151094
208297760
208719443
208772468
209408136
209459275
209464063
209707800
209923610
209935997
210083929
210169818
210629725
210681065
211438925
211446495
212253390
213875310
214218272
214243287
214361331
215018906
215595454
216925130
217838717
217933560
217980791
218354669
218483943
219015370
219016883
219181903
219187649
219195044
219225319
219229644
219253008
219306934
219338557
219344917
219345200
219436394
219466803
219467837
219485050
219489550
219501568
219506608
219508169
219697927
219698776
219698950
219701535
219762508
219769290
219776325
219847787
219850915
219852584
219852882
219854185
219854519
219857012
219860288
219866209
219875976
219879302
220029715
220068921
220076110
220139435
220144363
220414682
220459826
220475245
220479565
220547837
221656234
221785300
221861843
221882319
222485202
224217761
224245334
224279091
224293782
224297258
224298134
224328450
224418572
224596152
224635135
228381868
228507250
228694725
229047362
229111835
229138584
229167359
229210014
229400092
229408913
229455001
229465678
229490898
229508727
229586455
229605891
229639351
229650439
229671380
229713401
229715760
229742722
229747848
229750058
229781583
229786610
229787062
229791084
229888286
229944666
230001847
230006888
230017324
230075227
230084146
230087585
230087765
230088370
230127302
230290708
230292034
230375747
230377505
230386259
230388132
230980206
230982885
231063955
231071138
231076038
231077395
231157209
231289421
231297123
231337271
231559817
231630147
231663901
231670397
231702397
231721006
231736113
231833236
231912935
231937059
231937828
232025086
232038798
232052748
232139628
232194097
232540264
232567319
232568235
232603560
232608943
232612416
232624234
232628532
232632239
232635922
232650365
232941965
232967440
232971294
232976128
232982558
232982938
233047097
233053554
233066156
233068569
233070717
233071822
233071926
233078665
233087860
233173039
233182695
233188747
233211762
233409941
233465389
233500935
233576159
233602827
233617847
233654042
233680651
233688779
233719215
233788275
233795794
233823679
233948455
233951353
233953967
234112540
234160911
234330672
234489133
234489976
234519192
234832821
234958949
234994474
235077268
235078021
235300016
235333495
235448190
235664497
235678745
235683377
235684392
235684964
235711993
235902467
235905185
236158940
236312126
236387002
236445129
236632480
236714379
236887394
236934268
236934937
237015185
237071229
237086564
237097499
237099296
237101326
237104103
237201858
237204346
237205154
237211410
237221436
237358490
237362186
237406657
237552878
237637903
237700098
237736186
237770757
237913194
237914496
237922465
237928815
237929468
238004786
238012337
238059180
238061845
238124845
238164799
238171173
238176110
238197638
238317637
238335094
238542895
238624131
238751619
238854767
238898571
238914510
238920875
238932509
239134248
239154970
239159011
239332587
239361732
239529652
239541449
239542854
239585909
239628993
239816546
239977528
240681314
240714633
240823272
240864953
240959810
240968774
240989628
241040309
241062925
241076290
241135327
241174783
241225337
241326434
241442273
241514551
241638905
242083025
242120884
242190195
242389810
243011228
243014114
243185500
243187830
243200602
243244680
243280335
243297296
243313296
243335710
243464977
243476396
243641947
243921117
244170332
244487927
244912396
245027119
245099574
245341495
245392284
245509452
245728942
245793479
246965431
247166992
247172524
247283054
247283596
247356332
247409676
247518629
247906954
247912728
248058363
248075138
248111245
248250955
248387177
248434780
248655556
248689510
248690688
248853232
249776059
249884767
250306572
250330564
250707118
250803548
250839071
250983039
251039147
251111783
251384275
251594291
251652214
251705938
251848941
251852984
251894891
252049912
252118701
252430813
252469648
252474634
252549844
252585354
252610172
252616865
252876117
252912175
253030300
253728991
253961767
254113311
254142310
255756918
255768108
255851356
255865833
255907107
255909950
255928426
255930614
256046749
256158543
256326844
256364928
256561562
256576519
256584532
256722647
256783784
257056367
257060897
257067559
257207557
257241363
257520272
257531677
257562160
257567854
257774438
257922326
258051471
258510872
258514800
258738570
258738667
258741560
258796169
258804746
258829450
258920431
258983679
259099556
259165246
259168516
259172391
259230140
259274960
259353953
259377017
259506033
259708416
259810421
259901731
260004324
260040728
260120451
260130483
260189643
260304800
260417932
260537454
260541432
260708537
260761464
260776145
260797169
260962960
261020738
261135533
261257684
261867566
262258341
262435954
262471759
262530407
262531275
262662119
262689575
262736264
262746281
262829328
262843259
262880065
263075864
263179590
263218688
263486257
263748033
264052454
264173803
264223828
264295655
264678534
264912889
265010875
265011923
265076459
265146266
265242905
265619984
265633507
265979849
266023807
266213232
266401846
266425782
266500992
266593143
266609407
266772500
266980320
267197567
267215820
267263253
267373896
267414551
267484403
267536225
267617257
267650535
267712001
267810289
267861788
268042363
268125229
268143410
268172361
268187322
268301217
268334473
268403451
268405086
268456052
268496304
268532343
268604331
268643535
268644785
268689126
268766053
268823307
269043098
269190305
269238073
269243313
269249506
269269740
269278156
269341832
269400980
269439355
269488987
269558487
269838674
269850928
269859655
270075071
270132709
270219048
270342589
270355392
270380593
270406298
270435047
270456887
270457662
270468559
270471065
270472265
270604417
270649648
270677031
270679144
270716565
271035369
271168962
271307949
271439193
271478281
271596225
271747067
271761420
271806353
271891552
271893367
272167060
272211398
272212970
272213425
272218608
272219353
272236017
272519426
272645619
272670038
272672133
272758199
272782321
272782368
272785423
272885406
272983172
272994016
273231214
273695332
273780062
273850708
273985865
274075364
274122380
274137295
274151135
274194927
274223601
274367763
274472658
274545328
274641986
274911400
274911536
274974693
275421144
275527293
275702126
275703182
275722992
275887811
276128561
276250096
276381737
276647494
276704866
277034534
277128619
277329402
277447970
277505161
277538491
277634430
277833423
277833995
277890574
277987172
278105308
278138619
278196907
278198753
278348461
278540265
278623780
278668358
278683844
278775625
278821913
278862750
278895705
278988097
279095914
279177746
279179610
279265701
279383896
279425357
279514271
279725262
279741379
279769094
279851358
279920478
279947414
280024247
280035202
280096473
280206394
280254984
280292434
280307604
280315875
280437559
280645209
280647591
280655495
280726137
280803917
280857321
281118572
281196902
281225729
281242007
281286325
281408474
281459670
281541555
281575427
281716779
281731203
281781375
281815702
281837575
281885301
281987399
282091492
282221346
282485660
282576340
282701278
282890159
282940781
283015592
283165117
283303192
283307274
283419843
283471501
283605976
283621618
283665218
283722336
283845022
284122875
284173938
284174392
284206913
284305328
284326455
284418751
284441182
284454822
284475976
284477310
284679064
284688043
284738182
284760740
284859630
284900292
285048486
285094173
285233023
285272237
285328782
285354178
285505979
285524410
285526706
286000547
286080865
286094277
286099128
286152207
286545058
286696849
286712787
286763141
286813592
286864983
286865921
286951368
287080092
287139872
287145649
287207371
287231664
287256467
287268770
287494667
287563610
287584141
287591638
287721202
287776397
287934343
288132261
288144647
288162228
288224503
288242606
288246496
288348498
288428649
288516853
288612903
288631580
288636342
288636599
288671122
288735205
289100911
289164482
289264348
289307883
289373041
289445553
289574465
289580577
289661991
289793076
289895191
289931756
290131778
290263093
290302097
290302491
290308758
290337456
290348383
290388627
290407621
290415036
290504044
291016451
291109653
291147951
291198795
291332861
291465998
291471222
291517604
291580615
291685334
291751373
291857895
292152376
292469572
292477426
292852583
293407882
293435336
293457754
293514367
293547742
293607057
293612446
293743169
293853437
293880523
293931909
294090620
294173437
294179385
294295243
294301883
294309873
294365631
294385899
294394558
294395926
294471966
294497466
294500964
294594423
294691204
294768072
294781547
294904059
294981566
295093397
295233473
295312916
295507430
295593712
296461391
296737508
296739893
296850254
297148017
297153209
297361900
297457992
297668572
297853363
297950791
297967252
298070500
298074043
298206077
298264260
298297931
298372701
298428237
298437387
298647682
298729646
298752252
298776943
298829544
298946836
298981199
299023386
299087490
299158887
299551666
299798795
299799658
299897516
300038935
300204369
300579472
300604770
300710077
300812741
301035553
301289516
301414902
301455423
301900477
301986302
301991463
302003748
302054555
302201081
302202317
302305400
302381397
302381442
302419660
302470965
302518439
302527524
302659412
302759417
302766000
302773669
302798365
302814895
302895184
302908969
302924206
302976834
303030789
303055194
303204165
303317324
303327435
303385111
303426966
303432813
303502327
303523128
303686889
303814029
304025075
304085024
304426002
304514922
304695574
304950588
305048087
305048116
305243225
305424003
305492348
305612552
305739565
305767364
305790119
305948428
306204904
306248357
306255021
306263608
306337838
306357884
306362738
306472057
306485267
306510653
306512967
306547699
306604742
306648160
306663205
306903715
306955329
306990399
306996324
307079330
307099276
307201632
307210830
307221757
307320565
307366709
307716123
307733361
307809773
307849973
307888842
307951656
307956397
308073360
308098254
308172249
308191940
308300731
308396509
308504559
308522539
308612785
308613965
308778563
308987429
309254930
309257814
309292963
309512152
309791156
309792357
309913305
310002617
310009611
310094771
310105752
310266243
310294189
310497279
310537530
310728245
310822679
310854881
310994622
311116297
311130133
311133118
311179742
311239796
311284709
311292015
311408969
311441461
311565540
311736478
312030014
312289279
312345863
312508092
312548415
312548829
312689217
312811620
312862941
312991501
313006381
313194972
313453776
313554509
313609787
313675203
313835568
313975346
314088020
314375831
314649737
314835525
315002523
315096343
315117300
315120585
315907220
316236118
316416562
316453500
316468545
316652224
316769613
316875094
317019074
317060587
317089588
317089770
317134140
317189702
317252733
317328621
317362389
317417916
317483660
317546777
317548889
317594531
317597583
318022259
318071201
318180448
318209162
318413374
318608749
318668441
318753380
318796593
318828309
318836983
319294834
319312479
319473643
319568619
319684122
319735319
319806044
319932686
319949055
319968129
320004517
320079492
320281287
320324079
320327056
320341952
320411045
320503729
320505267
320541238
320798691
320994166
321011127
321041369
321086563
321250206
321258259
321578632
321668398
321669174
321688498
321802774
321857016
321861405
321894059
321982642
322046084
322054600
322063810
322160664
322262448
322307342
322498101
322504451
322593401
322807675
322824542
322825139
322862882
322901324
323002911
323250919
323295479
323295908
323569398
323658120
323687123
323966987
323980895
324116813
324426685
325275736
325410269
325527653
325653071
325682877
326116570
326203952
326386495
326475995
326522874
326662822
326809267
327004130
327011842
327093061
327126871
327369524
327579226
327952677
328081248
328325110
328502522
328814605
328933398
328934463
328934980
329148988
329346586
329373799
329609449
329672278
329691586
329921262
330014070
330218897
330665027
330687113
330690135
330795142
330799746
330885564
330944099
331146317
331297805
331456189
331484419
331691841
331854794
332017079
332022997
332064670
332365162
332383229
332393279
332477926
332496784
332534326
332558858
332564140
332579116
332657786
332660150
332660287
332705008
332710679
332715376
332860211
332880327
332911893
333473672
333511802
333657795
333674399
333810741
333814134
334080358
334252687
334305570
334385701
334394274
334414389
334482103
334493051
335040423
335540507
335630746
335655755
335813325
335813590
335952150
336072306
336092760
336125492
336126253
336128819
336255880
336399144
336613507
336691874
336732616
336824844
336840314
336961891
337025682
337216118
337274055
337385330
337647366
337648770
338065029
339207264
339207847
339250695
339503267
339522221
339857675
339961200
340144218
340228388
340559155
340700241
341299943
341420329
341630071
341805908
341815197
342167886
342314656
342375120
342642208
343330330
343726435
344085117
344130921
344140617
344568128
344745774
344927749
345143460
345193111
345205395
345329200
345333936
345450130
345645749
345697569
346015394
346077232
346081845
346154016
346338552
346626688
346667887
346673534
346859243
346929661
346972413
346995484
347011522
347013211
347051112
347329162
347357977
347430350
347442932
347469901
347553438
347715478
348297468
348437470
348477542
348501452
348538431
348684813
348755728
348756659
348835438
349071261
349095149
349312122
349410350
349440621
349576261
349582831
349829627
349966879
349986198
350020859
350023518
350024178
350033870
350043412
350044062
350153977
350293646
350348197
350584963
350618622
350882505
350931281
351077390
351601843
351603103
351652998
351864831
352147273
352151292
352229268
352413427
352442207
352469839
352682207
352690548
352892371
353038705
353361266
353459965
353475866
353498819
353586703
353782445
353807936
353893493
353960022
354151219
354173595
354285962
354293303
354442783
354489554
354517490
354518617
354619337
354742440
354832924
354937825
354944123
355008856
355096431
355418639
355446093
355449539
355655412
355703913
355748785
355796887
355800238
355867695
355953198
356146869
356200601
356206412
356311210
356322454
356472238
356473034
356682805
356736743
356786657
356822426
356835341
356867115
356871098
356990855
357048995
357145112
357202877
357299852
357312511
357347296
357501308
357538688
357634632
357661805
357801293
357872559
357896777
358070912
358107516
358164738
358248442
358460246
358516596
358557578
358613376
358838026
358938714
359271092
359321688
359357695
359388309
359403471
359426909
359469754
359523751
359572563
359629653
359735804
360142739
360221713
360286627
360473750
360475034
360630575
360706000
360714300
360816296
360822008
361176558
361218772
361219651
361413119
361710792
361711730
362026280
362032529
362111691
362222177
362370757
362607799
362709886
363029616
363083571
363202582
363417404
363548415
363632843
363635669
363661031
363749415
363851359
363914762
364072092
364074068
364192929
364393429
364408162
364431259
365021641
365447203
365673804
365733349
365938305
366074069
366115856
366120401
366248595
366298702
366311757
366410512
366411016
366443426
366484980
366527844
366580825
366631954
366698929
366755319
366804698
366846982
366972162
367193060
367287018
367425982
367522211
367616146
367630162
367753709
367855829
367858035
368287008
368320811
368734712
368739874
368805700
369062542
369327947
369336146
369345064
369376388
369455629
369457671
369768787
369789627
369861728
369907772
369960846
369965258
370009806
370123525
370133522
370138999
370385007
370877263
370981403
371188886
371234684
371443216
371470493
371573539
371596277
371676181
371864043
372178596
372207084
372207328
372264750
372392226
372424377
372443687
372448111
372596795
372730331
372747949
372757221
372758077
372817671
372818426
372831381
372852036
372960748
373017346
373017793
373033374
373612558
373614579
373693175
373816781
373894336
374095457
374158843
374180079
374200604
374348168
374350678
374530847
374741750
374778982
374919956
374997123
375059587
375116172
375223080
375419034
375542276
375654303
375850439
375942197
375981105
376209245
376353509
376421071
376454594
376524552
376610581
376632626
376637093
376765646
376939759
377064495
377097547
377144784
377293776
377297285
377780790
377873569
378227267
378291076
378390325
378613125
378708888
379629854
379824738
379929661
380528770
380589029
380619414
380671216
380775661
380836882
380887434
380907135
381360750
381360757
381544766
381591826
381789320
381856447
381897917
381996371
382045742
382068562
382200986
382391899
382419744
382463648
382602147
382625239
382626661
382688257
382975217
382980571
383214426
383216635
383299778
383410746
383531543
383645563
383721338
383806208
383828887
383949205
384016413
384034837
384159646
384244834
384299730
384386062
384513078
384709136
384888319
384984325
385157401
385312460
385400633
385459345
385654601
385658469
386161311
386197662
386259537
386297468
386456916
386620582
386772576
387193925
387318409
387318486
387329912
387330895
387342052
387401076
387409975
387423096
387515920
387544178
387791274
387844266
387933822
387974148
388076422
388104525
388106759
388130237
388198242
388202128
388280249
388393034
388804061
388811663
388816604
388898854
388909695
388934707
389040826
389352124
389421473
389777651
389900760
389910188
389968080
389999924
390021939
390151888
390410937
390444761
390723664
390988385
391904697
391949880
391958006
392064198
392112968
392319808
392476080
392674549
392681545
392995938
393196631
393340920
393414358
393495970
393831507
393853275
393940766
394050135
394223845
394287035
394338713
394346647
394346745
394443982
394492339
394561119
394570569
394657039
394672497
394691478
394698182
394721720
394900138
394918211
395142888
395143000
395385033
395393265
395514100
395926728
396133015
396234347
396316939
396368313
396378209
396556650
396562848
396649769
396740648
396794358
396896334
396932137
396935099
396950329
397058826
397362481
397423462
397522142
397763985
397924314
398038296
398371628
398466662
398572544
398736713
398895470
398943781
399346877
399402994
399642071
399724238
399757537
399847887
399860444
399868187
399870368
399871011
399954349
399967279
400073524
400093502
400093775
400103802
400381085
400432230
400683848
400712525
400762242
400899926
400972123
401028336
401125028
401283491
401509690
401704685
401952328
401980624
402026209
402053027
402219289
402319411
402391147
402740809
402828941
402898317
403135192
403136415
403224672
403340402
403347341
403405969
403507814
403911354
404227343
404340025
404421005
404467699
404488903
404505029
404516402
404713783
405122173
405425498
405485201
405532603
405571798
405620289
405700729
405717754
405788729
405897415
405904232
405932063
406106335
406140233
406190563
406318573
406361982
406495245
406634633
406684949
406726743
406783172
406861922
406926040
406941612
406976746
407059875
407126408
407127579
407146536
407146538
407156755
407166076
407243316
407313319
407495930
407517154
407591297
407653728
407658979
407694390
407772585
407827885
407905370
407958640
407966340
407997410
408114363
408137826
408231638
408261725
408310006
408317165
408416746
408618999
408636441
408643099
408743161
408809625
408824640
409009431
409207712
409264172
409594381
409794137
409896170
410153553
410159011
410303247
410314178
410358456
410372968
410450228
410552165
410554986
410901394
411343008
411608801
411796826
411839167
411930845
411943564
412485680
412521892
412635642
412828754
412887082
413248763
413343957
413372087
413376180
414019147
414922696
415276070
415399713
415875608
415969908
415976665
416195870
416486384
416534875
416542079
417047499
417129824
417646390
417676091
417676622
417844678
417931300
417942201
418012030
418133917
418255064
418298773
418301643
418471116
418471796
418567812
418604868
418761354
418959198
419029830
419092044
419148828
419419534
419523962
419840740
419957393
420016507
420049884
420051632
420108587
420112217
420112589
420114036
420174131
420177051
420202798
420268415
420680343
420779000
420814525
420829332
420962989
421336001
421973253
422031406
422037524
422217860
422223456
422385684
422423972
422457210
422514153
422554579
422653398
422655579
422756130
422881018
422884521
422914082
422923265
423275733
423393242
423445163
423666115
423672208
424112727
424391516
424435940
424733642
424865156
425206121
425316308
425508314
425997655
426122503
426144112
426319499
426448042
427041513
427153307
427320001
427332229
427730490
427740976
427866520
428003305
428251130
428317266
428679607
428699140
428767018
428787891
428867906
428892437
428963229
428988981
429218084
429302040
429304876
429358906
429501231
429791387
430093142
430099722
430431091
430751891
431114892
431216437
431660224
431693152
431701493
431899140
431981595
432078760
432114158
432132155
432280671
432422552
432467894
432549364
432758245
432761635
433144048
433546897
434110695
434116397
434171113
434171145
434226736
434260570
434428836
434477274
434813314
435259601
435336785
435719275
435740442
435851868
435871546
435878153
435934762
436007113
436102447
436166416
436314778
436478932
436508469
436637677
436764867
436843539
436873727
436875934
437011608
437144507
437156845
437215469
437242640
437248515
437253811
437259571
437261733
437329044
437333618
437704321
437736517
437740083
437756191
437786834
437856897
438057373
438073782
438149332
438170612
438260486
438278301
438368981
438376091
438412198
438519486
438777551
439366538
439444938
439456714
439512298
439618305
439842788
439867639
439873430
439926641
439942982
440113053
440624788
440636649
440775339
440777904
440849210
440872576
440887364
440937096
441135051
441159680
441234277
441334829
441453629
441462736
441572821
441580526
441587756
441590110
441600335
441614965
441730540
441736986
441739020
441739871
441763252
441765914
441797803
442050698
443042089
443115574
443127052
443213925
443341002
443534757
443556801
443582629
444013020
444290896
444394183
444413256
444558604
444724127
444753130
445370101
445407434
445456888
445496795
445522339
445582110
445751830
445795465
445805961
445807396
445837596
445946478
445990611
446135868
446157122
446158352
446370039
446463666
446524637
446549906
446684383
447054140
447061717
447192619
447891218
448098793
448435566
448589187
448744179
448775221
448820344
448923766
449107129
449197831
449491381
449549170
449951606
450308271
450308346
450337675
451084885
451254008
451538240
451566438
451599528
451606970
451645081
452006073
452049244
452281203
452464529
452508760
452658846
452743735
452808876
452810326
452866790
452938965
452964680
453009027
453060368
453064665
453100296
453105377
453211454
453348525
453387619
453410966
453452264
453677947
453789494
454038613
454069765
454248975
454828937
454876465
454918388
455036659
455096220
455135327
455153906
455727012
455784423
455791689
456260074
456306892
456335739
456367532
456560485
456574511
456783397
456844391
456910600
456971986
457018819
457104362
457202957
457268255
457337619
457743020
457789844
458027465
458199018
458300989
458331312
458342769
458419328
458424950
458458156
458478250
458641144
458647887
458686504
458686847
458686969
458890024
458987621
458995583
459102737
459189798
459604398
459730973
459735346
459755750
459836041
459913687
459947163
459969957
459970307
460205581
460396820
460686828
460984940
461136782
461239485
461491274
461591646
461968320
462072242
462135459
462162948
462206806
462553953
462715015
462808933
463011281
463070290
463103749
463203560
463365347
463402815
463508231
463590116
463754499
463781038
464300749
464326872
464328419
464388115
464445045
464481762
464544047
464593883
464711858
465176038
465275307
465540915
466113537
466167563
466206508
466222485
466382581
466390120
466682238
467006627
467153319
467158766
467179528
467211520
467265105
467331291
467484304
467580267
467615239
467649533
467651916
467666275
467684543
467690903
467955232
467971286
468055102
468148930
468329664
468396217
468433454
468501184
468574941
468692991
468765355
468777766
468832904
468880077
468889418
468979441
468983280
468987719
469008497
469184909
469333534
469702377
469811655
469821652
470127886
470156846
470169396
470171739
470450936
470653603
470678283
470724594
470822809
470911286
470987100
470990157
610976842
620780629
627323667
628103717
647636934
648958344
666567477
701926762
704012376
742648307
801354155
802227190
841226526
860207014
900240532
900715901
941340744
950525831
952046774
1101855081
1234810324
1271152446
1400212743
1551345500
1712954983
1716467085
1813844121
1870990135
1884091865
1980725947
1989628303
2010186093
394137592
234523599
176957796
425934411
265612438
410214986
259962054
52204645
55652896
32090583
326453034
70797900
160074939
12423815
101948569
224225541
237924601
49687222
92226327
37749396
42054565
220459976
47316976
144336525
80439101
308208458
224271611
80432617
251878904
251855940
280097543
20892672
100014359
155995204
152476657
32499655
257605131
89256802
31852980
431999925
308307606
264979636
218795833
19451711
93125144
365690646
71512186
438490744
387690507
50618703
42821097
44737596
161477033
170849515
405454160
386435344
270841724
128463355
348755723
344926234
286132427
146463781
78154865
432008938
156991337
320417762
309402106
271971130
150247134
96097215
150271680
181804752
219189765
5868998
178709444
219401954
374829238
308994098
294780517
299945285
277099925
260640693
255685030
149301575
55525572
125405602
362249359
380886535
231728511
44797824
381976956
200807066
237920046
14165625
255704097
219380235
437984134
33690636
123958679
102283403
210873792
100921768
425163745
245947683
50365310
47384844
374908020
363260203
259863352
323132914
253990973
7088246
31858844
379240073
161032923
261108236
322270620
343648136
129319156
122220263
23434737
33878688
389924075
453260209
248092710
382437043
360156606
364395234
260647166
90504905
233059608
274762761
158561566
286923464
417948359
445859771
13499636
43064903
153949511
293687315
357457104
260128333
160487753
277566483
252490659
276360911
343019899
259129875
352239069
69747919
116483734
148782377
158025009
164173105
224600500
311035838
154383539
343628284
356158613
16920150
427654774
431514478
197650870
377191482
459978312
198457103
219751469
430677414
434718964
367607434
440100539
326919774
117322779
249945230
285674856
285677945
292321872
445144327
52041724
129991079
229951289
387260717
310003988
29054413
51024887
165551882
387527558
459903429
28900646
103448870
198384408
470381900
461662295
159418353
174041208
435680451
85293053
4897275
21535395
229938290
310981412
233684293
29191596
304142124
286916251
198153540
8967242
138762614
165763244
207425167
237108272
341815767
347332255
144441148
168699373
198108326
54002556
219824469
224313733
202426247
400430915
139198430
63698669
280865159
53750200
47617161
127793615
468997317
41173048
26547036
136916387
159781361
16884216
53709089
405559035
159873822
396356111
334811204
198187049
441642457
158075010
23814735
27491137
159244568
367739494
233633993
441738827
230387153
233721037
219778329
393965778
356016119
289590465
156199502
393911494
394029948
105840719
21832928
49967354
75656058
298663873
100504381
376168473
198485881
165530380
235943205
310231275
8348911
459837008
20203297
441798995
265460043
272679240
115623434
115583726
264171144
198211976
462615350
284361752
48018596
165554103
362220495
280031353
283829553
144000801
70420766
328012209
38467100
325468685
349488688
138126035
69819610
152800085
175456679
358579111
201177276
231850364
144297844
212957629
321068176
10837041
684936227
237320326
161223358
313891529
274193763
219175972
29959760
170729775
452375478
449257028
412054152
1449756
139251123
33091590
354519019
149601126
204698337
341419787
441155146
157698565
176772671
149539158
234282389
382259755
391900348
386131764
234527228
231065398
161568891
92359852
43475220
248655096
445145355
282102605
279989567
193220940
281489322
238020894
119448220
4729001
463469906
448536355
361343239
311252710
168449943
48768158
468977648
356461227
437560683
45054849
452576848
398725538
391645374
376036292
464067218
463681005
463343283
447976172
447593267
441444262
364427226
103832313
57793060
453396346
448688668
270347814
296670796
466318137
456962262
419858461
412371819
399058051
398502253
391510223
361998994
334757798
331160996
314013231
241752370
241569046
407922734
304130406
332314607
315398848
310267134
303617735
391903064
260367888
173824688
173260345
153197346
152326573
271486001
133849258
455272393
207981861
143934343
335860261
292889298
454361389
282091493
275562670
254909777
21113347
443666343
459850897
40779013
429036977
313408643
233415701
330135981
233831759
80478272
149855074
87597187
81597356
440186528
396813816
416539317
71134735
8677530
86273567
376688393
320208949
165989915
55748194
459215281
165464482
441697509
357373216
288434231
233462817
165723070
165412561
161003569
158617175
158497525
155898758
68074302
68035558
23815847
23769326
2016376984
1101909431
309849817
262880826
256867493
252071095
237077180
155947004
154293917
116382006
20303110
452972453
390048041
10974783
393633044
224601047
229976631
198616607
47937361
441797394
362223355
126737992
421951960
394357918
176780257
167905035
53593542
95057860
237603062
72494421
280304556
108939482
114103136
415143674
319282294
128127712
126357909
113295476
81055189
36227841
30825828
4102368
286153328
269568703
74197917
48276576
384386061
294097592
30499203
72668830
28116365
146282666
182078202
372068780
44898913
144193715
56662591
251086776
294324819
459952217
404518509
13883872
143022742
202185707
303586471
77175217
7439481
62301521
38939275
350299588
313889049
358253047
237332812
149389419
273418421
334632624
4070275
32460142
350575997
41387532
464646604
206541859
207238953
280803800
142019343
1405997635
137899948
230129753
461635621
441589581
48506505
267572272
167719618
349972412
434105094
340458804
456862677
404243877
39926974
376981340
262715204
293432942
4464022
435339847
141770198
258917846
269728501
447088034
362103298
372759746
27769688
219742885
103604037
137683938
1950736
436652523
58472992
304339227
292202337
336075472
307958020
147302550
209310912
142938659
404506270
50745119
250189842
411781649
468911753
144486060
102542376
306363166
72097808
50575306
60074373
332630868
291469139
186470968
60377863
428685938
262499797
335590096
143032776
71221700
441936163
447585233
457649900
453942180
177391159
445392860
247180220
340624586
424196109
276735500
213111428
324609476
234388232
91481801
366499151
366568760
175236511
257527578
277697921
437054764
219431828
298049015
419411415
259172249
259100469
335681838
154814765
123041007
202468443
264301607
33397739
250111245
422486295
306401382
126982221
309439436
26054627
90767677
366754985
219113246
321069529
166053959
202425357
166086403
39143128
313425396
371164829
75697959
400515645
367434266
171646471
366409685
443616612
59744366
456945304
238606535
127505658
142785421
459762279
160162137
252928337
357244603
51094586
237108775
159160230
252481136
154220877
224299081
119585136
136992839
166054851
141202786
441658213
23863106
119178132
28242530
23863105
287959034
155949264
193634953
23638678
103865797
393546540
416739490
137843225
173002823
441804533
219041246
298074836
53481079
230055368
85292615
458481611
235901733
162631539
1042432
103605399
188668950
224297408
310380289
229618478
198162530
159851831
258557847
4918918
310262516
72889156
428703516
289666986
264468702
354727907
151728428
380517859
353146308
258037656
14956304
273774284
329709756
305506996
296898634
303456821
419878932
287643871
369532319
431810418
376847633
12938488
158657354
29385858
230064711
27534138
352011875
370907864
259233660
48353358
279922257
286201103
455947620
285466025
356916207
355640518
239823606
99896567
424388628
308301091
119973835
199712572
122375047
350814622
92590258
44295981
434186655
86005116
404456775
287863314
53874375
388505345
455737331
307734818
287152495
456171328
202869426
85281192
308120029
186715217
259502942
274002141
328513434
16550540
459982699
452867348
50211272
266486214
122798633
168936945
255588086
184801054
81089255
47143972
45881495
376800517
142277868
361154154
29780740
382187347
356921678
147193084
437774844
72504017
9385460
302212110
290777444
133850380
166527623
220460087
324422520
94483093
259606227
179739873
141074654
420529106
313671132
47667
3728481
368713985
210441429
453668803
392914193
121560868
366316586
253126207
22560356
73310180
243550555
124617560
419503191
464542805
272251987
304363215
144321743
144077896
308010949
170627138
94012094
438629686
377771417
374155286
162729620
363259409
131312528
289389326
91794828
72123144
463868678
398945279
241297273
49411575
361344753
306249066
131195882
22452837
166145361
325647810
167573692
392027961
90048949
56884
263207857
242532142
400968492
366315051
291668351
289076007
403368444
76706043
426904354
149179763
145804834
349503728
439381274
350432166
399195246
241592217
374908396
260539542
207937389
443199889
258409964
148691985
411463659
75650448
160442729
312612366
457446242
292349703
38584799
400491269
330424797
209054294
256124756
460316238
446918603
167654347
241525834
23111
332887363
149450435
15827263
346855283
439943973
440150441
258940847
64837857
174328045
283884522
278726770
304690618
262457587
96475638
292221593
272768631
468178519
355895977
418343229
192014454
206361691
333736132
99989903
423360793
62085710
253864764
344034178
6898572
425817867
254141733
6764171
269217040
396246765
464658144
410119093
149989864
35377903
104195270
441546821
341405597
167085203
179442778
255560319
342449055
379717270
411731278
287328202
269849065
20375215
143842198
303364023
192943720
428673146
261264800
460950389
112115898
34986694
92449173
261646133
150320610
121490076
47482754
287326127
426032475
382521776
349891396
221566773
412666676
76899250
324150445
171886633
89417257
91324328
174070181
263203229
307232923
361403927
345056639
301247383
367900542
343717397
421056636
426901646
299876474
381448973
87422071
301248781
261192051
381468938
314193010
89659632
383313006
57011946
361467239
234540647
360224870
96829917
148523092
420369105
311856080
90156362
365952328
304430662
375297961
61621800
469813927
355138852
79660831
100263315
344552721
32443914
421990278
467931774
419738713
411955845
254209017
291013124
253857911
219978369
253788533
201658484
319568755
90935909
129458276
101272159
326327260
352438619
408609355
269372232
32046665
164249928
290403522
387295547
254174907
90935995
262470965
166495921
100264497
112989868
144327080
441076258
261680542
29821723
214515989
129711632
92443533
364267778
211352962
233964924
278525028
402027382
281666033
327917279
350821320
197643976
261679541
259884973
197642926
197598125
55450156
302453291
278666476
469967533
29430403
380884709
8995204
4610830
49735922
301235044
422618449
262584907
126982911
257467784
58858008
369474541
311086350
399571743
254296853
150063444
230982415
434100688
9166136
350861689
166671025
197808753
55363630
274017513
254301731
281596890
201254754
237909527
36646052
293267224
408508003
419957314
25959926
405269313
344224831
405230669
408506314
28872266
58726656
426471754
150096001
67395329
4426490
403693870
377024332
365007485
262135904
364955057
4486230
431899136
293075732
156514476
154067753
397053253
39174810
312543349
282794970
165312726
253054954
67512645
252537013
9707944
89043973
441158994
139879080
140893722
262928973
167656187
9216075
387294150
354846183
197039766
252913663
428812049
67181830
121070864
59369068
367439938
264159776
47220926
365509373
69054388
84126162
58474992
114422211
418184767
91777086
57147191
76731445
67349298
45376816
49524528
462507821
307375528
63307816
78290597
19560484
270048796
63082902
294434193
114600571
88929544
421006834
74389253
238506223
262137985
421005422
392022763
14435301
457039843
438329568
45905504
165965790
83180637
400466395
70435923
443607377
81963214
294350792
30853990
204496071
404715325
435339558
56658270
243208884
80224448
243030574
27635334
121990418
17129975
354031707
219824470
427765233
348684814
158381418
5972036
436575927
320847025
26078330
443823169
113921235
368628986
59490344
366302410
21035365
70897115
261141602
353302490
440562226
259330386
408656366
55390413
383829317
41875043
357858008
350733403
444977814
154926644
85113291
317290270
219707850
390207998
99834321
343336312
289441015
335661164
405837291
233867481
167631701
322369867
67246795
158657991
11894726
16740548
1881298619
156512187
366119858
233287217
233855268
125366299
230856987
354032153
219803922
219809549
164783371
416195843
446166017
430930679
284592989
22903436
29953537
418981325
284300833
269343479
210904767
329981856
277039287
201175570
345724317
57299130
263723967
21720215
201899356
31142436
235015217
337217173
50592053
18574158
22038430
329821992
62676654
167227214
110178537
325670253
317520667
104866616
469810663
244089109
23961340
248769312
376867898
383723559
160428500
289218489
14203588
298658399
276922692
138609069
66266024
138225319
188814758
233266582
287191183
366725641
142385671
22740615
286923515
165337974
364571121
199289712
233266797
274411493
195933415
166178400
296327387
195483731
62867537
452864692
395214388
199488690
293949992
313922260
430415564
325765282
444209952
469523613
197604890
371579161
417564823
66545173
237019002
430406538
430845815
266488971
200465781
66286602
335624180
365712006
361944563
325908483
199676274
286382849
420383981
64198376
469436001
277853911
345596003
272829240
344855300
256418577
269231011
434086605
434270112
419524589
404898080
420018238
269102377
188539008
470749725
161687209
269514008
269330087
371909591
235717158
263723781
408548144
400235555
8416274
402848417
405542683
351599985
459323923
352284958
331619598
378860702
154869806
377622130
468350765
376354189
469523619
431033767
444159424
154264903
415461195
341005781
343774169
326470400
288421619
456482025
427685831
372048733
63100069
420191136
302173245
268727719
25472026
26999884
51768374
419877797
196201652
314992600
419878733
408469564
422159302
426956677
77490011
32092337
259863095
260415628
119088593
143769346
63343395
293436546
40516132
327595848
302987734
407089973
269854864
339768429
380529617
220347617
301610395
38583375
271575127
421257284
350137597
281581295
277298580
349272477
91005175
120245973
421893327
300379485
290552141
168822414
453101061
370237428
294054226
404934011
376931804
167602738
50272571
317326533
278413297
372168853
419611478
404931649
358501433
468191285
306526708
311859485
149447160
293492383
30537037
294274829
292631794
276963913
391949122
260266504
339379874
323174112
469815727
311173330
295597936
281575623
323003547
306890368
339959285
302056527
394343336
86962976
167121271
407615704
410228822
167753571
30819182
284196025
360607974
271999492
278201047
279431010
86144938
380437503
306894248
446348045
262573802
149215262
349412583
358106032
349195106
276934891
49443544
327593333
349572054
391901892
219902969
323173400
314864587
91149002
262499200
351452056
290607182
246806699
375036584
119279664
301688245
31391041
113239663
25133943
340217291
451540232
278991260
270312035
410405352
25118689
167549520
339956425
55601400
279615956
284194555
388239962
287955947
384509997
167207809
394355593
161083755
464488581
281576610
141271560
349411828
118010257
255916846
307235090
294206168
279054419
261139563
300734224
167692911
278726670
101233032
150433499
142146492
469813900
341077740
300509670
306822272
316992415
466097559
139371718
167554509
310959665
150430481
348842421
340255571
262613883
349155856
404224560
261560630
38570890
372242073
281633017
410368854
421937779
30112276
294771559
167250389
91408747
349369227
267194398
177166877
306779192
317327425
280830862
287589962
75602529
253990628
112988537
300078424
55606265
279512738
270341572
383628732
350091954
98423184
293935281
150392584
301846712
61272385
351248706
119384992
287955425
340255841
418385097
128840826
176936051
91001369
310861395
339769615
323003302
388205924
167207111
318515371
394755866
50344786
40274741
150391997
370234343
425668314
421943743
55452563
279569545
76922247
467972250
340216382
327593978
270473110
389321361
371995402
314865101
469778756
177115773
113986292
179313200
150389364
340460998
426548419
141472777
31013611
96150279
261337205
278479405
90423795
231088741
269741851
419635397
464372813
350432064
31675749
120039621
118139893
280097876
141709728
293975385
38825357
278327110
279093144
323970416
41226662
183802335
231093936
55853438
337195353
273323926
394288878
259885547
167525039
384342492
446546788
281582674
237930306
290646655
358154181
141766191
303845494
306528129
269731335
364648773
394331457
287722957
469825389
287956802
306727717
114318935
272427880
348771913
49393793
113539554
303976339
331743327
31531129
327671241
364325639
409642024
141624696
373843699
401776459
387245246
176980881
167125872
272190447
322951856
30275847
431479727
370041763
287770708
140970632
278895606
390561511
260471026
339664224
119777589
177242528
287589476
339892193
31869584
261284713
300329882
168440985
329252162
320092970
141530525
340206201
358154075
389579510
300378163
150191636
88346878
316992468
261748514
119506281
61697215
323731200
177079117
291374558
261091160
141606986
456588598
384070692
381049529
306357593
270506952
150167002
340006554
383390913
238187753
383265135
431380283
61726842
61138187
343448359
261262721
176876294
453097744
267117671
349788281
276965475
150392702
360960073
279476069
260351184
31870020
287539135
404289153
300871126
300137626
326129245
388129878
271575742
279156705
410354809
38468621
140941995
62724427
276647111
177172557
425717329
87168122
167523971
177238322
421800851
270503804
76066400
350095533
128801876
383265471
23599738
344555655
177160057
349196480
270244821
238196354
302966331
49540668
278020244
373767598
273651959
305675526
29984021
29780874
384664177
141709215
343718662
219969682
323067443
374996198
280051341
261522877
389563717
262575534
300016698
323981906
305932274
281636306
30722286
177258667
352403588
324612719
331636065
431481376
411917726
101691477
143408253
141531904
307291050
262704593
256210025
177354422
287836592
281636617
300022686
30640365
380780316
382256782
167721733
423160564
372127422
287530417
466204759
358182750
303533913
246288840
260640043
295123766
30731175
394657233
431589203
320530807
358105763
425083216
177354200
33839970
31945773
302966912
300864409
309735209
294885647
364326977
270472456
407581166
407041492
294923253
418808871
278415116
88985472
167163906
324618072
394877773
384709501
273397401
384195529
349408597
390085283
75687533
246703468
369865237
404799340
304864057
278987187
469775109
466239544
384272088
300324532
291374857
76439862
167811392
304594537
350027631
339451356
292621123
373840212
384604111
391810761
303701177
129082266
337350767
33715889
182650515
278413346
323836698
339730012
270428491
230966538
404851966
55742547
270311690
219926866
277129194
339546346
349056341
231091565
31928624
389087809
1476234
348717439
287721776
294437492
325603650
293270278
269857938
277105050
309437966
350027507
339888469
167339031
282328503
305950212
389682933
369874616
407878643
270395019
269858347
466278362
167792792
370111806
375063426
279510954
351555580
340557839
405956578
262615168
167751394
129082047
176936506
279574121
272002418
394233079
87061436
220479047
300088692
287299304
287490372
167656372
38811818
357811733
271725220
384824975
272086869
306637832
29984231
300328617
38877336
304707674
55606317
311288632
293507903
238854786
389440520
167363487
421984117
86511040
303704945
295647445
343951927
394452884
21613886
323685038
410118164
31636892
323624809
278895603
324929282
271577058
357817979
141545444
318518150
304131768
388243913
279160488
269728625
31942692
167343434
371837437
177023568
310106879
323836391
271808029
292216354
272546171
280911550
293936892
340009698
404265608
322270255
293221526
150272259
273654924
324316889
419736622
280052157
306736802
294682347
464481637
302968162
21614020
340137125
401572711
358501781
351602312
38468919
166969320
404873085
270429511
101510908
300291296
32053481
294092484
38572031
270274432
261420459
89050799
384740194
340140730
344553817
278008056
397155877
22290369
287531561
85649613
267094384
259930877
261725322
201562811
287774679
293895431
290472465
392024792
374410507
112716272
340216137
141610759
261260655
270366936
271519048
290371999
397036665
119279903
377018326
294097950
306105850
142049463
407218394
276965481
304340612
300871153
88139508
364392241
231074486
466301827
389735200
287639034
142148434
55478151
220399209
259885180
295647440
38680567
30854160
464405237
373523051
201687472
85858057
467972182
306631660
294871617
87985066
150393390
369368656
278776948
28044954
300607243
261235120
31674731
269378599
200181351
349057389
383430399
456556422
140760525
381798773
370136983
33880619
293491569
294665880
376987597
346630823
426481193
25119324
307083540
278821532
300512272
230949815
270202713
238870942
278413891
260302494
466301826
254191317
325490655
323242742
263080177
306643277
261106000
77470092
257571872
150189450
220371571
451568169
266924492
287775969
384468809
113496703
382254048
304624330
410119941
30185650
24672160
372362263
269795481
291892256
269305967
397231286
380397303
365556973
280051331
324432447
349196184
324895501
269796936
294205251
383353688
421256085
360876221
91246647
38824632
61020490
267116566
263004117
246771446
261683332
276837091
143547778
327595236
80016916
277478589
306523362
318180703
90717083
61328532
343760488
280831199
345080586
424881325
270507871
322307043
32000208
410339458
278590920
466687151
267326213
237940785
380919259
141765836
394913226
303910522
351350005
292414155
141768083
62877421
290605311
331744920
466305387
279159752
273325223
467904576
370145370
293464845
466174355
270474042
279957439
181793092
179304694
382527485
389087342
391949221
349538009
261726936
279955276
160620096
278662500
339668717
141624659
384604658
300141054
407043005
388240190
451536266
300734047
397106731
349680895
141545037
87411607
86249089
261399435
201724575
300283476
261062599
261645560
349304971
323061945
254068803
340255216
219280379
119501687
86888925
31530569
150164543
349269343
323293034
167549641
354973022
394723603
23497144
41531212
300082027
182078288
179308949
349903574
425084473
229809085
306576060
306724702
287636748
349055442
394453754
402103510
276735057
177034802
167553048
299780492
31778786
469815705
150101958
119983709
29781098
279950870
383353438
441290368
261059696
253969601
140830607
401776917
349056338
402112182
31946252
114178921
141414257
278779001
374342788
38423682
261205462
238181450
340176597
254090605
29780219
441221559
273419168
238181017
90426939
238185666
260995038
40893888
168148739
6470454
21995336
464442433
182450724
356257320
424798906
277022838
410118760
231077009
349092944
318566466
441279024
306822532
349641411
50443152
25063352
424986665
266924406
304543556
320204173
167009099
340214760
369364720
404239463
293273274
370327081
316992611
394657303
22688236
348894629
32091606
340458923
49540663
277298466
293972623
261422404
349095298
260964231
306108732
278544653
380916694
238229126
293724685
142148712
404850012
395086144
169447083
307036514
88075017
339960404
89252225
31560804
273654759
149392842
272318855
260239639
89423262
293221812
141611838
339397397
177113581
377017801
177115422
210548440
302987393
61724596
272090485
278475891
278957993
119159743
91441057
376987652
182078124
260710460
380643463
375152387
307154237
431591320
451573789
409883195
50385712
340355626
407063129
262927518
254090404
261105201
349645139
404768904
24692609
278958597
372222189
300329841
290556268
431589453
272469934
405428615
380775113
277147552
323981420
294097225
411956010
381559855
300707975
219285104
150167749
140971734
278232451
348956767
119044273
348895694
340062770
79955783
118985922
384389484
259885343
273325131
349522781
352315516
407013478
383268081
30033016
141485974
31167103
167416321
359991399
469789118
269728852
349523014
279160721
271578321
79755513
340064337
341115133
177239551
141000703
389671302
88232354
313001161
394238449
306894886
373917830
349478085
149422355
383619757
281578821
267549078
150427935
253979617
389011957
325247726
350028973
167524275
101845280
370118363
276738707
373919592
469817942
79808825
327670047
369374037
404875128
300163920
112467884
340458630
411868946
401775244
300933636
270275278
306524493
167812155
40274180
391894198
339856109
300086670
76677878
302987386
352140271
469872118
350030522
41168873
40602499
320659697
158401602
404842248
383555130
422040614
324614966
302965287
300291165
7087454
269371538
339861444
384148180
128789719
287775617
349431914
120283373
343995894
293463610
404851552
259963279
272472375
301685536
323622192
74824550
30106235
87788560
376937138
50385715
343490143
272466346
365725831
406117967
374170287
351251896
403997719
180413022
287328601
396960552
389433645
293348391
467933176
218926462
355362590
220367118
141526921
319865847
302107639
150166162
269763946
201641317
380389821
424762064
345055261
303912695
179444884
262705788
293221057
318123187
352568129
410464110
384843864
263012764
149497534
295178065
324428494
284196491
358501450
143343661
373598109
302967884
260302293
376936329
451562045
325524429
75087113
282053472
143608725
390561536
409804755
404975583
262499704
279572330
246745789
278900608
272194833
266927506
142017278
50270055
381911989
270508998
324926968
294682685
327671014
277300196
382517909
50344994
151950264
306933539
181577608
349060005
306740396
166551340
149424624
394339655
375035936
340000943
304373518
304593803
279319554
387191191
300808529
380661288
279476460
362086333
363485837
261202953
21256115
287835812
326390162
238193965
150189454
295170362
365605070
339960040
380782608
141478809
158442384
176932581
309760042
76226354
101544904
300217480
177039567
141479660
318612327
300556363
299936689
142013907
370138719
30184584
394723825
349648510
141870126
471013493
410118189
320686401
394288889
41337967
349483608
305592810
238228752
278139052
389569279
304479973
87414808
384065528
63411216
40797020
300745616
143356858
375057954
372242550
41486454
287535120
364423314
349481595
50493228
350008445
109171807
300869159
55269996
29924770
304799965
261366297
86970099
266906722
279321185
113681156
303537034
372240730
263079617
142147297
97827016
469502007
299901252
167753031
466273811
158061114
254225554
304474212
293580950
141152353
119623902
309959785
380835975
303952517
379806358
348771843
141610473
292215414
23818924
384344310
464342159
50475704
299932818
390560958
311417534
141867895
300744970
306737455
80014521
150357613
319290269
287637467
404124416
451540413
31869787
328449419
300664543
409647205
270246933
468152423
340063462
293437322
466206311
55480436
300938300
311103813
287635690
300557360
141871560
423238309
397151019
31703300
349522594
468188532
392011771
113858721
469882867
340461276
158062097
349644990
254021759
32088907
6408102
311415878
304408387
201689602
355510841
40342199
30195491
384823413
141607271
277042558
383291909
277099881
326693703
306778213
350152705
287589266
381977351
425609239
325468468
312028518
118807198
33877626
380457228
407615977
31960531
331676604
348762572
177112531
345086659
278589939
201601348
32069961
306823450
323134099
319257886
279161495
87981179
177385907
31674660
364642900
305667404
33840575
31703593
287428833
369787651
360875769
40974499
394242027
365470909
30031180
24016695
142108949
112757547
22089473
300745654
299778431
379356723
294161486
464381846
360804851
468187378
363403561
350036577
464561428
394679923
74741924
451509232
279614005
88447978
349370777
287871125
266927521
293438263
356487818
349519737
281977548
176873028
141713957
306895522
397231606
303910111
412013522
261397095
323970111
79658872
279053000
30267088
55756797
140761482
269855929
300153630
287528930
254185989
177034670
306771735
31380871
270558820
301685023
176874585
300023210
260605506
150393623
141151953
340255351
143649894
261542702
339672106
322284262
63417824
324127381
352400977
300357385
372124621
25155278
377017868
254038436
404057144
271977186
119159758
31781999
238878444
31926714
293439094
370103882
277173010
304207916
182012183
294873236
61276578
287350071
290401951
176981041
262573629
340020534
287350789
396957480
167417444
340060117
300745939
394924493
166971611
339258071
300024838
441259631
394779674
167720698
324618077
370249829
349902991
327724956
383594415
265143873
230968422
277873743
198076743
30185831
277129437
281977577
261091351
425666866
231792014
261282530
101427252
410389255
349275640
391900953
343406546
373917850
40893999
410308760
350181462
294929660
290406699
381929683
89910284
287532056
167722431
280914341
304727279
61459046
176959991
179126254
469269031
367022524
404292984
287531693
306776462
22996168
348760490
179115277
309618198
348760508
349061910
469694751
271812166
112395347
180795686
279250880
384712688
307035011
372218274
404851658
261204214
469877517
287325639
238191112
61024068
270285317
150186779
140578606
75470499
272432703
339835873
340058233
50269985
261204111
349406883
31415158
101883233
349269701
293975350
61517565
277172728
118271404
277490026
287349866
302989866
278328128
300290092
318237028
49541462
466129604
32072326
466231033
339861480
313469885
38426221
339728927
323443291
293391702
325565137
360740653
466231029
406091286
349092528
382430319
261541499
260971390
272362769
277130211
340178931
89307726
62875624
50347453
325489127
294535052
38633493
363485420
300241204
80254085
261256268
114392303
238189546
254003502
149498072
369767412
150320615
112613543
158507167
451605975
177256283
261264347
22486158
278415514
394655310
167574282
160666118
261400337
304793244
349061751
348761045
260373272
141184321
38636266
118271395
150165700
114179771
379465415
304897263
358457096
41481970
281578346
25117073
348840079
364152478
293795606
276538275
405459262
141156374
419611359
24020666
272129326
260502638
219943538
273789462
22098070
349679366
383311153
339769468
307035477
341423450
267093915
278987334
167090809
160993424
340359472
183981567
167554206
220342999
446546719
272468262
306772814
294157994
38634757
277026183
407621506
349575695
323577303
278138367
22576749
128846212
21686198
61136885
63687504
177238006
307158273
101693153
310658236
364327518
348994632
394730181
31167034
177022232
118439690
379192021
306508587
231744905
466158808
425086349
424945309
358511856
27968643
341115806
306735270
260984450
141826495
278990892
128967140
349306314
394359135
38843180
177389419
167422188
301683643
273652436
270343991
287716489
300556816
375181241
85868640
50270149
291895034
256053459
141609717
293969808
262614386
280052618
272087003
306979614
394630163
310797997
350137939
40408877
344042366
383558304
118196844
384295825
278662696
406092887
396124070
167246083
274017873
50274324
50473031
167524563
350146577
306108833
141027221
261746757
287275350
49540683
128677641
260475087
260949346
287873287
32365196
406777175
293659829
279249643
238876870
373843852
383594802
467962480
290379875
270341547
128791834
340205734
177179614
6670156
293965384
198051466
379191982
373843857
383558494
349547246
276646696
87787778
101695517
287432202
293571145
261336397
276783657
277939725
294929542
383265029
31382733
118669236
254033658
198078384
300019675
75157778
466269416
40515061
468193718
271900578
337194627
339916453
346797035
179379962
254009121
143762693
87776163
295376317
142018995
292620754
177284346
278051048
167419950
300243083
387220878
307326727
340008722
314889206
246808583
394655093
87778030
300154014
340930327
22884808
260299064
294328121
167009292
304093536
260305798
300808633
290404896
468152329
176959360
382515658
167308252
140576341
255762764
320591129
290289792
327671979
150274487
394285864
320845606
469882717
317299100
261091566
426015440
340314976
113163511
280914121
340174869
263053721
272000628
79661701
410057499
299940665
404126692
49398802
278077744
318515628
404161337
293346794
363979429
262614074
91316536
423237945
128680884
166419963
348960463
271723402
7013622
261678628
421948497
280830936
263075460
384843538
317153848
271696650
407585173
143612359
310107081
383503466
23596608
129038637
272359231
279161482
410087746
340179851
86516107
287588629
284194837
149541469
260541625
389515799
219279994
384464347
340178535
287638537
311106940
276644609
62348182
348770938
304036054
309489569
287535870
351346904
55755757
254108601
55661751
167524393
324654261
55605890
150429785
38603752
278293793
375271398
301453724
167571698
294680768
388180830
23400176
326391328
350142567
349681583
350146388
61618979
360742953
351134719
340460526
323006000
89916301
389748401
128882149
149060376
456568184
120401906
389129821
231801885
340179367
379239816
272004643
31532827
344128598
369867255
379578628
276798143
370234970
299940906
142146752
382304847
323294413
294751033
91324195
423183487
372223132
271639066
293333759
324434965
384608233
87414786
278022133
254235775
260983680
158236757
370101492
451507272
80064407
392013177
287273334
464482917
300512509
219021623
167896330
238184075
383265684
364268665
74649918
279953380
384067507
294054484
261259291
300033719
350027253
278385856
339909818
310100219
310962929
158507202
344075962
278082726
63409608
98186354
167793961
356482958
62441822
119088713
74649892
279426647
382192850
397164416
392012013
272433841
80204009
323993971
327594002
63597006
422041226
380590730
166285185
159241821
194073024
50520772
467385443
15985881
259148885
41613739
308878182
359336283
160553906
274961767
393887416
120239978
115719509
403753148
353483228
111338555
276160984
193874752
233909178
387358271
154125948
392580507
71749392
459222414
199666719
298434566
198188921
278060879
250516714
117144561
160438134
332312904
186626503
155944667
61011477
21124756
256364587
233191165
157448545
353397427
186599819
239319063
288430685
159539998
435997807
387630398
1002819611
157590308
354249600
256426792
252503471
396915247
384649913
444619148
240962480
245620961
1710409293
250771726
165509781
42059528
375266792
230021009
27641176
276279955
346190681
164832119
370725984
157542578
641539146
352342439
42816328
18381745
302079511
165687133
188766385
278856841
468611748
417642458
330470939
159333873
387698883
157333964
148963635
12819186
186334023
400604819
161819752
416576220
13998870
249917671
156414921
193676792
282544066
165371096
198235980
250496108
284598052
345803978
311087891
422963047
185778911
187777679
12549705
367425718
445831642
399087266
230565876
411582443
161822141
431518745
298092751
298165335
359892288
161746409
149970022
289106690
43050395
199714470
198281166
374176554
219028634
198186255
241067235
120360182
28830771
347950487
378084871
370075213
842442957
284202167
165990872
198588263
219088671
194138888
154385276
2008877991
41774937
15201393
202491864
98847929
199549000
389330270
136516761
357356423
193185035
370619014
22007100
406732673
386956587
164552029
160603568
159342135
304755534
330929786
330901215
219115213
159570595
390501410
250653157
195264536
1201208375
25822674
261617267
166635389
161043714
420230460
429966479
250858927
395712299
159945204
467580212
100408043
452688112
155942953
159161443
40777831
286631521
56939663
123357110
138475545
159439280
188667492
308873985
216362391
110211150
158323231
293951433
444797718
354548594
249925936
159612507
364566564
436452714
267612796
237215078
11152819
284266925
288486988
194835199
101718959
330731411
359729929
331787227
202442062
180568559
269701714
445284957
339928700
150363786
202511362
176642092
320474096
164782069
230197433
436451838
137908961
101875016
184563205
331977501
164885106
417916452
120572957
321547404
393895854
289623738
392932308
62329156
1201208237
436872005
385875968
193948281
314472689
121741238
159969849
420039758
13339693
241000346
236677324
260593481
393981391
250720129
123042289
165312905
158708658
173421786
159762672
374265995
421449584
188834233
236866702
219117295
199634791
331212224
219104270
207495245
20966851
270491865
119480236
353160377
468513384
424118435
236965878
63909320
272750125
40956939
352442340
374318975
9037655
445859383
410504627
292726869
237017684
232541381
418998975
122673496
352612420
375534411
252663188
387445439
312282258
1102658110
322498380
193078139
366637052
406781465
178048695
243186210
99708188
371978148
274178344
120103530
366489106
13877944
233512902
626023664
115581508
372086075
286994046
354249931
193971301
34940228
331353185
229957374
367836197
365609989
233176519
142321713
34644891
269713750
50125488
230136597
372749943
99389639
82524933
259110287
16540137
198212148
196272515
359165110
359112698
160438083
165406459
320278932
164283945
303959015
423745532
219739405
200738653
187093246
224301589
2096232
138003647
99382786
18634549
354159888
290310072
395636975
150385760
348671468
430935883
274655103
327292424
374248229
116211791
252523470
233494956
385202379
141819938
150318158
4749827
353137225
303448354
321551218
400891744
77452293
163965682
301264529
64282226
156380098
198317043
335720384
164723837
159546455
374108808
191700008
1400932256
229461103
271448898
10747908
158166744
327186109
313423505
2005052873
287356332
239721231
286899223
237215017
392924760
325665873
347401680
900085149
161745797
369911515
459217757
357086693
313338137
172067776
388078306
264294390
63224167
89363948
306426530
202511271
83812256
230201148
349977709
397367667
198390699
427295028
159840422
435855067
621485565
274769915
21128115
310004225
626310763
12903790
55778515
174419848
142980919
330093334
467568496
117632901
372214805
219111752
171082503
357371071
387835978
198240225
311897653
467269236
28445255
271879631
148783599
185883792
18533257
77543590
2023763781
393888022
165325185
377554836
452758828
168699450
353503764
403625657
284627497
258513892
310098231
240834707
103121827
147686141
312626970
313260069
21161995
240280530
43067994
157800872
467336723
198148194
42062129
302155790
277951960
164529284
149583965
328860893
11117282
2008655
116005304
10359611
390410291
164523404
213961773
327183862
199524145
157470993
165637640
284598578
233462606
427237155
233192899
275634677
347760611
21031484
219014621
332870317
332155214
309056336
138431696
18536911
393895580
390275780
157652272
455588502
34888848
239823915
230438466
393883284
192732127
13129167
387876868
393896353
138207768
20354398
441698011
229475223
158436333
347691479
118337424
408237375
331782093
229750929
115853235
233574771
456933650
162460673
165657343
165765343
452700055
97505555
387575532
252405780
256486883
81597736
162493644
429684827
157519187
77131489
165497854
348436054
164998949
123417891
272484295
219081655
122783509
18066460
259167330
120531954
160440706
276474860
22008426
389962798
21957860
366973275
266151654
126281784
157550216
157545560
320273381
467385824
154358531
142317501
229596848
116159629
92200375
348317546
15075501
229786139
369922223
268053680
27641184
219116005
256926860
170199006
313757181
347310863
441735063
1878931539
26486655
468465866
399590151
122788838
407908805
229582778
344453517
11630946
68059393
164414610
284700376
164887273
468371813
229743204
199618562
374607967
455822064
436926808
63904507
415880858
416092809
286947686
198208038
27446093
84235851
84072448
255806431
276830397
219894314
193729479
399167691
235563358
192591652
286631208
355684823
123317257
122104636
82605972
331456841
644425733
405582390
162127900
341688032
28228854
452754806
122890007
166175318
348768352
421925727
1400370832
199523378
294178086
21861843
341571306
289338228
207430556
305542297
388135428
275399491
230016097
122950844
239591690
267880632
374377089
467252757
82829410
67069964
89761671
13088033
264101722
256978045
237085230
238716809
54271259
2048920898
257136426
1270885930
149622009
160552226
166085802
341522300
332151895
198178239
347950345
237202266
159502654
277093555
379940523
232975080
219114963
157872215
298246172
237088261
40377434
288772336
368551567
278910035
81912956
207466621
158109679
196847077
188646982
352370090
17666878
445545932
267482942
165372533
188821320
144376560
383623135
282463925
21227177
239306574
280031398
123091906
293879776
455679223
1001187300
352382826
370938346
316316135
199239053
240797869
256452595
89777092
368043587
219463553
166409655
283796315
282782271
159205041
11433771
410469530
21834175
67245570
210433122
125991473
370597247
387288483
198161549
371971587
168809388
157806344
240997677
470803367
158085955
1001173087
173854482
418256166
320490507
162466345
28748045
389963322
158515264
341874424
263837540
28164648
268319848
365105274
374834469
116046460
392934209
233738834
237157532
229452140
237286939
458454524
142382528
420901243
198555309
232723271
81908232
47727051
199687346
219877752
264078955
42383952
405759365
138651330
441737206
284563256
233614224
236900066
63634297
310637826
235980310
251092471
293192349
113673867
287151397
155000505
82098714
353473923
127844650
199712893
230127663
264392616
436867014
406930782
272781944
308068653
258940924
117401783
85855090
279597108
250797436
47935381
219755266
219734214
453045897
13003355
326998973
287194472
441766928
66965376
9464597
329249647
351200720
21147991
142980153
287271053
440662022
229404920
101834236
233204539
285466098
229611333
141821518
141159507
14739172
192650497
258761460
50445080
153898139
120421916
75700506
10202783
229748825
422274647
39424225
165790846
431991565
302757439
236875418
286964699
298108871
274554515
233542555
198241258
229646945
219041579
353879357
441733140
154491742
237009681
313451346
332865034
123446504
299206949
468491496
149396498
274275846
13766938
165373714
365505502
262169297
47583159
158213644
28765599
11238400
379326935
397657524
397282745
250823399
39389616
286523081
346124298
230085290
272573982
272672557
238720786
458482136
162630735
285141304
142586179
219856572
390018170
275633604
229403836
44526755
286408579
372711165
321551595
373763995
240362196
259270687
272532522
408472042
441726910
272274040
304394244
23229472
169740823
163546955
418035797
233051206
387290231
27488906
120421430
142615624
30790738
359047298
25918053
445181581
377727931
353644585
462678041
109750484
453231538
170188732
406533529
304495144
358976137
299024899
63543194
85593343
377784121
44453288
166150466
433501941
137648019
139110691
298734901
353992466
236712665
75834963
229959065
257732025
193678052
230636195
236775984
331577214
244780703
304379819
298967322
120320470
12842160
75881632
441566069
160585695
99990178
82172802
232963462
306179642
356631568
88211630
356150790
219018221
641078107
23769815
286923791
295206687
331710273
1400932254
198556538
284892749
147937900
193631940
158460533
424387182
224608210
233206302
357795354
356682857
399788819
249953834
392537450
306188433
276910571
302154601
229444549
354007946
202422167
420898665
16198755
230119606
155020469
166858124
301409769
71751431
137002343
296884922
277848886
120758683
311681208
198185705
329248925
469802778
233723752
289458389
387412503
301100741
417932984
188821766
126413455
8885307
400405066
163808105
165555423
154224067
410812622
287096979
310932102
298893903
298731285
233522055
356149601
235714953
192496599
219737890
317751215
137003360
306305751
279442543
230199480
348230194
245288199
144296213
243368812
365865451
399916844
10492953
286916556
377164327
298165552
470448115
160533910
138506047
229752045
667962185
188638993
158486292
47819290
219458872
154008614
160472223
142486976
233729302
136756300
241093777
306115118
229712768
86232804
219038365
289316285
233070000
259288589
272678898
196777538
274659623
103803490
336071540
120314188
458689694
336204818
376930910
370042412
199608351
279064110
65521983
366581547
160492187
170193164
270362920
194658383
21150324
28120891
458447610
399825440
158617252
1400891911
22133127
237049483
456137740
252733538
219862608
387564014
262113065
158018422
268404578
141821119
377729979
368205669
377100366
289582823
240341734
230024912
233049900
230118807
1551277244
460058514
193277832
219865081
411217022
229439723
158018367
23708646
75835019
416269246
375076367
50263937
123550613
256352113
198456033
68058905
199375355
188825647
417836969
351667565
359312553
141201605
441731865
274967656
136651206
289511011
233528895
309127708
235710810
193992063
22518578
238652338
315933515
250677965
237124268
243318227
230073401
153991535
21128990
352015266
219003079
219429582
88171518
245041130
430637893
376978329
147992932
142962481
357793687
252738145
22037621
162328564
7622644
20355983
396060104
198185007
269291226
441706139
394123805
237016001
40826268
9569058
257004995
459216464
377051887
241077043
116164903
1955064923
68016307
142490137
356341022
198616233
237300602
138653197
282759234
1882197024
387331030
219796205
232651089
81509432
197472603
10584601
2006608398
288877891
137830829
262251213
420897571
88780973
366884336
399575849
230088535
396011513
303963430
393957537
284191740
417947353
356785231
310362805
287140478
229950766
122888781
69810866
154647968
279927550
64186861
316449921
316844647
164277862
458452568
462618795
387353385
85521725
331941912
393898163
229775183
416576383
403493329
269698539
154664604
116371654
321475600
198592710
159209020
258873063
233084640
47818033
232980350
428396917
233642245
329292962
229974817
343778934
416282724
128380776
186615437
417650973
257822792
452569823
47628187
241018215
416119170
1716562912
259169431
219854987
95777770
103804621
237197651
251838115
185848237
233731095
39389004
193823978
377781542
117278732
372687282
147671692
154664605
275770351
405687343
67990085
405525685
240807545
282072180
417699915
233080216
288345799
365968021
259266953
394384579
233839656
353480373
21983001
157834555
7718560
142782271
267933285
280032783
75655116
288857619
275260565
395768366
51272145
86375601
333956519
159773066
86339506
441801208
423926958
282924853
27419548
115230116
444045137
305383753
237216141
469533510
436857061
288242818
128340531
237284017
365968225
224293266
198560350
396262680
359676790
393012276
376925533
367233858
233158676
395786221
230383826
388075414
232646673
229449680
27446392
229500593
288391863
391833852
287085999
288469691
82403176
356538268
72621014
422745687
236958828
233241011
103686920
237203037
424391070
421332084
452689159
353734834
82398641
258852271
199743559
48191749
284205099
307957728
274966714
318252482
76350212
303348471
376022915
311567350
298753279
154656705
329248092
39200046
259266354
357170407
237012661
316632663
219824182
392234258
229473543
1717994248
257730194
39321885
392567967
316627165
9705109
207502450
470245545
276907697
268378581
441715039
239841523
39549499
28071873
188667254
233120536
10471162
356225087
355835517
35024386
241197867
456130400
392979958
366577748
9430013
364116747
256932495
154092040
363030357
142935040
13543144
332277745
219797460
269667059
340602601
417142999
154489383
156199496
159947845
10861742
202299773
268608949
233187267
147937734
139416182
149928752
376795533
403436812
42591437
160422858
199665425
125669930
243335760
372640713
135362677
142487281
229609099
356700488
424463182
229442471
295807211
365677549
353298304
224306933
399788681
353783935
46619163
357372327
260593507
219792306
441733141
144376556
219793189
166076499
233646116
1976136850
7694175
149415823
424731804
375796601
283819432
44522764
362108122
138433385
307906863
280035155
169568250
400948009
48310179
377304934
258828245
42500899
116273717
233722108
196892529
233180127
371815570
441796724
76346008
351763446
105160013
313108880
198149004
289580892
265311348
164649112
233684249
455723057
141813828
900275773
373386396
166177414
103657028
257060936
48219653
240947417
75862086
315519420
233725802
48089512
130713772
166064264
229752137
270782239
199661560
270217681
406856680
160439822
198489041
230120584
420654021
258629556
390205721
27698470
336010076
305479069
417270886
424737690
188002122
157422336
165466021
229966602
458454607
249943198
219878176
144332000
84295394
272565843
298646999
307734545
267571032
229482822
430584093
12670497
202407195
417921545
39427254
122103128
224601357
320524593
26278802
337377490
229585587
26925724
25613685
287138322
353988894
233082248
233197293
237300603
289531659
376929923
17655496
305831774
351765104
5423804
356744650
356888827
261083693
288846670
42837303
123234236
311068915
284295685
458460656
370691755
165455054
257652267
7778831
275905359
308618515
441741415
230394278
272680526
1981197074
1551557658
219730823
198361902
282925551
122839894
441728026
284459161
199617759
39576702
230080114
61321670
374913860
160409803
431375592
441690822
273594287
232649590
26660444
387269999
127846210
137975948
48193352
88839983
229775860
60387732
274457752
230283959
219093356
350073182
144334378
148895144
280161519
284901798
158579017
199684866
336334481
236779956
128503477
392567622
142519290
272075189
270217632
39550666
41680093
258920621
331387944
147879328
309850240
462615600
86131897
377050568
219116889
233575753
42834791
25694827
219790151
900444914
219803186
284299096
441804568
250660604
81914898
445605526
366118826
229687624
276812895
256556892
356866686
274969396
233200532
288487836
229697984
368798269
462544722
393952062
199610530
236761089
28304903
288673464
252153841
160490564
371832659
356199246
48022676
1878931545
367610104
353784443
355826960
193602730
260347431
259274531
161273827
158212599
224719157
29068045
264305922
366562920
237293530
233231869
39461314
230126367
138976037
13081436
289163658
233575364
98148702
55753112
284062977
219848819
229764431
229762060
421331159
165715258
230072963
9569332
239209855
23395197
343216782
243314685
388636568
150989170
233657298
237192422
9487597
39514890
265147478
158842961
219821970
82689021
82616882
257635127
28682401
237155707
317778446
417449677
252578707
122892874
256563555
445380881
148960134
288487369
286413906
352010539
188822459
116615131
312361414
363732000
378994905
233050090
147627669
27434232
377197068
157808316
282923232
123234892
233084720
94280922
10666479
393884179
420288013
259396333
154181838
29001568
9297696
441728870
357422809
99903855
219898670
252360004
99970677
219858451
431632843
232625701
424002359
46674348
166151356
48451252
287319831
142277151
180808443
285011981
396429296
302621407
298554256
219848545
259004487
219765354
336075801
308961650
10289027
207398184
459214217
279505309
156464520
362213004
292405185
193579521
188668150
341684184
192844381
311236552
233161833
309998136
189630420
219760880
161058564
282925081
367782310
418013928
235994740
285006983
230379704
69756000
289582691
230064070
229955184
99902074
356822358
99382119
405526038
297259536
219882723
390127578
148839101
387568679
160520074
445274213
166087810
41996601
374298760
180699179
166087328
341687229
274458869
142615793
219859691
441762631
394132532
367959899
264158068
123236228
383719444
7896398
321040990
233210292
159740890
7901466
24580715
308874825
199713797
307983724
417066088
336406771
219859507
311897380
335951698
389968669
233678883
313403048
313110018
255993777
233049320
252696960
1001088799
154092440
154091791
230077478
364028674
252778660
353781544
136728967
441704810
224299924
286727283
356865826
43667308
353988582
298666271
86913973
230072155
272760188
229464446
235568144
166150348
390739197
77353798
377780437
467576416
85516761
136997146
173083327
370518476
289722757
84898938
230264372
157888221
158752345
405460905
257491569
201240538
117485762
47729453
7799220
219755548
367614642
286552879
357792709
229508304
233631997
250714700
405935898
316046631
346725699
284169357
313498690
123095295
322399290
207425552
230124369
237205870
21070451
157758793
954270112
353459607
349667325
207462962
289540757
284628881
233205226
313466940
289570935
257046388
377099704
99222716
288846484
290911618
1102660104
316333039
237202610
1001230963
408616523
384377193
272217583
103689487
264153750
424573075
139063122
331957558
150387080
229437474
355647022
243314669
333070946
286006533
274574458
289522943
230131418
252725557
47876171
403355620
445298766
229789003
417416329
286945730
117170301
193870860
334635873
229441200
82331749
330753460
298600588
312886004
233158962
63237102
138508187
219013284
356920292
27657887
441801393
202468629
399087412
289461248
54126818
164834852
249830714
359313776
274313770
289132769
256800018
121381208
403943736
377102961
160987415
129913400
2001791220
154096314
367812585
219017071
424867674
122788871
358009578
160520539
16617137
236815784
394129669
230299548
420897608
299090842
264248402
377290392
341873554
352238221
390891443
219730598
193796004
356110000
29817056
70247668
233079272
259171424
266338052
390733496
414964484
394129745
284205301
86263835
275263852
316959529
47673824
313260957
219893061
138544299
270282364
428907381
219812640
229675161
154346102
243331239
173428215
387675343
428040448
403432373
441789740
376975340
441685638
267750206
160393685
354174786
138171891
154577414
441661319
39641985
232672291
233498415
298733302
289315619
137750629
26957587
219806941
165500081
198509725
150276417
284476176
137880970
67685329
260964731
341773094
85408122
164559281
267813780
314461389
441709021
417921531
424902813
188780222
259716239
82800685
164885917
508380320
279282347
229790429
256607126
157222593
186140871
393944058
233097244
199448169
229498188
298484531
367752981
456904038
310097688
115300649
82237164
12522245
315935863
258829760
237285969
229451873
150326863
171315978
188667537
164821650
99901640
257732381
445605826
284361033
256529312
312060273
282554725
279440723
157977521
2947238
157764744
355919225
185843736
198538099
441809619
417935524
298962001
247373804
373706780
202351609
58685584
21174957
230285518
101876193
303828241
1002795169
272077752
376991612
352238969
199710818
315621668
383622249
90964631
233526869
462546411
16147810
257310225
270695236
198407860
233010666
82599979
219802774
274913960
157987932
188819927
158114723
258277260
154068411
137005144
391086421
5490216
170653829
289721816
164556076
198177780
154271568
237195876
306951699
236903132
395634740
310351956
356066700
39072261
395900571
348675548
390457659
165733629
230228435
207465076
256620602
47583864
336205330
315977580
362256860
394794787
258920041
230281367
301263680
47971967
235982176
137906810
198155069
159970559
154483826
456209329
64778924
233273901
207384903
70792227
142942085
351908831
390572522
377254191
229492769
27644227
393788385
389967983
148912403
308958576
84302264
27418279
428253890
240403806
229639858
255920067
350696291
233078994
81750864
229436921
259236574
165690117
161819726
11696250
232971368
156457171
424462081
198611149
233159768
356785166
259270241
441800221
233569604
364261260
510156940
366387273
18908649
268162351
244567895
376847833
154491644
278352995
232647016
22706283
219732512
48194612
147643290
389913525
364965655
286200611
55748647
403403460
387410418
421560231
194665135
272781892
298071718
198178315
281769477
229946075
232616536
356239840
270319252
269270680
256428083
230286093
240512654
383902743
233712433
157328661
416617720
308016265
236781593
407928406
230395848
53699349
367855443
279919785
343271303
166052607
233046979
170932338
409525463
366162981
48448789
14098623
1270849416
468835288
159505022
9347168
230393815
274272594
356349559
421309668
99906296
384376520
369487358
251838137
372186057
154010909
250868026
123414758
233199758
129904995
1551775641
302330479
219880693
274371599
459981342
128866613
14408447
98937256
60044670
264301972
210348659
176716425
137770520
371516925
237009864
441705496
390971446
21751852
364501801
229673287
417644139
21546574
198362570
416402484
229504243
158166573
229766711
99696926
150185453
186136107
453425267
250919950
267672345
284567137
233007430
199164436
233048274
398338077
264217214
243172434
402898205
371066950
7694663
256068131
243278290
158534596
2005933306
467183071
10469071
357388881
341649338
284192812
251836613
441801702
235904625
329292751
256506348
46681447
156509985
335746512
199613445
237281589
229966577
233738223
236972632
332313146
147936979
299160663
243284835
142780448
347760934
20771438
267542959
233005572
271545783
250496226
298786750
219847327
136456960
285013251
3311888
198317654
229641819
243337658
187873512
119696797
236668719
159818179
360019461
186179099
21959828
198177784
332149528
1718033471
233714249
230378407
334898681
389407685
264006142
198177441
1717792996
427977514
388133659
229977160
434212297
86274156
229553174
405526907
359677968
158013955
290913828
267687905
57589186
427979435
115909462
233155130
330616045
371070027
57960590
267574461
219431125
283060199
236786762
286725249
55747201
289785016
85408583
229938897
219871448
329153706
164414051
27488593
417829193
219855548
311022188
198355046
375606405
390403407
188774365
191722399
158534165
329250735
233903180
374141823
233497776
198187877
219458146
435967002
53182292
154014543
160550957
424438640
339372739
284970803
369487047
235982039
233207646
417829082
446172447
357498029
624212597
417850234
321041809
21100418
387284753
233203045
219900408
160860416
441663441
154565606
450302084
288755488
383725020
117631084
49717875
142586408
117273166
159840569
275837907
395465057
349977216
327256366
13783616
16880354
237303384
229947211
120102957
332626441
219777669
229675164
288524494
158460618
28006182
241120092
229540730
85694722
27446021
236896126
243332311
230385595
420901397
288857294
198279224
374842093
458968020
373559854
287935469
356015180
441708734
34783931
236769341
471012022
456337080
286864526
237161094
351679665
414897731
230117425
243270928
219860741
70352422
240419037
161727881
224598071
350738767
661540044
165370459
23985680
274415130
289532144
359248557
302547132
252779698
156513058
421333380
237205890
1976136852
128504988
88646716
278555119
257458974
21787625
162234641
85459069
284660452
27434868
123408566
456903607
229751802
193802224
236788144
470822365
389959728
252795984
322369108
235687190
364131839
446118753
264298221
160035211
10584477
357794935
332278062
334297172
229972745
164829000
229773112
35201587
307987417
230073588
43874704
383475650
258461740
347924855
470309381
272784377
165721618
270258076
219881618
164174861
309052044
137004295
198102424
193615129
379628901
356340717
323122938
147561034
394026790
416404269
257337256
258779080
428534573
121067499
259570718
235955072
199504894
159893969
47734697
801503544
68832363
302668885
123200196
166180348
423927136
423455800
332333094
165370745
417277202
250715152
229401461
1120850
213172827
48136088
229538073
233657619
287194951
115582577
219011115
315755583
149915199
232525866
207497136
28407464
240889487
264302024
236760731
219725982
137803226
237221821
282173645
198560607
159920191
101721960
1979259482
233524710
219730264
233463175
237257484
83403878
11710681
161563111
298734307
459979764
177509124
84652583
122952916
175401406
359674730
229639494
271542846
329269842
392125249
370947347
53482470
157950754
394050373
235901877
236982983
154164273
187785852
198237914
165944402
199710486
229950056
236764295
376975597
341441461
137910089
23331223
266400920
233075235
459976751
243272457
284568250
409455240
275101768
88895406
1718177727
120532285
28678613
47677211
235927318
257529396
237287990
313276541
63368466
343563003
1878608085
13617136
264301634
236759093
27402769
63291518
252703564
299088891
359115331
18232709
122280962
14209654
237201068
392924100
348021125
235977715
343264261
284191544
327398763
424434618
470793353
78586367
138652784
86272702
216977460
27354139
417513400
372339780
416278758
165614600
232627782
39515646
275631920
219100996
302307924
164054948
166012567
400233412
215934882
233153706
2676497
21133246
256640809
237201253
219805298
39777462
129457735
421371925
233544651
236813492
332506395
43338030
142487555
230062302
348023621
395889507
368145364
288383445
47876083
275692938
159158728
154092852
219730266
359393651
83191121
353215176
115985506
21439835
272650500
48531140
356744228
258922669
47931913
18634237
3813484
142946146
1955064928
229462659
275855819
138252859
441691246
21190015
233154667
252653577
219846476
244451420
357397731
356015617
298808701
233097961
333540455
236776067
420111755
376998756
230116331
410501351
467574373
16617325
229937958
172551734
258956194
1102480440
177057901
1969734426
418645421
388078803
444062991
383672911
280162339
309807244
269596588
188766090
232521096
428865461
232675523
139156988
258871380
355824995
428254135
264157765
445632820
356494155
142946431
417931033
416192955
351732275
17448731
264308765
147687032
229445141
20429362
367682011
405717854
236899970
264309181
198387091
370723361
460002894
219010458
81593232
257495677
332475358
256803073
334852618
10181958
331537139
284481971
103691355
165374058
233122146
123092464
323143273
219853425
417930930
229969898
252742783
88782683
8246561
63744647
233081707
243284447
321862543
286323312
230115455
5360219
271659529
48349975
203008960
264105265
159210001
86373256
17192858
376974575
229612809
328901699
10584805
160473921
320324154
285012395
39426423
230073267
235679440
116361759
450340995
341545336
459982234
1271279099
232969359
270491231
267223166
352912870
116095877
28129850
164725364
233178386
332504575
138318354
127586667
233839416
417927806
366787795
372403084
267673955
165498199
20526383
166065286
230015612
28177695
363919467
279720865
219779731
82169137
335916263
258391598
249812801
322439270
147891343
103571856
418923679
27418580
355126608
309138066
230115351
267812561
288601729
203134257
450164166
153919407
257731992
159636125
440459327
366121278
377102469
207402633
316384997
320499054
302331897
117311671
230113769
21831633
236894860
10289988
219780519
230197530
377050721
1871138506
359584313
452774093
286565893
233631664
101720002
308358156
408577162
166178050
235990781
258701274
392569822
424696909
136466789
230118997
219083607
337831769
259171655
233190271
28858893
230375613
264222470
367737522
399788684
237101581
310964871
123098868
120044311
366941863
260278573
666098526
198479552
137834492
126997070
229746165
26368499
154891878
164778123
15554195
237289001
230385855
198583925
2017026305
460091665
21018963
441718956
452992107
417699430
116280121
423455537
407589461
230050350
355917847
355572010
28257566
192878292
369382544
292937625
202380346
518983696
252193521
280162873
470816462
198639524
305291305
374251931
207465201
417847904
229596329
233073991
229777070
157880926
1551387123
136984059
417644892
99919259
164266012
259038627
92309566
441742503
142381218
156491636
126314637
173615583
260343255
336204476
461523884
645880033
230397408
446127290
257335876
353983458
232639453
224292452
441727645
12689403
164416605
80684903
159838510
307989264
334230144
256342826
123127263
229639915
253050110
321827134
27843322
296326537
12018859
394129990
164656270
406930371
236653990
351800186
359678852
230064221
356339994
232541371
367704546
357595904
250559570
138589695
366416144
293947995
326259216
424573214
252168977
115138542
255996666
22874933
256514668
252825846
352317188
147642303
417660500
1884151242
301263808
244914111
416280326
147608359
284362915
178143254
159871873
224608313
236761202
396355887
416934912
219893557
64591757
120317267
307960079
150760426
367681857
269664492
259100244
99330791
470616015
288525537
308447073
229582807
256864636
219792712
456198813
9589146
198179599
158385754
309808729
137098226
232612827
445868922
453157414
149928367
470642431
198491466
274697423
403332763
430536175
330472230
312471759
243261186
356015528
440389201
13886250
72020292
157854856
346337997
233691797
399860141
259232873
366720204
219091132
22812287
15255109
2236272
302670942
258830281
50934751
237120509
154665789
258462101
186297798
199635118
311001522
359556016
289570068
387603862
199493896
165470950
233197480
116048705
377050992
229481079
116022395
406368175
159161415
117411688
424277160
457139941
353467380
195491629
395550570
335682330
138371570
237291761
353730782
159346117
67300997
165505013
235684230
363821402
157318377
298730971
116333600
99920423
219094612
39201666
50354055
365089053
141178611
298553351
324329909
116262905
330131047
195344411
252191219
329343346
390129724
365198353
302543184
142905711
405835950
441726485
200020618
27984643
404355884
100090050
198456476
252809234
219817510
252149763
332478347
265147852
394889906
274554412
373238118
233268247
229953506
55726121
28242127
237215782
230073581
289250717
469466858
128379228
99988039
165650974
115623139
257063541
28664347
232642771
138678162
240573056
14962502
301829477
470318054
290002125
232983391
81386317
470584356
99330181
298073824
258831718
289247718
90585835
21278113
301264701
428724784
352372051
230296711
158565141
252751067
289081154
12675678
645859163
317150278
331946878
138973933
237104454
233625790
336074536
313386880
252848696
396060345
55779390
392319021
430755801
285792766
272133874
297983686
397852230
219758201
460002856
419354107
459984491
158588815
431416493
316333037
137193989
47578938
467257971
235998916
23753424
402894400
387409501
235714240
390128160
385253658
236782008
27350813
282924715
232982467
267992269
387681542
305636986
47583918
233865363
398266147
404483167
298162313
289623592
233613702
236779934
436083994
284453619
359415582
313283298
1400665261
445624104
22129510
229689988
18270000
347311037
405503414
52712633
224390414
53523437
331518177
159814696
383721019
233721425
408619844
89508792
14211160
117120388
303247444
459142134
307986093
389968368
233532108
357657732
287195157
350988050
207441662
21961838
403915066
202422034
422290758
162180986
219004214
180626613
88997621
351193032
267924099
232609078
329170429
159889594
372759478
257732522
138643670
199663282
298830526
180852128
259271401
393911641
355937769
230075248
329000546
367839275
63815356
232521190
336118727
82599600
142429895
235995153
213412439
198183483
229586778
233683700
155915398
359391325
230267498
467254237
348678125
54372811
356978367
394130313
186669992
199573860
230069422
48021750
389916793
219851773
416404380
160519639
156210840
48023276
467252619
138089107
94373189
22076175
7616646
399122292
602309646
235983031
219686371
298785859
164646500
129455317
158174188
421307009
116363657
648359612
292463254
249945675
237131219
229476369
277239793
159941024
154657575
272786156
233609817
441725988
288380852
219765150
308438583
264194634
229461342
321453600
346987279
119999069
8293948
304525254
357031640
198492576
82011562
376979188
233272184
274485843
219786909
272787314
399135590
195982884
244827010
1102701768
310416088
305237091
47578939
289372185
284678786
157329219
455588711
275753681
9825575
308876508
259272661
16407290
43333478
21834174
313591199
280029186
289014212
164555824
142751024
144311900
418301007
391081821
99903544
417839473
168700288
230059312
232964056
237256697
154568873
305794704
180695775
239615955
207500374
357449309
161708767
143546887
214233976
224692180
258061774
165627905
232523409
273638218
192882277
250801235
99867873
355835120
198420284
190614293
368436509
39461442
172275433
387268939
233537201
441716374
1884490464
359187942
430378325
387757610
159888150
142784946
187107880
84314873
1974149593
249889028
286955872
27323023
270491667
611807663
187038876
18020108
233128601
9700800
27804284
252761594
139135703
123314302
230563345
310922962
159201654
232975214
229743674
219063030
235714568
401007302
420112610
377099481
233016542
286899460
237204204
207385340
320526285
82224114
229451298
282855395
82620914
229412873
229937032
284890238
308015218
416405200
298731532
236775592
275693332
332263395
197606318
260980958
198418972
362259855
288454662
274554671
202511019
148967152
147611197
334799128
469793972
328998344
236904794
426649664
279977026
298832266
272372503
441720643
266034083
245184778
249897518
312367358
123010341
355927695
198312841
27420574
275692390
233615190
298646916
48190787
156085552
138652093
313422677
273240481
275530995
100757381
101232323
101434215
101455096
101496204
105450460
105882458
107464225
114054090
114818524
114920186
11518297
11568464
117514304
119371469
119755641
120161491
12099680
122504932
122608337
122670213
123335278
123368006
123405803
124369049
12472275
129115637
13137970
137730999
139227057
139322307
139327560
139364395
139482933
139899239
139983853
140478472
140493547
14081258
143404837
143821404
143926220
144125919
144251856
144443966
144460931
145010886
146268684
146343200
146636088
147948119
149120716
149124218
149291831
149699574
149699591
149970599
150390525
152222884
152288334
152504566
152539284
152853795
152912754
152936514
152963553
153408739
155314241
155984118
155989608
156003501
156084454
156937671
157116410
157396910
159734992
159859457
159923769
159988460
160196838
161223691
161267694
161378663
161614046
165161774
165725926
165889295
166764364
166840700
167084298
167121846
167249549
167460093
167719897
167977484
168275412
169421022
170882685
172278692
175373890
176831034
176937936
17762630
178719028
178734769
178859380
178876459
180145982
180723629
180984779
181165389
181821138
18344886
191347420
197643940
197682658
197758148
197956312
197960114
198037821
200699744
20092641
201175687
201252832
201427046
201753758
204328787
204613238
206462567
206480502
206482593
206497887
206504434
206504455
206508474
207007857
207075739
20925093
209407002
211380874
211408248
211409161
211409752
211409944
214300025
214426920
214515903
214913775
217010441
21729546
218966627
218972787
219139297
219159215
219321900
219335994
219410600
219990365
220414174
220417314
220418990
220421643
220568686
220582522
220595565
2243050
22765098
228969249
229034610
229070118
229073422
229112341
229157734
231013060
231013653
231283677
231289833
231832850
232049513
23221002
234279605
234280151
234516483
234517168
234992286
235000637
235059216
237313342
237321052
237336121
237849622
237914675
237927802
237944314
237950845
238019745
238121919
238169454
238191188
238644222
238829802
238852296
238878215
24359682
24608356
246895877
248685847
24894997
249031514
25120280
2517886
251883808
254321766
255636057
255688269
257720492
258189888
258572301
260129352
260504192
261137407
262028602
262789653
262837838
262837943
262873725
263078264
264767366
264770496
264930026
265170645
265208444
266643545
266749369
266769513
268666367
268717240
268784292
269342892
269857393
270357365
270471483
271503982
271554988
271627611
277802792
278270755
278778981
278803589
278826448
278992816
279484406
28001433
281426874
281563494
281597400
281704750
283528175
283747061
288023686
289844053
289943801
290049665
290076191
290076633
290076659
290644871
290665111
290714829
293112808
294302307
29436015
29479691
29498876
296042938
296264751
29629963
29716848
298961315
300029336
300706758
300809629
301793286
302591223
303894818
304056132
304102150
3055978
307082925
309657054
309803852
309931176
312423966
31273219
316880689
317183776
31927196
321087351
32354909
32449778
326185137
326442634
326444607
32647580
327913737
327915121
32927362
33048895
331105618
332653823
33285649
332910986
333342565
333382080
33548890
33664535
33914700
33946010
339860832
342073807
342680077
343832647
345480042
34575166
34726770
349478794
350824498
35387651
355209666
355494582
355580207
35744706
358336743
35860392
363372219
36404267
366631850
369578251
369639876
369964729
370136985
370705514
370827350
374238746
38022836
381926513
381926647
381951850
382032472
382145868
382199441
382200608
382324187
382381510
382581230
383440463
383517469
383556027
383664368
384336963
384749330
38589392
38682688
38697559
38763035
38821504
3891820
389661615
390159231
390557756
391044439
393750338
393879117
394044886
396744124
398012775
398841826
399618982
399665409
400329089
401529004
401945857
402945769
403207877
403317706
406322391
408016570
40891198
409318512
409763681
410150109
410214778
410393612
41109611
411262001
414380191
416672228
416674665
420014358
421292965
421562694
421903265
421920965
423278503
423768826
425206767
425802800
425826973
425999468
42884524
43364502
436617542
436703420
438152268
43864479
438740715
441131896
441195007
441199678
443123866
443581557
443970726
443999811
44577874
447936084
44898098
4510637
452386130
452413880
452710149
453259099
453484274
454422400
458108252
458581889
458587483
459537996
460953229
461314413
462227502
464832103
46626131
468986262
469884002
469946937
47295800
47316757
47381413
47393760
47593974
47636615
48176313
48239142
49048549
49316146
49789073
50231394
50656469
50790199
52245692
52256496
52365035
52386053
52454620
53164145
53724519
53725417
53750844
53895588
53895723
53950487
53953704
53953754
53975488
55498082
55649060
55935426
5634429
56525623
57452406
592638
59350041
60137002
61392065
61462799
62480238
62529888
62734894
62971651
630318520
63697460
63908567
63941995
64032816
64065622
64066049
64110751
64199833
64294446
64780960
65362513
65414269
65539599
66375660
66377825
66398170
66470069
66602703
66776048
67565908
67649100
67870098
70448692
70511571
70987067
71273195
7152332
72581578
72592101
72621582
72623280
72638106
72762674
74051493
74885707
75160550
75392985
75830130
75968883
7908480
80083854
80804822
80909728
8158792
81793226
82805851
82806895
83154764
89003472
89019766
89266092
89305230
89332698
89428867
90128622
91432035
91515391
91526790
91528551
91594940
91595611
92625873
92628802
92788444
92854156
92861875
93092178
96315559
97401715
97410755
97432172
97519794
97822587
9803255
98626688
99181047
99765092
