tic,label,reobs96_geom,reobs103_geom,reobs96_lc,reobs103_lc,reobs96_tesspoint,max_sector_since94,max_lc_sector_since94
2876,Planet (P),False,False,False,False,False,,
4711,Planet (P),False,False,False,False,False,,
10489,EB,False,False,False,False,False,,
17361,Planet (P),False,False,False,False,False,,
23111,Planet (P),False,False,False,False,False,,
47667,Planet (P),False,False,False,False,False,,
56884,Planet (P),False,False,False,False,False,,
105400,EB,False,False,False,False,False,,
158580,EB,False,False,False,False,False,,
160023,Planet (P),False,False,False,False,False,,
592638,Junk (J),False,True,False,True,False,98.0,98.0
808243,Planet (P),False,False,False,False,False,,
857186,Planet (P),False,False,False,False,False,,
909930,Planet (P),False,False,False,False,False,,
1003831,Planet (P),False,True,False,True,False,99.0,99.0
1018843,Planet (P),False,False,False,False,False,,
1042432,Planet (P),False,False,False,False,False,,
1103432,EB,False,True,False,True,False,99.0,99.0
1120850,Junk (J),False,False,False,False,False,,
1122079,Planet (P),False,False,False,False,False,,
1129033,Planet (P),False,False,False,False,False,,
1133072,EB,False,False,False,False,False,,
1260235,Planet (P),False,True,False,True,False,99.0,99.0
1449640,Planet (P),False,True,False,True,False,98.0,98.0
1449756,Planet (P),False,True,False,True,False,98.0,98.0
1476234,Junk (J),False,False,False,False,True,,
1479206,EB,False,False,False,False,False,,
1525480,Planet (P),False,True,False,True,False,100.0,100.0
1528696,Planet (P),False,True,False,True,False,98.0,98.0
1942622,EB,False,False,False,False,False,,
1942969,Planet (P),False,False,False,False,False,,
1950736,EB,False,False,False,False,False,,
2008655,Junk (J),False,False,False,False,False,,
2010901,EB,False,False,False,False,False,,
2032632,EB,False,False,False,False,False,,
2034171,EB,False,False,False,False,False,,
2096232,Junk (J),False,False,False,False,False,,
2106313,EB,False,False,False,False,False,,
2229921,EB,False,False,False,False,False,,
2234723,EB,False,False,False,False,False,,
2236015,EB,False,False,False,False,False,,
2236272,Junk (J),False,False,False,False,False,,
2243050,Junk (J),False,True,False,True,False,99.0,99.0
2333883,EB,False,False,False,False,False,,
2507547,Planet (P),False,False,False,False,False,,
2517886,Junk (J),False,False,False,False,False,,
2676497,Junk (J),False,False,False,False,False,,
2685481,Planet (P),False,False,False,False,False,,
2758565,Planet (P),True,True,True,True,True,96.0,96.0
2760219,Planet (P),True,True,True,True,True,96.0,96.0
2940839,EB,False,False,False,False,False,,
2947238,Junk (J),False,False,False,False,False,,
3027681,Planet (P),False,False,False,False,False,,
3055978,Junk (J),False,True,False,True,False,99.0,99.0
3224605,Planet (P),False,False,False,False,False,,
3233861,Planet (P),False,True,False,True,False,99.0,99.0
3311888,Junk (J),False,False,False,False,False,,
3364732,Planet (P),False,False,False,False,False,,
3658835,EB,False,True,False,True,False,103.0,103.0
3680800,Planet (P),False,False,False,False,False,,
3728481,Planet (P),False,True,False,True,False,103.0,103.0
3808740,Planet (P),False,False,False,False,False,,
3813484,Junk (J),False,False,False,False,False,,
3840990,Planet (P),False,True,False,True,False,99.0,99.0
3891820,Junk (J),False,True,False,True,False,97.0,97.0
3896759,Planet (P),False,False,False,False,False,,
4070275,Planet (P),False,True,False,True,False,98.0,98.0
4102368,Planet (P),False,True,False,False,False,99.0,
4165850,Planet (P),False,False,False,False,False,,
4426490,Planet (P),False,False,False,False,False,,
4464022,Planet (P),False,False,False,False,False,,
4486230,Planet (P),False,False,False,False,False,,
4510637,Junk (J),False,True,False,True,False,99.0,99.0
4598935,Planet (P),False,True,False,True,False,99.0,99.0
4605846,Planet (P),False,False,False,False,False,,
4610830,Planet (P),False,False,False,False,False,,
4616072,Planet (P),False,False,False,False,False,,
4619242,Planet (P),False,False,False,False,False,,
4646810,Planet (P),False,False,False,False,False,,
4729001,Planet (P),False,True,False,True,False,99.0,99.0
4749827,Junk (J),False,False,False,False,False,,
4897275,Planet (P),False,False,False,False,False,,
4918918,Planet (P),False,False,False,False,False,,
4959676,Planet (P),False,True,False,True,False,99.0,99.0
4999813,Planet (P),False,False,False,False,False,,
5024743,Planet (P),False,True,False,True,False,99.0,99.0
5109298,Planet (P),False,False,False,False,False,,
5205367,EB,False,False,False,False,False,,
5224772,Planet (P),False,True,False,False,False,99.0,
5360219,Junk (J),False,False,False,False,False,,
5423804,Junk (J),False,False,False,False,False,,
5485318,Planet (P),False,True,False,True,False,99.0,99.0
5490216,Junk (J),False,False,False,False,False,,
5592720,Planet (P),False,False,False,False,False,,
5634429,Junk (J),False,False,False,False,False,,
5709314,Planet (P),False,True,False,True,False,99.0,99.0
5724439,Planet (P),False,False,False,False,False,,
5772442,EB,False,False,False,False,False,,
5800958,Planet (P),False,False,False,False,False,,
5868998,Planet (P),False,True,False,True,False,101.0,101.0
5882269,Planet (P),False,False,False,False,False,,
5972036,Planet (P),False,True,False,True,False,99.0,99.0
6010784,Planet (P),False,False,False,False,False,,
6276559,Planet (P),False,False,False,False,False,,
6400274,EB,True,True,True,True,True,94.0,94.0
6400304,EB,True,True,True,True,True,94.0,94.0
6404965,Planet (P),True,True,True,True,True,94.0,94.0
6408102,Junk (J),True,True,True,True,False,94.0,94.0
6470454,Junk (J),True,True,True,True,False,94.0,94.0
6499453,Planet (P),False,False,False,False,False,,
6594598,Planet (P),True,True,True,True,True,94.0,94.0
6653897,Planet (P),False,False,False,False,False,,
6663331,Planet (P),True,True,True,True,True,94.0,94.0
6670156,Junk (J),True,True,True,True,False,94.0,94.0
6764171,Planet (P),True,True,True,True,True,94.0,94.0
6785559,Planet (P),False,False,False,False,False,,
6853696,Planet (P),False,False,False,False,False,,
6892385,Planet (P),False,False,False,False,False,,
6893917,Planet (P),False,False,False,False,False,,
6898572,Planet (P),True,True,True,True,True,94.0,94.0
6942395,EB,True,True,True,True,True,94.0,94.0
7013622,Junk (J),True,True,True,True,True,94.0,94.0
7020254,Planet (P),False,False,False,False,False,,
7059054,Planet (P),False,False,False,False,False,,
7087454,Junk (J),True,True,True,True,True,94.0,94.0
7088246,Planet (P),True,True,True,True,True,94.0,94.0
7152332,Junk (J),True,True,True,True,True,103.0,103.0
7274938,Planet (P),False,False,False,False,False,,
7413227,Planet (P),False,True,False,True,False,102.0,102.0
7422496,Planet (P),False,True,False,True,False,98.0,98.0
7439480,Planet (P),False,True,False,True,False,102.0,102.0
7439481,Junk (J),False,True,False,True,False,102.0,102.0
7474623,EB,False,True,False,False,False,102.0,
7548817,Planet (P),False,False,False,False,False,,
7561203,Planet (P),False,False,False,False,False,,
7562528,Planet (P),False,False,False,False,False,,
7583660,Planet (P),False,False,False,False,False,,
7616646,Junk (J),False,False,False,False,False,,
7622644,Junk (J),False,False,False,False,False,,
7624182,EB,False,False,False,False,False,,
7681574,Planet (P),False,False,False,False,False,,
7694175,Junk (J),False,False,False,False,False,,
7694663,Junk (J),False,False,False,False,False,,
7718560,Junk (J),False,False,False,False,False,,
7778831,Junk (J),False,False,False,False,False,,
7799220,Junk (J),False,False,False,False,False,,
7896398,Junk (J),False,False,False,False,False,,
7901466,Junk (J),False,False,False,False,False,,
7904580,Planet (P),False,True,False,True,False,99.0,99.0
7908480,Junk (J),False,True,False,True,False,99.0,99.0
7976072,Planet (P),False,True,False,True,False,99.0,99.0
8005485,Planet (P),False,False,False,False,False,,
8158792,Junk (J),False,False,False,False,False,,
8246561,Junk (J),False,False,False,False,False,,
8260536,Planet (P),False,False,False,False,False,,
8293948,Junk (J),False,False,False,False,False,,
8348911,Planet (P),False,False,False,False,False,,
8400842,Planet (P),False,False,False,False,False,,
8416274,Planet (P),False,False,False,False,False,,
8516795,Planet (P),False,False,False,False,False,,
8599009,Planet (P),False,False,False,False,False,,
8621049,Planet (P),False,False,False,False,False,,
8677530,Planet (P),False,False,False,False,False,,
8677665,EB,False,False,False,False,False,,
8767448,Planet (P),False,False,False,False,False,,
8853478,Planet (P),False,False,False,False,False,,
8885307,Junk (J),False,False,False,False,False,,
8967242,Planet (P),False,False,False,False,False,,
8988289,EB,False,False,False,False,False,,
8995204,Planet (P),True,True,True,True,True,96.0,96.0
9006668,Planet (P),True,True,True,True,True,96.0,96.0
9030119,Planet (P),False,False,False,False,False,,
9032368,Planet (P),True,True,True,True,True,96.0,96.0
9033144,Planet (P),True,True,True,True,True,96.0,96.0
9037655,Junk (J),False,False,False,False,False,,
9100874,Planet (P),True,True,True,True,True,96.0,96.0
9102327,Planet (P),True,True,True,True,True,96.0,96.0
9134886,Planet (P),False,False,False,False,False,,
9136777,Planet (P),False,False,False,False,False,,
9151337,Planet (P),False,False,False,False,False,,
9155187,Planet (P),False,False,False,False,False,,
9166136,Planet (P),True,True,True,True,True,96.0,96.0
9216075,Planet (P),True,True,True,True,True,96.0,96.0
9297696,Junk (J),False,False,False,False,False,,
9344899,Planet (P),False,True,False,True,False,98.0,98.0
9346507,Planet (P),False,False,False,False,False,,
9347168,Junk (J),False,False,False,False,False,,
9348006,Planet (P),False,False,False,False,False,,
9376973,Planet (P),False,False,False,False,False,,
9385460,Planet (P),False,True,False,True,False,101.0,101.0
9392421,Planet (P),False,False,False,False,False,,
9429099,EB,False,False,False,False,False,,
9430013,Junk (J),False,False,False,False,False,,
9441591,Planet (P),False,False,False,False,False,,
9443323,Planet (P),False,False,False,False,False,,
9464597,Junk (J),False,False,False,False,False,,
9487597,Junk (J),False,False,False,False,False,,
9569058,Junk (J),False,False,False,False,False,,
9569332,Junk (J),False,False,False,False,False,,
9588485,EB,False,False,False,False,False,,
9589146,Junk (J),False,False,False,False,False,,
9700800,Junk (J),False,False,False,False,False,,
9701368,Planet (P),False,False,False,False,False,,
9705109,Junk (J),False,False,False,False,False,,
9707944,Planet (P),False,False,False,False,False,,
9725627,Planet (P),False,False,False,False,False,,
9727392,Planet (P),False,False,False,False,False,,
9803255,Junk (J),False,False,False,False,False,,
9825575,Junk (J),False,False,False,False,False,,
9828416,Planet (P),False,False,False,False,False,,
9830791,Planet (P),False,False,False,False,False,,
9833284,Planet (P),False,False,False,False,False,,
9837861,Planet (P),False,False,False,False,False,,
9858404,Planet (P),False,False,False,False,False,,
9890080,EB,False,False,False,False,False,,
9907513,Planet (P),False,False,False,False,False,,
9989136,Planet (P),False,False,False,False,False,,
10024403,EB,False,False,False,False,False,,
10150705,EB,False,False,False,False,False,,
10181958,Junk (J),False,False,False,False,False,,
10202783,Junk (J),False,False,False,False,False,,
10289027,Junk (J),False,False,False,False,False,,
10289988,Junk (J),False,False,False,False,False,,
10359611,Junk (J),False,False,False,False,False,,
10469071,Junk (J),False,False,False,False,False,,
10471162,Junk (J),False,False,False,False,False,,
10492953,Junk (J),False,False,False,False,False,,
10507330,Planet (P),False,False,False,False,False,,
10584477,Junk (J),False,False,False,False,False,,
10584601,Junk (J),False,False,False,False,False,,
10584805,Junk (J),False,False,False,False,False,,
10593553,Planet (P),False,False,False,False,False,,
10666479,Junk (J),False,False,False,False,False,,
10697190,EB,False,False,False,False,False,,
10747908,Junk (J),False,False,False,False,False,,
10792081,Planet (P),False,False,False,False,False,,
10827386,Planet (P),False,False,False,False,False,,
10837041,Planet (P),False,True,False,True,False,97.0,97.0
10861742,Junk (J),False,False,False,False,False,,
10974783,Junk (J),False,False,False,False,False,,
11034516,Planet (P),False,False,False,False,False,,
11111899,EB,False,False,False,False,False,,
11117282,Junk (J),False,False,False,False,False,,
11152819,Junk (J),False,False,False,False,False,,
11238400,Junk (J),False,False,False,False,False,,
11417087,Planet (P),False,True,False,True,False,99.0,99.0
11433771,Junk (J),False,False,False,False,False,,
11469974,EB,False,False,False,False,False,,
11518297,Junk (J),False,True,False,True,False,97.0,97.0
11521555,Planet (P),False,True,False,True,False,99.0,99.0
11568464,Junk (J),False,True,False,True,False,97.0,97.0
11630946,Junk (J),False,False,False,False,False,,
11696250,Junk (J),False,False,False,False,False,,
11710681,Junk (J),False,False,False,False,False,,
11799872,Planet (P),False,False,False,False,False,,
11894726,Planet (P),False,False,False,False,False,,
11927677,Planet (P),False,True,False,True,False,99.0,99.0
11936042,Planet (P),False,True,False,True,False,99.0,99.0
11996814,Planet (P),False,False,False,False,False,,
12018859,Junk (J),False,False,False,False,False,,
12036590,Planet (P),False,False,False,False,False,,
12061971,Planet (P),False,True,False,True,False,99.0,99.0
12099680,Junk (J),False,False,False,False,False,,
12421862,Planet (P),True,True,True,True,True,96.0,96.0
12423815,Planet (P),True,True,True,True,True,96.0,96.0
12472275,Junk (J),True,True,True,True,True,96.0,96.0
12522245,Junk (J),False,False,False,False,False,,
12549705,Junk (J),False,False,False,False,False,,
12670497,Junk (J),False,False,False,False,False,,
12675678,Junk (J),False,False,False,False,False,,
12689403,Junk (J),False,False,False,False,False,,
12819186,Junk (J),False,False,False,False,False,,
12842160,Junk (J),False,False,False,False,False,,
12862099,Planet (P),False,False,False,False,False,,
12903790,Junk (J),False,False,False,False,False,,
12912584,EB,False,False,False,False,False,,
12938488,Planet (P),False,False,False,False,False,,
12980264,Planet (P),False,False,False,False,False,,
13003355,Junk (J),False,False,False,False,False,,
13021029,Planet (P),False,True,False,True,False,98.0,98.0
13023378,Planet (P),True,True,True,True,True,96.0,96.0
13023738,EB,True,True,True,True,True,96.0,96.0
13081436,Junk (J),False,False,False,False,False,,
13088033,Junk (J),False,False,False,False,False,,
13129167,Junk (J),False,False,False,False,False,,
13137970,Junk (J),False,False,False,False,False,,
13339693,Junk (J),False,False,False,False,False,,
13349647,Planet (P),False,True,False,True,False,99.0,99.0
13351941,EB,False,False,False,False,False,,
13419950,Planet (P),False,False,False,False,False,,
13424053,Planet (P),False,False,False,False,False,,
13499636,Planet (P),False,False,False,False,False,,
13533330,Planet (P),False,False,False,False,False,,
13543144,Junk (J),False,False,False,False,False,,
13574009,Planet (P),False,False,False,False,False,,
13617136,Junk (J),False,False,False,False,False,,
13684720,Planet (P),False,False,False,False,False,,
13737885,Planet (P),False,True,False,True,False,99.0,99.0
13766938,Junk (J),False,False,False,False,False,,
13783616,Junk (J),False,False,False,False,False,,
13828577,EB,False,False,False,False,False,,
13877944,Junk (J),False,False,False,False,False,,
13883872,Planet (P),False,True,False,True,False,98.0,98.0
13886250,Junk (J),False,False,False,False,False,,
13961554,Planet (P),False,False,False,False,False,,
13998870,Junk (J),False,False,False,False,False,,
14029793,Planet (P),False,True,False,True,False,98.0,98.0
14081258,Junk (J),False,True,False,True,False,98.0,98.0
14091633,Planet (P),False,True,False,True,False,98.0,98.0
14091704,Planet (P),False,True,False,True,False,98.0,98.0
14098623,Junk (J),False,False,False,False,False,,
14156936,Planet (P),False,False,False,False,False,,
14165625,Planet (P),False,True,False,True,False,98.0,98.0
14203588,Planet (P),False,False,False,False,False,,
14209654,Junk (J),False,False,False,False,False,,
14211160,Junk (J),False,False,False,False,False,,
14292338,EB,False,False,False,False,False,,
14336130,Planet (P),False,False,False,False,False,,
14344979,Planet (P),False,False,False,False,False,,
14408447,Junk (J),False,False,False,False,False,,
14413057,EB,False,False,False,False,False,,
14435301,Planet (P),False,False,False,False,False,,
14440334,Planet (P),False,False,False,False,False,,
14474806,EB,False,True,False,True,False,103.0,103.0
14532016,EB,False,False,False,False,False,,
14570099,Planet (P),False,False,False,False,False,,
14570132,Planet (P),False,False,False,False,False,,
14614418,Planet (P),False,True,False,True,False,101.0,101.0
14661418,Planet (P),False,True,False,True,False,101.0,101.0
14709225,Planet (P),False,False,False,False,False,,
14715294,Planet (P),False,True,False,True,False,101.0,101.0
14739172,Junk (J),False,False,False,False,False,,
14742096,Planet (P),False,False,False,False,False,,
14744387,EB,False,False,False,False,False,,
14767026,Planet (P),False,False,False,False,False,,
14770122,Planet (P),False,False,False,False,False,,
14948284,EB,False,False,False,False,False,,
14956304,Planet (P),False,False,False,False,False,,
14962502,Junk (J),False,False,False,False,False,,
15075501,Junk (J),False,False,False,False,False,,
15129024,EB,False,False,False,False,False,,
15177117,EB,False,False,False,False,False,,
15201393,Junk (J),False,False,False,False,False,,
15247229,EB,False,False,False,False,False,,
15255109,Junk (J),False,False,False,False,False,,
15421076,EB,False,False,False,False,False,,
15445551,Planet (P),False,True,False,True,False,101.0,101.0
15460993,Planet (P),False,False,False,False,False,,
15554195,Junk (J),False,False,False,False,False,,
15565627,EB,False,False,False,False,False,,
15654898,Planet (P),False,False,False,False,False,,
15682927,Planet (P),False,False,False,False,False,,
15692883,Planet (P),False,False,False,False,False,,
15738975,EB,False,False,False,False,False,,
15739979,EB,False,False,False,False,False,,
15827263,EB,False,False,False,False,False,,
15863518,Planet (P),False,False,False,False,False,,
15985881,Junk (J),False,False,False,False,False,,
16005254,Planet (P),False,False,False,False,False,,
16076354,Planet (P),False,False,False,False,False,,
16102323,EB,False,False,False,False,False,,
16147810,Junk (J),False,False,False,False,False,,
16160677,EB,False,False,False,False,False,,
16187321,Planet (P),False,False,False,False,False,,
16198755,Junk (J),False,False,False,False,False,,
16264917,Planet (P),False,True,False,True,False,103.0,103.0
16288184,Planet (P),False,False,False,False,False,,
16407290,Junk (J),False,False,False,False,False,,
16538820,Planet (P),False,False,False,False,False,,
16540137,Junk (J),False,False,False,False,False,,
16550540,Planet (P),False,False,False,False,False,,
16552586,Planet (P),False,False,False,False,False,,
16617137,Junk (J),False,False,False,False,False,,
16617325,Junk (J),False,False,False,False,False,,
16622804,EB,False,False,False,False,False,,
16740101,Planet (P),False,False,False,False,False,,
16740548,Planet (P),False,False,False,False,False,,
16743192,EB,False,False,False,False,False,,
16776356,Planet (P),False,False,False,False,False,,
16805617,EB,False,False,False,False,False,,
16832823,EB,False,False,False,False,False,,
16880354,Junk (J),False,False,False,False,False,,
16884216,Planet (P),False,False,False,False,False,,
16920150,Planet (P),False,False,False,False,False,,
17005768,EB,False,False,False,False,False,,
17020876,EB,False,False,False,False,False,,
17122808,Planet (P),False,False,False,False,False,,
17129975,Planet (P),False,False,False,False,False,,
17150865,Planet (P),False,False,False,False,False,,
17151178,EB,False,False,False,False,False,,
17192858,Junk (J),False,False,False,False,False,,
17307715,Planet (P),False,False,False,False,False,,
17375136,EB,False,False,False,False,False,,
17385917,Planet (P),False,False,False,False,False,,
17409453,Planet (P),False,False,False,False,False,,
17448731,Junk (J),False,False,False,False,False,,
17457400,Planet (P),False,False,False,False,False,,
17538423,Planet (P),False,False,False,False,False,,
17555760,Planet (P),False,False,False,False,False,,
17652022,Planet (P),False,False,False,False,False,,
17655496,Junk (J),False,False,False,False,False,,
17666878,Junk (J),False,False,False,False,False,,
17683158,Planet (P),False,True,False,True,False,99.0,99.0
17746821,Planet (P),False,False,False,False,False,,
17762630,Junk (J),False,True,False,True,False,99.0,99.0
17865622,Planet (P),False,False,False,False,False,,
17896514,Planet (P),False,True,False,True,False,99.0,99.0
17932757,Planet (P),False,False,False,False,False,,
17972582,EB,False,True,False,True,False,103.0,103.0
17993892,Planet (P),False,False,False,False,False,,
18017227,Planet (P),False,False,False,False,False,,
18019350,Planet (P),False,False,False,False,False,,
18020108,Junk (J),False,False,False,False,False,,
18021087,Planet (P),False,False,False,False,False,,
18028547,EB,False,False,False,False,False,,
18066460,Junk (J),False,False,False,False,False,,
18067025,Planet (P),False,False,False,False,False,,
18232709,Junk (J),False,False,False,False,False,,
18270000,Junk (J),False,False,False,False,False,,
18310799,Planet (P),False,False,False,False,False,,
18318288,Planet (P),False,False,False,False,False,,
18344886,Junk (J),False,True,False,True,False,99.0,99.0
18373995,Planet (P),False,False,False,False,False,,
18381745,Junk (J),False,False,False,False,False,,
18533257,Junk (J),False,False,False,False,False,,
18536911,Junk (J),False,False,False,False,False,,
18574158,Planet (P),False,False,False,False,False,,
18634237,Junk (J),False,False,False,False,False,,
18634549,Junk (J),False,False,False,False,False,,
18794442,Planet (P),False,True,False,True,False,99.0,99.0
18795429,Planet (P),False,True,False,True,False,99.0,99.0
18907019,EB,False,False,False,False,False,,
18908649,Junk (J),False,False,False,False,False,,
19025965,Planet (P),False,False,False,False,False,,
19028197,Planet (P),False,False,False,False,False,,
19117967,Planet (P),False,False,False,False,False,,
19155785,EB,False,False,False,False,False,,
19283982,EB,False,True,False,True,False,103.0,103.0
19342878,Planet (P),False,True,False,True,False,99.0,99.0
19386010,EB,False,True,False,True,False,99.0,99.0
19447218,Planet (P),False,True,False,True,False,99.0,99.0
19451711,Planet (P),False,True,False,True,False,99.0,99.0
19519368,Planet (P),False,True,False,True,False,99.0,99.0
19547831,Planet (P),False,True,False,True,False,99.0,99.0
19560484,Planet (P),False,False,False,False,False,,
19612445,Planet (P),False,True,False,True,False,99.0,99.0
19684256,Planet (P),False,True,False,True,False,99.0,99.0
19686666,EB,False,True,False,True,False,99.0,99.0
20069685,Planet (P),False,True,False,True,False,98.0,98.0
20092641,Junk (J),False,True,False,False,False,98.0,
20096620,Planet (P),False,False,False,False,False,,
20178111,EB,False,True,False,True,False,98.0,98.0
20182165,Planet (P),False,False,False,False,False,,
20182780,Planet (P),False,False,False,False,False,,
20203297,Planet (P),False,False,False,False,False,,
20239565,EB,False,False,False,False,False,,
20299658,Planet (P),False,True,False,True,False,98.0,98.0
20303110,Planet (P),False,False,False,False,False,,
20318757,Planet (P),False,True,False,True,False,100.0,100.0
20354398,Junk (J),False,False,False,False,False,,
20355983,Junk (J),False,False,False,False,False,,
20375215,Planet (P),False,True,False,True,False,100.0,100.0
20429362,Junk (J),False,False,False,False,False,,
20436558,EB,False,False,False,False,False,,
20526383,Junk (J),False,False,False,False,False,,
20579360,Planet (P),False,False,False,False,False,,
20627517,EB,False,True,False,True,False,103.0,103.0
20771438,Junk (J),False,False,False,False,False,,
20892672,EB,False,False,False,False,False,,
20897611,Planet (P),True,True,True,True,True,96.0,96.0
20925093,Junk (J),False,False,False,False,False,,
20966851,Junk (J),False,False,False,False,False,,
20988926,Planet (P),False,False,False,False,False,,
21018963,Junk (J),False,False,False,False,False,,
21031484,Junk (J),False,False,False,False,False,,
21035365,Planet (P),False,False,False,False,False,,
21070451,Junk (J),False,False,False,False,False,,
21100418,Junk (J),False,False,False,False,False,,
21101556,Planet (P),False,False,False,False,False,,
21109090,EB,False,True,False,True,False,101.0,101.0
21113347,Planet (P),False,True,False,True,False,101.0,101.0
21119973,Planet (P),False,False,False,False,False,,
21124756,Junk (J),False,False,False,False,False,,
21128115,Junk (J),False,False,False,False,False,,
21128990,Junk (J),False,False,False,False,False,,
21130820,Planet (P),False,False,False,False,False,,
21132157,Planet (P),False,False,False,False,False,,
21133246,Junk (J),False,False,False,False,False,,
21147991,Junk (J),False,False,False,False,False,,
21150324,Junk (J),False,False,False,False,False,,
21161995,Junk (J),False,False,False,False,False,,
21174957,Junk (J),False,False,False,False,False,,
21190015,Junk (J),False,False,False,False,False,,
21227177,Junk (J),False,False,False,False,False,,
21249791,EB,False,False,False,False,False,,
21253918,EB,False,False,False,False,False,,
21256115,Junk (J),False,False,False,False,False,,
21278113,Junk (J),False,False,False,False,False,,
21279791,Planet (P),False,False,False,False,False,,
21291176,Planet (P),False,False,False,False,False,,
21380220,EB,False,False,False,False,False,,
21439835,Junk (J),False,False,False,False,False,,
21505121,Planet (P),False,True,False,True,False,98.0,98.0
21535395,Planet (P),False,False,False,False,False,,
21546574,Junk (J),False,False,False,False,False,,
21549805,Planet (P),False,False,False,False,False,,
21611656,EB,False,False,False,False,False,,
21613886,Junk (J),False,False,False,False,False,,
21614020,Junk (J),False,False,False,False,False,,
21681683,EB,False,False,False,False,False,,
21686198,Junk (J),False,False,False,False,False,,
21720215,Planet (P),False,False,False,False,False,,
21729546,Junk (J),False,True,False,True,False,98.0,98.0
21744120,Planet (P),False,False,False,False,False,,
21747057,Planet (P),False,True,False,True,False,98.0,98.0
21751852,Junk (J),False,False,False,False,False,,
21755546,EB,False,False,False,False,False,,
21780369,EB,False,False,False,False,False,,
21787625,Junk (J),False,False,False,False,False,,
21831633,Junk (J),False,False,False,False,False,,
21832928,Planet (P),False,False,False,False,False,,
21834174,Junk (J),False,False,False,False,False,,
21834175,Junk (J),False,False,False,False,False,,
21861843,Junk (J),False,False,False,False,False,,
21883641,EB,False,False,False,False,False,,
21957860,Junk (J),False,False,False,False,False,,
21959828,Junk (J),False,False,False,False,False,,
21961838,Junk (J),False,False,False,False,False,,
21979028,EB,False,False,False,False,False,,
21983001,Junk (J),False,False,False,False,False,,
21995336,Junk (J),False,False,False,False,False,,
21997420,Planet (P),False,False,False,False,False,,
22007100,Junk (J),False,False,False,False,False,,
22008426,Junk (J),False,False,False,False,False,,
22020459,EB,False,True,False,True,False,99.0,99.0
22037621,Junk (J),False,False,False,False,False,,
22038430,Planet (P),False,False,False,False,False,,
22069559,Planet (P),False,False,False,False,False,,
22076175,Junk (J),False,False,False,False,False,,
22089473,Junk (J),False,False,False,False,False,,
22098070,Junk (J),False,False,False,False,False,,
22121296,Planet (P),False,True,False,True,False,99.0,99.0
22129510,Junk (J),False,False,False,False,False,,
22133127,Junk (J),False,False,False,False,False,,
22186226,Planet (P),False,False,False,False,False,,
22221375,Planet (P),False,True,False,True,False,100.0,100.0
22233480,Planet (P),False,False,False,False,False,,
22290369,Junk (J),False,False,False,False,False,,
22306932,EB,False,False,False,False,False,,
22327935,EB,False,True,False,True,False,101.0,101.0
22384839,Planet (P),False,True,False,True,False,101.0,101.0
22403404,EB,False,False,False,False,False,,
22452837,Planet (P),False,True,False,True,False,101.0,101.0
22461871,EB,False,False,False,False,False,,
22486158,Junk (J),False,False,False,False,False,,
22493917,EB,False,False,False,False,False,,
22495872,EB,False,False,False,False,False,,
22495977,EB,False,False,False,False,False,,
22518578,Junk (J),False,False,False,False,False,,
22529346,Planet (P),False,False,False,False,False,,
22560356,Planet (P),False,True,False,True,False,101.0,101.0
22576749,Junk (J),False,False,False,False,True,,
22683951,Planet (P),False,False,False,False,False,,
22688236,Junk (J),False,False,False,False,True,,
22705558,Planet (P),False,False,False,False,False,,
22706283,Junk (J),False,False,False,False,False,,
22712134,Planet (P),False,False,False,False,False,,
22740615,Planet (P),False,False,False,False,False,,
22765098,Junk (J),False,False,False,False,False,,
22787333,EB,False,False,False,False,False,,
22787334,EB,False,False,False,False,False,,
22812287,Junk (J),False,False,False,False,False,,
22874933,Junk (J),False,False,False,False,False,,
22884808,Junk (J),False,False,False,False,True,,
22903436,Planet (P),False,False,False,False,False,,
22972676,Planet (P),False,False,False,False,False,,
22976756,EB,False,False,False,False,False,,
22995632,EB,False,False,False,False,False,,
22996168,Junk (J),False,False,False,False,False,,
23170835,Planet (P),False,False,False,False,False,,
23179035,Planet (P),False,False,False,False,False,,
23205275,EB,False,False,False,False,False,,
23213390,EB,False,False,False,False,False,,
23215535,EB,False,False,False,False,False,,
23221002,Junk (J),False,False,False,False,False,,
23229472,Junk (J),False,False,False,False,False,,
23229805,Planet (P),False,False,False,False,False,,
23331223,Junk (J),False,False,False,False,False,,
23395197,Junk (J),False,False,False,False,False,,
23399041,EB,False,False,False,False,False,,
23400176,Junk (J),False,False,False,False,True,,
23434737,Planet (P),False,True,False,True,False,100.0,100.0
23435610,Planet (P),False,True,False,True,False,100.0,100.0
23491633,EB,False,False,False,False,False,,
23497144,Junk (J),False,False,False,False,True,,
23596608,Junk (J),False,False,False,False,True,,
23599738,Junk (J),False,False,False,False,True,,
23638678,Planet (P),False,False,False,False,False,,
23650642,EB,False,False,False,False,False,,
23708646,Junk (J),False,False,False,False,False,,
23725901,Planet (P),False,False,False,False,False,,
23753424,Junk (J),False,False,False,False,False,,
23769326,Planet (P),False,False,False,False,False,,
23769815,Junk (J),False,False,False,False,False,,
23814735,Planet (P),False,False,False,False,False,,
23815847,Planet (P),False,False,False,False,False,,
23818924,Junk (J),False,False,False,False,True,,
23826331,EB,False,False,False,False,False,,
23863105,Planet (P),False,False,False,False,False,,
23863106,Junk (J),False,False,False,False,False,,
23937608,Planet (P),False,False,False,False,False,,
23961340,Planet (P),False,False,False,False,False,,
23982469,Planet (P),False,False,False,False,False,,
23985680,Junk (J),False,False,False,False,False,,
24004619,EB,False,False,False,False,False,,
24016695,Junk (J),False,False,False,False,True,,
24020666,Junk (J),False,False,False,False,True,,
24113219,Planet (P),False,False,False,False,False,,
24358417,Planet (P),False,True,False,True,False,98.0,98.0
24359682,Junk (J),False,True,False,True,False,98.0,98.0
24371322,EB,False,False,False,False,False,,
24422764,EB,False,False,False,False,False,,
24491836,EB,False,False,False,False,False,,
24580715,Junk (J),False,False,False,False,False,,
24608356,Junk (J),False,True,False,True,False,98.0,98.0
24615998,Planet (P),False,True,False,True,False,99.0,99.0
24672160,Junk (J),True,True,True,True,True,96.0,96.0
24692609,Junk (J),True,True,True,True,True,96.0,96.0
24695044,Planet (P),True,True,True,True,True,96.0,96.0
24833662,Planet (P),False,False,False,False,False,,
24837152,Planet (P),False,True,False,True,False,99.0,99.0
24894997,Junk (J),False,False,False,False,False,,
25063352,Junk (J),True,True,True,True,False,98.0,98.0
25117073,Junk (J),True,True,True,True,True,98.0,98.0
25118689,Junk (J),True,True,True,True,True,98.0,98.0
25119324,Junk (J),True,True,True,True,True,97.0,97.0
25120280,Junk (J),False,False,False,False,False,,
25133943,Junk (J),True,True,True,True,True,98.0,98.0
25155278,Junk (J),True,True,True,True,True,98.0,98.0
25155310,Planet (P),True,True,True,True,True,98.0,98.0
25212199,Planet (P),False,False,False,False,False,,
25375553,Planet (P),True,True,True,True,True,95.0,95.0
25472026,Planet (P),False,False,False,False,False,,
25613685,Junk (J),False,False,False,False,False,,
25694827,Junk (J),False,False,False,False,False,,
25758870,Planet (P),False,False,False,False,False,,
25773352,Planet (P),False,False,False,False,False,,
25799609,Planet (P),False,False,False,False,False,,
25822674,Junk (J),False,False,False,False,False,,
25911962,Planet (P),False,False,False,False,False,,
25918053,Junk (J),False,False,False,False,False,,
25959926,Planet (P),False,False,False,False,False,,
26017005,Planet (P),False,False,False,False,False,,
26018819,Planet (P),False,False,False,False,False,,
26051436,Planet (P),False,True,False,True,False,100.0,100.0
26054627,Planet (P),False,False,False,False,False,,
26078330,Planet (P),False,False,False,False,False,,
26278802,Junk (J),False,False,False,False,False,,
26305150,Planet (P),False,True,False,True,False,100.0,100.0
26368499,Junk (J),False,False,False,False,False,,
26390980,Planet (P),False,False,False,False,False,,
26406123,Planet (P),False,False,False,False,False,,
26469462,Planet (P),False,False,False,False,False,,
26486655,Junk (J),False,False,False,False,False,,
26489741,EB,False,False,False,False,False,,
26516151,EB,False,False,False,False,False,,
26533207,EB,False,False,False,False,False,,
26542657,EB,False,False,False,False,False,,
26547036,Planet (P),False,False,False,False,False,,
26583436,Planet (P),False,False,False,False,False,,
26587613,Planet (P),False,False,False,False,False,,
26660444,Junk (J),False,False,False,False,False,,
26693519,Planet (P),False,False,False,False,False,,
26826078,Planet (P),False,False,False,False,False,,
26865340,Planet (P),False,False,False,False,False,,
26880783,Planet (P),False,False,False,False,False,,
26925724,Junk (J),False,False,False,False,False,,
26957587,Junk (J),False,False,False,False,False,,
26999884,Planet (P),False,False,False,False,False,,
27011119,EB,False,False,False,False,False,,
27039476,Planet (P),False,False,False,False,False,,
27064468,Planet (P),False,False,False,False,False,,
27230283,Planet (P),False,False,False,False,False,,
27294830,Planet (P),False,False,False,False,False,,
27323023,Junk (J),False,False,False,False,False,,
27335165,EB,False,False,False,False,False,,
27346418,EB,False,False,False,False,False,,
27350813,Junk (J),False,False,False,False,False,,
27354139,Junk (J),False,False,False,False,False,,
27397406,EB,False,False,False,False,False,,
27402769,Junk (J),False,False,False,False,False,,
27418279,Junk (J),False,False,False,False,False,,
27418580,Junk (J),False,False,False,False,False,,
27419548,Junk (J),False,False,False,False,False,,
27420574,Junk (J),False,False,False,False,False,,
27424662,EB,False,False,False,False,False,,
27434232,Junk (J),False,False,False,False,False,,
27434868,Junk (J),False,False,False,False,False,,
27434899,EB,False,False,False,False,False,,
27446021,Junk (J),False,False,False,False,False,,
27446093,Junk (J),False,False,False,False,False,,
27446392,Junk (J),False,False,False,False,False,,
27459498,Planet (P),False,False,False,False,False,,
27462105,Planet (P),False,False,False,False,False,,
27476314,Planet (P),False,False,False,False,False,,
27488593,Junk (J),False,False,False,False,False,,
27488906,Junk (J),False,False,False,False,False,,
27491137,Planet (P),False,False,False,False,False,,
27534138,Planet (P),False,False,False,False,False,,
27557200,EB,False,True,False,True,False,103.0,103.0
27635334,Planet (P),False,False,False,False,False,,
27641176,Junk (J),False,False,False,False,False,,
27641184,Junk (J),False,False,False,False,False,,
27644227,Junk (J),False,False,False,False,False,,
27649847,Planet (P),False,False,False,False,False,,
27657887,Junk (J),False,False,False,False,False,,
27698470,Junk (J),False,False,False,False,False,,
27731228,EB,False,False,False,False,False,,
27769688,Planet (P),False,False,False,False,False,,
27774415,Planet (P),False,False,False,False,False,,
27776350,EB,False,False,False,False,False,,
27804284,Junk (J),False,False,False,False,False,,
27843322,Junk (J),False,False,False,False,False,,
27848472,Planet (P),False,False,False,False,False,,
27863043,Planet (P),False,False,False,False,False,,
27916356,Planet (P),False,False,False,False,False,,
27951093,EB,False,True,False,True,False,101.0,101.0
27966179,Planet (P),True,True,True,True,True,96.0,96.0
27968643,Junk (J),True,True,True,True,True,94.0,94.0
27984643,Junk (J),False,False,False,False,False,,
28001433,Junk (J),False,False,False,False,False,,
28006182,Junk (J),False,False,False,False,False,,
28016860,EB,False,False,False,False,False,,
28044954,Junk (J),True,True,True,True,True,94.0,94.0
28046109,Planet (P),True,True,True,True,True,101.0,94.0
28071873,Junk (J),False,False,False,False,False,,
28116365,Planet (P),False,False,False,False,False,,
28120891,Junk (J),False,False,False,False,False,,
28129850,Junk (J),False,False,False,False,False,,
28164648,Junk (J),False,False,False,False,False,,
28164803,EB,False,False,False,False,False,,
28177695,Junk (J),False,False,False,False,False,,
28228854,Junk (J),False,False,False,False,False,,
28230919,Planet (P),False,False,False,False,False,,
28242127,Junk (J),False,False,False,False,False,,
28242530,Planet (P),False,False,False,False,False,,
28257566,Junk (J),False,False,False,False,False,,
28294709,Planet (P),False,False,False,False,False,,
28304903,Junk (J),False,False,False,False,False,,
28329552,EB,False,False,False,False,False,,
28340235,EB,False,False,False,False,False,,
28407127,EB,False,False,False,False,False,,
28407464,Junk (J),False,False,False,False,False,,
28445255,Junk (J),False,False,False,False,False,,
28664347,Junk (J),False,False,False,False,False,,
28678613,Junk (J),False,False,False,False,False,,
28682401,Junk (J),False,False,False,False,False,,
28690049,EB,False,False,False,False,False,,
28748045,Junk (J),False,False,False,False,False,,
28765599,Junk (J),False,False,False,False,False,,
28830771,Junk (J),False,False,False,False,False,,
28858893,Junk (J),False,False,False,False,False,,
28872266,Planet (P),False,False,False,False,False,,
28900646,Planet (P),False,False,False,False,False,,
28945511,Planet (P),False,False,False,False,False,,
28961316,Planet (P),False,False,False,False,False,,
29001568,Junk (J),False,False,False,False,False,,
29017001,Planet (P),False,False,False,False,False,,
29054413,Planet (P),False,False,False,False,False,,
29068045,Junk (J),False,False,False,False,False,,
29069242,Planet (P),False,False,False,False,False,,
29105766,Planet (P),False,False,False,False,False,,
29106627,Planet (P),False,False,False,False,False,,
29119552,Planet (P),False,False,False,False,False,,
29169215,Planet (P),False,False,False,False,False,,
29191596,Planet (P),False,False,False,False,False,,
29191624,Planet (P),False,False,False,False,False,,
29231068,EB,False,False,False,False,False,,
29336129,Planet (P),False,False,False,False,False,,
29344935,Planet (P),True,True,True,True,True,95.0,95.0
29385858,Planet (P),False,False,False,False,False,,
29418536,Planet (P),False,False,False,False,False,,
29430403,Planet (P),True,True,True,True,True,95.0,95.0
29436015,Junk (J),True,True,True,True,True,95.0,95.0
29479691,Junk (J),True,True,True,True,True,95.0,95.0
29498876,Junk (J),True,True,True,True,True,95.0,95.0
29505837,Planet (P),False,False,False,False,False,,
29629963,Junk (J),False,False,False,False,False,,
29716848,Junk (J),True,True,True,True,True,95.0,95.0
29780219,Junk (J),True,True,True,True,True,98.0,98.0
29780740,Planet (P),True,True,True,True,True,98.0,98.0
29780874,Junk (J),True,True,True,True,False,98.0,98.0
29781098,Junk (J),True,True,False,False,False,98.0,
29781207,Planet (P),True,True,True,True,True,98.0,98.0
29781292,Planet (P),True,True,True,True,True,98.0,98.0
29781865,EB,True,True,True,True,True,98.0,98.0
29817056,Junk (J),False,False,False,False,False,,
29821723,Planet (P),True,True,True,True,True,95.0,95.0
29833696,EB,True,True,True,True,True,98.0,98.0
29857954,Planet (P),True,True,True,True,True,95.0,95.0
29918916,Planet (P),False,True,False,True,False,97.0,97.0
29924770,Junk (J),True,True,True,True,False,98.0,98.0
29953537,Planet (P),False,False,False,False,False,,
29959760,Planet (P),False,False,False,False,False,,
29960110,Planet (P),False,False,False,False,False,,
29984021,Junk (J),True,True,True,True,False,98.0,98.0
29984131,Planet (P),True,True,True,True,True,98.0,98.0
29984231,Junk (J),True,True,True,True,False,98.0,98.0
30016082,Planet (P),False,False,False,False,False,,
30031180,Junk (J),True,True,True,True,True,98.0,98.0
30033016,Junk (J),True,True,True,True,True,98.0,98.0
30037565,Planet (P),True,True,True,True,True,98.0,98.0
30106235,Junk (J),True,True,True,True,True,98.0,98.0
30112276,Junk (J),True,True,True,True,True,98.0,98.0
30122649,Planet (P),False,False,False,False,False,,
30184584,Junk (J),True,True,True,True,False,97.0,97.0
30185650,Junk (J),True,True,True,True,False,98.0,98.0
30185831,Junk (J),True,True,True,True,False,98.0,98.0
30195491,Junk (J),True,True,True,True,False,98.0,98.0
30254887,Planet (P),False,False,False,False,False,,
30267088,Junk (J),True,True,True,True,True,98.0,98.0
30268168,Planet (P),True,True,False,False,True,98.0,
30275619,EB,True,True,True,True,True,98.0,98.0
30275847,Junk (J),True,True,True,True,True,98.0,98.0
30300445,Planet (P),False,False,False,False,False,,
30349725,EB,True,True,True,True,True,94.0,94.0
30471979,EB,True,True,True,True,True,98.0,98.0
30499203,Planet (P),True,True,False,False,True,94.0,
30505260,EB,False,False,False,False,False,,
30508512,Planet (P),True,True,True,True,True,94.0,94.0
30537037,Junk (J),True,True,True,True,False,98.0,98.0
30640365,Junk (J),True,True,True,True,False,98.0,98.0
30722286,Junk (J),True,True,True,True,True,98.0,98.0
30731175,Junk (J),True,True,True,True,True,94.0,94.0
30761513,EB,True,True,True,True,True,98.0,98.0
30790738,Junk (J),False,False,False,False,False,,
30811026,EB,True,True,True,True,True,94.0,94.0
30819182,Junk (J),True,True,True,True,False,94.0,94.0
30825828,Planet (P),False,False,False,False,False,,
30848598,EB,True,True,True,True,True,98.0,98.0
30853470,Planet (P),True,True,True,True,True,98.0,98.0
30853990,Planet (P),True,True,True,True,True,98.0,98.0
30854160,Junk (J),True,True,True,True,True,98.0,98.0
30873996,EB,False,True,False,True,False,102.0,102.0
30910046,EB,True,True,True,True,True,94.0,94.0
30931288,Planet (P),True,True,True,True,True,97.0,97.0
30947715,Planet (P),False,False,False,False,False,,
30954770,EB,False,True,False,True,False,102.0,102.0
30991412,EB,False,True,False,True,False,102.0,102.0
31013611,Junk (J),True,True,True,True,True,98.0,98.0
31054498,Planet (P),False,True,False,True,False,98.0,98.0
31106039,EB,True,True,True,True,True,98.0,98.0
31136413,EB,False,True,False,True,False,102.0,102.0
31142436,Planet (P),False,True,False,True,False,98.0,98.0
31167034,Junk (J),True,True,True,True,True,94.0,94.0
31167103,Junk (J),True,True,True,True,True,94.0,94.0
31236325,EB,True,True,True,True,True,94.0,94.0
31258738,Planet (P),False,True,False,True,False,98.0,98.0
31268146,Planet (P),True,True,True,True,True,98.0,98.0
31273219,Junk (J),True,True,True,True,True,98.0,98.0
31300787,EB,True,True,True,True,True,94.0,94.0
31374837,Planet (P),False,True,False,True,False,98.0,98.0
31380871,Junk (J),True,True,True,True,True,98.0,98.0
31382733,Junk (J),True,True,True,True,True,98.0,98.0
31391041,Junk (J),True,True,True,True,True,94.0,94.0
31415158,Junk (J),True,True,True,True,False,98.0,98.0
31496366,EB,True,True,True,True,True,94.0,94.0
31500603,EB,True,True,True,True,True,94.0,94.0
31515092,Planet (P),False,False,False,False,False,,
31530569,Junk (J),True,True,True,True,False,98.0,98.0
31531129,Junk (J),True,True,True,True,False,98.0,98.0
31532677,Planet (P),True,True,True,True,True,98.0,98.0
31532827,Junk (J),True,True,True,True,False,98.0,98.0
31553893,Planet (P),True,True,True,True,True,94.0,94.0
31560804,Junk (J),True,True,True,True,False,94.0,94.0
31605271,Planet (P),False,False,False,False,False,,
31634579,Planet (P),True,True,True,True,True,96.0,96.0
31636892,Junk (J),True,True,True,True,False,96.0,96.0
31637479,Planet (P),True,True,True,True,True,96.0,96.0
31674660,Junk (J),True,True,True,True,False,96.0,96.0
31674731,Junk (J),True,True,True,True,False,96.0,96.0
31675749,Junk (J),True,True,True,True,False,96.0,96.0
31703300,Junk (J),True,True,True,True,False,97.0,97.0
31703593,Junk (J),True,True,True,True,False,96.0,96.0
31778786,Junk (J),True,True,True,True,False,97.0,97.0
31781999,Junk (J),True,True,True,True,False,97.0,97.0
31786438,Planet (P),True,True,True,True,True,94.0,94.0
31796120,EB,True,True,True,True,True,97.0,97.0
31852980,Planet (P),True,True,True,True,True,97.0,97.0
31858843,Planet (P),True,True,True,True,True,94.0,94.0
31858844,EB,True,True,False,False,True,94.0,
31869584,Junk (J),True,True,True,True,True,97.0,97.0
31869787,Junk (J),True,True,True,True,True,97.0,97.0
31870020,Junk (J),True,True,True,True,True,97.0,97.0
31926714,Junk (J),True,True,True,True,True,97.0,97.0
31927196,Junk (J),True,True,True,True,True,97.0,97.0
31928624,Junk (J),True,True,True,True,True,97.0,97.0
31942692,Junk (J),True,True,True,True,True,97.0,97.0
31943299,Planet (P),True,True,True,True,True,97.0,97.0
31945773,Junk (J),True,True,True,True,True,97.0,97.0
31946252,Junk (J),True,True,True,True,True,97.0,97.0
31960531,Junk (J),True,True,True,True,True,97.0,97.0
31975443,Planet (P),False,False,False,False,False,,
32000208,Junk (J),True,True,True,True,True,98.0,98.0
32004914,Planet (P),False,False,False,False,False,,
32046665,Planet (P),True,True,True,True,True,94.0,94.0
32053481,Junk (J),True,True,True,True,True,97.0,97.0
32069961,Junk (J),True,True,True,True,True,98.0,98.0
32072326,Junk (J),True,True,True,True,True,98.0,98.0
32088907,Junk (J),True,True,True,True,True,98.0,98.0
32090583,Planet (P),True,True,True,True,True,98.0,98.0
32091606,Junk (J),True,True,True,True,True,97.0,97.0
32092337,Junk (J),True,True,True,True,True,98.0,98.0
32094209,EB,True,True,True,True,True,94.0,94.0
32260988,Planet (P),False,False,False,False,False,,
32273186,EB,True,True,True,True,True,94.0,94.0
32279509,EB,True,True,True,True,True,94.0,94.0
32296259,Planet (P),False,False,False,False,False,,
32348125,EB,False,True,False,True,False,103.0,103.0
32354909,Junk (J),False,True,False,True,False,97.0,97.0
32363108,EB,True,True,True,True,True,94.0,94.0
32365196,Junk (J),True,True,True,True,False,94.0,94.0
32443914,Planet (P),True,True,True,True,True,94.0,94.0
32449778,Junk (J),False,False,False,False,False,,
32460142,Planet (P),False,False,False,False,False,,
32487566,Planet (P),False,False,False,False,False,,
32497972,Planet (P),False,True,False,True,False,98.0,98.0
32498058,Planet (P),False,True,False,True,False,98.0,98.0
32499655,Planet (P),False,True,False,False,False,98.0,
32647580,Junk (J),False,True,False,True,False,99.0,99.0
32677675,Planet (P),False,True,False,True,False,98.0,98.0
32925763,Planet (P),False,True,False,True,False,98.0,98.0
32927362,Junk (J),False,True,False,True,False,98.0,98.0
32949762,Planet (P),False,True,False,True,False,98.0,98.0
33048895,Junk (J),False,True,False,True,False,99.0,99.0
33091590,Planet (P),False,False,False,False,False,,
33159936,Planet (P),False,True,False,True,False,99.0,99.0
33227166,Planet (P),False,False,False,False,False,,
33285649,Junk (J),False,False,False,False,False,,
33303538,Planet (P),False,False,False,False,False,,
33325745,EB,False,False,False,False,False,,
33350443,Planet (P),False,False,False,False,False,,
33397739,Planet (P),False,False,False,False,False,,
33521996,Planet (P),False,True,False,True,False,98.0,98.0
33548890,Junk (J),False,True,False,True,False,97.0,97.0
33595516,Planet (P),False,True,False,True,False,97.0,97.0
33651215,Planet (P),False,True,False,True,False,99.0,99.0
33664535,Junk (J),False,True,False,True,False,97.0,97.0
33690636,EB,False,False,False,False,False,,
33692729,Planet (P),False,False,False,False,False,,
33715889,Junk (J),True,True,True,True,True,98.0,98.0
33716474,Planet (P),True,True,True,True,True,98.0,98.0
33831980,Planet (P),True,True,True,True,True,98.0,98.0
33839970,Junk (J),True,True,True,True,False,98.0,98.0
33840575,Junk (J),True,True,True,True,False,98.0,98.0
33840683,Planet (P),True,True,True,True,True,98.0,98.0
33877626,Junk (J),True,True,True,True,False,98.0,98.0
33878688,EB,True,True,True,True,True,98.0,98.0
33880619,Junk (J),True,True,True,True,False,98.0,98.0
33911302,Planet (P),True,True,True,True,True,96.0,96.0
33914700,Junk (J),True,True,True,True,True,96.0,96.0
33946010,Junk (J),True,True,True,True,True,96.0,96.0
34068865,Planet (P),False,True,False,True,False,99.0,99.0
34077285,Planet (P),False,False,False,False,False,,
34266522,Planet (P),False,False,False,False,False,,
34297761,Planet (P),False,True,False,True,False,99.0,99.0
34395020,Planet (P),False,True,False,True,False,98.0,98.0
34499178,Planet (P),False,True,False,True,False,99.0,99.0
34524670,Planet (P),False,False,False,False,False,,
34551972,Planet (P),False,False,False,False,False,,
34575166,Junk (J),False,True,False,True,False,99.0,99.0
34644891,Junk (J),False,False,False,False,False,,
34646336,Planet (P),False,False,False,False,False,,
34726770,Junk (J),False,False,False,False,False,,
34729329,Planet (P),False,False,False,False,False,,
34737413,Planet (P),False,True,False,True,False,99.0,99.0
34781378,Planet (P),False,False,False,False,False,,
34783931,Junk (J),False,False,False,False,False,,
34888848,Junk (J),False,False,False,False,False,,
34895527,EB,False,True,False,True,False,103.0,103.0
34940228,Junk (J),False,False,False,False,False,,
34977731,Planet (P),False,False,False,False,False,,
34980970,Planet (P),False,False,False,False,False,,
34986694,Planet (P),False,False,False,False,False,,
35009898,Planet (P),False,True,False,True,False,100.0,100.0
35022727,Planet (P),False,False,False,False,False,,
35024386,Junk (J),False,False,False,False,False,,
35106764,Planet (P),False,True,False,True,False,102.0,102.0
35201587,Junk (J),False,False,False,False,False,,
35208896,EB,False,True,False,True,False,102.0,102.0
35285308,Planet (P),False,False,False,False,False,,
35315453,Planet (P),False,True,False,True,False,103.0,103.0
35351735,EB,False,True,False,True,False,102.0,102.0
35377903,Planet (P),False,False,False,False,False,,
35387651,Junk (J),False,False,False,False,False,,
35483319,Planet (P),False,False,False,False,False,,
35516889,Planet (P),False,True,False,True,False,99.0,99.0
35582553,Planet (P),False,False,False,False,False,,
35636165,Planet (P),False,False,False,False,False,,
35652085,Planet (P),False,True,False,True,False,99.0,99.0
35678623,EB,False,True,False,True,False,101.0,101.0
35744706,Junk (J),False,False,False,False,False,,
35758536,Planet (P),False,True,False,True,False,99.0,99.0
35855047,Planet (P),False,True,False,True,False,99.0,99.0
35857242,Planet (P),False,False,False,False,False,,
35860392,Junk (J),False,False,False,False,False,,
35905913,EB,False,True,False,True,False,102.0,102.0
35907845,EB,False,True,False,True,False,103.0,103.0
35972578,Planet (P),False,True,False,True,False,99.0,99.0
35973654,Planet (P),False,True,False,True,False,99.0,99.0
35999026,EB,False,False,False,False,False,,
36022284,Planet (P),False,False,False,False,False,,
36227841,Planet (P),False,True,False,True,False,99.0,99.0
36352297,Planet (P),False,False,False,False,False,,
36381058,Planet (P),False,True,False,True,False,99.0,99.0
36404267,Junk (J),False,False,False,False,False,,
36440357,Planet (P),False,False,False,False,False,,
36452991,Planet (P),False,True,False,True,False,99.0,99.0
36592530,Planet (P),False,False,False,False,False,,
36594985,EB,False,True,False,True,False,103.0,103.0
36595481,EB,False,True,False,True,False,103.0,103.0
36601157,EB,False,True,False,True,False,103.0,103.0
36607746,Planet (P),False,True,False,True,False,103.0,103.0
36646052,Planet (P),False,False,False,False,False,,
36718161,Planet (P),False,True,False,True,False,99.0,99.0
36724087,Planet (P),False,True,False,True,False,100.0,100.0
36734222,Planet (P),False,True,False,True,False,100.0,100.0
36808091,Planet (P),False,True,False,True,False,99.0,99.0
37062985,EB,False,True,False,True,False,103.0,103.0
37117064,Planet (P),False,True,False,True,False,98.0,98.0
37150278,Planet (P),False,False,False,False,False,,
37240067,Planet (P),False,False,False,False,False,,
37291237,Planet (P),False,False,False,False,False,,
37475905,EB,False,True,False,False,False,103.0,
37575651,Planet (P),False,True,False,True,False,99.0,99.0
37718056,Planet (P),False,False,False,False,False,,
37749396,Planet (P),False,False,False,False,False,,
37754672,Planet (P),False,True,False,True,False,99.0,99.0
37770169,Planet (P),False,False,False,False,False,,
37862966,Planet (P),False,True,False,True,False,98.0,98.0
38022836,Junk (J),False,False,False,False,False,,
38063444,EB,False,True,False,True,False,103.0,103.0
38118291,Planet (P),False,True,False,True,False,99.0,99.0
38399060,Planet (P),False,False,False,False,False,,
38423682,Junk (J),True,True,True,True,True,97.0,97.0
38426221,Junk (J),True,True,True,True,True,98.0,97.0
38460940,Planet (P),True,True,True,True,True,97.0,97.0
38467100,Planet (P),True,True,True,True,True,97.0,97.0
38468621,Junk (J),True,True,True,True,False,98.0,98.0
38468919,Junk (J),True,True,True,True,False,98.0,98.0
38509907,Planet (P),True,True,True,True,True,98.0,98.0
38510224,Planet (P),True,True,True,True,True,98.0,98.0
38570890,Junk (J),True,True,True,True,False,98.0,98.0
38571020,Planet (P),True,True,True,True,True,98.0,98.0
38572031,Junk (J),True,True,True,True,False,98.0,98.0
38583375,Junk (J),True,True,True,True,False,98.0,98.0
38584799,Planet (P),True,True,True,True,True,98.0,98.0
38589392,Junk (J),False,False,False,False,False,,
38603752,Junk (J),True,True,True,True,False,98.0,98.0
38633493,Junk (J),True,True,True,True,False,98.0,98.0
38634757,Junk (J),True,True,True,True,False,98.0,98.0
38636266,Junk (J),True,True,False,False,False,98.0,
38680567,Junk (J),True,True,True,True,False,98.0,98.0
38682688,Junk (J),True,True,True,True,True,98.0,98.0
38696105,Planet (P),True,True,True,True,True,98.0,98.0
38697559,Junk (J),True,True,True,True,True,98.0,98.0
38699825,EB,True,True,True,True,True,98.0,98.0
38763035,Junk (J),True,True,True,True,True,98.0,98.0
38811818,Junk (J),True,True,True,True,False,98.0,98.0
38821504,Junk (J),True,True,True,True,True,95.0,95.0
38824632,Junk (J),True,True,True,True,True,98.0,98.0
38825357,Junk (J),True,True,True,True,True,98.0,98.0
38843122,EB,True,True,True,True,True,98.0,98.0
38843180,Junk (J),True,True,True,True,True,98.0,98.0
38846515,Planet (P),True,True,True,True,True,98.0,98.0
38877336,Junk (J),True,True,True,True,False,98.0,98.0
38939275,Planet (P),True,True,True,True,True,98.0,98.0
38965512,Planet (P),True,True,True,True,True,103.0,103.0
39018923,Planet (P),True,True,True,True,True,96.0,96.0
39072261,Junk (J),False,False,False,False,False,,
39074957,EB,False,False,False,False,False,,
39080923,Planet (P),True,True,True,True,True,96.0,96.0
39143128,Planet (P),False,False,False,False,False,,
39143349,EB,False,False,False,False,False,,
39174810,Planet (P),False,False,False,False,False,,
39200046,Junk (J),False,False,False,False,False,,
39200363,Planet (P),False,False,False,False,False,,
39201666,Junk (J),False,False,False,False,False,,
39218269,Planet (P),False,True,False,True,False,98.0,98.0
39321885,Junk (J),False,False,False,False,False,,
39389004,Junk (J),False,False,False,False,False,,
39389616,Junk (J),False,False,False,False,False,,
39414571,Planet (P),False,False,False,False,False,,
39424225,Junk (J),False,False,False,False,False,,
39426423,Junk (J),False,False,False,False,False,,
39427254,Junk (J),False,False,False,False,False,,
39461314,Junk (J),False,False,False,False,False,,
39461442,Junk (J),False,False,False,False,False,,
39514890,Junk (J),False,False,False,False,False,,
39515646,Junk (J),False,False,False,False,False,,
39516274,Planet (P),False,False,False,False,False,,
39549499,Junk (J),False,False,False,False,False,,
39550666,Junk (J),False,False,False,False,False,,
39573090,Planet (P),False,False,False,False,False,,
39576702,Junk (J),False,False,False,False,False,,
39641985,Junk (J),False,False,False,False,False,,
39654181,EB,False,True,False,True,False,103.0,103.0
39654517,EB,False,True,False,True,False,103.0,103.0
39654532,EB,False,True,False,True,False,103.0,103.0
39699648,Planet (P),False,False,False,False,False,,
39724477,Planet (P),False,False,False,False,False,,
39777462,Junk (J),False,False,False,False,False,,
39824732,Planet (P),False,False,False,False,False,,
39858507,Planet (P),False,False,False,False,False,,
39903405,Planet (P),False,False,False,False,False,,
39926974,Planet (P),False,False,False,False,False,,
40076647,EB,False,True,False,True,False,103.0,103.0
40083958,Planet (P),False,False,False,False,False,,
40219040,EB,False,False,False,False,False,,
40274180,Junk (J),True,True,True,True,True,98.0,98.0
40274741,Junk (J),True,True,True,True,True,98.0,98.0
40292751,Planet (P),False,False,False,False,False,,
40342199,Junk (J),True,True,True,True,True,98.0,98.0
40377434,Junk (J),False,False,False,False,False,,
40408877,Junk (J),True,True,True,True,True,98.0,98.0
40461967,EB,False,False,False,False,False,,
40466976,Planet (P),False,False,False,False,False,,
40515061,Junk (J),True,True,True,True,True,98.0,98.0
40516132,Junk (J),True,True,True,True,True,98.0,98.0
40602499,Junk (J),True,True,True,True,True,98.0,98.0
40777831,Junk (J),False,False,False,False,False,,
40779013,Planet (P),False,False,False,False,False,,
40797020,Junk (J),True,True,True,True,False,98.0,98.0
40826268,Junk (J),False,False,False,False,False,,
40864340,EB,False,False,False,False,False,,
40891198,Junk (J),True,True,True,True,True,98.0,98.0
40893888,Junk (J),True,True,True,True,True,98.0,98.0
40893999,Junk (J),True,True,True,True,True,98.0,98.0
40956939,Junk (J),False,False,False,False,False,,
40974499,Junk (J),True,True,True,True,False,98.0,98.0
41109611,Junk (J),True,True,True,True,True,98.0,98.0
41168873,Junk (J),True,True,True,True,True,97.0,97.0
41173048,Junk (J),True,True,True,True,True,97.0,97.0
41226662,Junk (J),True,True,True,True,True,98.0,98.0
41227743,Planet (P),True,True,False,False,True,97.0,
41237235,EB,False,False,False,False,False,,
41330864,EB,False,False,False,False,False,,
41337967,Junk (J),True,True,True,True,True,98.0,98.0
41387532,Planet (P),False,False,False,False,False,,
41422753,Planet (P),False,False,False,False,False,,
41481970,Junk (J),True,True,True,True,False,97.0,97.0
41486454,Junk (J),True,True,True,True,False,98.0,98.0
41531212,Junk (J),True,True,True,True,False,98.0,98.0
41586601,EB,True,True,True,True,True,97.0,97.0
41613739,Junk (J),False,False,False,False,False,,
41675260,Planet (P),False,False,False,False,False,,
41680093,Junk (J),False,False,False,False,False,,
41774937,Junk (J),False,False,False,False,False,,
41870248,EB,False,False,False,False,False,,
41875043,Planet (P),False,False,False,False,False,,
41946517,EB,False,False,False,False,False,,
41995709,Planet (P),False,False,False,False,False,,
41996601,Junk (J),False,False,False,False,False,,
42011932,EB,False,False,False,False,False,,
42054565,Planet (P),False,True,False,True,False,97.0,97.0
42059528,Junk (J),False,False,False,False,False,,
42062129,Junk (J),False,False,False,False,False,,
42244951,EB,False,False,False,False,False,,
42383952,Junk (J),False,False,False,False,False,,
42484503,Planet (P),False,False,False,False,False,,
42500899,Junk (J),False,False,False,False,False,,
42591437,Junk (J),False,False,False,False,False,,
42763678,Planet (P),False,False,False,False,False,,
42816328,Junk (J),False,False,False,False,False,,
42821097,Planet (P),False,False,False,False,False,,
42834791,Junk (J),False,False,False,False,False,,
42837303,Junk (J),False,False,False,False,False,,
42853087,EB,False,True,False,True,False,103.0,103.0
42883782,Planet (P),False,False,False,False,False,,
42884524,Junk (J),False,False,False,False,False,,
43050395,Junk (J),False,False,False,False,False,,
43064903,EB,False,False,False,False,False,,
43067994,Junk (J),False,False,False,False,False,,
43230027,EB,False,True,False,True,False,103.0,103.0
43276438,Planet (P),False,False,False,False,False,,
43333094,Planet (P),False,False,False,False,False,,
43333478,Junk (J),False,False,False,False,False,,
43338030,Junk (J),False,False,False,False,False,,
43364502,Junk (J),False,False,False,False,False,,
43429656,Planet (P),False,False,False,False,False,,
43456108,EB,False,True,False,True,False,103.0,103.0
43475220,Planet (P),False,True,False,True,False,98.0,98.0
43599504,EB,False,True,False,True,False,103.0,103.0
43604949,Planet (P),False,True,False,True,False,98.0,98.0
43647325,Planet (P),False,True,False,True,False,98.0,98.0
43667308,Junk (J),False,False,False,False,False,,
43770392,EB,False,False,False,False,False,,
43864479,Junk (J),False,False,False,False,False,,
43874704,Junk (J),False,False,False,False,False,,
44014899,EB,False,False,False,False,False,,
44295981,Planet (P),False,False,False,False,False,,
44313455,Planet (P),False,False,False,False,False,,
44453288,Junk (J),False,False,False,False,False,,
44510874,Planet (P),False,True,False,True,False,99.0,99.0
44514807,Planet (P),False,True,False,True,False,99.0,99.0
44522764,Junk (J),False,False,False,False,False,,
44526755,Junk (J),False,False,False,False,False,,
44577874,Junk (J),True,True,True,True,True,102.0,102.0
44621795,Planet (P),False,False,False,False,False,,
44647437,Planet (P),False,False,False,False,False,,
44737596,Planet (P),False,False,False,False,False,,
44745133,Planet (P),False,False,False,False,False,,
44764338,Planet (P),False,True,False,True,False,99.0,99.0
44791617,Planet (P),False,False,False,False,False,,
44792534,Planet (P),False,False,False,False,False,,
44797824,Planet (P),False,False,False,False,False,,
44838275,EB,False,True,False,True,False,103.0,103.0
44898098,Junk (J),False,False,False,False,False,,
44898913,Planet (P),False,False,False,False,False,,
45006631,EB,False,True,False,True,False,103.0,103.0
45034406,Planet (P),False,False,False,False,False,,
45048546,Planet (P),False,False,False,False,False,,
45054849,Planet (P),False,False,False,False,False,,
45191604,Planet (P),False,False,False,False,False,,
45296362,Planet (P),False,False,False,False,False,,
45299834,Planet (P),False,False,False,False,False,,
45368525,Planet (P),False,False,False,False,False,,
45376816,Planet (P),False,False,False,False,False,,
45465399,Planet (P),False,False,False,False,False,,
45492609,Planet (P),False,True,False,True,False,99.0,99.0
45655786,Planet (P),False,True,False,True,False,99.0,99.0
45881495,Planet (P),False,True,False,True,False,99.0,99.0
45896295,Planet (P),False,False,False,False,False,,
45905504,Planet (P),False,False,False,False,False,,
45996325,Planet (P),False,True,False,True,False,99.0,99.0
46096489,Planet (P),False,False,False,False,False,,
46104747,Planet (P),False,False,False,False,False,,
46307587,Planet (P),False,False,False,False,False,,
46619163,Junk (J),False,False,False,False,False,,
46626131,Junk (J),False,True,False,True,False,98.0,98.0
46627476,Planet (P),False,True,False,True,False,98.0,98.0
46631742,Planet (P),False,False,False,False,False,,
46674348,Junk (J),False,False,False,False,False,,
46681447,Junk (J),False,False,False,False,False,,
46698351,Planet (P),False,True,False,True,False,103.0,103.0
46772529,Planet (P),False,False,False,False,False,,
46774573,Planet (P),False,False,False,False,False,,
46807139,Planet (P),False,True,False,True,False,103.0,103.0
46999289,Planet (P),False,True,False,True,False,99.0,99.0
47094691,Planet (P),False,False,False,False,False,,
47132361,Planet (P),False,False,False,False,False,,
47132480,Planet (P),False,False,False,False,False,,
47143972,Planet (P),False,True,False,True,False,99.0,99.0
47191170,EB,False,True,False,True,False,103.0,103.0
47220926,Planet (P),False,True,False,True,False,98.0,98.0
47244580,Planet (P),False,False,False,False,False,,
47295800,Junk (J),True,True,True,True,True,96.0,96.0
47316757,Junk (J),True,True,True,True,True,96.0,96.0
47316976,Planet (P),True,True,True,True,True,96.0,96.0
47319867,Planet (P),False,False,False,False,False,,
47381413,Junk (J),True,True,True,True,True,96.0,96.0
47384844,Planet (P),False,True,False,True,False,100.0,100.0
47393760,Junk (J),False,True,False,True,False,98.0,98.0
47402214,Planet (P),False,True,False,True,False,103.0,103.0
47412057,EB,False,True,False,True,False,103.0,103.0
47425697,Planet (P),True,True,True,True,True,96.0,96.0
47482754,Planet (P),True,True,True,True,True,96.0,96.0
47578938,Junk (J),False,False,False,False,False,,
47578939,Junk (J),False,False,False,False,False,,
47583159,Junk (J),False,False,False,False,False,,
47583864,Junk (J),False,False,False,False,False,,
47583918,Junk (J),False,False,False,False,False,,
47587394,Planet (P),False,False,False,False,False,,
47593974,Junk (J),False,False,False,False,False,,
47601197,Planet (P),False,False,False,False,False,,
47617038,Planet (P),False,True,False,True,False,102.0,102.0
47617161,Planet (P),False,True,False,True,False,102.0,102.0
47628187,Junk (J),False,False,False,False,False,,
47636615,Junk (J),False,True,False,True,False,100.0,100.0
47673824,Junk (J),False,False,False,False,False,,
47677211,Junk (J),False,False,False,False,False,,
47720259,Planet (P),False,False,False,False,False,,
47727051,Junk (J),False,False,False,False,False,,
47729453,Junk (J),False,False,False,False,False,,
47734697,Junk (J),False,False,False,False,False,,
47753025,EB,False,True,False,False,False,102.0,
47757785,EB,False,False,False,False,False,,
47818033,Junk (J),False,False,False,False,False,,
47819290,Junk (J),False,False,False,False,False,,
47876083,Junk (J),False,False,False,False,False,,
47876171,Junk (J),False,False,False,False,False,,
47911178,Planet (P),False,False,False,False,False,,
47931766,EB,False,False,False,False,False,,
47931913,Junk (J),False,False,False,False,False,,
47935381,Junk (J),False,False,False,False,False,,
47937361,Planet (P),False,False,False,False,False,,
47954292,EB,False,True,False,True,False,102.0,102.0
47954306,EB,False,True,False,True,False,102.0,102.0
47971967,Junk (J),False,False,False,False,False,,
48018596,Planet (P),False,False,False,False,False,,
48021750,Junk (J),False,False,False,False,False,,
48022676,Junk (J),False,False,False,False,False,,
48023276,Junk (J),False,False,False,False,False,,
48031665,Planet (P),False,False,False,False,False,,
48084398,EB,False,False,False,False,False,,
48087401,EB,False,False,False,False,False,,
48089512,Junk (J),False,False,False,False,False,,
48103627,Planet (P),False,True,False,True,False,99.0,99.0
48136088,Junk (J),False,False,False,False,False,,
48176313,Junk (J),False,False,False,False,False,,
48188920,EB,False,False,False,False,False,,
48190787,Junk (J),False,False,False,False,False,,
48191749,Junk (J),False,False,False,False,False,,
48193352,Junk (J),False,False,False,False,False,,
48194612,Junk (J),False,False,False,False,False,,
48210046,Planet (P),False,True,False,True,False,99.0,99.0
48219653,Junk (J),False,False,False,False,False,,
48220826,Planet (P),False,False,False,False,False,,
48239142,Junk (J),False,False,False,False,False,,
48253329,Planet (P),False,False,False,False,False,,
48274889,Planet (P),False,True,False,True,False,99.0,99.0
48276576,Planet (P),False,True,False,False,False,99.0,
48292030,EB,False,True,False,True,False,103.0,103.0
48292396,EB,False,True,False,True,False,103.0,103.0
48310179,Junk (J),False,False,False,False,False,,
48349975,Junk (J),False,False,False,False,False,,
48353358,Planet (P),False,False,False,False,False,,
48356677,EB,False,False,False,False,False,,
48448789,Junk (J),False,False,False,False,False,,
48451252,Junk (J),False,False,False,False,False,,
48476907,Planet (P),False,True,False,True,False,99.0,99.0
48476908,Planet (P),False,True,False,True,False,99.0,99.0
48506505,Planet (P),False,False,False,False,False,,
48531140,Junk (J),False,False,False,False,False,,
48661942,Planet (P),False,False,False,False,False,,
48768158,Planet (P),False,True,False,False,False,100.0,
48806546,Planet (P),False,False,False,False,False,,
49043968,Planet (P),False,True,False,True,False,100.0,100.0
49045066,Planet (P),False,True,False,True,False,100.0,100.0
49046332,Planet (P),False,True,False,True,False,100.0,100.0
49048549,Junk (J),False,True,False,True,False,100.0,100.0
49052849,EB,False,True,False,True,False,103.0,103.0
49066806,Planet (P),False,True,False,True,False,100.0,100.0
49126959,EB,False,True,False,True,False,103.0,103.0
49137560,EB,False,True,False,True,False,103.0,103.0
49224134,EB,False,False,False,False,False,,
49254857,Planet (P),False,False,False,False,False,,
49296796,EB,False,True,False,True,False,103.0,103.0
49316146,Junk (J),False,False,False,False,False,,
49390070,EB,False,True,False,True,False,103.0,103.0
49390251,EB,False,True,False,True,False,103.0,103.0
49390558,EB,False,True,False,True,False,103.0,103.0
49393793,Junk (J),False,True,False,True,True,103.0,103.0
49398802,Junk (J),False,False,False,False,True,,
49411575,Planet (P),False,False,False,False,False,,
49428710,Planet (P),False,False,False,False,False,,
49443544,Junk (J),False,False,False,False,True,,
49524528,Planet (P),False,False,False,False,False,,
49534600,EB,False,True,False,True,False,103.0,103.0
49540533,EB,False,False,False,False,False,,
49540663,Junk (J),False,False,False,False,True,,
49540668,Junk (J),False,False,False,False,True,,
49540683,Junk (J),False,False,False,False,True,,
49541462,Junk (J),False,False,False,False,True,,
49687222,Junk (J),True,True,True,True,True,96.0,96.0
49705089,Planet (P),False,False,False,False,False,,
49717875,Junk (J),False,False,False,False,False,,
49735922,Planet (P),False,False,False,False,False,,
49789073,Junk (J),False,False,False,False,False,,
49924227,EB,False,False,False,False,False,,
49967354,Planet (P),False,False,False,False,False,,
50011022,EB,False,True,False,True,False,103.0,103.0
50120414,EB,False,False,False,False,False,,
50125488,Junk (J),False,False,False,False,False,,
50211272,Planet (P),False,False,False,False,False,,
50231394,Junk (J),True,True,True,True,True,95.0,95.0
50263937,Junk (J),False,False,False,False,False,,
50269985,Junk (J),True,True,True,True,True,96.0,96.0
50270055,Junk (J),True,True,True,True,True,96.0,96.0
50270149,Junk (J),True,True,True,True,True,96.0,96.0
50272571,Junk (J),True,True,True,True,True,95.0,95.0
50274324,Junk (J),True,True,True,True,True,96.0,96.0
50312495,Planet (P),True,True,True,True,True,96.0,96.0
50344786,Junk (J),True,True,True,True,True,96.0,96.0
50344994,Junk (J),True,True,True,True,True,95.0,95.0
50347453,Junk (J),True,True,True,True,True,96.0,96.0
50354055,Junk (J),False,False,False,False,False,,
50360888,EB,False,False,False,False,False,,
50365310,EB,False,False,False,False,False,,
50379036,Planet (P),True,True,True,True,True,96.0,96.0
50385712,Junk (J),True,True,True,True,True,96.0,96.0
50385715,Junk (J),True,True,True,True,True,96.0,96.0
50443152,Junk (J),True,True,True,True,True,96.0,96.0
50445080,Junk (J),False,False,False,False,False,,
50473031,Junk (J),True,True,True,True,True,96.0,96.0
50475704,Junk (J),True,True,True,True,True,96.0,96.0
50493228,Junk (J),True,True,True,True,True,96.0,96.0
50520772,Junk (J),False,False,False,False,False,,
50575306,Planet (P),False,False,False,False,False,,
50577045,EB,False,False,False,False,False,,
50592053,Planet (P),False,False,False,False,False,,
50618703,Planet (P),False,True,False,True,False,98.0,98.0
50656469,Junk (J),False,True,False,True,False,98.0,98.0
50712784,Planet (P),False,True,False,True,False,99.0,99.0
50745119,Planet (P),False,True,False,False,False,98.0,
50751260,Planet (P),False,True,False,True,False,99.0,99.0
50790199,Junk (J),False,True,False,True,False,98.0,98.0
50849800,EB,False,False,False,False,False,,
50934751,Junk (J),False,False,False,False,False,,
50989813,Planet (P),False,False,False,False,False,,
51024887,Planet (P),False,False,False,False,False,,
51094586,Planet (P),False,False,False,False,False,,
51234631,Planet (P),False,False,False,False,False,,
51272145,Junk (J),False,False,False,False,False,,
51288359,EB,False,True,False,True,False,103.0,103.0
51637609,Planet (P),False,False,False,False,False,,
51768374,Planet (P),False,False,False,False,False,,
51830822,Planet (P),False,False,False,False,False,,
52005579,Planet (P),False,False,False,False,False,,
52041724,EB,False,False,False,False,False,,
52052461,Planet (P),False,False,False,False,False,,
52204645,Planet (P),True,True,True,True,True,96.0,96.0
52245692,Junk (J),True,True,True,True,True,96.0,96.0
52256496,Junk (J),True,True,True,True,True,96.0,96.0
52260140,Planet (P),False,False,False,False,False,,
52307802,Planet (P),True,True,True,True,True,96.0,96.0
52315301,Planet (P),True,True,True,True,True,96.0,96.0
52365035,Junk (J),True,True,True,True,True,96.0,96.0
52368076,Planet (P),True,True,True,True,True,96.0,96.0
52386053,Junk (J),False,False,False,False,False,,
52420398,Planet (P),False,True,False,True,False,98.0,98.0
52449797,EB,False,False,False,False,False,,
52454620,Junk (J),False,False,False,False,False,,
52517713,Planet (P),False,True,False,True,False,98.0,98.0
52640302,Planet (P),False,False,False,False,False,,
52712633,Junk (J),False,False,False,False,False,,
52738649,Planet (P),False,False,False,False,False,,
52869977,Planet (P),False,False,False,False,False,,
52928939,Planet (P),False,False,False,False,False,,
52936161,Planet (P),False,False,False,False,False,,
52976395,Planet (P),False,False,False,False,False,,
53047383,Planet (P),False,False,False,False,False,,
53085065,EB,False,False,False,False,False,,
53122063,Planet (P),False,False,False,False,False,,
53164145,Junk (J),False,False,False,False,False,,
53182292,Junk (J),False,False,False,False,False,,
53189332,Planet (P),False,True,False,True,False,100.0,100.0
53253755,EB,False,False,False,False,False,,
53287554,Planet (P),False,False,False,False,False,,
53307409,Planet (P),False,False,False,False,False,,
53365065,Planet (P),False,False,False,False,False,,
53394475,Planet (P),False,False,False,False,False,,
53458803,Planet (P),False,False,False,False,False,,
53481079,Planet (P),False,False,False,False,False,,
53482470,Junk (J),False,False,False,False,False,,
53498154,Planet (P),False,False,False,False,False,,
53523437,Junk (J),False,False,False,False,False,,
53593542,Planet (P),False,False,False,False,False,,
53617134,Planet (P),False,False,False,False,False,,
53644322,EB,False,False,False,False,False,,
53699349,Junk (J),False,False,False,False,False,,
53709089,Planet (P),False,False,False,False,False,,
53724519,Junk (J),True,True,True,True,True,95.0,95.0
53725417,Junk (J),True,True,True,True,True,95.0,95.0
53728859,Planet (P),False,False,False,False,False,,
53735810,Planet (P),False,True,False,True,False,100.0,100.0
53744258,Planet (P),False,False,False,False,False,,
53750200,Planet (P),False,False,False,False,False,,
53750844,Junk (J),True,True,True,True,True,95.0,95.0
53847727,EB,False,False,False,False,False,,
53874375,Planet (P),False,False,False,False,False,,
53875855,Planet (P),False,False,False,False,False,,
53895588,Junk (J),True,True,True,True,True,95.0,95.0
53895723,Junk (J),True,True,True,True,True,95.0,95.0
53950487,Junk (J),True,True,True,True,True,95.0,95.0
53953704,Junk (J),True,True,True,True,True,95.0,95.0
53953754,Junk (J),True,True,True,True,True,95.0,95.0
53975488,Junk (J),True,True,True,True,True,95.0,95.0
54002556,Planet (P),False,True,False,True,False,97.0,97.0
54108493,EB,False,False,False,False,False,,
54126818,Junk (J),False,False,False,False,False,,
54141697,Planet (P),False,False,False,False,False,,
54145416,Planet (P),False,True,False,True,False,100.0,100.0
54172710,EB,False,False,False,False,False,,
54180603,EB,False,False,False,False,False,,
54238138,Planet (P),False,True,False,True,False,100.0,100.0
54271259,Junk (J),False,False,False,False,False,,
54343038,EB,False,False,False,False,False,,
54344260,Junk (J),False,False,False,False,False,,
54372811,Junk (J),False,False,False,False,False,,
54450620,EB,False,False,False,False,False,,
54808962,EB,False,False,False,False,False,,
54962195,Planet (P),False,True,False,True,False,100.0,100.0
55092869,Planet (P),False,True,False,True,False,100.0,100.0
55221028,EB,False,False,False,False,False,,
55266835,Planet (P),False,False,False,False,False,,
55269996,Junk (J),True,True,True,True,True,98.0,98.0
55275863,Planet (P),False,False,False,False,False,,
55315929,Planet (P),False,False,False,False,False,,
55363630,Planet (P),True,True,True,True,True,98.0,98.0
55390413,Planet (P),False,False,False,False,False,,
55404385,EB,True,True,True,True,True,98.0,98.0
55450156,Planet (P),True,True,True,True,True,98.0,98.0
55452495,EB,True,True,True,True,True,98.0,98.0
55452563,Junk (J),True,True,True,True,True,98.0,98.0
55478151,Junk (J),True,True,True,True,True,98.0,98.0
55480436,Junk (J),True,True,True,True,True,98.0,98.0
55488511,Planet (P),False,False,False,False,False,,
55497281,EB,True,True,True,True,True,98.0,98.0
55498082,Junk (J),True,True,True,True,True,98.0,98.0
55525572,Planet (P),True,True,True,True,True,98.0,98.0
55559618,Planet (P),True,True,True,True,True,98.0,98.0
55601400,Junk (J),True,True,True,True,False,98.0,98.0
55605890,Junk (J),True,True,True,True,False,98.0,98.0
55606265,Junk (J),True,True,True,True,False,98.0,98.0
55606317,Junk (J),True,True,True,True,False,98.0,98.0
55649060,Junk (J),True,True,True,True,True,98.0,98.0
55650590,Planet (P),True,True,True,True,True,98.0,98.0
55652896,Planet (P),True,True,True,True,True,98.0,98.0
55661751,Junk (J),True,True,True,True,True,98.0,98.0
55726121,Junk (J),False,False,False,False,False,,
55742547,Junk (J),True,True,True,True,True,98.0,98.0
55747201,Junk (J),False,False,False,False,False,,
55748194,Planet (P),False,False,False,False,False,,
55748647,Junk (J),False,False,False,False,False,,
55753112,Junk (J),False,False,False,False,False,,
55755757,Junk (J),True,True,True,True,True,98.0,98.0
55756797,Junk (J),True,True,True,True,True,98.0,98.0
55778515,Junk (J),False,False,False,False,False,,
55778666,Planet (P),False,False,False,False,False,,
55779390,Junk (J),False,False,False,False,False,,
55853438,Junk (J),True,True,True,True,True,98.0,98.0
55935426,Junk (J),False,True,False,False,False,98.0,
56096837,Planet (P),False,True,False,True,False,98.0,98.0
56399553,Planet (P),False,False,False,False,False,,
56457123,Planet (P),False,False,False,False,False,,
56525623,Junk (J),False,False,False,False,False,,
56630436,Planet (P),False,False,False,False,False,,
56655478,Planet (P),False,False,False,False,False,,
56658270,Planet (P),False,False,False,False,False,,
56662591,Planet (P),False,True,False,True,False,100.0,100.0
56773241,EB,False,False,False,False,False,,
56798909,Planet (P),False,False,False,False,False,,
56939663,Junk (J),False,False,False,False,False,,
56999883,Planet (P),False,False,False,False,False,,
57011946,Planet (P),False,False,False,False,False,,
57093805,Planet (P),False,False,False,False,False,,
57147191,Planet (P),False,False,False,False,False,,
57159675,Planet (P),False,False,False,False,False,,
57193198,Planet (P),False,False,False,False,False,,
57299130,Planet (P),False,False,False,False,False,,
57452406,Junk (J),False,True,False,True,False,101.0,101.0
57589186,Junk (J),False,False,False,False,False,,
57694405,Planet (P),False,True,False,True,False,101.0,101.0
57753734,Planet (P),False,False,False,False,False,,
57793060,Planet (P),False,True,False,True,False,100.0,100.0
57919833,EB,False,False,False,False,False,,
57960590,Junk (J),False,False,False,False,False,,
57984377,Planet (P),False,False,False,False,False,,
58046864,Planet (P),False,False,False,False,False,,
58108085,EB,False,False,False,False,False,,
58142170,EB,False,True,False,True,False,103.0,103.0
58372253,Planet (P),False,False,False,False,False,,
58461209,Planet (P),False,False,False,False,False,,
58472992,Planet (P),False,False,False,False,False,,
58474992,Planet (P),False,False,False,False,False,,
58542531,Planet (P),False,False,False,False,False,,
58553534,EB,False,False,False,False,False,,
58685584,Junk (J),False,False,False,False,False,,
58723861,Planet (P),False,False,False,False,False,,
58726656,Planet (P),False,False,False,False,False,,
58798731,Planet (P),False,False,False,False,False,,
58824746,Planet (P),False,False,False,False,False,,
58825110,Planet (P),False,False,False,False,False,,
58858008,Planet (P),False,False,False,False,False,,
58973400,EB,False,True,False,True,False,103.0,103.0
58997701,Planet (P),False,False,False,False,False,,
59128183,Planet (P),False,True,False,True,False,98.0,98.0
59350041,Junk (J),False,False,False,False,False,,
59351345,Planet (P),False,False,False,False,False,,
59369068,Planet (P),False,False,False,False,False,,
59490344,Planet (P),False,False,False,False,False,,
59536337,Planet (P),False,False,False,False,False,,
59575189,Planet (P),False,False,False,False,False,,
59582240,Planet (P),False,False,False,False,False,,
59744366,Planet (P),False,False,False,False,False,,
59770954,Planet (P),False,False,False,False,False,,
59842822,Planet (P),False,False,False,False,False,,
59843967,Planet (P),False,False,False,False,False,,
59859387,Planet (P),False,False,False,False,False,,
60044670,Junk (J),False,False,False,False,False,,
60074373,Planet (P),False,False,False,False,False,,
60137002,Junk (J),False,False,False,False,False,,
60189629,Planet (P),False,False,False,False,False,,
60286662,Planet (P),False,False,False,False,False,,
60377863,Planet (P),False,False,False,False,False,,
60387732,Junk (J),False,False,False,False,False,,
60491424,Planet (P),False,False,False,False,False,,
60542708,Planet (P),False,False,False,False,False,,
60646268,Planet (P),True,True,True,True,True,95.0,95.0
60735803,EB,False,True,False,True,False,102.0,102.0
60768921,EB,False,True,False,False,False,102.0,
60768924,EB,False,True,False,True,False,102.0,102.0
60859922,Planet (P),False,True,False,True,False,102.0,102.0
60984804,Planet (P),False,True,False,True,False,99.0,99.0
61011477,Junk (J),False,False,False,False,False,,
61020490,Junk (J),True,True,True,True,True,94.0,94.0
61024068,Junk (J),True,True,True,True,True,94.0,94.0
61098812,Planet (P),False,False,False,False,False,,
61109252,Planet (P),False,False,False,False,False,,
61117473,Planet (P),False,False,False,False,False,,
61136885,Junk (J),True,True,True,True,True,94.0,94.0
61138187,Junk (J),True,True,True,True,True,94.0,94.0
61145589,Planet (P),False,False,False,False,False,,
61205803,Planet (P),False,False,False,False,False,,
61272385,Junk (J),True,True,True,True,True,94.0,94.0
61276578,Junk (J),False,False,False,False,False,,
61321670,Junk (J),False,False,False,False,False,,
61328532,Junk (J),True,True,True,True,True,94.0,94.0
61329361,EB,True,True,True,True,True,94.0,94.0
61344769,Planet (P),False,False,False,False,False,,
61381436,EB,True,True,True,True,True,94.0,94.0
61392065,Junk (J),False,False,False,False,False,,
61459046,Junk (J),True,True,True,True,True,94.0,94.0
61462799,Junk (J),True,True,True,True,True,94.0,94.0
61517565,Junk (J),True,True,True,True,True,94.0,94.0
61538902,Planet (P),False,True,False,True,False,101.0,101.0
61599893,EB,False,False,False,False,False,,
61615041,EB,True,True,True,True,True,94.0,94.0
61615109,EB,True,True,True,True,True,94.0,94.0
61618979,Junk (J),True,True,True,True,True,94.0,94.0
61621800,Planet (P),True,True,True,True,True,94.0,94.0
61687533,Planet (P),False,False,False,False,False,,
61697215,Junk (J),True,True,True,True,True,94.0,94.0
61724596,Junk (J),True,True,True,True,True,94.0,94.0
61726842,Junk (J),True,True,True,True,True,94.0,94.0
61794497,EB,True,True,True,True,True,94.0,94.0
61802871,EB,True,True,True,True,True,94.0,94.0
62085710,Planet (P),True,True,True,True,True,94.0,94.0
62090970,EB,True,True,True,True,True,94.0,94.0
62301521,Planet (P),True,True,False,False,True,94.0,
62329156,Junk (J),False,False,False,False,False,,
62348182,Junk (J),True,True,True,True,False,94.0,94.0
62441822,Junk (J),False,False,False,False,False,,
62480238,Junk (J),False,True,False,True,False,99.0,99.0
62483237,Planet (P),True,True,True,True,True,95.0,95.0
62491518,Planet (P),False,False,False,False,False,,
62493628,Planet (P),False,False,False,False,False,,
62529888,Junk (J),False,True,False,True,False,99.0,99.0
62676654,Planet (P),False,False,False,False,False,,
62724427,Junk (J),False,False,False,False,False,,
62734894,Junk (J),False,False,False,False,False,,
62740096,Planet (P),False,False,False,False,False,,
62867537,Planet (P),False,False,False,False,False,,
62875624,Junk (J),False,False,False,False,False,,
62877421,Junk (J),False,False,False,False,False,,
62971651,Junk (J),False,False,False,False,False,,
63013648,Planet (P),False,False,False,False,False,,
63082902,Planet (P),False,False,False,False,False,,
63095911,EB,False,False,False,False,False,,
63097440,EB,False,False,False,False,False,,
63100069,Planet (P),False,False,False,False,False,,
63189173,Planet (P),False,False,False,False,False,,
63190194,Planet (P),False,False,False,False,False,,
63199675,EB,False,False,False,False,False,,
63211674,Planet (P),False,False,False,False,False,,
63224167,Junk (J),False,False,False,False,False,,
63237102,Junk (J),False,False,False,False,False,,
63283780,Planet (P),False,False,False,False,False,,
63291518,Junk (J),False,False,False,False,False,,
63307816,Planet (P),False,False,False,False,False,,
63315583,EB,False,False,False,False,False,,
63343395,Junk (J),False,False,False,False,False,,
63368466,Junk (J),False,False,False,False,False,,
63409608,Junk (J),False,False,False,False,False,,
63411216,Junk (J),False,False,False,False,False,,
63417824,Junk (J),False,False,False,False,False,,
63454475,EB,False,False,False,False,False,,
63470437,Planet (P),False,False,False,False,False,,
63522035,EB,False,False,False,False,False,,
63543194,Junk (J),False,False,False,False,False,,
63586213,Planet (P),False,False,False,False,False,,
63597006,Junk (J),False,False,False,False,False,,
63634297,Junk (J),False,False,False,False,False,,
63659057,Planet (P),False,False,False,False,False,,
63687504,Junk (J),False,False,False,False,False,,
63697460,Junk (J),True,True,True,True,True,96.0,96.0
63698669,Planet (P),True,True,True,True,True,96.0,96.0
63717709,Planet (P),False,False,False,False,False,,
63718617,Planet (P),False,False,False,False,False,,
63744647,Junk (J),False,False,False,False,False,,
63815356,Junk (J),False,False,False,False,False,,
63844530,Planet (P),False,False,False,False,False,,
63898957,Planet (P),False,False,False,False,False,,
63904507,Junk (J),False,False,False,False,False,,
63908567,Junk (J),False,False,False,False,False,,
63909320,Junk (J),False,False,False,False,False,,
63916460,EB,False,False,False,False,False,,
63941995,Junk (J),False,True,False,True,False,97.0,97.0
64032816,Junk (J),False,True,False,True,False,97.0,97.0
64065622,Junk (J),False,False,False,False,False,,
64066049,Junk (J),False,False,False,False,False,,
64071894,Planet (P),False,True,False,True,False,97.0,97.0
64110751,Junk (J),False,True,False,True,False,97.0,97.0
64186861,Junk (J),False,False,False,False,False,,
64198376,Planet (P),False,False,False,False,False,,
64199833,Junk (J),False,False,False,False,False,,
64265973,EB,False,False,False,False,False,,
64282226,Junk (J),False,False,False,False,False,,
64282927,Planet (P),False,False,False,False,False,,
64294446,Junk (J),False,False,False,False,False,,
64325220,EB,False,False,False,False,False,,
64403516,EB,False,False,False,False,False,,
64484444,EB,False,False,False,False,False,,
64531935,EB,False,False,False,False,False,,
64581100,EB,False,False,False,False,False,,
64591757,Junk (J),False,False,False,False,False,,
64704038,EB,False,False,False,False,False,,
64778924,Junk (J),False,False,False,False,False,,
64780960,Junk (J),False,False,False,False,False,,
64837857,Planet (P),False,False,False,False,False,,
64938667,Planet (P),False,False,False,False,False,,
64948515,EB,False,False,False,False,False,,
64982329,EB,False,False,False,False,False,,
64982439,EB,False,False,False,False,False,,
65212867,Planet (P),False,False,False,False,False,,
65362513,Junk (J),False,True,False,True,False,97.0,97.0
65412605,Planet (P),False,False,False,False,False,,
65414269,Junk (J),False,True,False,True,False,97.0,97.0
65416038,Planet (P),False,False,False,False,False,,
65440953,Planet (P),False,False,False,False,False,,
65446983,Planet (P),False,False,False,False,False,,
65521983,Junk (J),False,False,False,False,False,,
65539599,Junk (J),False,False,False,False,False,,
65737977,Planet (P),False,False,False,False,False,,
65805840,Planet (P),False,False,False,False,False,,
65845738,Planet (P),False,False,False,False,False,,
65905621,Planet (P),False,False,False,False,False,,
65949719,Planet (P),False,False,False,False,False,,
65981892,Planet (P),False,False,False,False,False,,
65987075,EB,False,False,False,False,False,,
66151343,Planet (P),False,False,False,False,False,,
66172548,EB,False,True,False,True,False,103.0,103.0
66242670,Planet (P),False,False,False,False,False,,
66266024,Planet (P),False,False,False,False,False,,
66277508,EB,False,False,False,False,False,,
66286602,Planet (P),False,False,False,False,False,,
66288793,EB,False,False,False,False,False,,
66326188,EB,False,False,False,False,False,,
66375660,Junk (J),False,False,False,False,False,,
66377825,Junk (J),False,False,False,False,False,,
66398170,Junk (J),False,False,False,False,False,,
66413476,Planet (P),False,False,False,False,False,,
66444514,EB,False,False,False,False,False,,
66445643,Planet (P),False,False,False,False,False,,
66470069,Junk (J),False,False,False,False,False,,
66497310,Planet (P),True,True,True,True,True,96.0,96.0
66545173,Planet (P),False,False,False,False,False,,
66561343,Planet (P),False,True,False,True,False,98.0,98.0
66602703,Junk (J),False,False,False,False,False,,
66620917,Planet (P),False,True,False,False,False,103.0,
66700467,EB,False,False,False,False,False,,
66726479,Planet (P),False,False,False,False,False,,
66754047,EB,False,True,False,True,False,101.0,101.0
66755953,EB,False,True,False,True,False,101.0,101.0
66776048,Junk (J),False,True,False,True,False,98.0,98.0
66788350,Planet (P),False,False,False,False,False,,
66818296,Planet (P),False,False,False,False,False,,
66965376,Junk (J),False,False,False,False,False,,
67027448,EB,False,False,False,False,False,,
67031480,Planet (P),False,False,False,False,False,,
67069964,Junk (J),False,False,False,False,False,,
67181830,Planet (P),False,False,False,False,False,,
67245570,Junk (J),False,False,False,False,False,,
67246795,Planet (P),False,False,False,False,False,,
67247610,Planet (P),False,False,False,False,False,,
67300997,Junk (J),False,False,False,False,False,,
67309890,EB,False,False,False,False,False,,
67349298,Planet (P),False,False,False,False,False,,
67360066,EB,False,False,False,False,False,,
67360321,EB,False,False,False,False,False,,
67362286,EB,False,False,False,False,False,,
67385339,EB,False,False,False,False,False,,
67395329,Planet (P),False,False,False,False,False,,
67418624,Planet (P),False,False,False,False,False,,
67444896,Planet (P),False,False,False,False,False,,
67478724,Planet (P),False,False,False,False,False,,
67512645,Planet (P),False,False,False,False,False,,
67517533,Planet (P),False,False,False,False,False,,
67535663,Planet (P),False,True,False,True,False,101.0,101.0
67565908,Junk (J),False,False,False,False,False,,
67566164,Planet (P),False,False,False,False,False,,
67598139,Planet (P),False,False,False,False,False,,
67630845,Planet (P),False,False,False,False,False,,
67646988,Planet (P),False,False,False,False,False,,
67649100,Junk (J),False,False,False,False,False,,
67666096,Planet (P),False,False,False,False,False,,
67685329,Junk (J),False,False,False,False,False,,
67703297,EB,False,True,False,True,False,101.0,101.0
67711670,Planet (P),False,False,False,False,False,,
67743054,Planet (P),False,False,False,False,False,,
67772767,Planet (P),False,False,False,False,False,,
67782629,Planet (P),False,False,False,False,False,,
67798337,Planet (P),False,True,False,True,False,101.0,101.0
67870098,Junk (J),False,True,False,True,False,101.0,101.0
67881560,Planet (P),False,False,False,False,False,,
67926921,Planet (P),False,False,False,False,False,,
67982365,EB,False,False,False,False,False,,
67982366,EB,False,False,False,False,False,,
67990085,Junk (J),False,False,False,False,False,,
68007716,Planet (P),False,False,False,False,False,,
68016307,Junk (J),False,False,False,False,False,,
68030406,Planet (P),False,True,False,True,False,101.0,101.0
68035558,Planet (P),False,False,False,False,False,,
68035559,Planet (P),False,False,False,False,False,,
68058905,Junk (J),False,False,False,False,False,,
68059393,Junk (J),False,False,False,False,False,,
68074302,Planet (P),False,False,False,False,False,,
68081952,Planet (P),False,True,False,True,False,101.0,101.0
68345291,Planet (P),False,False,False,False,False,,
68443254,Planet (P),False,False,False,False,False,,
68453985,Planet (P),False,False,False,False,False,,
68523365,Planet (P),False,True,False,True,False,102.0,102.0
68573534,Planet (P),False,False,False,False,False,,
68577662,Planet (P),False,False,False,False,False,,
68646526,Planet (P),False,False,False,False,False,,
68808155,Planet (P),False,False,False,False,False,,
68832363,Junk (J),False,False,False,False,False,,
68850908,Planet (P),False,False,False,False,False,,
68893269,Planet (P),False,False,False,False,False,,
68975924,EB,False,False,False,False,False,,
69028091,Planet (P),False,False,False,False,False,,
69054388,Planet (P),False,False,False,False,False,,
69068526,Planet (P),False,False,False,False,False,,
69183541,EB,False,True,False,True,False,103.0,103.0
69199037,EB,False,False,False,False,False,,
69284553,EB,False,True,False,True,False,103.0,103.0
69284571,EB,False,True,False,True,False,103.0,103.0
69295263,Planet (P),False,False,False,False,False,,
69356857,Planet (P),False,False,False,False,False,,
69679391,Planet (P),False,False,False,False,False,,
69684115,EB,False,False,False,False,False,,
69747919,Planet (P),True,True,True,True,True,96.0,96.0
69756000,Junk (J),False,False,False,False,False,,
69810866,Junk (J),False,False,False,False,False,,
69819610,Planet (P),True,True,True,True,True,96.0,96.0
69995219,Planet (P),False,False,False,False,False,,
69997672,Planet (P),False,False,False,False,False,,
70141795,EB,False,False,False,False,False,,
70247668,Junk (J),False,False,False,False,False,,
70323438,EB,False,False,False,False,False,,
70352422,Junk (J),False,False,False,False,False,,
70420766,Planet (P),True,True,True,True,True,96.0,96.0
70435923,Planet (P),False,False,False,False,False,,
70440470,Planet (P),True,True,True,True,True,96.0,96.0
70448692,Junk (J),True,True,True,True,True,96.0,96.0
70511571,Junk (J),False,True,False,True,False,99.0,99.0
70513361,Planet (P),False,True,False,True,False,97.0,97.0
70524163,Planet (P),False,True,False,True,False,97.0,97.0
70540608,EB,False,True,False,True,False,103.0,103.0
70661912,EB,False,False,False,False,False,,
70678449,Planet (P),False,False,False,False,False,,
70707979,EB,False,False,False,False,False,,
70780410,Planet (P),False,True,False,True,False,100.0,100.0
70785910,Planet (P),True,True,True,True,True,96.0,96.0
70792227,Junk (J),False,False,False,False,False,,
70797900,Planet (P),True,True,True,True,True,96.0,96.0
70842628,EB,False,False,False,False,False,,
70887357,Planet (P),False,False,False,False,False,,
70897115,Planet (P),False,False,False,False,False,,
70899085,Planet (P),False,False,False,False,False,,
70987067,Junk (J),False,False,False,False,False,,
71013298,Planet (P),False,False,False,False,False,,
71062411,EB,False,False,False,False,False,,
71088556,Planet (P),False,True,False,True,False,98.0,98.0
71134735,Junk (J),False,False,False,False,False,,
71221700,Planet (P),False,True,False,True,False,100.0,100.0
71268730,Planet (P),False,False,False,False,False,,
71273195,Junk (J),True,True,True,True,True,95.0,95.0
71341774,Planet (P),False,True,False,True,False,100.0,100.0
71345362,Planet (P),False,False,False,False,False,,
71347873,Planet (P),False,False,False,False,False,,
71431780,Planet (P),False,False,False,False,False,,
71459120,Planet (P),False,False,False,False,False,,
71512186,Planet (P),False,False,False,False,False,,
71582156,Planet (P),False,False,False,False,False,,
71674064,Planet (P),False,True,False,True,False,100.0,100.0
71749392,Junk (J),False,False,False,False,False,,
71751431,Junk (J),False,False,False,False,False,,
71808539,EB,False,True,False,True,False,103.0,103.0
71847021,EB,False,False,False,False,False,,
71847068,EB,False,False,False,False,False,,
71854732,Planet (P),False,False,False,False,False,,
71933719,EB,False,False,False,False,False,,
72020292,Junk (J),False,False,False,False,False,,
72090501,Planet (P),False,False,False,False,False,,
72097808,Planet (P),False,False,False,False,False,,
72123144,Planet (P),False,True,False,True,False,101.0,101.0
72150241,EB,False,False,False,False,False,,
72187236,EB,False,False,False,False,False,,
72401290,Planet (P),False,True,False,True,False,101.0,101.0
72452387,Planet (P),False,False,False,False,False,,
72494421,Planet (P),False,False,False,False,False,,
72504017,Planet (P),False,True,False,True,False,101.0,101.0
72504752,Planet (P),False,True,False,True,False,101.0,101.0
72528673,EB,False,False,False,False,False,,
72542131,Planet (P),False,True,False,True,False,99.0,99.0
72542944,Planet (P),False,True,False,True,False,99.0,99.0
72572630,EB,False,True,False,True,False,102.0,102.0
72581578,Junk (J),False,False,False,False,False,,
72592101,Junk (J),False,True,False,True,False,102.0,102.0
72621014,Junk (J),False,False,False,False,False,,
72621582,Junk (J),False,False,False,False,False,,
72623280,Junk (J),False,False,False,False,False,,
72632899,EB,False,True,False,True,False,101.0,101.0
72638106,Junk (J),False,True,False,True,False,97.0,97.0
72668830,Planet (P),False,True,False,True,False,97.0,97.0
72688952,EB,False,False,False,False,False,,
72762674,Junk (J),False,True,False,True,False,97.0,97.0
72806004,Planet (P),False,True,False,True,False,99.0,99.0
72889156,Planet (P),False,False,False,False,False,,
72924173,EB,False,True,False,False,False,101.0,
72985822,Planet (P),False,True,False,True,False,101.0,101.0
73038411,Planet (P),False,False,False,False,False,,
73082014,Planet (P),False,True,False,True,False,101.0,101.0
73104318,EB,False,False,False,False,False,,
73104778,EB,False,False,False,False,False,,
73228647,Planet (P),False,True,False,True,False,101.0,101.0
73250068,Planet (P),False,False,False,False,False,,
73310180,Planet (P),False,True,False,True,False,101.0,101.0
73433128,Planet (P),False,True,False,True,False,100.0,100.0
73448352,Planet (P),False,False,False,False,False,,
73539849,EB,False,False,False,False,False,,
73540072,Planet (P),False,False,False,False,False,,
73649615,Planet (P),False,True,False,True,False,100.0,100.0
73717937,Planet (P),False,True,False,True,False,101.0,101.0
73928163,EB,False,True,False,True,False,103.0,103.0
74046141,EB,False,True,False,True,False,103.0,103.0
74051493,Junk (J),False,True,False,True,False,103.0,103.0
74197917,EB,False,False,False,False,False,,
74274839,Planet (P),False,False,False,False,False,,
74346212,EB,False,True,False,True,False,103.0,103.0
74389253,Planet (P),False,False,False,False,False,,
74484423,Planet (P),False,False,False,False,False,,
74530173,Planet (P),False,False,False,False,False,,
74534430,Planet (P),False,False,False,False,False,,
74646659,EB,False,True,False,True,False,103.0,103.0
74649892,Junk (J),False,True,False,True,True,103.0,103.0
74649918,Junk (J),False,True,False,True,True,103.0,103.0
74712191,Planet (P),False,False,False,False,False,,
74741924,Junk (J),False,True,False,True,True,103.0,103.0
74824550,Junk (J),False,True,False,True,True,103.0,103.0
74881311,Planet (P),False,False,False,False,False,,
74885707,Junk (J),False,False,False,False,False,,
74934381,EB,False,True,False,True,False,103.0,103.0
74967390,Planet (P),False,False,False,False,False,,
75076261,Planet (P),False,True,False,True,False,103.0,103.0
75087113,Junk (J),False,True,False,True,True,103.0,103.0
75157778,Junk (J),False,True,False,True,True,103.0,103.0
75160550,Junk (J),False,True,False,True,False,103.0,103.0
75171363,Planet (P),False,False,False,False,False,,
75208638,Planet (P),False,False,False,False,False,,
75214502,EB,False,True,False,True,False,103.0,103.0
75306937,EB,False,True,False,True,False,103.0,103.0
75392985,Junk (J),False,False,False,False,False,,
75434867,EB,False,False,False,False,False,,
75436981,EB,False,False,False,False,False,,
75470499,Junk (J),False,True,False,True,True,103.0,103.0
75522633,Planet (P),False,True,False,True,False,103.0,103.0
75580659,Planet (P),False,False,False,False,False,,
75589027,Planet (P),False,False,False,False,False,,
75602529,Junk (J),False,True,False,True,False,103.0,103.0
75647856,EB,False,False,False,False,False,,
75650448,Planet (P),False,False,False,False,False,,
75655116,Junk (J),False,False,False,False,False,,
75656058,Planet (P),False,False,False,False,False,,
75687169,EB,False,True,False,True,False,103.0,103.0
75687533,Junk (J),False,True,False,True,False,103.0,103.0
75697959,Planet (P),False,False,False,False,False,,
75700506,Junk (J),False,False,False,False,False,,
75744886,Planet (P),False,False,False,False,False,,
75760449,Planet (P),False,True,False,True,False,103.0,103.0
75784122,Planet (P),False,False,False,False,False,,
75830130,Junk (J),False,True,False,True,False,99.0,99.0
75834963,Junk (J),False,False,False,False,False,,
75835019,Junk (J),False,False,False,False,False,,
75862086,Junk (J),False,False,False,False,False,,
75867919,EB,False,False,False,False,False,,
75878355,Planet (P),False,False,False,False,False,,
75881632,Junk (J),False,False,False,False,False,,
75919790,Planet (P),False,True,False,True,False,103.0,103.0
75968883,Junk (J),False,False,False,False,False,,
76032342,Planet (P),False,False,False,False,False,,
76066400,Junk (J),False,True,False,True,False,103.0,103.0
76167206,EB,False,True,False,True,False,103.0,103.0
76171166,EB,False,True,False,True,False,103.0,103.0
76193403,Planet (P),False,False,False,False,False,,
76197937,Planet (P),False,False,False,False,False,,
76203467,EB,False,False,False,False,False,,
76224662,EB,False,True,False,True,False,103.0,103.0
76226354,Junk (J),False,True,False,True,False,103.0,103.0
76227523,EB,False,True,False,True,False,103.0,103.0
76228620,Planet (P),False,True,False,True,False,103.0,103.0
76346008,Junk (J),False,False,False,False,False,,
76350212,Junk (J),False,False,False,False,False,,
76383336,Planet (P),False,True,False,True,False,103.0,103.0
76404070,EB,False,False,False,False,False,,
76419763,Planet (P),False,False,False,False,False,,
76439862,Junk (J),False,True,False,True,False,103.0,103.0
76440874,EB,False,True,False,True,False,103.0,103.0
76447579,EB,False,True,False,True,False,103.0,103.0
76500772,EB,False,False,False,False,False,,
76545118,Planet (P),False,False,False,False,False,,
76580812,EB,False,False,False,False,False,,
76658393,EB,False,False,False,False,False,,
76663549,Planet (P),False,False,False,False,False,,
76677878,Junk (J),False,True,False,True,False,103.0,103.0
76698127,EB,False,False,False,False,False,,
76706043,Planet (P),False,False,False,False,False,,
76731445,Planet (P),False,False,False,False,False,,
76758733,EB,False,True,False,True,False,103.0,103.0
76768894,EB,False,False,False,False,False,,
76798849,Planet (P),False,False,False,False,False,,
76882795,Planet (P),False,False,False,False,False,,
76894548,Planet (P),False,True,False,True,False,103.0,103.0
76899250,Planet (P),False,True,False,True,False,103.0,103.0
76921510,EB,False,True,False,True,False,103.0,103.0
76922247,Junk (J),False,True,False,True,False,103.0,103.0
76923707,Planet (P),True,True,True,True,True,96.0,96.0
77031414,Planet (P),True,True,True,True,True,96.0,96.0
77044471,Planet (P),True,True,True,True,True,96.0,96.0
77058935,EB,False,False,False,False,False,,
77131489,Junk (J),False,False,False,False,False,,
77139245,EB,False,False,False,False,False,,
77156657,Planet (P),False,True,False,True,False,98.0,98.0
77156829,Planet (P),False,True,False,True,False,98.0,98.0
77175217,Planet (P),False,True,False,True,False,98.0,98.0
77258279,Planet (P),False,False,False,False,False,,
77353798,Junk (J),False,False,False,False,False,,
77452293,Junk (J),False,False,False,False,False,,
77470092,Junk (J),False,False,False,False,False,,
77490011,Planet (P),False,False,False,False,False,,
77527511,Planet (P),False,True,False,True,False,99.0,99.0
77543590,Junk (J),False,False,False,False,False,,
77545160,EB,False,False,False,False,False,,
77550515,Planet (P),False,True,False,True,False,99.0,99.0
77680373,Planet (P),False,False,False,False,False,,
77958378,Planet (P),False,True,False,True,False,98.0,98.0
78055054,Planet (P),False,True,False,False,False,98.0,
78154865,Planet (P),False,False,False,False,False,,
78290597,Planet (P),False,False,False,False,False,,
78374609,EB,False,True,False,True,False,103.0,103.0
78441371,Planet (P),False,False,False,False,False,,
78489364,Planet (P),False,False,False,False,False,,
78586367,Junk (J),False,False,False,False,False,,
78953309,EB,False,False,False,False,False,,
78977873,EB,False,False,False,False,False,,
79030066,Planet (P),False,False,False,False,False,,
79125456,EB,False,True,False,True,False,103.0,103.0
79292541,Planet (P),False,False,False,False,False,,
79316101,Planet (P),False,False,False,False,False,,
79605791,Planet (P),False,False,False,False,False,,
79658872,Junk (J),True,True,True,True,True,94.0,94.0
79660831,Planet (P),True,True,True,True,True,94.0,94.0
79661701,Junk (J),True,True,True,True,True,94.0,94.0
79748331,Planet (P),True,True,True,True,True,94.0,94.0
79755513,Junk (J),True,True,True,True,True,94.0,94.0
79808825,Junk (J),True,True,True,True,True,94.0,94.0
79831290,EB,False,False,False,False,False,,
79920467,Planet (P),False,False,False,False,False,,
79930628,Planet (P),False,False,False,False,False,,
79955783,Junk (J),False,False,False,False,False,,
79971247,Planet (P),False,False,False,False,False,,
80014521,Junk (J),False,False,False,False,False,,
80016916,Junk (J),False,False,False,False,False,,
80059889,EB,True,True,True,True,True,94.0,94.0
80059891,EB,True,True,True,True,True,94.0,94.0
80064407,Junk (J),False,False,False,False,False,,
80083854,Junk (J),True,True,True,True,True,95.0,95.0
80091106,EB,True,True,True,True,True,94.0,94.0
80137654,Planet (P),False,False,False,False,False,,
80166433,Planet (P),False,False,False,False,False,,
80199862,EB,True,True,True,True,True,94.0,94.0
80204009,Junk (J),True,True,True,True,True,94.0,94.0
80224448,Planet (P),False,False,False,False,False,,
80254085,Junk (J),True,True,True,True,True,94.0,94.0
80384677,Planet (P),False,True,False,True,False,100.0,100.0
80432617,Planet (P),True,True,True,True,True,103.0,103.0
80439101,Planet (P),True,True,True,True,True,96.0,96.0
80478272,Planet (P),False,False,False,False,False,,
80611440,Planet (P),False,False,False,False,False,,
80681136,Planet (P),False,True,False,True,False,100.0,100.0
80682484,Planet (P),False,True,False,True,False,100.0,100.0
80684903,Junk (J),False,False,False,False,False,,
80711765,Planet (P),False,False,False,False,False,,
80713983,Planet (P),False,False,False,False,False,,
80778619,Planet (P),False,True,False,True,False,100.0,100.0
80783538,Planet (P),False,True,False,True,False,100.0,100.0
80804822,Junk (J),False,False,False,False,False,,
80909728,Junk (J),False,False,False,False,False,,
81055189,Planet (P),False,False,False,False,False,,
81077799,Planet (P),False,True,False,True,False,100.0,100.0
81089255,Planet (P),False,False,False,False,False,,
81178747,Planet (P),False,False,False,False,False,,
81247740,Planet (P),False,False,False,False,False,,
81247877,Planet (P),False,False,False,False,False,,
81386317,Junk (J),False,False,False,False,False,,
81419525,Planet (P),False,False,False,False,False,,
81509432,Junk (J),False,False,False,False,False,,
81593232,Junk (J),False,False,False,False,False,,
81593515,Planet (P),False,False,False,False,False,,
81597356,Planet (P),False,False,False,False,False,,
81597736,Junk (J),False,False,False,False,False,,
81693792,Planet (P),False,True,False,True,False,100.0,100.0
81744640,Planet (P),False,False,False,False,False,,
81749728,Planet (P),False,False,False,False,False,,
81750864,Junk (J),False,False,False,False,False,,
81793226,Junk (J),False,False,False,False,False,,
81808065,Planet (P),False,False,False,False,False,,
81830377,EB,False,False,False,False,False,,
81831095,Planet (P),False,False,False,False,False,,
81908232,Junk (J),False,False,False,False,False,,
81912956,Junk (J),False,False,False,False,False,,
81914898,Junk (J),False,False,False,False,False,,
81963214,Planet (P),False,False,False,False,False,,
82011562,Junk (J),False,False,False,False,False,,
82098714,Junk (J),False,False,False,False,False,,
82169137,Junk (J),False,False,False,False,False,,
82172802,Junk (J),False,False,False,False,False,,
82224114,Junk (J),False,False,False,False,False,,
82237164,Junk (J),False,False,False,False,False,,
82302240,Planet (P),False,False,False,False,False,,
82308728,Planet (P),False,False,False,False,False,,
82331749,Junk (J),False,False,False,False,False,,
82398641,Junk (J),False,False,False,False,False,,
82403176,Junk (J),False,False,False,False,False,,
82452140,Planet (P),False,False,False,False,False,,
82488918,EB,False,True,False,True,False,100.0,100.0
82489851,EB,False,False,False,False,False,,
82496599,EB,False,False,False,False,False,,
82524933,Junk (J),False,False,False,False,False,,
82598822,Planet (P),False,False,False,False,False,,
82599600,Junk (J),False,False,False,False,False,,
82599979,Junk (J),False,False,False,False,False,,
82605972,Junk (J),False,False,False,False,False,,
82616882,Junk (J),False,False,False,False,False,,
82620914,Junk (J),False,False,False,False,False,,
82622707,Planet (P),False,False,False,False,False,,
82689021,Junk (J),False,False,False,False,False,,
82739585,Planet (P),False,False,False,False,False,,
82774262,EB,False,True,False,True,False,100.0,100.0
82800685,Junk (J),False,False,False,False,False,,
82805851,Junk (J),False,False,False,False,False,,
82806895,Junk (J),False,False,False,False,False,,
82829410,Junk (J),False,False,False,False,False,,
82949776,EB,False,True,False,True,False,100.0,100.0
83092282,Planet (P),False,False,False,False,False,,
83148519,Planet (P),False,False,False,False,False,,
83154030,Planet (P),False,True,False,True,False,101.0,101.0
83154764,Junk (J),False,True,False,True,False,101.0,101.0
83180637,Planet (P),False,False,False,False,False,,
83191121,Junk (J),False,False,False,False,False,,
83275782,Planet (P),False,False,False,False,False,,
83308167,EB,False,False,False,False,False,,
83394510,EB,False,True,False,True,False,102.0,102.0
83395136,Planet (P),False,True,False,True,False,102.0,102.0
83403878,Junk (J),False,False,False,False,False,,
83408987,Junk (J),False,False,False,False,False,,
83449560,EB,False,False,False,False,False,,
83494672,EB,False,True,False,True,False,102.0,102.0
83524788,EB,False,False,False,False,False,,
83648910,EB,False,False,False,False,False,,
83812256,Junk (J),False,False,False,False,False,,
83839341,EB,False,True,False,True,False,102.0,102.0
83914031,EB,False,True,False,True,False,102.0,102.0
84072448,Junk (J),False,False,False,False,False,,
84126162,Planet (P),False,False,False,False,False,,
84235851,Junk (J),False,False,False,False,False,,
84295394,Junk (J),False,False,False,False,False,,
84302264,Junk (J),False,False,False,False,False,,
84314873,Junk (J),False,False,False,False,False,,
84339983,Planet (P),False,False,False,False,False,,
84342725,EB,False,False,False,False,False,,
84356562,Planet (P),False,False,False,False,False,,
84599716,Planet (P),False,False,False,False,False,,
84652583,Junk (J),False,False,False,False,False,,
84788795,Planet (P),False,False,False,False,False,,
84898938,Junk (J),False,False,False,False,False,,
85031598,Planet (P),False,False,False,False,False,,
85113291,Planet (P),False,False,False,False,False,,
85242435,Planet (P),False,False,False,False,False,,
85266608,Planet (P),False,False,False,False,False,,
85281192,Planet (P),False,False,False,False,False,,
85284138,Planet (P),False,False,False,False,False,,
85292615,Planet (P),False,False,False,False,False,,
85293053,Planet (P),False,False,False,False,False,,
85408122,Junk (J),False,False,False,False,False,,
85408583,Junk (J),False,False,False,False,False,,
85429139,Planet (P),False,False,False,False,False,,
85459069,Junk (J),False,False,False,False,False,,
85459171,Planet (P),False,False,False,False,False,,
85512095,EB,False,False,False,False,False,,
85516761,Junk (J),False,False,False,False,False,,
85521725,Junk (J),False,False,False,False,False,,
85593343,Junk (J),False,False,False,False,False,,
85593751,Planet (P),False,False,False,False,False,,
85644328,Planet (P),False,False,False,False,False,,
85649613,Junk (J),False,False,False,False,False,,
85694722,Junk (J),False,False,False,False,False,,
85765877,EB,False,False,False,False,False,,
85791385,Planet (P),False,False,False,False,False,,
85855090,Junk (J),False,False,False,False,False,,
85858057,Junk (J),False,False,False,False,False,,
85868640,Junk (J),False,False,False,False,False,,
85924890,EB,False,False,False,False,False,,
86005116,Planet (P),False,False,False,False,False,,
86021841,Planet (P),False,False,False,False,False,,
86031591,EB,False,False,False,False,False,,
86033989,EB,False,False,False,False,False,,
86075481,Planet (P),False,False,False,False,False,,
86131897,Junk (J),False,False,False,False,False,,
86144938,Junk (J),False,False,False,False,False,,
86232804,Junk (J),False,False,False,False,False,,
86249089,Junk (J),False,False,False,False,False,,
86252824,EB,False,False,False,False,False,,
86263325,Planet (P),False,False,False,False,False,,
86263835,Junk (J),False,False,False,False,False,,
86272702,Junk (J),False,False,False,False,False,,
86273567,Planet (P),False,False,False,False,False,,
86274156,Junk (J),False,False,False,False,False,,
86280613,EB,False,False,False,False,False,,
86339506,Junk (J),False,False,False,False,False,,
86373256,Junk (J),False,False,False,False,False,,
86375601,Junk (J),False,False,False,False,False,,
86396382,Planet (P),False,False,False,False,False,,
86419190,Planet (P),False,False,False,False,False,,
86511040,Junk (J),False,False,False,False,False,,
86516107,Junk (J),False,False,False,False,False,,
86787267,EB,False,False,False,False,False,,
86826742,EB,False,False,False,False,False,,
86888925,Junk (J),False,False,False,False,False,,
86898676,Planet (P),False,False,False,False,False,,
86913973,Junk (J),False,False,False,False,False,,
86951294,Planet (P),False,False,False,False,False,,
86962976,Junk (J),False,False,False,False,False,,
86970099,Junk (J),False,False,False,False,False,,
87061436,Junk (J),False,False,False,False,False,,
87066595,EB,False,False,False,False,False,,
87085603,Planet (P),False,False,False,False,False,,
87090944,Planet (P),False,False,False,False,False,,
87091417,Planet (P),False,False,False,False,False,,
87168122,Junk (J),False,False,False,False,False,,
87216634,Planet (P),False,False,False,False,False,,
87251422,EB,False,False,False,False,False,,
87405719,Planet (P),False,False,False,False,False,,
87411607,Junk (J),False,False,False,False,False,,
87414786,Junk (J),False,False,False,False,False,,
87414808,Junk (J),False,False,False,False,False,,
87417567,EB,False,False,False,False,False,,
87422071,Planet (P),False,False,False,False,False,,
87438239,EB,False,True,False,True,False,103.0,103.0
87588667,EB,False,False,False,False,False,,
87597187,Planet (P),False,False,False,False,False,,
87613257,Planet (P),False,False,False,False,False,,
87672048,Planet (P),False,False,False,False,False,,
87704700,EB,False,False,False,False,False,,
87710200,EB,False,False,False,False,False,,
87710526,EB,False,False,False,False,False,,
87775884,Planet (P),False,False,False,False,False,,
87776163,Junk (J),False,False,False,False,False,,
87778030,Junk (J),False,False,False,False,False,,
87787778,Junk (J),False,False,False,False,False,,
87788560,Junk (J),False,False,False,False,False,,
87827371,Planet (P),False,False,False,False,False,,
87873211,Planet (P),False,False,False,False,False,,
87981179,Junk (J),False,False,False,False,False,,
87985066,Junk (J),False,False,False,False,False,,
88053671,EB,False,False,False,False,False,,
88075017,Junk (J),False,False,False,False,False,,
88079763,EB,False,False,False,False,False,,
88091070,EB,False,False,False,False,False,,
88101924,Planet (P),False,False,False,False,False,,
88114177,Planet (P),False,False,False,False,False,,
88139508,Junk (J),False,False,False,False,False,,
88171518,Junk (J),False,False,False,False,False,,
88211630,Junk (J),False,False,False,False,False,,
88232354,Junk (J),False,False,False,False,False,,
88266880,Planet (P),False,False,False,False,False,,
88346878,Junk (J),False,False,False,False,False,,
88385463,Planet (P),False,False,False,False,False,,
88446176,EB,False,False,False,False,False,,
88447978,Junk (J),False,False,False,False,False,,
88460991,Planet (P),False,False,False,False,False,,
88485645,Planet (P),False,False,False,False,False,,
88522681,EB,False,False,False,False,False,,
88529975,Planet (P),False,False,False,False,False,,
88565745,Planet (P),False,False,False,False,False,,
88603791,EB,False,False,False,False,False,,
88614027,EB,False,False,False,False,False,,
88646716,Junk (J),False,False,False,False,False,,
88684250,Planet (P),False,True,False,True,False,99.0,99.0
88780973,Junk (J),False,False,False,False,False,,
88782683,Junk (J),False,False,False,False,False,,
88804537,Planet (P),False,False,False,False,False,,
88810317,EB,False,False,False,False,False,,
88811782,EB,False,False,False,False,False,,
88839983,Junk (J),False,False,False,False,False,,
88863718,Planet (P),False,True,False,True,False,99.0,99.0
88895406,Junk (J),False,False,False,False,False,,
88902249,Planet (P),False,False,False,False,False,,
88929544,Planet (P),False,False,False,False,False,,
88985472,Junk (J),False,False,False,False,False,,
88992642,Planet (P),False,False,False,False,False,,
88997621,Junk (J),False,False,False,False,False,,
88999533,Planet (P),False,True,False,True,False,99.0,99.0
89003472,Junk (J),True,True,True,True,True,102.0,102.0
89019766,Junk (J),True,True,True,True,True,95.0,95.0
89020549,Planet (P),True,True,True,True,True,95.0,95.0
89043973,Planet (P),True,True,False,False,True,102.0,
89050799,Junk (J),False,False,False,False,False,,
89051125,EB,False,False,False,False,False,,
89055250,Planet (P),False,False,False,False,False,,
89056972,EB,False,False,False,False,False,,
89062142,Planet (P),False,False,False,False,False,,
89135457,EB,False,False,False,False,False,,
89136956,EB,False,False,False,False,False,,
89138310,Planet (P),False,False,False,False,False,,
89139187,EB,False,False,False,False,False,,
89139402,EB,False,False,False,False,False,,
89252225,Junk (J),False,False,False,False,False,,
89256802,Planet (P),False,False,False,False,False,,
89266092,Junk (J),False,False,False,False,False,,
89305230,Junk (J),True,True,True,True,True,95.0,95.0
89307726,Junk (J),False,False,False,False,False,,
89332698,Junk (J),True,True,True,True,True,95.0,95.0
89363948,Junk (J),False,False,False,False,False,,
89389197,Planet (P),False,False,False,False,False,,
89414346,Planet (P),False,False,False,False,False,,
89417257,Planet (P),False,False,False,False,False,,
89423262,Junk (J),False,False,False,False,False,,
89428867,Junk (J),False,False,False,False,False,,
89494258,Planet (P),False,False,False,False,False,,
89496702,EB,False,False,False,False,False,,
89508792,Junk (J),False,False,False,False,False,,
89535068,Planet (P),False,False,False,False,False,,
89544985,Planet (P),True,True,True,True,True,96.0,96.0
89564762,EB,False,False,False,False,False,,
89575652,EB,False,False,False,False,False,,
89577845,EB,False,False,False,False,False,,
89617284,Planet (P),False,False,False,False,False,,
89643259,EB,False,False,False,False,False,,
89659632,Planet (P),False,False,False,False,False,,
89662511,EB,False,False,False,False,False,,
89702406,Planet (P),False,False,False,False,False,,
89748395,Planet (P),False,False,False,False,False,,
89761671,Junk (J),False,False,False,False,False,,
89777092,Junk (J),False,False,False,False,False,,
89904680,EB,False,False,False,False,False,,
89910284,Junk (J),False,False,False,False,False,,
89916301,Junk (J),False,False,False,False,False,,
90048949,Planet (P),False,True,False,True,False,102.0,102.0
90083037,EB,False,False,False,False,False,,
90086266,EB,False,False,False,False,False,,
90088601,EB,False,False,False,False,False,,
90104045,EB,False,False,False,False,False,,
90127880,Planet (P),False,False,False,False,False,,
90128622,Junk (J),False,False,False,False,False,,
90156362,Planet (P),False,False,False,False,False,,
90239533,EB,False,False,False,False,False,,
90423795,Junk (J),False,False,False,False,False,,
90426939,Junk (J),False,False,False,False,False,,
90504905,Planet (P),False,False,False,False,False,,
90566043,EB,False,False,False,False,False,,
90580320,EB,False,False,False,False,False,,
90585835,Junk (J),False,False,False,False,False,,
90669930,Planet (P),False,False,False,False,False,,
90717083,Junk (J),False,False,False,False,False,,
90730706,EB,False,False,False,False,False,,
90730747,EB,False,False,False,False,False,,
90767677,Planet (P),False,False,False,False,False,,
90809108,EB,False,False,False,False,False,,
90850770,Planet (P),True,True,True,True,True,94.0,94.0
90853136,Planet (P),False,False,False,False,False,,
90935909,Planet (P),True,True,True,True,True,94.0,94.0
90935995,Planet (P),True,True,True,True,True,94.0,94.0
90964631,Junk (J),False,False,False,False,False,,
91001369,Junk (J),False,False,False,False,False,,
91005175,Junk (J),False,False,False,False,False,,
91009428,EB,False,False,False,False,False,,
91051152,Planet (P),False,False,False,False,False,,
91101364,Planet (P),False,False,False,False,False,,
91111448,EB,False,False,False,False,False,,
91149002,Junk (J),False,False,False,False,False,,
91152385,EB,False,False,False,False,False,,
91242033,EB,False,False,False,False,False,,
91246501,EB,False,False,False,False,False,,
91246647,Junk (J),False,False,False,False,False,,
91251292,Planet (P),False,False,False,False,False,,
91287873,Planet (P),False,False,False,False,False,,
91316536,Junk (J),False,False,False,False,False,,
91324195,Junk (J),False,False,False,False,False,,
91324328,Planet (P),False,False,False,False,False,,
91408747,Junk (J),False,False,False,False,False,,
91410481,EB,False,False,False,False,False,,
91432035,Junk (J),True,True,True,True,True,95.0,95.0
91441057,Junk (J),False,False,False,False,False,,
91481801,Planet (P),False,False,False,False,False,,
91515391,Junk (J),False,True,False,True,False,97.0,97.0
91526790,Junk (J),False,True,False,True,False,97.0,97.0
91528551,Junk (J),False,True,False,True,False,97.0,97.0
91555165,Planet (P),False,True,False,True,False,97.0,97.0
91576611,Planet (P),False,False,False,False,False,,
91576689,EB,False,False,False,False,False,,
91594940,Junk (J),False,True,False,True,False,97.0,97.0
91595611,Junk (J),False,False,False,False,False,,
91628130,EB,False,True,False,True,False,100.0,100.0
91697121,Planet (P),False,False,False,False,False,,
91701712,EB,False,False,False,False,False,,
91777086,Planet (P),False,False,False,False,False,,
91794828,Planet (P),False,True,False,True,False,100.0,100.0
91869778,Planet (P),False,False,False,False,False,,
91911611,EB,False,True,False,True,False,100.0,100.0
91987762,Planet (P),False,False,False,False,False,,
92004082,Planet (P),False,True,False,True,False,100.0,100.0
92200375,Junk (J),False,False,False,False,False,,
92217989,Planet (P),False,False,False,False,False,,
92226327,Planet (P),False,False,False,False,False,,
92309566,Junk (J),False,False,False,False,False,,
92328347,Planet (P),False,False,False,False,False,,
92352620,Planet (P),True,True,True,True,True,95.0,95.0
92359852,Planet (P),False,False,False,False,False,,
92363023,Planet (P),False,False,False,False,False,,
92439980,Planet (P),False,False,False,False,False,,
92443533,Planet (P),True,True,True,True,True,95.0,95.0
92449173,Planet (P),True,True,True,True,True,95.0,95.0
92562123,Planet (P),True,True,True,True,True,95.0,95.0
92590258,Planet (P),False,False,False,False,False,,
92615090,EB,False,True,False,True,False,100.0,100.0
92625873,Junk (J),True,True,True,True,True,95.0,95.0
92628802,Junk (J),True,True,True,True,True,95.0,95.0
92677094,Planet (P),False,False,False,False,False,,
92744152,Planet (P),False,False,False,False,False,,
92788444,Junk (J),True,True,True,True,True,95.0,95.0
92854156,Junk (J),False,True,False,True,False,100.0,100.0
92861875,Junk (J),True,True,True,True,True,95.0,95.0
92992033,Planet (P),False,False,False,False,False,,
93092178,Junk (J),False,False,False,False,False,,
93093765,Planet (P),False,True,False,True,False,100.0,100.0
93125144,Planet (P),False,True,False,True,False,98.0,98.0
93771344,EB,False,True,False,True,False,100.0,100.0
93862917,Planet (P),False,False,False,False,False,,
94011343,Planet (P),False,True,False,True,False,101.0,101.0
94012094,Planet (P),False,True,False,True,False,101.0,101.0
94280922,Junk (J),False,False,False,False,False,,
94346376,Planet (P),False,True,False,True,False,101.0,101.0
94373189,Junk (J),False,False,False,False,False,,
94405787,Planet (P),False,False,False,False,False,,
94483093,Planet (P),False,True,False,True,False,103.0,103.0
94823134,Planet (P),False,False,False,False,False,,
94986319,Planet (P),False,True,False,True,False,98.0,98.0
95010343,Planet (P),False,False,False,False,False,,
95057860,Planet (P),False,True,False,True,False,98.0,98.0
95079513,Planet (P),False,False,False,False,False,,
95191643,Planet (P),False,False,False,False,False,,
95234976,Planet (P),False,False,False,False,False,,
95337971,Planet (P),False,False,False,False,False,,
95361530,Planet (P),False,False,False,False,False,,
95423778,Planet (P),False,False,False,False,False,,
95574586,Planet (P),False,False,False,False,False,,
95589845,Planet (P),False,False,False,False,False,,
95660472,Planet (P),False,False,False,False,False,,
95709395,Planet (P),False,True,False,True,False,103.0,103.0
95737705,EB,False,True,False,False,False,103.0,
95777770,Junk (J),False,False,False,False,False,,
96074951,Planet (P),False,False,False,False,False,,
96097215,Planet (P),False,True,False,True,False,99.0,99.0
96098342,EB,False,True,False,True,False,103.0,103.0
96150279,Junk (J),False,True,False,True,False,103.0,103.0
96165095,Planet (P),False,False,False,False,False,,
96170689,Planet (P),False,False,False,False,False,,
96246348,Planet (P),False,False,False,False,False,,
96315559,Junk (J),False,False,False,False,False,,
96317115,Planet (P),False,False,False,False,False,,
96475638,Planet (P),False,True,False,True,False,103.0,103.0
96663608,EB,False,False,False,False,False,,
96736412,Planet (P),False,False,False,False,False,,
96785948,EB,False,False,False,False,False,,
96818680,EB,False,False,False,False,False,,
96829917,Planet (P),False,True,False,True,False,103.0,103.0
96925186,Planet (P),False,False,False,False,False,,
96948338,Planet (P),False,False,False,False,False,,
96952279,EB,False,False,False,False,False,,
96973930,Planet (P),False,False,False,False,False,,
96996542,EB,False,False,False,False,False,,
97156957,EB,False,False,False,False,False,,
97165413,Planet (P),False,False,False,False,False,,
97249514,Planet (P),False,False,False,False,False,,
97279971,Planet (P),False,False,False,False,False,,
97401715,Junk (J),True,True,True,True,True,95.0,95.0
97409519,Planet (P),True,True,True,True,True,95.0,95.0
97410755,Junk (J),True,True,True,True,True,95.0,95.0
97432172,Junk (J),True,True,True,True,True,95.0,95.0
97486178,Planet (P),False,False,False,False,False,,
97486585,EB,False,False,False,False,False,,
97505555,Junk (J),False,False,False,False,False,,
97519794,Junk (J),False,True,False,True,False,97.0,97.0
97568467,Planet (P),False,False,False,False,False,,
97588014,Planet (P),False,False,False,False,False,,
97610426,EB,False,True,False,True,False,103.0,103.0
97669493,Planet (P),False,False,False,False,False,,
97714451,Planet (P),False,False,False,False,False,,
97735297,Planet (P),False,False,False,False,False,,
97735908,Planet (P),False,False,False,False,False,,
97762524,EB,False,False,False,False,False,,
97766057,Planet (P),False,False,False,False,False,,
97822587,Junk (J),False,True,False,True,False,101.0,101.0
97825640,Planet (P),False,True,False,True,False,101.0,101.0
97827016,Junk (J),True,True,True,True,True,94.0,94.0
97866515,Planet (P),False,False,False,False,False,,
97921547,Planet (P),False,False,False,False,False,,
97925605,Planet (P),False,False,False,False,False,,
98064760,EB,True,True,False,False,True,94.0,
98148702,Junk (J),False,False,False,False,False,,
98159959,Planet (P),False,False,False,False,False,,
98186354,Junk (J),True,True,True,True,True,94.0,94.0
98283926,Planet (P),False,False,False,False,False,,
98350979,EB,False,False,False,False,False,,
98423184,Junk (J),True,True,True,True,True,94.0,94.0
98545929,Planet (P),False,False,False,False,False,,
98613492,Planet (P),False,False,False,False,False,,
98620619,Planet (P),False,False,False,False,False,,
98626688,Junk (J),False,False,False,False,False,,
98662211,Planet (P),False,False,False,False,False,,
98728690,Planet (P),False,False,False,False,False,,
98796344,Planet (P),False,False,False,False,False,,
98833877,Planet (P),False,False,False,False,False,,
98847929,Junk (J),False,False,False,False,False,,
98933651,EB,False,False,False,False,False,,
98937256,Junk (J),False,False,False,False,False,,
98946854,Planet (P),False,False,False,False,False,,
98952744,EB,False,True,False,True,False,101.0,101.0
99081059,Planet (P),False,False,False,False,False,,
99097200,Planet (P),False,False,False,False,False,,
99135781,EB,False,False,False,False,False,,
99135783,EB,False,False,False,False,False,,
99181047,Junk (J),False,True,False,True,False,101.0,101.0
99222716,Junk (J),False,False,False,False,False,,
99224131,Planet (P),False,False,False,False,False,,
99270298,EB,False,False,False,False,False,,
99330181,Junk (J),False,False,False,False,False,,
99330791,Junk (J),False,False,False,False,False,,
99382119,Junk (J),False,False,False,False,False,,
99382786,Junk (J),False,False,False,False,False,,
99389639,Junk (J),False,False,False,False,False,,
99408107,EB,False,False,False,False,False,,
99572130,Planet (P),False,False,False,False,False,,
99648579,Planet (P),False,False,False,False,False,,
99654378,Planet (P),False,False,False,False,False,,
99696926,Junk (J),False,False,False,False,False,,
99708188,Junk (J),False,False,False,False,False,,
99746675,EB,False,False,False,False,False,,
99765092,Junk (J),False,False,False,False,False,,
99834321,Planet (P),False,False,False,False,False,,
99834717,Planet (P),False,False,False,False,False,,
99867658,EB,False,False,False,False,False,,
99867873,Junk (J),False,False,False,False,False,,
99869022,Planet (P),False,False,False,False,False,,
99893800,EB,False,False,False,False,False,,
99896567,Planet (P),False,False,False,False,False,,
99899503,Junk (J),False,False,False,False,False,,
99901640,Junk (J),False,False,False,False,False,,
99902074,Junk (J),False,False,False,False,False,,
99903544,Junk (J),False,False,False,False,False,,
99903855,Junk (J),False,False,False,False,False,,
99906296,Junk (J),False,False,False,False,False,,
99919259,Junk (J),False,False,False,False,False,,
99920423,Junk (J),False,False,False,False,False,,
99970677,Junk (J),False,False,False,False,False,,
99988039,Junk (J),False,False,False,False,False,,
99989903,Planet (P),False,False,False,False,False,,
99990178,Junk (J),False,False,False,False,False,,
100014359,Planet (P),True,True,False,False,True,103.0,
100090050,Junk (J),False,False,False,False,False,,
100099031,Planet (P),True,True,True,True,True,103.0,103.0
100100823,EB,True,True,True,True,True,103.0,103.0
100100827,Planet (P),True,True,True,True,True,103.0,103.0
100263315,Planet (P),True,True,True,True,True,94.0,94.0
100264497,Planet (P),True,True,True,True,True,94.0,94.0
100267480,Planet (P),True,True,True,True,True,101.0,101.0
100389539,Planet (P),False,False,False,False,False,,
100408043,Junk (J),False,False,False,False,False,,
100504381,Junk (J),True,True,True,True,True,94.0,94.0
100566492,Planet (P),True,True,True,True,True,94.0,94.0
100589633,Planet (P),False,True,False,True,False,98.0,98.0
100608026,Planet (P),False,True,False,True,False,98.0,98.0
100683605,Planet (P),False,True,False,True,False,98.0,98.0
100757381,Junk (J),False,True,False,True,False,98.0,98.0
100757807,Planet (P),False,True,False,True,False,98.0,98.0
100769500,Planet (P),False,False,False,False,False,,
100780304,Planet (P),False,True,False,True,False,98.0,98.0
100909102,Planet (P),False,False,False,False,False,,
100921768,Planet (P),False,True,False,True,False,97.0,97.0
100974694,Planet (P),False,True,False,True,False,97.0,97.0
100990000,Planet (P),False,True,False,True,False,97.0,97.0
101011575,Planet (P),False,False,False,False,False,,
101037590,Planet (P),False,False,False,False,False,,
101079297,EB,False,False,False,False,False,,
101133275,Planet (P),False,False,False,False,False,,
101179364,EB,True,True,True,True,True,94.0,94.0
101225566,Planet (P),False,True,False,True,False,100.0,100.0
101232323,Junk (J),True,True,True,True,True,94.0,94.0
101233032,Junk (J),False,False,False,False,True,,
101255974,EB,False,False,False,False,False,,
101272159,Planet (P),True,True,True,True,True,94.0,94.0
101335425,EB,False,False,False,False,False,,
101348333,Planet (P),False,False,False,False,False,,
101404344,EB,True,True,True,True,True,94.0,94.0
101427252,Junk (J),True,True,True,True,True,94.0,94.0
101427335,EB,True,True,True,True,True,94.0,94.0
101434215,Junk (J),False,True,False,True,False,100.0,100.0
101455096,Junk (J),True,True,True,True,True,94.0,94.0
101496204,Junk (J),False,True,False,True,False,99.0,99.0
101510908,Junk (J),True,True,True,True,True,94.0,94.0
101513965,EB,True,True,True,True,True,94.0,94.0
101520163,Planet (P),False,False,False,False,False,,
101544904,Junk (J),True,True,True,True,True,94.0,94.0
101546875,EB,False,False,False,False,False,,
101547609,EB,False,False,False,False,False,,
101569583,Planet (P),False,False,False,False,False,,
101588793,Planet (P),False,True,False,True,False,99.0,99.0
101592219,Planet (P),False,False,False,False,False,,
101654574,EB,True,True,True,True,True,94.0,94.0
101675455,EB,False,False,False,False,False,,
101689307,EB,False,False,False,False,False,,
101691477,Junk (J),True,True,True,True,True,94.0,94.0
101693153,Junk (J),True,True,True,True,True,94.0,94.0
101695517,Junk (J),True,True,True,True,True,94.0,94.0
101695924,EB,True,True,True,True,True,94.0,94.0
101696403,Planet (P),True,True,True,True,True,94.0,94.0
101718959,Junk (J),False,False,False,False,False,,
101720002,Junk (J),False,False,False,False,False,,
101721385,Planet (P),False,False,False,False,False,,
101721960,Junk (J),False,False,False,False,False,,
101827881,EB,False,False,False,False,False,,
101834236,Junk (J),False,False,False,False,False,,
101845280,Junk (J),True,True,True,True,False,94.0,94.0
101875016,Junk (J),False,False,False,False,False,,
101876193,Junk (J),False,False,False,False,False,,
101883233,Junk (J),True,True,True,True,False,94.0,94.0
101948569,Planet (P),True,True,True,True,True,103.0,103.0
101955023,Planet (P),False,True,False,True,False,99.0,99.0
101961987,Planet (P),False,True,False,True,False,99.0,99.0
102030574,Planet (P),True,True,True,True,True,103.0,103.0
102145031,EB,False,False,False,False,False,,
102159710,Planet (P),False,False,False,False,False,,
102192004,Planet (P),False,True,False,True,False,102.0,102.0
102264230,Planet (P),False,False,False,False,False,,
102283403,Planet (P),False,False,False,False,False,,
102542376,Planet (P),False,False,False,False,False,,
102625324,EB,False,True,False,True,False,99.0,99.0
102642870,EB,False,False,False,False,False,,
102672709,Planet (P),False,False,False,False,False,,
102713734,Planet (P),False,False,False,False,False,,
102719996,Planet (P),False,False,False,False,False,,
102731164,EB,False,False,False,False,False,,
102734241,Planet (P),False,False,False,False,False,,
102840239,Planet (P),False,True,False,True,False,100.0,100.0
102846772,Planet (P),False,False,False,False,False,,
102848207,Planet (P),False,False,False,False,False,,
103096524,Planet (P),False,False,False,False,False,,
103121827,Junk (J),False,False,False,False,False,,
103183399,Planet (P),False,True,False,True,False,99.0,99.0
103195323,Planet (P),False,False,False,False,False,,
103448870,Planet (P),False,False,False,False,False,,
103452621,EB,False,False,False,False,False,,
103571856,Junk (J),False,False,False,False,False,,
103573024,EB,False,False,False,False,False,,
103604037,Junk (J),False,False,False,False,False,,
103605399,Planet (P),False,False,False,False,False,,
103633434,Planet (P),False,False,False,False,False,,
103657028,Junk (J),False,False,False,False,False,,
103657171,EB,False,False,False,False,False,,
103686920,Junk (J),False,False,False,False,False,,
103689487,Junk (J),False,False,False,False,False,,
103691355,Junk (J),False,False,False,False,False,,
103751498,Planet (P),False,False,False,False,False,,
103803490,Junk (J),False,False,False,False,False,,
103804621,Junk (J),False,False,False,False,False,,
103806789,Junk (J),False,False,False,False,False,,
103832313,Planet (P),False,True,False,False,False,102.0,
103865797,Planet (P),False,False,False,False,False,,
104022675,Planet (P),False,True,False,True,False,102.0,102.0
104024556,Planet (P),False,True,False,True,False,102.0,102.0
104195270,Planet (P),False,False,False,False,False,,
104208182,Planet (P),False,False,False,False,False,,
104734832,Planet (P),False,False,False,False,False,,
104795973,EB,False,False,False,False,False,,
104866616,Planet (P),False,False,False,False,False,,
104914008,EB,False,False,False,False,False,,
104986789,Planet (P),False,False,False,False,False,,
105135774,Planet (P),False,False,False,False,False,,
105160013,Junk (J),False,False,False,False,False,,
105233796,EB,False,False,False,False,False,,
105296763,EB,False,False,False,False,False,,
105379013,Planet (P),False,False,False,False,False,,
105450460,Junk (J),False,False,False,False,False,,
105452717,EB,False,False,False,False,False,,
105616091,Planet (P),False,False,False,False,False,,
105618511,EB,False,False,False,False,False,,
105759569,Planet (P),False,True,False,True,False,100.0,100.0
105840719,Planet (P),False,False,False,False,False,,
105882458,Junk (J),False,True,False,True,False,100.0,100.0
106013773,Planet (P),False,False,False,False,False,,
106224627,Planet (P),False,False,False,False,False,,
106402532,Planet (P),False,True,False,True,False,100.0,100.0
106626059,Planet (P),False,False,False,False,False,,
106829921,Planet (P),False,False,False,False,False,,
106940971,Planet (P),False,False,False,False,False,,
107017977,Planet (P),False,True,False,True,False,101.0,101.0
107018378,Planet (P),False,True,False,True,False,101.0,101.0
107090327,Planet (P),False,False,False,False,False,,
107340585,Planet (P),False,False,False,False,False,,
107440797,Planet (P),False,False,False,False,False,,
107464225,Junk (J),False,True,False,True,False,102.0,102.0
107506563,Planet (P),False,True,False,True,False,102.0,102.0
107610704,EB,False,True,False,True,False,102.0,102.0
107617930,Planet (P),False,False,False,False,False,,
107776260,Planet (P),False,False,False,False,False,,
107782586,Planet (P),False,False,False,False,False,,
108911914,EB,False,False,False,False,False,,
108939482,EB,False,False,False,False,False,,
108940329,Planet (P),False,False,False,False,False,,
109171807,Junk (J),False,False,False,False,True,,
109750484,Junk (J),False,False,False,False,False,,
109765689,EB,False,False,False,False,False,,
110178537,Planet (P),False,False,False,False,False,,
110211150,Junk (J),False,False,False,False,False,,
110310815,EB,False,False,False,False,False,,
110428269,EB,False,False,False,False,False,,
110738386,Planet (P),False,False,False,False,False,,
110936761,Planet (P),False,False,False,False,False,,
110996418,Planet (P),False,False,False,False,False,,
111108561,Planet (P),False,False,False,False,False,,
111338555,Junk (J),False,False,False,False,False,,
111682678,EB,False,False,False,False,False,,
111837183,Planet (P),False,False,False,False,False,,
111991770,Planet (P),False,True,False,True,False,102.0,102.0
112026224,Planet (P),False,False,False,False,False,,
112037211,Planet (P),False,True,False,True,False,102.0,102.0
112086256,EB,False,False,False,False,False,,
112099249,Planet (P),False,True,False,True,False,102.0,102.0
112110888,Planet (P),False,False,False,False,False,,
112115898,Planet (P),False,False,False,False,False,,
112316665,Planet (P),False,False,False,False,False,,
112362827,EB,False,False,False,False,False,,
112395347,Junk (J),True,True,True,True,True,94.0,94.0
112467884,Junk (J),True,True,True,True,False,94.0,94.0
112504287,EB,False,False,False,False,False,,
112604564,Planet (P),False,False,False,False,False,,
112613543,Junk (J),True,True,True,True,True,94.0,94.0
112681546,EB,False,False,False,False,False,,
112710057,EB,True,True,False,False,True,94.0,
112716272,Junk (J),True,True,True,True,True,94.0,94.0
112755167,EB,True,True,True,True,True,94.0,94.0
112757547,Junk (J),True,True,False,False,True,94.0,
112827315,EB,True,True,True,True,True,94.0,94.0
112827464,EB,True,True,True,True,True,94.0,94.0
112988537,Junk (J),True,True,True,True,True,94.0,94.0
112989868,Planet (P),True,True,True,True,True,94.0,94.0
113117112,Planet (P),True,True,True,True,True,94.0,94.0
113163511,Junk (J),True,True,True,True,True,94.0,94.0
113239663,Junk (J),True,True,True,True,False,94.0,94.0
113272112,EB,True,True,True,True,True,94.0,94.0
113295476,Planet (P),False,False,False,False,False,,
113347424,EB,False,False,False,False,False,,
113428669,Planet (P),True,True,True,True,True,94.0,94.0
113496667,EB,True,True,True,True,True,94.0,94.0
113496703,Junk (J),True,True,True,True,True,94.0,94.0
113501026,EB,False,False,False,False,False,,
113539554,Junk (J),True,True,True,True,True,94.0,94.0
113565705,EB,True,True,False,False,True,94.0,
113588970,EB,False,False,False,False,False,,
113594232,EB,True,True,True,True,True,94.0,94.0
113648563,Planet (P),True,True,True,True,True,94.0,94.0
113673867,Junk (J),False,False,False,False,False,,
113681156,Junk (J),False,False,False,False,False,,
113745412,EB,False,False,False,False,False,,
113804153,Planet (P),False,False,False,False,False,,
113858721,Junk (J),False,False,False,False,True,,
113909881,EB,False,False,False,False,False,,
113921235,Planet (P),False,False,False,False,False,,
113986292,Junk (J),False,False,False,False,True,,
114018671,Planet (P),False,False,False,False,False,,
114053589,EB,True,True,True,True,True,94.0,94.0
114054090,Junk (J),True,True,True,True,True,94.0,94.0
114103134,Planet (P),False,False,False,False,False,,
114103136,EB,False,False,False,False,False,,
114178921,Junk (J),True,True,True,True,True,94.0,94.0
114179771,Junk (J),True,True,True,True,True,94.0,94.0
114181798,Planet (P),True,True,True,True,True,94.0,94.0
114299824,Planet (P),False,False,False,False,False,,
114318935,Junk (J),True,True,True,True,True,94.0,94.0
114392303,Junk (J),True,True,True,True,True,94.0,94.0
114422211,Planet (P),False,False,False,False,False,,
114600571,Planet (P),False,False,False,False,False,,
114749636,Planet (P),True,True,True,True,True,96.0,96.0
114818524,Junk (J),False,False,False,False,False,,
114920186,Junk (J),True,True,True,True,True,95.0,95.0
114947483,Planet (P),False,False,False,False,False,,
115010361,Planet (P),False,False,False,False,False,,
115064173,EB,False,False,False,False,False,,
115138542,Junk (J),False,False,False,False,False,,
115182469,Planet (P),False,False,False,False,False,,
115230116,Junk (J),False,False,False,False,False,,
115242351,Planet (P),True,True,True,True,True,96.0,96.0
115270627,Planet (P),False,False,False,False,False,,
115300649,Junk (J),False,False,False,False,False,,
115453244,Planet (P),False,False,False,False,False,,
115508409,Planet (P),False,False,False,False,False,,
115524421,Planet (P),False,False,False,False,False,,
115551115,EB,False,False,False,False,False,,
115564354,Planet (P),False,False,False,False,False,,
115581508,Junk (J),False,False,False,False,False,,
115582577,Junk (J),False,False,False,False,False,,
115583726,Planet (P),False,False,False,False,False,,
115623139,Junk (J),False,False,False,False,False,,
115623434,Planet (P),False,False,False,False,False,,
115628210,Planet (P),False,False,False,False,False,,
115637849,EB,False,False,False,False,False,,
115683877,Planet (P),False,False,False,False,False,,
115684219,Planet (P),False,False,False,False,False,,
115719509,Junk (J),False,False,False,False,False,,
115739057,Planet (P),False,False,False,False,False,,
115771549,Planet (P),False,False,False,False,False,,
115853235,Junk (J),False,False,False,False,False,,
115854656,EB,False,False,False,False,False,,
115899725,Planet (P),False,False,False,False,False,,
115909462,Junk (J),False,False,False,False,False,,
115985506,Junk (J),False,False,False,False,False,,
116005304,Junk (J),False,False,False,False,False,,
116022395,Junk (J),False,False,False,False,False,,
116046460,Junk (J),False,False,False,False,False,,
116048097,Planet (P),False,False,False,False,False,,
116048705,Junk (J),False,False,False,False,False,,
116095877,Junk (J),False,False,False,False,False,,
116156517,Planet (P),True,True,True,True,True,103.0,103.0
116159629,Junk (J),False,False,False,False,False,,
116164903,Junk (J),False,False,False,False,False,,
116211791,Junk (J),False,False,False,False,False,,
116242971,Planet (P),False,False,False,False,False,,
116262905,Junk (J),False,False,False,False,False,,
116264089,Planet (P),False,False,False,False,False,,
116273717,Junk (J),False,False,False,False,False,,
116280121,Junk (J),False,False,False,False,False,,
116307482,Planet (P),False,False,False,False,False,,
116331699,EB,False,False,False,False,False,,
116333600,Junk (J),False,False,False,False,False,,
116361759,Junk (J),False,False,False,False,False,,
116363657,Junk (J),False,False,False,False,False,,
116371654,Junk (J),False,False,False,False,False,,
116382006,Planet (P),False,False,False,False,False,,
116483514,Planet (P),False,False,False,False,False,,
116483734,Planet (P),False,False,False,False,False,,
116522219,EB,False,False,False,False,False,,
116608612,Planet (P),False,False,False,False,False,,
116615131,Junk (J),False,False,False,False,False,,
116631353,Planet (P),False,False,False,False,False,,
116668723,Planet (P),False,False,False,False,False,,
116681081,EB,False,False,False,False,False,,
116724157,EB,False,False,False,False,False,,
116727724,EB,False,False,False,False,False,,
116848450,Planet (P),False,False,False,False,False,,
116855563,EB,False,False,False,False,False,,
116888149,EB,False,False,False,False,False,,
117007618,EB,False,False,False,False,False,,
117068362,Planet (P),False,False,False,False,False,,
117096174,EB,False,False,False,False,False,,
117120388,Junk (J),False,False,False,False,False,,
117144561,Junk (J),False,False,False,False,False,,
117170301,Junk (J),False,False,False,False,False,,
117273166,Junk (J),False,False,False,False,False,,
117275513,Planet (P),False,False,False,False,False,,
117278732,Junk (J),False,False,False,False,False,,
117289683,EB,False,False,False,False,False,,
117311671,Junk (J),False,False,False,False,False,,
117322779,Planet (P),False,False,False,False,False,,
117378334,Planet (P),False,False,False,False,False,,
117397619,EB,False,False,False,False,False,,
117401783,Junk (J),False,False,False,False,False,,
117411688,Junk (J),False,False,False,False,False,,
117446938,EB,False,False,False,False,False,,
117453686,EB,False,False,False,False,False,,
117485762,Junk (J),False,False,False,False,False,,
117514304,Junk (J),True,True,True,True,True,102.0,102.0
117631084,Junk (J),False,False,False,False,False,,
117632901,Junk (J),False,False,False,False,False,,
117659938,EB,False,False,False,False,False,,
117799904,Planet (P),False,True,False,True,False,98.0,98.0
117892246,Planet (P),False,False,False,False,False,,
117934375,EB,False,True,False,True,False,103.0,103.0
117938087,Planet (P),False,True,False,True,False,98.0,98.0
117979455,Planet (P),False,True,False,True,False,98.0,98.0
117979897,Planet (P),False,True,False,True,False,98.0,98.0
118010257,Junk (J),False,True,False,True,False,103.0,103.0
118072143,Planet (P),False,True,False,True,False,99.0,99.0
118084044,Planet (P),False,False,False,False,False,,
118139893,Junk (J),False,True,False,True,False,103.0,103.0
118191063,EB,False,True,False,True,False,103.0,103.0
118191083,EB,False,True,False,True,False,103.0,103.0
118196844,Junk (J),False,True,False,True,False,103.0,103.0
118200081,EB,False,True,False,True,False,103.0,103.0
118271395,Junk (J),False,True,False,True,False,103.0,103.0
118271404,Junk (J),False,True,False,True,False,103.0,103.0
118274531,EB,False,True,False,True,False,103.0,103.0
118280350,EB,False,True,False,True,False,103.0,103.0
118301361,EB,False,False,False,False,False,,
118308828,Planet (P),False,False,False,False,False,,
118324224,EB,False,True,False,True,False,103.0,103.0
118327533,Planet (P),True,True,True,True,True,96.0,96.0
118327550,Planet (P),True,True,True,True,True,96.0,96.0
118337424,Junk (J),False,False,False,False,False,,
118389230,EB,False,False,False,False,False,,
118399541,EB,False,True,False,True,False,103.0,103.0
118406995,Planet (P),False,False,False,False,False,,
118439690,Junk (J),False,True,False,True,False,103.0,103.0
118573065,Planet (P),False,False,False,False,False,,
118578646,EB,False,True,False,True,False,103.0,103.0
118603213,Planet (P),False,True,False,True,False,99.0,99.0
118669236,Junk (J),False,True,False,True,False,103.0,103.0
118754987,Planet (P),False,True,False,True,False,99.0,99.0
118798035,EB,False,True,False,True,False,103.0,103.0
118807198,Junk (J),False,True,False,True,False,103.0,103.0
118820486,Planet (P),False,False,False,False,False,,
118837152,EB,False,False,False,False,False,,
118914286,Planet (P),False,True,False,True,False,99.0,99.0
118919710,EB,False,True,False,True,False,103.0,103.0
118956453,Planet (P),False,True,False,True,False,99.0,99.0
118963720,Planet (P),False,False,False,False,False,,
118985922,Junk (J),False,False,False,False,False,,
119044273,Junk (J),False,True,False,True,False,103.0,103.0
119045610,EB,False,True,False,True,False,103.0,103.0
119046610,EB,False,True,False,True,False,103.0,103.0
119069946,Planet (P),False,False,False,False,False,,
119088593,Junk (J),False,True,False,True,False,103.0,103.0
119088713,Junk (J),False,True,False,True,False,103.0,103.0
119089245,Planet (P),False,True,False,True,False,103.0,103.0
119130170,Planet (P),False,False,False,False,False,,
119131709,Planet (P),False,False,False,False,False,,
119153127,Planet (P),False,True,False,True,False,103.0,103.0
119159743,Junk (J),False,True,False,True,False,103.0,103.0
119159758,Junk (J),False,True,False,True,False,103.0,103.0
119178132,Planet (P),False,False,False,False,False,,
119279664,Junk (J),False,True,False,True,False,103.0,103.0
119279903,Junk (J),False,True,False,True,False,103.0,103.0
119290630,Planet (P),False,True,False,True,False,98.0,98.0
119292328,Planet (P),False,True,False,True,False,98.0,98.0
119371469,Junk (J),False,False,False,False,False,,
119379330,EB,False,True,False,True,False,103.0,103.0
119384992,Junk (J),False,True,False,True,False,103.0,103.0
119448220,Planet (P),False,False,False,False,False,,
119480236,Junk (J),False,False,False,False,False,,
119501687,Junk (J),False,False,False,False,False,,
119506281,Junk (J),False,True,False,True,False,103.0,103.0
119515574,EB,False,False,False,False,False,,
119556803,Planet (P),False,False,False,False,False,,
119562612,EB,False,False,False,False,False,,
119584412,Planet (P),False,False,False,False,False,,
119585136,Planet (P),False,False,False,False,False,,
119623902,Junk (J),False,True,False,True,False,103.0,103.0
119638424,Planet (P),False,False,False,False,False,,
119696797,Junk (J),False,False,False,False,False,,
119700084,Planet (P),False,False,False,False,False,,
119727527,EB,False,True,False,True,False,103.0,103.0
119727544,EB,False,True,False,True,False,103.0,103.0
119755641,Junk (J),False,False,False,False,False,,
119774374,EB,False,True,False,True,False,103.0,103.0
119775495,EB,False,False,False,False,False,,
119777368,EB,False,True,False,True,False,103.0,103.0
119777589,Junk (J),False,True,False,True,False,103.0,103.0
119822417,EB,False,True,False,True,False,103.0,103.0
119881567,EB,False,True,False,True,False,103.0,103.0
119925436,Planet (P),False,True,False,True,False,100.0,100.0
119950057,Planet (P),False,False,False,False,False,,
119973835,Planet (P),False,False,False,False,False,,
119983709,Junk (J),False,True,False,True,False,103.0,103.0
119999069,Junk (J),False,False,False,False,False,,
120033290,Planet (P),False,True,False,True,False,103.0,103.0
120037640,EB,False,False,False,False,False,,
120039621,Junk (J),False,False,False,False,False,,
120044311,Junk (J),False,False,False,False,False,,
120045750,Planet (P),False,False,False,False,False,,
120101789,Planet (P),False,False,False,False,False,,
120102957,Junk (J),False,False,False,False,False,,
120103530,Junk (J),False,False,False,False,False,,
120110972,Planet (P),False,False,False,False,False,,
120115768,Planet (P),False,False,False,False,False,,
120161491,Junk (J),False,False,False,False,False,,
120183168,Planet (P),False,False,False,False,False,,
120199940,Planet (P),False,True,False,True,False,103.0,103.0
120239978,Junk (J),False,False,False,False,False,,
120245973,Junk (J),False,True,False,True,True,103.0,103.0
120247528,Planet (P),True,True,True,True,True,103.0,103.0
120255950,Planet (P),False,False,False,False,False,,
120283373,Junk (J),False,True,False,True,True,103.0,103.0
120297997,EB,False,True,False,True,False,100.0,100.0
120314188,Junk (J),False,False,False,False,False,,
120315082,EB,False,False,False,False,False,,
120317234,Planet (P),False,False,False,False,False,,
120317267,Junk (J),False,False,False,False,False,,
120320470,Junk (J),False,False,False,False,False,,
120360182,Junk (J),False,False,False,False,False,,
120362128,EB,False,False,False,False,False,,
120393609,EB,True,True,True,True,True,103.0,103.0
120396319,EB,True,True,False,True,True,103.0,103.0
120401906,Junk (J),True,True,True,True,True,103.0,103.0
120421430,Junk (J),False,False,False,False,False,,
120421916,Junk (J),False,False,False,False,False,,
120422998,EB,False,False,False,False,False,,
120523488,Planet (P),True,True,True,True,True,103.0,103.0
120531954,Junk (J),False,False,False,False,False,,
120532285,Junk (J),False,False,False,False,False,,
120572957,Junk (J),False,False,False,False,False,,
120610833,Planet (P),True,True,True,True,True,96.0,96.0
120689840,EB,False,False,False,False,False,,
120689878,EB,False,False,False,False,False,,
120757718,Planet (P),False,False,False,False,False,,
120758683,Junk (J),False,False,False,False,False,,
120826158,Planet (P),False,False,False,False,False,,
120847748,EB,False,False,False,False,False,,
120894622,EB,False,False,False,False,False,,
120896927,Planet (P),False,True,False,True,False,97.0,97.0
120960812,Planet (P),False,False,False,False,False,,
120966579,EB,False,False,False,False,False,,
121058843,EB,False,True,False,True,False,103.0,103.0
121058849,EB,False,True,False,True,False,103.0,103.0
121067499,Junk (J),False,False,False,False,False,,
121069461,EB,False,False,False,False,False,,
121070864,Planet (P),False,False,False,False,False,,
121096563,EB,False,True,False,True,False,102.0,102.0
121194926,Planet (P),False,True,False,True,False,103.0,103.0
121196411,EB,False,True,False,True,False,103.0,103.0
121248009,EB,False,True,False,True,False,103.0,103.0
121381208,Junk (J),False,False,False,False,False,,
121490076,Planet (P),True,True,True,True,True,96.0,96.0
121526198,EB,False,False,False,False,False,,
121542578,EB,False,False,False,False,False,,
121560868,Planet (P),False,True,False,True,False,103.0,103.0
121563490,EB,False,True,False,True,False,103.0,103.0
121623269,EB,False,True,False,False,False,103.0,
121625048,EB,False,True,False,True,False,102.0,102.0
121625070,Planet (P),False,True,False,True,False,102.0,102.0
121632819,Planet (P),False,True,False,True,False,103.0,103.0
121660904,Planet (P),False,False,False,False,False,,
121663898,EB,False,True,False,True,False,103.0,103.0
121666838,EB,False,True,False,True,False,103.0,103.0
121667554,EB,False,True,False,True,False,103.0,103.0
121731834,Planet (P),False,False,False,False,False,,
121741238,Junk (J),False,False,False,False,False,,
121795527,EB,False,True,False,True,False,103.0,103.0
121841079,Junk (J),False,True,False,True,False,102.0,102.0
121845708,EB,False,False,False,False,False,,
121926023,EB,False,True,False,True,False,103.0,103.0
121927399,EB,False,True,False,True,False,103.0,103.0
121933402,EB,False,True,False,True,False,103.0,103.0
121967032,EB,False,False,False,False,False,,
121990418,Planet (P),False,False,False,False,False,,
122103128,Junk (J),False,False,False,False,False,,
122104636,Junk (J),False,False,False,False,False,,
122220263,EB,False,False,False,False,False,,
122227070,EB,False,True,False,True,False,103.0,103.0
122262940,EB,False,False,False,False,False,,
122280962,Junk (J),False,False,False,False,False,,
122354134,Planet (P),False,True,False,True,False,103.0,103.0
122355918,EB,False,True,False,True,False,103.0,103.0
122375047,Planet (P),False,False,False,False,False,,
122399664,EB,False,True,False,True,False,103.0,103.0
122418622,Planet (P),False,False,False,False,False,,
122424768,EB,False,True,False,True,False,103.0,103.0
122479370,EB,False,False,False,False,False,,
122504932,Junk (J),False,True,False,True,False,97.0,97.0
122603474,EB,False,False,False,False,False,,
122608337,Junk (J),False,True,False,True,False,97.0,97.0
122612091,Planet (P),False,True,False,True,False,97.0,97.0
122613513,Planet (P),False,True,False,True,False,97.0,97.0
122617317,Planet (P),False,True,False,True,False,97.0,97.0
122629761,Planet (P),False,False,False,False,False,,
122632735,EB,False,True,False,True,False,103.0,103.0
122670213,Junk (J),False,True,False,True,False,97.0,97.0
122673496,Junk (J),False,False,False,False,False,,
122695048,Planet (P),False,False,False,False,False,,
122707747,EB,False,False,False,False,False,,
122783509,Junk (J),False,False,False,False,False,,
122788838,Junk (J),False,False,False,False,False,,
122788871,Junk (J),False,False,False,False,False,,
122798633,Planet (P),False,False,False,False,False,,
122839894,Junk (J),False,False,False,False,False,,
122881136,Planet (P),False,False,False,False,False,,
122882992,Junk (J),False,False,False,False,False,,
122883754,EB,False,False,False,False,False,,
122888781,Junk (J),False,False,False,False,False,,
122890007,Junk (J),False,False,False,False,False,,
122892874,Junk (J),False,False,False,False,False,,
122897814,EB,False,False,False,False,False,,
122950844,Junk (J),False,False,False,False,False,,
122952916,Junk (J),False,False,False,False,False,,
122981686,Planet (P),False,False,False,False,False,,
123007594,Planet (P),False,False,False,False,False,,
123010341,Junk (J),False,False,False,False,False,,
123041007,Planet (P),False,False,False,False,False,,
123042289,Junk (J),False,False,False,False,False,,
123042728,EB,False,False,False,False,False,,
123064672,EB,False,True,False,True,False,103.0,103.0
123091906,Junk (J),False,False,False,False,False,,
123092464,Junk (J),False,False,False,False,False,,
123095295,Junk (J),False,False,False,False,False,,
123098868,Junk (J),False,False,False,False,False,,
123106490,Planet (P),False,False,False,False,False,,
123127263,Junk (J),False,False,False,False,False,,
123133954,Planet (P),False,False,False,False,False,,
123200196,Junk (J),False,False,False,False,False,,
123233041,Planet (P),False,False,False,False,False,,
123234236,Junk (J),False,False,False,False,False,,
123234892,Junk (J),False,False,False,False,False,,
123236228,Junk (J),False,False,False,False,False,,
123282768,EB,False,True,False,True,False,103.0,103.0
123309556,Planet (P),False,False,False,False,False,,
123314302,Junk (J),False,False,False,False,False,,
123317257,Junk (J),False,False,False,False,False,,
123335278,Junk (J),False,True,False,True,False,97.0,97.0
123357034,Planet (P),False,False,False,False,False,,
123357110,Junk (J),False,False,False,False,False,,
123357864,Planet (P),False,False,False,False,False,,
123368006,Junk (J),False,True,False,True,False,97.0,97.0
123405803,Junk (J),False,True,False,True,False,97.0,97.0
123408566,Junk (J),False,False,False,False,False,,
123414758,Junk (J),False,False,False,False,False,,
123415344,Junk (J),False,False,False,False,False,,
123417891,Junk (J),False,False,False,False,False,,
123446504,Junk (J),False,False,False,False,False,,
123462119,Planet (P),False,False,False,False,False,,
123482865,Planet (P),False,False,False,False,False,,
123495874,Planet (P),False,False,False,False,False,,
123550613,Junk (J),False,False,False,False,False,,
123627908,Planet (P),False,True,False,True,False,98.0,98.0
123702439,Planet (P),False,False,False,False,False,,
123827543,EB,False,False,False,False,False,,
123846039,Planet (P),False,False,False,False,False,,
123958679,Planet (P),False,False,False,False,False,,
124029677,Planet (P),False,True,False,True,False,98.0,98.0
124095888,Planet (P),False,True,False,True,False,102.0,102.0
124146529,Planet (P),False,True,False,True,False,102.0,102.0
124169565,EB,False,True,False,True,False,103.0,103.0
124174267,Planet (P),False,True,False,True,False,102.0,102.0
124206468,Planet (P),False,True,False,True,False,102.0,102.0
124235800,Planet (P),False,True,False,True,False,102.0,102.0
124256104,EB,False,True,False,True,False,103.0,103.0
124322274,Planet (P),False,False,False,False,False,,
124369049,Junk (J),False,True,False,True,False,103.0,103.0
124379043,Planet (P),False,False,False,False,False,,
124453339,Planet (P),False,True,False,True,False,102.0,102.0
124454726,Planet (P),False,True,False,True,False,102.0,102.0
124491883,Planet (P),False,False,False,False,False,,
124515764,Planet (P),False,True,False,True,False,102.0,102.0
124573851,Planet (P),False,False,False,False,False,,
124593564,EB,False,True,False,True,False,103.0,103.0
124617560,Planet (P),False,True,False,True,False,102.0,102.0
124780430,EB,False,True,False,True,False,102.0,102.0
125228210,EB,False,True,False,True,False,103.0,103.0
125366299,Planet (P),False,False,False,False,False,,
125367522,Planet (P),False,False,False,False,False,,
125405602,Planet (P),False,False,False,False,False,,
125424836,Planet (P),False,False,False,False,False,,
125489084,Planet (P),False,False,False,False,False,,
125508978,EB,False,False,False,False,False,,
125520907,Planet (P),False,False,False,False,False,,
125552076,Planet (P),False,False,False,False,False,,
125563127,Planet (P),False,False,False,False,False,,
125618950,EB,False,False,False,False,False,,
125659567,EB,False,True,False,True,False,103.0,103.0
125669930,Junk (J),False,False,False,False,False,,
125735470,Planet (P),False,False,False,False,False,,
125739286,Planet (P),False,True,False,True,False,102.0,102.0
125835024,Planet (P),False,True,False,True,False,102.0,102.0
125875112,EB,False,True,False,True,False,102.0,102.0
125876981,EB,False,True,False,True,False,102.0,102.0
125991473,Junk (J),False,False,False,False,False,,
126125073,Planet (P),False,True,False,True,False,103.0,103.0
126188378,EB,False,False,False,False,False,,
126225595,Planet (P),False,False,False,False,False,,
126281784,Junk (J),False,False,False,False,False,,
126309829,EB,False,True,False,True,False,103.0,103.0
126314637,Junk (J),False,False,False,False,False,,
126322519,Planet (P),False,False,False,False,False,,
126325149,Planet (P),False,False,False,False,False,,
126325291,EB,False,False,False,False,False,,
126357909,Planet (P),False,False,False,False,False,,
126413455,Junk (J),False,False,False,False,False,,
126449150,EB,False,False,False,False,False,,
126468953,EB,False,True,False,True,False,103.0,103.0
126572546,Planet (P),False,False,False,False,False,,
126606859,Planet (P),False,False,False,False,False,,
126733133,Planet (P),False,False,False,False,False,,
126737992,Planet (P),False,False,False,False,False,,
126976674,EB,False,True,False,True,False,102.0,102.0
126982221,Planet (P),False,False,False,False,False,,
126982911,Planet (P),False,False,False,False,False,,
126997070,Junk (J),False,False,False,False,False,,
126997753,EB,False,False,False,False,False,,
127012328,Planet (P),False,False,False,False,False,,
127115861,Planet (P),False,False,False,False,False,,
127196805,EB,False,True,False,True,False,102.0,102.0
127226712,Planet (P),False,True,False,True,False,98.0,98.0
127229631,Planet (P),False,True,False,True,False,98.0,98.0
127248904,EB,False,True,False,True,False,102.0,102.0
127311697,EB,False,True,False,True,False,102.0,102.0
127315102,EB,False,True,False,True,False,102.0,102.0
127328218,Planet (P),False,False,False,False,False,,
127365016,EB,False,False,False,False,False,,
127435139,EB,False,True,False,True,False,102.0,102.0
127476180,Planet (P),False,False,False,False,False,,
127505658,Planet (P),False,False,False,False,False,,
127530399,Planet (P),False,True,False,True,False,102.0,102.0
127586667,Junk (J),False,False,False,False,False,,
127602771,EB,False,True,False,True,False,102.0,102.0
127633512,EB,False,False,False,False,False,,
127662261,EB,False,True,False,True,False,102.0,102.0
127713554,EB,False,False,False,False,False,,
127722285,Planet (P),False,False,False,False,False,,
127793615,Planet (P),False,True,False,True,False,102.0,102.0
127836129,EB,False,False,False,False,False,,
127844650,Junk (J),False,False,False,False,False,,
127846210,Junk (J),False,False,False,False,False,,
127861022,EB,False,True,False,True,False,102.0,102.0
127895118,Planet (P),False,False,False,False,False,,
127955334,EB,False,True,False,True,False,102.0,102.0
127957099,Planet (P),False,False,False,False,False,,
128005970,EB,False,True,False,True,False,102.0,102.0
128127712,Planet (P),False,False,False,False,False,,
128131723,EB,False,False,False,False,False,,
128135100,Planet (P),False,False,False,False,False,,
128231721,EB,False,True,False,True,False,102.0,102.0
128285288,Junk (J),False,True,False,True,False,103.0,103.0
128340531,Junk (J),False,False,False,False,False,,
128379228,Junk (J),False,False,False,False,False,,
128380776,Junk (J),False,False,False,False,False,,
128449971,Planet (P),False,True,False,True,False,103.0,103.0
128463355,EB,False,False,False,False,False,,
128503477,Junk (J),False,False,False,False,False,,
128504988,Junk (J),False,False,False,False,False,,
128531633,Planet (P),False,True,False,True,False,102.0,102.0
128558389,EB,False,False,False,False,False,,
128558444,Planet (P),False,False,False,False,False,,
128622942,EB,False,True,False,True,False,103.0,103.0
128677641,Junk (J),True,True,True,True,True,94.0,94.0
128680884,Junk (J),True,True,True,True,True,94.0,94.0
128685675,EB,False,False,False,False,False,,
128710970,EB,True,True,True,True,True,94.0,94.0
128721058,EB,False,False,False,False,False,,
128789719,Junk (J),True,True,True,True,True,94.0,94.0
128791834,Junk (J),True,True,True,True,True,94.0,94.0
128798054,EB,True,True,True,True,True,94.0,94.0
128801876,Junk (J),True,True,True,True,True,94.0,94.0
128840826,Junk (J),True,True,True,True,True,94.0,94.0
128846212,Junk (J),True,True,True,True,True,94.0,94.0
128866613,Junk (J),False,False,False,False,False,,
128882149,Junk (J),True,True,True,True,True,94.0,94.0
128966834,EB,True,True,True,True,True,94.0,94.0
128967140,Junk (J),True,True,True,True,True,94.0,94.0
129004637,Planet (P),False,False,False,False,False,,
129036837,EB,True,True,True,True,True,94.0,94.0
129038637,Junk (J),True,True,True,True,True,94.0,94.0
129058686,EB,False,True,False,True,False,103.0,103.0
129082047,Junk (J),True,True,True,True,True,94.0,94.0
129082266,Junk (J),True,True,True,True,True,94.0,94.0
129107501,Planet (P),False,False,False,False,False,,
129108133,Planet (P),False,False,False,False,False,,
129115637,Junk (J),False,True,False,True,False,103.0,103.0
129125448,EB,False,True,False,True,False,103.0,103.0
129187343,EB,False,True,False,True,False,103.0,103.0
129191367,EB,False,True,False,True,False,103.0,103.0
129193604,EB,False,True,False,True,False,103.0,103.0
129319156,Planet (P),False,True,False,True,False,103.0,103.0
129409890,EB,False,False,False,False,False,,
129455317,Junk (J),False,False,False,False,False,,
129457735,Junk (J),False,False,False,False,False,,
129458276,Planet (P),True,True,True,True,True,94.0,94.0
129473370,EB,False,True,False,True,False,103.0,103.0
129539786,Planet (P),False,False,False,False,False,,
129637892,Planet (P),True,True,True,True,True,95.0,95.0
129659797,EB,False,True,False,True,False,103.0,103.0
129711632,Planet (P),True,True,True,True,True,95.0,95.0
129890791,Planet (P),False,True,False,True,False,103.0,103.0
129904995,Junk (J),False,False,False,False,False,,
129913400,Junk (J),False,False,False,False,False,,
129951308,EB,False,True,False,True,False,103.0,103.0
129979528,Planet (P),False,False,False,False,False,,
129991079,Planet (P),False,False,False,False,False,,
130181866,Planet (P),False,False,False,False,False,,
130349701,Planet (P),False,False,False,False,False,,
130415266,Planet (P),False,False,False,False,False,,
130611752,Planet (P),False,False,False,False,False,,
130713772,Junk (J),False,False,False,False,False,,
130797885,Planet (P),False,False,False,False,False,,
130814025,EB,False,True,False,True,False,103.0,103.0
130924120,Planet (P),False,True,False,True,False,101.0,101.0
130948731,Planet (P),False,False,False,False,False,,
131025778,Planet (P),False,False,False,False,False,,
131034657,Planet (P),False,False,False,False,False,,
131195882,Planet (P),False,True,False,True,False,101.0,101.0
131250246,Planet (P),False,False,False,False,False,,
131312528,Planet (P),False,True,False,True,False,101.0,101.0
131347421,Planet (P),False,False,False,False,False,,
131348451,Planet (P),False,False,False,False,False,,
131419624,Planet (P),False,False,False,False,False,,
131427690,EB,False,True,False,True,False,102.0,102.0
131530341,EB,False,True,False,True,False,103.0,103.0
131581522,Planet (P),False,False,False,False,False,,
131730580,Planet (P),False,True,False,True,False,99.0,99.0
131743355,Planet (P),False,False,False,False,False,,
132313173,Planet (P),False,False,False,False,False,,
132314633,Planet (P),False,False,False,False,False,,
132534906,Planet (P),False,False,False,False,False,,
132611413,Planet (P),False,True,False,True,False,103.0,103.0
132963419,Planet (P),False,True,False,True,False,99.0,99.0
133107143,Planet (P),False,False,False,False,False,,
133129971,Planet (P),False,True,False,True,False,99.0,99.0
133331642,Planet (P),False,True,False,True,False,99.0,99.0
133334108,Planet (P),False,False,False,False,False,,
133427311,Planet (P),False,False,False,False,False,,
133512515,Planet (P),False,True,False,True,False,99.0,99.0
133655284,Planet (P),False,False,False,False,False,,
133849258,Planet (P),False,False,False,False,False,,
133850380,Planet (P),False,False,False,False,False,,
134183038,Planet (P),False,False,False,False,False,,
134200185,Planet (P),False,False,False,False,False,,
134221850,Planet (P),False,False,False,False,False,,
134315574,Planet (P),False,False,False,False,False,,
134471108,Planet (P),False,False,False,False,False,,
134537478,Planet (P),False,False,False,False,False,,
134551640,Planet (P),False,False,False,False,False,,
134596619,Planet (P),False,False,False,False,False,,
135085261,EB,False,False,False,False,False,,
135267558,Planet (P),False,False,False,False,False,,
135362677,Junk (J),False,False,False,False,False,,
135443063,EB,False,False,False,False,False,,
135789669,EB,False,False,False,False,False,,
136040527,EB,False,False,False,False,False,,
136122328,Planet (P),False,False,False,False,False,,
136209118,Planet (P),False,True,False,True,False,99.0,99.0
136317809,EB,False,False,False,False,False,,
136456960,Junk (J),False,False,False,False,False,,
136466789,Junk (J),False,False,False,False,False,,
136504576,Planet (P),False,True,False,True,False,99.0,99.0
136516761,Junk (J),False,False,False,False,False,,
136519753,EB,False,False,False,False,False,,
136650352,EB,False,False,False,False,False,,
136651206,Junk (J),False,False,False,False,False,,
136728967,Junk (J),False,False,False,False,False,,
136756300,Junk (J),False,False,False,False,False,,
136761005,EB,False,False,False,False,False,,
136863559,EB,False,False,False,False,False,,
136908879,EB,False,True,False,True,False,103.0,103.0
136916387,Planet (P),False,True,False,True,False,103.0,103.0
136971594,EB,False,False,False,False,False,,
136973976,EB,False,False,False,False,False,,
136984059,Junk (J),False,False,False,False,False,,
136992839,Planet (P),False,False,False,False,False,,
136997146,Junk (J),False,False,False,False,False,,
136998882,Planet (P),False,False,False,False,False,,
137002343,Junk (J),False,False,False,False,False,,
137003360,Junk (J),False,False,False,False,False,,
137004295,Junk (J),False,False,False,False,False,,
137005144,Junk (J),False,False,False,False,False,,
137020480,Planet (P),False,False,False,False,False,,
137098226,Junk (J),False,False,False,False,False,,
137151335,Planet (P),False,False,False,False,False,,
137193989,Junk (J),False,False,False,False,False,,
137353009,EB,False,False,False,False,False,,
137420801,Planet (P),False,False,False,False,False,,
137500798,Planet (P),False,False,False,False,False,,
137501278,EB,False,False,False,False,False,,
137648019,Junk (J),False,False,False,False,False,,
137683938,Planet (P),False,False,False,False,False,,
137730999,Junk (J),True,True,True,True,True,96.0,96.0
137750629,Junk (J),False,False,False,False,False,,
137770520,Junk (J),False,False,False,False,False,,
137778682,EB,False,False,False,False,False,,
137803226,Junk (J),False,False,False,False,False,,
137830829,Junk (J),False,False,False,False,False,,
137834492,Junk (J),False,False,False,False,False,,
137843225,Planet (P),False,False,False,False,False,,
137880970,Junk (J),False,False,False,False,False,,
137881699,Planet (P),False,False,False,False,False,,
137899948,Planet (P),False,False,False,False,False,,
137906197,Planet (P),False,False,False,False,False,,
137906810,Junk (J),False,False,False,False,False,,
137908961,Junk (J),False,False,False,False,False,,
137910089,Junk (J),False,False,False,False,False,,
137975948,Junk (J),False,False,False,False,False,,
138003647,Junk (J),False,False,False,False,False,,
138017750,Planet (P),False,False,False,False,False,,
138032974,EB,False,False,False,False,False,,
138089107,Junk (J),False,False,False,False,False,,
138107622,Junk (J),False,False,False,False,False,,
138126035,Planet (P),False,False,False,False,False,,
138167103,EB,False,False,False,False,False,,
138168780,Planet (P),False,False,False,False,False,,
138171891,Junk (J),False,False,False,False,False,,
138207768,Junk (J),False,False,False,False,False,,
138225319,Planet (P),False,False,False,False,False,,
138252859,Junk (J),False,False,False,False,False,,
138287408,EB,False,False,False,False,False,,
138294130,Planet (P),False,False,False,False,False,,
138318354,Junk (J),False,False,False,False,False,,
138329479,Planet (P),False,False,False,False,False,,
138344895,Planet (P),False,False,False,False,False,,
138361973,Planet (P),False,False,False,False,False,,
138371570,Junk (J),False,False,False,False,False,,
138431696,Junk (J),False,False,False,False,False,,
138433385,Junk (J),False,False,False,False,False,,
138475192,Planet (P),False,False,False,False,False,,
138475545,Junk (J),False,False,False,False,False,,
138497780,Planet (P),False,False,False,False,False,,
138505004,EB,False,False,False,False,False,,
138506047,Junk (J),False,False,False,False,False,,
138508187,Junk (J),False,False,False,False,False,,
138508637,EB,False,False,False,False,False,,
138544299,Junk (J),False,False,False,False,False,,
138588540,Planet (P),False,False,False,False,False,,
138589695,Junk (J),False,False,False,False,False,,
138609069,Planet (P),False,False,False,False,False,,
138618351,EB,False,False,False,False,False,,
138643670,Junk (J),False,False,False,False,False,,
138644215,Planet (P),False,False,False,False,False,,
138650903,EB,False,False,False,False,False,,
138651330,Junk (J),False,False,False,False,False,,
138652093,Junk (J),False,False,False,False,False,,
138652784,Junk (J),False,False,False,False,False,,
138653197,Junk (J),False,False,False,False,False,,
138671052,Planet (P),False,False,False,False,False,,
138678162,Junk (J),False,False,False,False,False,,
138727432,Planet (P),False,True,False,True,False,97.0,97.0
138762614,Planet (P),False,False,False,False,False,,
138795920,EB,False,False,False,False,False,,
138819293,Planet (P),False,False,False,False,False,,
138820713,Planet (P),False,False,False,False,False,,
138906428,EB,False,False,False,False,False,,
138973825,Planet (P),False,False,False,False,False,,
138973933,Junk (J),False,False,False,False,False,,
138976037,Junk (J),False,False,False,False,False,,
139063122,Junk (J),False,False,False,False,False,,
139079180,EB,False,False,False,False,False,,
139086171,Planet (P),False,False,False,False,False,,
139110691,Junk (J),False,False,False,False,False,,
139135703,Junk (J),False,False,False,False,False,,
139144054,EB,False,False,False,False,False,,
139148528,Planet (P),True,True,True,True,True,96.0,96.0
139156988,Junk (J),False,False,False,False,False,,
139198430,Planet (P),True,True,True,True,True,96.0,96.0
139227057,Junk (J),True,True,True,True,True,103.0,103.0
139251123,Planet (P),True,True,True,True,True,96.0,96.0
139252264,EB,False,False,False,False,False,,
139285832,Planet (P),True,True,True,True,True,96.0,96.0
139314045,Planet (P),False,True,False,True,False,99.0,99.0
139322307,Junk (J),True,True,True,True,True,103.0,103.0
139327560,Junk (J),True,True,True,True,True,96.0,96.0
139357541,Planet (P),True,True,True,True,True,96.0,96.0
139364395,Junk (J),True,True,True,True,True,96.0,96.0
139371718,Junk (J),True,True,True,True,True,98.0,98.0
139375960,Planet (P),False,False,False,False,False,,
139395122,EB,False,False,False,False,False,,
139396034,EB,False,False,False,False,False,,
139416182,Junk (J),False,False,False,False,False,,
139444326,Planet (P),False,True,False,True,False,98.0,98.0
139445453,Planet (P),False,True,False,True,False,98.0,98.0
139445621,Planet (P),False,True,False,True,False,98.0,98.0
139482933,Junk (J),False,True,False,True,False,97.0,97.0
139507260,Planet (P),False,False,False,False,False,,
139528693,Planet (P),False,False,False,False,False,,
139550876,Planet (P),False,False,False,False,False,,
139559780,Planet (P),False,False,False,False,False,,
139644924,EB,False,False,False,False,False,,
139707575,Planet (P),False,False,False,False,False,,
139733308,Planet (P),False,True,False,True,False,98.0,98.0
139771134,Planet (P),True,True,True,True,True,95.0,95.0
139877968,Planet (P),True,True,True,True,True,95.0,95.0
139879080,Planet (P),True,True,True,True,True,102.0,102.0
139899239,Junk (J),True,True,True,True,True,95.0,95.0
139983853,Junk (J),True,True,True,True,True,102.0,102.0
140019355,Planet (P),False,False,False,False,False,,
140067837,Planet (P),True,True,True,True,True,95.0,95.0
140284353,Planet (P),False,True,False,True,False,98.0,98.0
140287227,Planet (P),False,True,False,True,False,98.0,98.0
140478472,Junk (J),False,True,False,True,False,97.0,97.0
140493547,Junk (J),False,True,False,True,False,97.0,97.0
140576341,Junk (J),True,True,True,True,True,98.0,98.0
140578606,Junk (J),True,True,True,True,True,98.0,98.0
140595903,EB,True,True,True,True,True,98.0,98.0
140687214,Planet (P),True,True,True,True,True,98.0,98.0
140691463,Planet (P),True,True,True,True,True,98.0,98.0
140706833,Planet (P),False,False,False,False,False,,
140740440,Planet (P),False,False,False,False,False,,
140760525,Junk (J),True,True,True,True,True,98.0,98.0
140761482,Junk (J),True,True,True,True,True,98.0,98.0
140769687,EB,False,True,False,True,False,103.0,103.0
140830607,Junk (J),True,True,True,True,True,98.0,98.0
140892243,EB,True,True,True,True,True,98.0,98.0
140893722,Planet (P),True,True,True,True,True,98.0,98.0
140938580,EB,True,True,True,True,True,98.0,98.0
140941995,Junk (J),True,True,True,True,True,98.0,98.0
140970632,Junk (J),True,True,True,True,True,98.0,98.0
140971734,Junk (J),True,True,True,True,True,98.0,98.0
141000703,Junk (J),True,True,True,True,True,98.0,98.0
141027221,Junk (J),True,True,True,True,True,98.0,98.0
141074654,Planet (P),False,True,False,True,False,103.0,103.0
141081975,EB,False,True,False,True,False,103.0,103.0
141119539,Junk (J),False,False,False,False,False,,
141123393,EB,True,True,True,True,True,98.0,98.0
141141249,Planet (P),False,False,False,False,False,,
141146530,Junk (J),False,False,False,False,False,,
141148940,EB,False,False,False,False,False,,
141151953,Junk (J),True,True,True,True,True,98.0,98.0
141152353,Junk (J),True,True,True,True,True,98.0,98.0
141156374,Junk (J),True,True,True,True,True,98.0,98.0
141159507,Junk (J),False,False,False,False,False,,
141178611,Junk (J),False,False,False,False,False,,
141184321,Junk (J),True,True,True,True,True,98.0,98.0
141186075,Planet (P),True,True,True,True,True,98.0,98.0
141201605,Junk (J),False,False,False,False,False,,
141202786,Planet (P),False,False,False,False,False,,
141205978,Planet (P),False,False,False,False,False,,
141271560,Junk (J),True,True,True,True,True,98.0,98.0
141275395,Planet (P),False,False,False,False,False,,
141281260,EB,True,True,True,True,True,98.0,98.0
141334793,EB,True,True,True,True,True,98.0,98.0
141363913,Planet (P),False,False,False,False,False,,
141395223,Planet (P),False,False,False,False,False,,
141414257,Junk (J),True,True,True,True,True,98.0,98.0
141432199,EB,False,False,False,False,False,,
141458054,Planet (P),False,False,False,False,False,,
141472777,Junk (J),True,True,True,True,True,98.0,94.0
141478809,Junk (J),True,True,True,True,True,98.0,98.0
141479660,Junk (J),True,True,True,True,False,98.0,98.0
141485974,Junk (J),True,True,True,True,True,98.0,98.0
141488193,Planet (P),False,False,False,False,False,,
141526921,Junk (J),True,True,True,True,True,98.0,98.0
141527579,Planet (P),True,True,True,True,True,98.0,98.0
141527965,Planet (P),True,True,True,True,True,98.0,98.0
141530525,Junk (J),True,True,True,True,True,98.0,98.0
141531904,Junk (J),True,True,True,True,True,98.0,98.0
141545037,Junk (J),True,True,True,True,True,98.0,98.0
141545444,Junk (J),True,True,True,True,True,98.0,98.0
141574742,Planet (P),False,False,False,False,False,,
141606986,Junk (J),True,True,True,True,True,98.0,98.0
141607271,Junk (J),True,True,True,True,True,98.0,98.0
141608198,Planet (P),True,True,True,True,True,98.0,98.0
141609717,Junk (J),True,True,True,True,True,98.0,98.0
141610473,Junk (J),True,True,True,True,True,98.0,98.0
141610759,Junk (J),True,True,True,True,True,98.0,98.0
141611838,Junk (J),True,True,True,True,True,98.0,98.0
141624659,Junk (J),True,True,True,True,True,98.0,98.0
141624696,Junk (J),True,True,True,True,True,98.0,98.0
141631253,Planet (P),False,False,False,False,False,,
141663460,EB,False,True,False,True,False,103.0,103.0
141663464,EB,False,True,False,True,False,103.0,103.0
141670822,EB,False,True,False,False,False,103.0,
141677268,Planet (P),False,False,False,False,False,,
141685465,EB,True,True,True,True,True,98.0,98.0
141709215,Junk (J),True,True,True,True,True,98.0,98.0
141709728,Junk (J),True,True,True,True,True,98.0,98.0
141713957,Junk (J),True,True,True,True,True,98.0,98.0
141714083,Junk (J),True,True,True,True,True,98.0,98.0
141762491,Planet (P),False,False,False,False,False,,
141765836,Junk (J),True,True,True,True,True,98.0,98.0
141766191,Junk (J),True,True,True,True,True,98.0,98.0
141768070,Planet (P),True,True,True,True,True,98.0,98.0
141768083,Junk (J),True,True,True,True,True,98.0,98.0
141770198,Planet (P),True,True,True,True,True,98.0,98.0
141806598,Junk (J),True,True,True,True,True,98.0,98.0
141809360,EB,True,True,True,True,True,98.0,98.0
141813828,Junk (J),False,False,False,False,False,,
141819938,Junk (J),False,False,False,False,False,,
141821119,Junk (J),False,False,False,False,False,,
141821518,Junk (J),False,False,False,False,False,,
141826495,Junk (J),True,True,True,True,True,97.0,97.0
141866704,EB,True,True,True,True,True,98.0,98.0
141867895,Junk (J),True,True,True,True,True,98.0,98.0
141870126,Junk (J),True,True,True,True,True,97.0,97.0
141871560,Junk (J),True,True,True,True,True,98.0,98.0
141933255,Planet (P),False,False,False,False,False,,
141943708,Planet (P),True,True,True,True,True,98.0,98.0
141985686,Planet (P),False,False,False,False,False,,
142013907,Junk (J),True,True,True,True,True,98.0,98.0
142017278,Junk (J),True,True,True,True,True,98.0,98.0
142018015,EB,True,True,True,True,True,98.0,98.0
142018995,Junk (J),True,True,True,True,True,97.0,97.0
142019343,Planet (P),True,True,True,True,True,97.0,97.0
142049463,Junk (J),True,True,True,True,True,98.0,98.0
142087638,Planet (P),True,True,True,True,True,97.0,97.0
142090065,Planet (P),False,False,False,False,False,,
142105158,Planet (P),True,True,True,True,True,98.0,98.0
142108949,Junk (J),True,True,True,True,True,98.0,98.0
142117976,Planet (P),False,False,False,False,False,,
142146492,Junk (J),True,True,True,True,True,98.0,98.0
142146752,Junk (J),True,True,True,True,True,98.0,98.0
142147297,Junk (J),True,True,True,True,True,97.0,97.0
142148434,Junk (J),True,True,True,True,True,98.0,98.0
142148712,Junk (J),True,True,True,True,True,98.0,98.0
142171554,Planet (P),False,True,False,True,False,101.0,101.0
142243067,EB,False,True,False,True,False,103.0,103.0
142276270,Planet (P),False,False,False,False,False,,
142277151,Junk (J),False,False,False,False,False,,
142277868,Planet (P),False,True,False,True,False,101.0,101.0
142308083,EB,False,False,False,False,False,,
142317501,Junk (J),False,False,False,False,False,,
142320454,Junk (J),False,False,False,False,False,,
142321713,Junk (J),False,False,False,False,False,,
142378043,Planet (P),False,True,False,True,False,101.0,101.0
142381218,Junk (J),False,False,False,False,False,,
142381532,Planet (P),False,False,False,False,False,,
142382528,Junk (J),False,False,False,False,False,,
142385671,Planet (P),False,False,False,False,False,,
142387023,Planet (P),False,False,False,False,False,,
142394656,Planet (P),False,False,False,False,False,,
142405475,Planet (P),False,False,False,False,False,,
142420436,Planet (P),False,False,False,False,False,,
142429895,Junk (J),False,False,False,False,False,,
142441910,EB,False,False,False,False,False,,
142486976,Junk (J),False,False,False,False,False,,
142487281,Junk (J),False,False,False,False,False,,
142487555,Junk (J),False,False,False,False,False,,
142490137,Junk (J),False,False,False,False,False,,
142513212,EB,False,True,False,True,False,103.0,103.0
142519290,Junk (J),False,False,False,False,False,,
142530031,Planet (P),False,False,False,False,False,,
142532090,Planet (P),False,False,False,False,False,,
142562395,Planet (P),False,False,False,False,False,,
142586179,Junk (J),False,False,False,False,False,,
142586408,Junk (J),False,False,False,False,False,,
142615624,Junk (J),False,False,False,False,False,,
142615793,Junk (J),False,False,False,False,False,,
142618165,Planet (P),False,False,False,False,False,,
142628514,Planet (P),False,False,False,False,False,,
142635225,Planet (P),False,False,False,False,False,,
142739544,Planet (P),False,False,False,False,False,,
142748283,Planet (P),False,False,False,False,False,,
142748406,Planet (P),False,False,False,False,False,,
142751024,Junk (J),False,False,False,False,False,,
142780448,Junk (J),False,False,False,False,False,,
142782271,Junk (J),False,False,False,False,False,,
142784687,Planet (P),False,False,False,False,False,,
142784946,Junk (J),False,False,False,False,False,,
142785421,Planet (P),False,False,False,False,False,,
142868621,Planet (P),False,False,False,False,False,,
142878493,EB,False,False,False,False,False,,
142905711,Junk (J),False,False,False,False,False,,
142908390,Planet (P),False,False,False,False,False,,
142916753,Planet (P),False,False,False,False,False,,
142935040,Junk (J),False,False,False,False,False,,
142937186,Planet (P),False,False,False,False,False,,
142938659,Planet (P),False,True,False,True,False,97.0,97.0
142942085,Junk (J),False,False,False,False,False,,
142946146,Junk (J),False,False,False,False,False,,
142946431,Junk (J),False,False,False,False,False,,
142946724,EB,False,False,False,False,False,,
142962481,Junk (J),False,False,False,False,False,,
142963071,EB,False,False,False,False,False,,
142980153,Junk (J),False,False,False,False,False,,
142980919,Junk (J),False,False,False,False,False,,
143008050,Planet (P),False,False,False,False,False,,
143009290,Planet (P),False,False,False,False,False,,
143022742,Junk (J),False,False,False,False,False,,
143032776,Planet (P),False,True,False,True,False,100.0,100.0
143072696,Planet (P),False,False,False,False,False,,
143143769,Planet (P),False,True,False,True,False,98.0,98.0
143257768,Planet (P),True,True,True,True,True,94.0,94.0
143294289,EB,True,True,True,True,True,94.0,94.0
143343661,Junk (J),True,True,True,True,True,94.0,94.0
143356858,Junk (J),True,True,True,True,True,94.0,94.0
143404837,Junk (J),False,False,False,False,False,,
143408253,Junk (J),True,True,True,True,True,94.0,94.0
143409637,EB,True,True,True,True,True,94.0,94.0
143410850,Planet (P),True,True,True,True,True,94.0,94.0
143413399,EB,False,True,False,True,False,103.0,103.0
143458736,EB,True,True,False,False,True,94.0,
143526233,Planet (P),False,False,False,False,False,,
143546887,Junk (J),False,False,False,False,False,,
143547778,Junk (J),True,True,True,True,True,94.0,94.0
143608725,Junk (J),True,True,True,True,False,94.0,94.0
143612359,Junk (J),False,False,False,False,True,,
143649894,Junk (J),True,True,True,True,False,94.0,94.0
143651157,EB,True,True,True,True,True,94.0,94.0
143687316,Planet (P),False,False,False,False,False,,
143724857,Planet (P),False,False,False,False,False,,
143762693,Junk (J),True,True,True,True,True,94.0,94.0
143768683,EB,True,True,True,True,True,94.0,94.0
143769346,Junk (J),True,True,True,True,True,94.0,94.0
143803539,EB,True,True,True,True,True,94.0,94.0
143821404,Junk (J),True,True,True,True,True,102.0,102.0
143842198,Planet (P),False,False,False,False,False,,
143926220,Junk (J),True,True,True,True,True,103.0,103.0
143934343,Planet (P),False,True,False,True,False,103.0,103.0
143959183,EB,False,False,False,False,False,,
143994382,Planet (P),False,False,False,False,False,,
144000801,Planet (P),False,True,False,True,False,103.0,103.0
144006874,Planet (P),False,False,False,False,False,,
144037593,Planet (P),False,False,False,False,False,,
144065872,Planet (P),True,True,True,True,True,102.0,102.0
144077896,Planet (P),False,False,False,False,False,,
144124187,Planet (P),False,False,False,False,False,,
144125079,Planet (P),False,False,False,False,False,,
144125919,Junk (J),False,True,False,True,False,97.0,97.0
144155193,Planet (P),False,True,False,True,False,101.0,101.0
144193715,Planet (P),True,True,True,True,True,95.0,95.0
144251856,Junk (J),True,True,True,True,True,95.0,95.0
144296213,Junk (J),False,False,False,False,False,,
144297844,Planet (P),False,False,False,False,False,,
144301052,Planet (P),True,True,True,True,True,103.0,103.0
144301273,Planet (P),True,True,True,True,True,103.0,103.0
144310492,Planet (P),False,False,False,False,False,,
144311900,Junk (J),False,False,False,False,False,,
144321743,Planet (P),False,True,False,True,False,100.0,100.0
144327080,Planet (P),True,True,True,True,True,103.0,103.0
144332000,Junk (J),False,False,False,False,False,,
144334378,Junk (J),False,False,False,False,False,,
144336525,Planet (P),True,True,True,True,True,103.0,103.0
144344224,EB,False,True,False,True,False,103.0,103.0
144376556,Junk (J),False,False,False,False,False,,
144376560,Junk (J),False,False,False,False,False,,
144383510,Planet (P),False,False,False,False,False,,
144401492,Planet (P),False,False,False,False,False,,
144441148,Planet (P),False,False,False,False,False,,
144443966,Junk (J),True,True,True,True,True,102.0,102.0
144460931,Junk (J),True,True,True,True,True,103.0,103.0
144467913,Planet (P),False,False,False,False,False,,
144486060,Planet (P),False,True,False,True,False,98.0,98.0
144628120,Planet (P),False,False,False,False,False,,
144645881,Planet (P),False,True,False,True,False,103.0,103.0
144682439,Planet (P),False,False,False,False,False,,
144700903,Planet (P),False,True,False,True,False,98.0,98.0
145010886,Junk (J),False,True,False,True,False,101.0,101.0
145023816,Planet (P),False,False,False,False,False,,
145038729,Planet (P),False,False,False,False,False,,
145163386,Planet (P),False,False,False,False,False,,
145204443,Planet (P),False,True,False,True,False,103.0,103.0
145249556,Planet (P),False,False,False,False,False,,
145511545,EB,False,True,False,True,False,103.0,103.0
145515899,Junk (J),False,True,False,True,False,103.0,103.0
145525428,EB,False,True,False,True,False,103.0,103.0
145750719,Planet (P),False,False,False,False,False,,
145804834,Planet (P),False,True,False,True,False,103.0,103.0
145879095,Planet (P),False,False,False,False,False,,
145904365,Planet (P),False,False,False,False,False,,
145910571,Planet (P),False,False,False,False,False,,
146158902,EB,False,True,False,True,False,103.0,103.0
146172354,Planet (P),False,True,False,True,False,100.0,100.0
146177060,EB,False,True,False,True,False,99.0,99.0
146268684,Junk (J),False,True,False,True,False,97.0,97.0
146282666,Planet (P),False,False,False,False,False,,
146343200,Junk (J),False,True,False,True,False,98.0,98.0
146406806,Planet (P),False,False,False,False,False,,
146413471,Planet (P),False,False,False,False,False,,
146463781,Planet (P),False,False,False,False,False,,
146520535,Planet (P),False,True,False,True,False,98.0,98.0
146523262,Planet (P),False,True,False,True,False,98.0,98.0
146589986,Planet (P),False,True,False,True,False,100.0,100.0
146636088,Junk (J),False,True,False,True,False,97.0,97.0
146664561,Planet (P),False,True,False,True,False,100.0,100.0
146708900,EB,False,True,False,True,False,97.0,97.0
146776480,Planet (P),False,False,False,False,False,,
146836153,Planet (P),False,False,False,False,False,,
146841337,Planet (P),False,True,False,True,False,100.0,100.0
146842334,Planet (P),False,True,False,True,False,100.0,100.0
147034452,Planet (P),False,False,False,False,False,,
147092818,Planet (P),False,True,False,True,False,100.0,100.0
147125706,Planet (P),False,False,False,False,False,,
147193084,Planet (P),False,True,False,True,False,100.0,100.0
147203645,Planet (P),True,True,True,True,True,95.0,95.0
147284470,Planet (P),True,True,True,True,True,95.0,95.0
147302550,Planet (P),True,True,True,True,True,95.0,95.0
147340930,Planet (P),False,True,False,True,False,100.0,100.0
147425389,Planet (P),True,True,True,True,True,95.0,95.0
147430118,Planet (P),False,False,False,False,False,,
147437399,Planet (P),False,False,False,False,False,,
147456499,Planet (P),False,True,False,True,False,97.0,97.0
147561034,Junk (J),False,False,False,False,False,,
147563142,EB,False,False,False,False,False,,
147563796,Junk (J),False,False,False,False,False,,
147576037,Planet (P),False,False,False,False,False,,
147576476,EB,False,False,False,False,False,,
147608359,Junk (J),False,False,False,False,False,,
147611197,Junk (J),False,False,False,False,False,,
147627669,Junk (J),False,False,False,False,False,,
147642303,Junk (J),False,False,False,False,False,,
147643290,Junk (J),False,False,False,False,False,,
147660886,Planet (P),False,True,False,True,False,100.0,100.0
147671692,Junk (J),False,False,False,False,False,,
147686141,Junk (J),False,False,False,False,False,,
147686743,EB,False,False,False,False,False,,
147687032,Junk (J),False,False,False,False,False,,
147723246,Planet (P),False,True,False,True,False,103.0,103.0
147761049,Planet (P),False,False,False,False,False,,
147797743,Planet (P),False,False,False,False,False,,
147804034,Planet (P),False,False,False,False,False,,
147821208,Planet (P),False,False,False,False,False,,
147857396,Planet (P),False,False,False,False,False,,
147879328,Junk (J),False,False,False,False,False,,
147890655,Planet (P),False,False,False,False,False,,
147891343,Junk (J),False,False,False,False,False,,
147892178,Planet (P),False,False,False,False,False,,
147923561,Planet (P),False,False,False,False,False,,
147925015,EB,False,True,False,True,False,103.0,103.0
147928636,EB,False,True,False,True,False,103.0,103.0
147935743,EB,False,False,False,False,False,,
147936979,Junk (J),False,False,False,False,False,,
147937734,Junk (J),False,False,False,False,False,,
147937900,Junk (J),False,False,False,False,False,,
147948119,Junk (J),False,False,False,False,False,,
147950620,Planet (P),False,False,False,False,False,,
147951030,Planet (P),False,False,False,False,False,,
147977348,Planet (P),False,False,False,False,False,,
147992932,Junk (J),False,False,False,False,False,,
147994863,Planet (P),False,False,False,False,False,,
148004811,Planet (P),False,False,False,False,False,,
148129139,Planet (P),False,False,False,False,False,,
148307820,EB,False,True,False,True,False,103.0,103.0
148311948,EB,False,True,False,True,False,103.0,103.0
148478039,Planet (P),False,True,False,True,False,103.0,103.0
148479278,Planet (P),False,False,False,False,False,,
148497855,Planet (P),False,True,False,True,False,100.0,100.0
148514918,Planet (P),False,False,False,False,False,,
148523092,Planet (P),False,False,False,False,False,,
148622233,EB,False,False,False,False,False,,
148622234,EB,False,False,False,False,False,,
148667071,Planet (P),False,False,False,False,False,,
148673433,Planet (P),False,False,False,False,False,,
148679712,Planet (P),False,False,False,False,False,,
148691985,Planet (P),False,True,False,True,False,103.0,103.0
148772620,Planet (P),False,False,False,False,False,,
148782377,Planet (P),False,False,False,False,False,,
148783599,Junk (J),False,False,False,False,False,,
148833828,Planet (P),False,True,False,True,False,103.0,103.0
148839101,Junk (J),False,False,False,False,False,,
148883384,Planet (P),False,False,False,False,False,,
148895144,Junk (J),False,False,False,False,False,,
148895442,EB,False,False,False,False,False,,
148912403,Junk (J),False,False,False,False,False,,
148914403,EB,False,False,False,False,False,,
148960134,Junk (J),False,False,False,False,False,,
148960849,Planet (P),False,False,False,False,False,,
148963635,Junk (J),False,False,False,False,False,,
148967152,Junk (J),False,False,False,False,False,,
149022647,Planet (P),False,True,False,True,False,103.0,103.0
149060376,Junk (J),True,True,True,True,True,98.0,98.0
149109125,Planet (P),False,True,False,True,False,103.0,103.0
149120716,Junk (J),True,True,True,True,True,98.0,98.0
149124218,Junk (J),True,True,True,True,True,98.0,98.0
149179763,Planet (P),True,True,True,True,True,98.0,98.0
149215262,Junk (J),True,True,True,True,True,98.0,98.0
149282072,Planet (P),False,False,False,False,False,,
149291831,Junk (J),False,True,False,True,False,103.0,103.0
149301575,Planet (P),True,True,True,True,True,98.0,98.0
149302744,Planet (P),True,True,True,True,True,98.0,98.0
149349867,Planet (P),True,True,True,True,True,98.0,98.0
149389419,Planet (P),True,True,True,True,True,98.0,98.0
149392842,Junk (J),True,True,True,True,True,98.0,98.0
149394317,Planet (P),True,True,True,True,True,98.0,98.0
149396498,Junk (J),False,False,False,False,False,,
149415823,Junk (J),False,False,False,False,False,,
149418554,EB,False,False,False,False,False,,
149422355,Junk (J),True,True,True,True,True,98.0,98.0
149424624,Junk (J),True,True,True,True,True,98.0,98.0
149447160,Junk (J),True,True,True,True,True,98.0,98.0
149450435,Planet (P),True,True,True,True,True,98.0,98.0
149496868,Planet (P),False,False,False,False,False,,
149497534,Junk (J),True,True,True,True,True,98.0,98.0
149498072,Junk (J),True,True,True,True,True,98.0,98.0
149539158,Planet (P),True,True,True,True,True,97.0,97.0
149541469,Junk (J),True,True,False,False,True,98.0,
149572298,Planet (P),True,True,True,True,True,98.0,98.0
149577217,EB,False,False,False,False,False,,
149583965,Junk (J),False,False,False,False,False,,
149585119,Planet (P),False,True,False,True,False,103.0,103.0
149601126,Planet (P),True,True,True,True,True,97.0,97.0
149603524,Planet (P),True,True,True,True,True,98.0,98.0
149622009,Junk (J),False,False,False,False,False,,
149699574,Junk (J),False,True,False,True,False,99.0,99.0
149699591,Junk (J),False,True,False,True,False,99.0,99.0
149745822,Planet (P),False,False,False,False,False,,
149788158,Planet (P),False,True,False,True,False,99.0,99.0
149833117,Planet (P),False,False,False,False,False,,
149845414,Planet (P),False,True,False,True,False,99.0,99.0
149854222,EB,False,False,False,False,False,,
149855074,Planet (P),False,False,False,False,False,,
149915199,Junk (J),False,False,False,False,False,,
149917086,Planet (P),False,False,False,False,False,,
149918151,Planet (P),False,False,False,False,False,,
149928367,Junk (J),False,False,False,False,False,,
149928752,Junk (J),False,False,False,False,False,,
149969625,Planet (P),False,False,False,False,False,,
149970022,Junk (J),False,False,False,False,False,,
149970599,Junk (J),True,True,True,True,True,98.0,98.0
149989864,Planet (P),True,True,True,True,True,98.0,98.0
149990841,Planet (P),True,True,True,True,True,98.0,98.0
149995163,Planet (P),False,False,False,False,False,,
150006846,Planet (P),False,False,False,False,False,,
150030205,Planet (P),True,True,True,True,True,98.0,98.0
150063444,Planet (P),True,True,True,True,True,98.0,98.0
150074121,Planet (P),False,False,False,False,False,,
150096001,Planet (P),False,False,False,False,False,,
150098860,Planet (P),True,True,True,True,True,98.0,98.0
150101958,Junk (J),True,True,True,True,True,98.0,98.0
150151262,Planet (P),True,True,True,True,True,98.0,98.0
150164543,Junk (J),True,True,True,True,True,98.0,98.0
150165700,Junk (J),True,True,True,True,True,98.0,98.0
150166162,Junk (J),True,True,True,True,True,98.0,98.0
150167002,Junk (J),True,True,True,True,True,98.0,98.0
150167749,Junk (J),True,True,True,True,True,98.0,98.0
150185453,Junk (J),False,False,False,False,False,,
150186779,Junk (J),True,True,True,True,True,98.0,98.0
150189450,Junk (J),True,True,True,True,True,98.0,98.0
150189454,Junk (J),True,True,True,True,True,98.0,98.0
150191636,Junk (J),True,True,True,True,True,98.0,98.0
150247134,Junk (J),True,True,True,True,True,98.0,98.0
150251466,EB,False,False,False,False,False,,
150252899,EB,False,False,False,False,False,,
150271680,Planet (P),True,True,True,True,True,98.0,98.0
150272259,Junk (J),True,True,True,True,True,98.0,98.0
150274487,Junk (J),True,True,True,True,True,98.0,98.0
150276417,Junk (J),False,False,False,False,False,,
150299840,Planet (P),True,True,True,True,True,98.0,98.0
150318158,Junk (J),False,False,False,False,False,,
150320610,Planet (P),True,True,False,False,True,98.0,
150320615,Junk (J),True,True,True,True,True,98.0,98.0
150326668,EB,False,False,False,False,False,,
150326863,Junk (J),False,False,False,False,False,,
150357613,Junk (J),True,True,True,True,True,98.0,98.0
150360010,EB,True,True,True,True,True,98.0,98.0
150363786,Junk (J),False,False,False,False,False,,
150385760,Junk (J),False,False,False,False,False,,
150387080,Junk (J),False,False,False,False,False,,
150388393,Planet (P),False,False,False,False,False,,
150389364,Junk (J),True,True,True,True,True,98.0,98.0
150390525,Junk (J),True,True,True,True,True,98.0,98.0
150391997,Junk (J),True,True,True,True,True,98.0,98.0
150392584,Junk (J),True,True,True,True,True,98.0,98.0
150392702,Junk (J),True,True,True,True,True,98.0,98.0
150393390,Junk (J),True,True,True,True,True,98.0,98.0
150393623,Junk (J),True,True,True,True,True,98.0,98.0
150424946,Planet (P),False,False,False,False,False,,
150427935,Junk (J),True,True,True,True,True,97.0,97.0
150428135,Planet (P),True,True,True,True,True,97.0,97.0
150428703,Planet (P),True,True,True,True,True,98.0,98.0
150429785,Junk (J),True,True,True,True,True,98.0,98.0
150430481,Junk (J),True,True,True,True,True,98.0,98.0
150430484,Planet (P),True,True,True,True,True,98.0,98.0
150433499,Junk (J),True,True,True,True,True,98.0,98.0
150437346,Planet (P),True,True,True,True,True,97.0,97.0
150470555,Planet (P),False,False,False,False,False,,
150476057,Planet (P),False,False,False,False,False,,
150513899,EB,True,True,True,True,True,98.0,98.0
150531994,Planet (P),False,False,False,False,False,,
150559728,Planet (P),False,False,False,False,False,,
150760426,Junk (J),False,False,False,False,False,,
150761163,Planet (P),False,False,False,False,False,,
150902766,Planet (P),False,False,False,False,False,,
150907983,Planet (P),False,False,False,False,False,,
150989170,Junk (J),False,False,False,False,False,,
151483286,Planet (P),False,False,False,False,False,,
151724385,Planet (P),False,False,False,False,False,,
151728428,Planet (P),False,False,False,False,False,,
151759246,Planet (P),False,False,False,False,False,,
151825527,Planet (P),False,True,False,True,False,100.0,100.0
151920165,Planet (P),False,True,False,True,False,100.0,100.0
151930063,Planet (P),False,False,False,False,False,,
151950264,Junk (J),True,True,True,True,True,94.0,94.0
152005053,Planet (P),False,False,False,False,False,,
152222884,Junk (J),True,True,True,True,True,95.0,95.0
152245179,Planet (P),False,False,False,False,False,,
152288334,Junk (J),False,True,False,True,False,97.0,97.0
152326573,Planet (P),False,False,False,False,False,,
152467154,Planet (P),False,True,False,True,False,101.0,101.0
152476657,Planet (P),False,True,False,True,False,97.0,97.0
152477897,Planet (P),False,True,False,True,False,97.0,97.0
152504566,Junk (J),False,True,False,True,False,97.0,97.0
152539284,Junk (J),False,True,False,True,False,97.0,97.0
152563846,Planet (P),False,True,False,True,False,100.0,100.0
152569268,Planet (P),False,True,False,True,False,100.0,100.0
152800085,Planet (P),True,True,True,True,True,96.0,96.0
152852327,Planet (P),False,False,False,False,False,,
152853795,Junk (J),False,False,False,False,False,,
152899036,EB,False,False,False,False,False,,
152912754,Junk (J),True,True,True,True,True,95.0,95.0
152936514,Junk (J),True,True,True,True,True,95.0,95.0
152963553,Junk (J),True,True,True,True,True,95.0,95.0
153065527,Planet (P),False,True,False,True,False,97.0,97.0
153078576,Planet (P),False,True,False,True,False,97.0,97.0
153197346,Planet (P),False,False,False,False,False,,
153227267,EB,False,False,False,False,False,,
153408739,Junk (J),False,False,False,False,False,,
153412485,Planet (P),False,False,False,False,False,,
153723304,Planet (P),False,True,False,True,False,98.0,98.0
153725446,Planet (P),False,False,False,False,False,,
153814896,EB,False,False,False,False,False,,
153896150,Planet (P),False,False,False,False,False,,
153898139,Junk (J),False,False,False,False,False,,
153919407,Junk (J),False,False,False,False,False,,
153949511,Planet (P),False,False,False,False,False,,
153951307,Planet (P),False,False,False,False,False,,
153971295,Planet (P),False,False,False,False,False,,
153976959,Planet (P),False,False,False,False,False,,
153978165,Planet (P),False,False,False,False,False,,
153991535,Junk (J),False,False,False,False,False,,
154001878,EB,False,False,False,False,False,,
154008614,Junk (J),False,False,False,False,False,,
154010909,Junk (J),False,False,False,False,False,,
154014059,Planet (P),False,False,False,False,False,,
154014543,Junk (J),False,False,False,False,False,,
154067753,Planet (P),False,False,False,False,False,,
154068411,Junk (J),False,False,False,False,False,,
154089169,Planet (P),False,False,False,False,False,,
154091791,Junk (J),False,False,False,False,False,,
154092040,Junk (J),False,False,False,False,False,,
154092440,Junk (J),False,False,False,False,False,,
154092852,Junk (J),False,False,False,False,False,,
154096314,Junk (J),False,False,False,False,False,,
154105890,Planet (P),False,False,False,False,False,,
154125948,Junk (J),False,False,False,False,False,,
154126149,Planet (P),False,False,False,False,False,,
154164273,Junk (J),False,False,False,False,False,,
154181821,Planet (P),False,False,False,False,False,,
154181838,Junk (J),False,False,False,False,False,,
154211529,EB,False,False,False,False,False,,
154220877,Planet (P),False,False,False,False,False,,
154224067,Junk (J),False,False,False,False,False,,
154258295,Planet (P),False,False,False,False,False,,
154264903,Planet (P),False,False,False,False,False,,
154271568,Junk (J),False,False,False,False,False,,
154293917,Planet (P),False,False,False,False,False,,
154301400,EB,False,False,False,False,False,,
154304816,Planet (P),False,False,False,False,False,,
154346102,Junk (J),False,False,False,False,False,,
154346187,EB,False,False,False,False,False,,
154351773,Planet (P),False,False,False,False,False,,
154353849,Planet (P),False,False,False,False,False,,
154358531,Junk (J),False,False,False,False,False,,
154383539,Planet (P),False,False,False,False,False,,
154385276,Junk (J),False,False,False,False,False,,
154396581,EB,False,False,False,False,False,,
154396746,EB,False,False,False,False,False,,
154400369,Planet (P),False,False,False,False,False,,
154437244,Planet (P),False,False,False,False,False,,
154457855,EB,False,False,False,False,False,,
154459165,Planet (P),False,False,False,False,False,,
154474036,Planet (P),False,False,False,False,False,,
154483826,Junk (J),False,False,False,False,False,,
154489383,Junk (J),False,False,False,False,False,,
154491644,Junk (J),False,False,False,False,False,,
154491742,Junk (J),False,False,False,False,False,,
154563411,Planet (P),False,False,False,False,False,,
154565606,Junk (J),False,False,False,False,False,,
154568873,Junk (J),False,False,False,False,False,,
154576989,Planet (P),False,False,False,False,False,,
154577414,Junk (J),False,False,False,False,False,,
154616309,Planet (P),False,False,False,False,False,,
154618248,Planet (P),True,True,True,True,True,96.0,96.0
154647968,Junk (J),False,False,False,False,False,,
154656705,Junk (J),False,False,False,False,False,,
154657575,Junk (J),False,False,False,False,False,,
154664604,Junk (J),False,False,False,False,False,,
154664605,Junk (J),False,False,False,False,False,,
154665789,Junk (J),False,False,False,False,False,,
154716798,Planet (P),False,False,False,False,False,,
154741689,Planet (P),False,False,False,False,False,,
154741899,EB,False,False,False,False,False,,
154762431,Planet (P),False,False,False,False,False,,
154814765,Planet (P),False,False,False,False,False,,
154867950,Planet (P),False,False,False,False,False,,
154869806,Planet (P),False,False,False,False,False,,
154872375,Planet (P),False,False,False,False,False,,
154891878,Junk (J),False,False,False,False,False,,
154923406,Planet (P),False,False,False,False,False,,
154926644,Planet (P),False,False,False,False,False,,
154940895,Planet (P),False,False,False,False,False,,
155000505,Junk (J),False,False,False,False,False,,
155001079,Planet (P),False,False,False,False,False,,
155012162,Planet (P),False,False,False,False,False,,
155020469,Junk (J),False,False,False,False,False,,
155028080,EB,False,False,False,False,False,,
155044736,Planet (P),False,False,False,False,False,,
155093420,Planet (P),False,False,False,False,False,,
155114483,Planet (P),False,False,False,False,False,,
155258153,Planet (P),False,False,False,False,False,,
155314241,Junk (J),True,True,True,True,True,96.0,96.0
155351556,Planet (P),False,False,False,False,False,,
155369758,Planet (P),False,False,False,False,False,,
155419920,Planet (P),False,True,False,True,False,103.0,103.0
155491828,Planet (P),False,False,False,False,False,,
155794095,EB,False,False,False,False,False,,
155807906,Planet (P),False,False,False,False,False,,
155867025,Planet (P),False,False,False,False,False,,
155873992,Planet (P),False,False,False,False,False,,
155898758,Planet (P),False,False,False,False,False,,
155915398,Junk (J),False,False,False,False,False,,
155942953,Junk (J),False,False,False,False,False,,
155944667,Junk (J),False,False,False,False,False,,
155947004,Planet (P),False,False,False,False,False,,
155949264,Planet (P),False,False,False,False,False,,
155984118,Junk (J),True,True,True,True,True,96.0,96.0
155988736,EB,False,False,False,False,False,,
155989608,Junk (J),True,True,True,True,True,96.0,96.0
155993822,Planet (P),False,False,False,False,False,,
155995204,EB,True,True,False,False,True,96.0,
156002449,Planet (P),True,True,True,True,True,103.0,103.0
156003501,Junk (J),False,True,False,True,False,103.0,103.0
156007004,Planet (P),False,False,False,False,False,,
156016136,Planet (P),False,True,False,True,False,103.0,103.0
156075294,Planet (P),True,True,True,True,True,103.0,103.0
156084454,Junk (J),True,True,True,True,True,96.0,96.0
156085552,Junk (J),False,False,False,False,False,,
156103016,EB,False,False,False,False,False,,
156172268,Planet (P),False,False,False,False,False,,
156199496,Junk (J),False,False,False,False,False,,
156199502,Planet (P),False,False,False,False,False,,
156210840,Junk (J),False,False,False,False,False,,
156329890,EB,False,False,False,False,False,,
156377968,Planet (P),False,False,False,False,False,,
156380098,Junk (J),False,False,False,False,False,,
156414921,Junk (J),False,False,False,False,False,,
156457171,Junk (J),False,False,False,False,False,,
156464520,Junk (J),False,False,False,False,False,,
156491636,Junk (J),False,False,False,False,False,,
156509985,Junk (J),False,False,False,False,False,,
156512187,Planet (P),False,False,False,False,False,,
156513058,Junk (J),False,False,False,False,False,,
156514476,Planet (P),False,False,False,False,False,,
156519022,EB,False,False,False,False,False,,
156648452,Planet (P),False,False,False,False,False,,
156724719,Planet (P),False,False,False,False,False,,
156887426,Planet (P),False,True,False,True,False,98.0,98.0
156937671,Junk (J),False,True,False,True,False,98.0,98.0
156949982,Planet (P),False,False,False,False,False,,
156987351,Planet (P),False,True,False,True,False,98.0,98.0
156990000,Planet (P),False,False,False,False,False,,
156991337,Planet (P),False,False,False,False,False,,
156999527,Planet (P),False,False,False,False,False,,
157011920,Planet (P),False,False,False,False,False,,
157018051,EB,False,False,False,False,False,,
157050713,Planet (P),False,False,False,False,False,,
157081737,Planet (P),False,False,False,False,False,,
157088184,Planet (P),False,False,False,False,False,,
157116410,Junk (J),False,False,False,False,False,,
157127081,Planet (P),False,False,False,False,False,,
157213708,Planet (P),False,True,False,True,False,101.0,101.0
157218656,Planet (P),False,False,False,False,False,,
157222593,Junk (J),False,False,False,False,False,,
157225097,Planet (P),False,False,False,False,False,,
157230659,Planet (P),False,True,False,True,False,101.0,101.0
157266693,Planet (P),False,True,False,True,False,101.0,101.0
157273321,EB,False,False,False,False,False,,
157273362,EB,False,False,False,False,False,,
157318377,Junk (J),False,False,False,False,False,,
157328661,Junk (J),False,False,False,False,False,,
157329219,Junk (J),False,False,False,False,False,,
157332634,EB,False,False,False,False,False,,
157333964,Junk (J),False,False,False,False,False,,
157389996,EB,False,False,False,False,False,,
157396910,Junk (J),False,False,False,False,False,,
157422336,Junk (J),False,False,False,False,False,,
157448545,Junk (J),False,False,False,False,False,,
157469799,EB,False,False,False,False,False,,
157470993,Junk (J),False,False,False,False,False,,
157473672,EB,False,False,False,False,False,,
157519187,Junk (J),False,False,False,False,False,,
157542578,Junk (J),False,False,False,False,False,,
157545560,Junk (J),False,False,False,False,False,,
157550216,Junk (J),False,False,False,False,False,,
157572174,Planet (P),False,False,False,False,False,,
157586003,Planet (P),False,False,False,False,False,,
157590308,Junk (J),False,False,False,False,False,,
157652272,Junk (J),False,False,False,False,False,,
157655504,Planet (P),False,False,False,False,False,,
157667414,Planet (P),False,False,False,False,False,,
157698565,Planet (P),False,False,False,False,False,,
157758793,Junk (J),False,False,False,False,False,,
157764744,Junk (J),False,False,False,False,False,,
157768969,Planet (P),False,False,False,False,False,,
157769780,Planet (P),False,False,False,False,False,,
157776139,EB,False,False,False,False,False,,
157800872,Junk (J),False,False,False,False,False,,
157806344,Junk (J),False,False,False,False,False,,
157808316,Junk (J),False,False,False,False,False,,
157834555,Junk (J),False,False,False,False,False,,
157854856,Junk (J),False,False,False,False,False,,
157872215,Junk (J),False,False,False,False,False,,
157878747,EB,False,False,False,False,False,,
157880926,Junk (J),False,False,False,False,False,,
157888221,Junk (J),False,False,False,False,False,,
157950754,Junk (J),False,False,False,False,False,,
157977521,Junk (J),False,False,False,False,False,,
157987932,Junk (J),False,False,False,False,False,,
157999789,EB,False,False,False,False,False,,
158002130,Planet (P),False,False,False,False,False,,
158013955,Junk (J),False,False,False,False,False,,
158018367,Junk (J),False,False,False,False,False,,
158018422,Junk (J),False,False,False,False,False,,
158022899,Planet (P),False,False,False,False,False,,
158025009,Planet (P),False,False,False,False,False,,
158061114,Junk (J),False,False,False,False,True,,
158062097,Junk (J),False,False,False,False,True,,
158075010,Planet (P),False,False,False,False,False,,
158085955,Junk (J),False,False,False,False,False,,
158099116,EB,False,False,False,False,False,,
158109679,Junk (J),False,False,False,False,False,,
158114723,Junk (J),False,False,False,False,False,,
158117162,EB,False,False,False,False,False,,
158160754,EB,True,True,True,True,True,94.0,94.0
158166573,Junk (J),False,False,False,False,False,,
158166744,Junk (J),False,False,False,False,False,,
158174188,Junk (J),False,False,False,False,False,,
158212599,Junk (J),False,False,False,False,False,,
158213644,Junk (J),False,False,False,False,False,,
158236757,Junk (J),True,True,True,True,True,94.0,94.0
158241252,Planet (P),False,False,False,False,False,,
158323182,Planet (P),False,False,False,False,False,,
158323231,Junk (J),False,False,False,False,False,,
158324245,Planet (P),False,False,False,False,False,,
158325942,Planet (P),False,False,False,False,False,,
158381418,Planet (P),False,True,False,True,False,100.0,100.0
158385754,Junk (J),False,False,False,False,False,,
158388163,Planet (P),False,False,False,False,False,,
158399506,EB,True,True,True,True,True,94.0,94.0
158401602,Junk (J),True,True,True,True,True,94.0,94.0
158436333,Junk (J),False,False,False,False,False,,
158440302,EB,True,True,True,True,True,94.0,94.0
158441915,EB,True,True,True,True,True,94.0,94.0
158442384,Junk (J),True,True,True,True,True,94.0,94.0
158460533,Junk (J),False,False,False,False,False,,
158460618,Junk (J),False,False,False,False,False,,
158461770,EB,False,False,False,False,False,,
158486292,Junk (J),False,False,False,False,False,,
158497525,Planet (P),False,False,False,False,False,,
158507167,Junk (J),True,True,True,True,True,94.0,94.0
158507202,Junk (J),True,True,True,True,True,94.0,94.0
158507355,EB,True,True,True,True,True,94.0,94.0
158515264,Junk (J),False,False,False,False,False,,
158534165,Junk (J),False,False,False,False,False,,
158534596,Junk (J),False,False,False,False,False,,
158552665,Planet (P),False,False,False,False,False,,
158555987,Planet (P),False,False,False,False,False,,
158561566,Planet (P),False,False,False,False,False,,
158565141,Junk (J),False,False,False,False,False,,
158579017,Junk (J),False,False,False,False,False,,
158579379,EB,False,False,False,False,False,,
158588815,Junk (J),False,False,False,False,False,,
158588995,Planet (P),False,True,False,True,False,100.0,100.0
158617175,Planet (P),False,False,False,False,False,,
158617252,Junk (J),False,False,False,False,False,,
158623531,Planet (P),True,True,True,True,True,103.0,103.0
158657354,Planet (P),False,False,False,False,False,,
158657991,Planet (P),False,False,False,False,False,,
158660631,EB,False,False,False,False,False,,
158697949,Planet (P),False,True,False,True,False,98.0,98.0
158708658,Junk (J),False,False,False,False,False,,
158752345,Junk (J),False,False,False,False,False,,
158842961,Junk (J),False,False,False,False,False,,
158845573,Planet (P),False,False,False,False,False,,
158978373,Planet (P),False,True,False,True,False,103.0,103.0
159098316,Planet (P),False,False,False,False,False,,
159104028,Planet (P),False,False,False,False,False,,
159107668,Planet (P),False,False,False,False,False,,
159117779,Planet (P),False,False,False,False,False,,
159127456,EB,False,False,False,False,False,,
159158728,Junk (J),False,False,False,False,False,,
159160230,Planet (P),False,False,False,False,False,,
159161415,Junk (J),False,False,False,False,False,,
159161443,Junk (J),False,False,False,False,False,,
159199075,EB,False,True,False,True,False,102.0,102.0
159201654,Junk (J),False,False,False,False,False,,
159205041,Junk (J),False,False,False,False,False,,
159209020,Junk (J),False,False,False,False,False,,
159210001,Junk (J),False,False,False,False,False,,
159241821,Junk (J),False,False,False,False,False,,
159244568,Planet (P),False,False,False,False,False,,
159262969,Planet (P),False,True,False,True,False,103.0,103.0
159298033,EB,False,False,False,False,False,,
159318774,EB,False,True,False,True,False,102.0,102.0
159332859,Planet (P),False,False,False,False,False,,
159333873,Junk (J),False,False,False,False,False,,
159342135,Junk (J),False,False,False,False,False,,
159346117,Junk (J),False,False,False,False,False,,
159418353,Planet (P),False,False,False,False,False,,
159438097,Planet (P),False,False,False,False,False,,
159439280,Junk (J),False,False,False,False,False,,
159502654,Junk (J),False,False,False,False,False,,
159505022,Junk (J),False,False,False,False,False,,
159510109,EB,False,False,False,False,False,,
159536608,EB,False,True,False,True,False,103.0,103.0
159539998,Junk (J),False,False,False,False,False,,
159546455,Junk (J),False,False,False,False,False,,
159570595,Junk (J),False,False,False,False,False,,
159612507,Junk (J),False,False,False,False,False,,
159616938,EB,True,True,True,True,True,94.0,94.0
159629594,Junk (J),False,False,False,False,False,,
159636125,Junk (J),False,False,False,False,False,,
159636127,EB,False,False,False,False,False,,
159657962,EB,False,True,False,True,False,103.0,103.0
159715068,EB,False,True,False,True,False,103.0,103.0
159734992,Junk (J),True,True,True,True,True,95.0,95.0
159740890,Junk (J),False,False,False,False,False,,
159742538,Planet (P),False,False,False,False,False,,
159750552,EB,False,True,False,True,False,103.0,103.0
159762672,Junk (J),False,False,False,False,False,,
159773066,Junk (J),False,False,False,False,False,,
159781361,Planet (P),False,False,False,False,False,,
159814696,Junk (J),False,False,False,False,False,,
159815224,Planet (P),False,False,False,False,False,,
159818179,Junk (J),False,False,False,False,False,,
159822237,Junk (J),False,True,False,True,False,102.0,102.0
159838510,Junk (J),False,False,False,False,False,,
159840422,Junk (J),False,False,False,False,False,,
159840569,Junk (J),False,False,False,False,False,,
159851831,Planet (P),False,False,False,False,False,,
159859457,Junk (J),True,True,True,True,True,95.0,95.0
159871873,Junk (J),False,False,False,False,False,,
159873822,Planet (P),False,False,False,False,False,,
159888150,Junk (J),False,False,False,False,False,,
159889594,Junk (J),False,False,False,False,False,,
159892657,EB,False,False,False,False,False,,
159893969,Junk (J),False,False,False,False,False,,
159920191,Junk (J),False,False,False,False,False,,
159923769,Junk (J),False,True,False,True,False,97.0,97.0
159941024,Junk (J),False,False,False,False,False,,
159945204,Junk (J),False,False,False,False,False,,
159947845,Junk (J),False,False,False,False,False,,
159951311,Planet (P),False,True,False,True,False,97.0,97.0
159969849,Junk (J),False,False,False,False,False,,
159970559,Junk (J),False,False,False,False,False,,
159980679,EB,False,False,False,False,False,,
159988460,Junk (J),False,True,False,True,False,97.0,97.0
159989004,Planet (P),False,True,False,True,False,97.0,97.0
160004025,Planet (P),False,True,False,True,False,97.0,97.0
160035211,Junk (J),False,False,False,False,False,,
160037058,Planet (P),True,True,True,True,True,95.0,95.0
160039081,Planet (P),False,False,False,False,False,,
160045097,Planet (P),False,False,False,False,False,,
160074939,Junk (J),True,True,True,True,True,96.0,96.0
160077104,Planet (P),False,False,False,False,False,,
160086763,EB,False,True,False,True,False,102.0,102.0
160104585,EB,False,False,False,False,False,,
160148385,Planet (P),True,True,True,True,True,103.0,103.0
160162137,Planet (P),False,False,False,False,False,,
160165689,Planet (P),False,False,False,False,False,,
160180298,Planet (P),False,True,False,True,False,98.0,98.0
160191676,EB,False,True,False,True,False,103.0,103.0
160196838,Junk (J),False,True,False,True,False,103.0,103.0
160214707,EB,False,True,False,True,False,103.0,103.0
160268701,EB,False,False,False,False,False,,
160287939,EB,False,True,False,True,False,102.0,102.0
160288160,EB,False,True,False,True,False,102.0,102.0
160323207,EB,False,False,False,False,False,,
160347548,Planet (P),False,True,False,True,False,98.0,98.0
160390955,Planet (P),False,False,False,False,False,,
160393513,EB,False,False,False,False,False,,
160393685,Junk (J),False,False,False,False,False,,
160400759,EB,False,True,False,True,False,103.0,103.0
160409803,Junk (J),False,False,False,False,False,,
160422858,Junk (J),False,False,False,False,False,,
160428500,Planet (P),False,False,False,False,False,,
160432093,Planet (P),False,False,False,False,False,,
160438083,Junk (J),False,False,False,False,False,,
160438134,Junk (J),False,False,False,False,False,,
160439822,Junk (J),False,False,False,False,False,,
160440706,Junk (J),False,False,False,False,False,,
160440924,Planet (P),False,False,False,False,False,,
160442729,Planet (P),False,True,False,True,False,102.0,102.0
160472223,Junk (J),False,False,False,False,False,,
160473921,Junk (J),False,False,False,False,False,,
160476088,Planet (P),False,True,False,True,False,103.0,103.0
160479394,EB,False,True,False,True,False,103.0,103.0
160486013,EB,False,True,False,True,False,103.0,103.0
160487753,Planet (P),False,False,False,False,False,,
160490564,Junk (J),False,False,False,False,False,,
160491359,Planet (P),False,False,False,False,False,,
160492187,Junk (J),False,False,False,False,False,,
160519639,Junk (J),False,False,False,False,False,,
160520074,Junk (J),False,False,False,False,False,,
160520539,Junk (J),False,False,False,False,False,,
160521907,Planet (P),False,False,False,False,False,,
160522555,Planet (P),False,True,False,True,False,101.0,101.0
160533910,Junk (J),False,False,False,False,False,,
160540218,EB,False,True,False,True,False,103.0,103.0
160540255,EB,False,True,False,True,False,103.0,103.0
160546107,EB,False,True,False,True,False,103.0,103.0
160547233,EB,False,True,False,True,False,103.0,103.0
160550957,Junk (J),False,False,False,False,False,,
160552226,Junk (J),False,False,False,False,False,,
160553906,Junk (J),False,False,False,False,False,,
160578764,Planet (P),False,True,False,True,False,102.0,102.0
160585695,Junk (J),False,False,False,False,False,,
160585729,EB,False,False,False,False,False,,
160603568,Junk (J),False,False,False,False,False,,
160618074,Planet (P),False,False,False,False,False,,
160618493,EB,False,False,False,False,False,,
160620096,Junk (J),False,True,False,False,True,103.0,
160635896,EB,False,True,False,True,False,103.0,103.0
160648169,EB,False,False,False,False,False,,
160666118,Junk (J),False,False,False,False,False,,
160694854,EB,False,True,False,True,False,103.0,103.0
160708862,Planet (P),False,True,False,True,False,103.0,103.0
160800210,EB,False,False,False,False,False,,
160860416,Junk (J),False,False,False,False,False,,
160889020,EB,False,True,False,True,False,103.0,103.0
160930264,Planet (P),False,False,False,False,False,,
160931697,EB,False,False,False,False,False,,
160973531,EB,False,True,False,True,False,103.0,103.0
160987415,Junk (J),False,False,False,False,False,,
160991022,EB,False,False,False,False,False,,
160993424,Junk (J),False,False,False,False,False,,
161003569,Planet (P),False,False,False,False,False,,
161032923,Planet (P),False,True,False,True,False,103.0,103.0
161041306,EB,False,False,False,False,False,,
161042558,EB,False,False,False,False,False,,
161043714,Junk (J),False,False,False,False,False,,
161058564,Junk (J),False,False,False,False,False,,
161082285,EB,False,False,False,False,False,,
161082288,EB,False,False,False,False,False,,
161083755,Junk (J),False,False,False,False,False,,
161156119,EB,False,True,False,True,False,101.0,101.0
161193924,EB,False,True,False,True,False,103.0,103.0
161223358,Planet (P),True,True,True,True,True,103.0,103.0
161223691,Junk (J),True,True,True,True,True,103.0,103.0
161247580,Planet (P),False,False,False,False,False,,
161267694,Junk (J),True,True,True,True,True,103.0,103.0
161273827,Junk (J),False,False,False,False,False,,
161299119,Planet (P),False,True,False,True,False,103.0,103.0
161378663,Junk (J),True,True,True,True,True,103.0,103.0
161450762,EB,False,False,False,False,False,,
161477033,Junk (J),False,True,False,True,False,98.0,98.0
161479081,Planet (P),False,True,False,True,False,98.0,98.0
161563111,Junk (J),False,False,False,False,False,,
161568891,Planet (P),False,True,False,True,False,98.0,98.0
161593508,EB,False,True,False,True,False,103.0,103.0
161614046,Junk (J),False,True,False,True,False,98.0,98.0
161687209,Planet (P),False,False,False,False,False,,
161708767,Junk (J),False,False,False,False,False,,
161715566,EB,False,False,False,False,False,,
161727881,Junk (J),False,False,False,False,False,,
161738745,Planet (P),False,True,False,True,False,101.0,101.0
161745797,Junk (J),False,False,False,False,False,,
161746409,Junk (J),False,False,False,False,False,,
161819726,Junk (J),False,False,False,False,False,,
161819752,Junk (J),False,False,False,False,False,,
161822141,Junk (J),False,False,False,False,False,,
161825707,Junk (J),False,False,False,False,False,,
162127900,Junk (J),False,False,False,False,False,,
162130054,EB,False,False,False,False,False,,
162179096,Planet (P),False,False,False,False,False,,
162180986,Junk (J),False,False,False,False,False,,
162234641,Junk (J),False,False,False,False,False,,
162289289,Planet (P),False,False,False,False,False,,
162328564,Junk (J),False,False,False,False,False,,
162387333,Planet (P),False,False,False,False,False,,
162410627,EB,False,False,False,False,False,,
162460673,Junk (J),False,False,False,False,False,,
162466345,Junk (J),False,False,False,False,False,,
162493644,Junk (J),False,False,False,False,False,,
162577468,Planet (P),False,False,False,False,False,,
162620529,Planet (P),False,True,False,True,False,100.0,100.0
162630735,Junk (J),False,False,False,False,False,,
162631539,Planet (P),False,False,False,False,False,,
162689341,Planet (P),False,False,False,False,False,,
162695785,Planet (P),False,True,False,True,False,100.0,100.0
162729620,Planet (P),False,True,False,True,False,100.0,100.0
162802770,Planet (P),False,True,False,True,False,100.0,100.0
162922904,Planet (P),False,True,False,True,False,100.0,100.0
163002971,EB,False,False,False,False,False,,
163030461,Planet (P),False,True,False,True,False,100.0,100.0
163164300,Planet (P),False,False,False,False,False,,
163260812,Planet (P),False,True,False,True,False,100.0,100.0
163262555,Planet (P),False,True,False,True,False,100.0,100.0
163539739,Planet (P),False,False,False,False,False,,
163546955,Junk (J),False,False,False,False,False,,
163808105,Junk (J),False,False,False,False,False,,
163965682,Junk (J),False,False,False,False,False,,
163988645,EB,False,False,False,False,False,,
164054301,EB,False,False,False,False,False,,
164054948,Junk (J),False,False,False,False,False,,
164085733,EB,False,False,False,False,False,,
164150537,Planet (P),False,False,False,False,False,,
164173105,Planet (P),False,False,False,False,False,,
164174861,Junk (J),False,False,False,False,False,,
164249928,Planet (P),True,True,True,True,True,94.0,94.0
164260243,Planet (P),False,False,False,False,False,,
164266012,Junk (J),False,False,False,False,False,,
164277862,Junk (J),False,False,False,False,False,,
164280385,Planet (P),False,False,False,False,False,,
164283945,Junk (J),False,False,False,False,False,,
164306172,EB,False,False,False,False,False,,
164414051,Junk (J),False,False,False,False,False,,
164414610,Junk (J),False,False,False,False,False,,
164416605,Junk (J),False,False,False,False,False,,
164458714,Planet (P),False,False,False,False,False,,
164523404,Junk (J),False,False,False,False,False,,
164529284,Junk (J),False,False,False,False,False,,
164552029,Junk (J),False,False,False,False,False,,
164555824,Junk (J),False,False,False,False,False,,
164556076,Junk (J),False,False,False,False,False,,
164559281,Junk (J),False,False,False,False,False,,
164646500,Junk (J),False,False,False,False,False,,
164649112,Junk (J),False,False,False,False,False,,
164652245,Planet (P),False,False,False,False,False,,
164656270,Junk (J),False,False,False,False,False,,
164723837,Junk (J),False,False,False,False,False,,
164725364,Junk (J),False,False,False,False,False,,
164767175,Planet (P),False,True,False,True,False,97.0,97.0
164778123,Junk (J),False,False,False,False,False,,
164782069,Junk (J),False,False,False,False,False,,
164783371,Planet (P),False,False,False,False,False,,
164821650,Junk (J),False,False,False,False,False,,
164829000,Junk (J),False,False,False,False,False,,
164832119,Junk (J),False,False,False,False,False,,
164834852,Junk (J),False,False,False,False,False,,
164885106,Junk (J),False,False,False,False,False,,
164885917,Junk (J),False,False,False,False,False,,
164887273,Junk (J),False,False,False,False,False,,
164892194,Planet (P),False,False,False,False,False,,
164998949,Junk (J),False,False,False,False,False,,
165161774,Junk (J),False,True,False,True,False,97.0,97.0
165201455,Planet (P),False,True,False,True,False,97.0,97.0
165202476,Planet (P),False,True,False,True,False,97.0,97.0
165297570,Planet (P),False,False,False,False,False,,
165312726,Planet (P),False,False,False,False,False,,
165312905,Junk (J),False,False,False,False,False,,
165317334,Planet (P),False,True,False,True,False,101.0,101.0
165325185,Junk (J),False,False,False,False,False,,
165337974,Planet (P),False,False,False,False,False,,
165370459,Junk (J),False,False,False,False,False,,
165370745,Junk (J),False,False,False,False,False,,
165371096,Junk (J),False,False,False,False,False,,
165372533,Junk (J),False,False,False,False,False,,
165373714,Junk (J),False,False,False,False,False,,
165374058,Junk (J),False,False,False,False,False,,
165406459,Junk (J),False,False,False,False,False,,
165412561,Planet (P),False,False,False,False,False,,
165413340,Planet (P),False,False,False,False,False,,
165414210,Planet (P),False,False,False,False,False,,
165429298,EB,False,False,False,False,False,,
165431806,Planet (P),False,False,False,False,False,,
165455054,Junk (J),False,False,False,False,False,,
165456443,EB,False,True,False,True,False,101.0,101.0
165464482,Planet (P),False,False,False,False,False,,
165466021,Junk (J),False,False,False,False,False,,
165468291,Planet (P),False,False,False,False,False,,
165470014,EB,False,False,False,False,False,,
165470950,Junk (J),False,False,False,False,False,,
165497854,Junk (J),False,False,False,False,False,,
165498199,Junk (J),False,False,False,False,False,,
165500081,Junk (J),False,False,False,False,False,,
165502447,EB,False,False,False,False,False,,
165505013,Junk (J),False,False,False,False,False,,
165509781,Junk (J),False,False,False,False,False,,
165527918,Planet (P),False,False,False,False,False,,
165530380,Planet (P),False,False,False,False,False,,
165551882,Junk (J),False,False,False,False,False,,
165554103,Planet (P),False,False,False,False,False,,
165555423,Junk (J),False,False,False,False,False,,
165614600,Junk (J),False,False,False,False,False,,
165625229,Planet (P),False,False,False,False,False,,
165627905,Junk (J),False,False,False,False,False,,
165637640,Junk (J),False,False,False,False,False,,
165650974,Junk (J),False,False,False,False,False,,
165657343,Junk (J),False,False,False,False,False,,
165665477,EB,False,True,False,True,False,102.0,102.0
165667705,Planet (P),False,True,False,True,False,102.0,102.0
165682741,Planet (P),False,False,False,False,False,,
165687133,Junk (J),False,False,False,False,False,,
165690117,Junk (J),False,False,False,False,False,,
165715258,Junk (J),False,False,False,False,False,,
165721618,Junk (J),False,False,False,False,False,,
165723070,Planet (P),False,False,False,False,False,,
165725926,Junk (J),False,True,False,True,False,102.0,102.0
165733629,Junk (J),False,False,False,False,False,,
165763244,Planet (P),False,False,False,False,False,,
165765343,Junk (J),False,False,False,False,False,,
165790846,Junk (J),False,False,False,False,False,,
165827520,Planet (P),False,True,False,True,False,102.0,102.0
165837238,EB,True,True,True,True,True,94.0,94.0
165875739,EB,False,True,False,True,False,102.0,102.0
165889295,Junk (J),False,True,False,True,False,97.0,97.0
165898470,Junk (J),False,True,False,True,False,102.0,102.0
165944402,Junk (J),False,False,False,False,False,,
165948070,Planet (P),False,False,False,False,False,,
165951398,EB,False,False,False,False,False,,
165965790,Planet (P),False,False,False,False,False,,
165976940,EB,False,False,False,False,False,,
165985431,Planet (P),False,False,False,False,False,,
165987272,Planet (P),False,False,False,False,False,,
165989915,Planet (P),False,False,False,False,False,,
165990872,Junk (J),False,False,False,False,False,,
166002115,EB,False,True,False,False,False,102.0,
166012567,Junk (J),False,False,False,False,False,,
166021309,EB,False,False,False,False,False,,
166052607,Junk (J),False,False,False,False,False,,
166053959,Planet (P),False,False,False,False,False,,
166054851,Planet (P),False,False,False,False,False,,
166064264,Junk (J),False,False,False,False,False,,
166065286,Junk (J),False,False,False,False,False,,
166074503,EB,False,False,False,False,False,,
166076499,Junk (J),False,False,False,False,False,,
166084804,EB,False,True,False,True,False,102.0,102.0
166085802,Junk (J),False,False,False,False,False,,
166086403,Planet (P),False,False,False,False,False,,
166087328,Junk (J),False,False,False,False,False,,
166087810,Junk (J),False,False,False,False,False,,
166090445,EB,False,False,False,False,False,,
166143022,EB,False,True,False,True,False,102.0,102.0
166145361,Planet (P),False,True,False,True,False,102.0,102.0
166150348,Junk (J),False,False,False,False,False,,
166150466,Junk (J),False,False,False,False,False,,
166151356,Junk (J),False,False,False,False,False,,
166175318,Junk (J),False,False,False,False,False,,
166177414,Junk (J),False,False,False,False,False,,
166178050,Junk (J),False,False,False,False,False,,
166178400,Planet (P),False,False,False,False,False,,
166180348,Junk (J),False,False,False,False,False,,
166184428,Planet (P),False,True,False,True,False,101.0,101.0
166185060,Junk (J),False,True,False,True,False,101.0,101.0
166220082,Planet (P),True,True,True,True,True,94.0,94.0
166225154,EB,True,True,True,True,True,94.0,94.0
166242494,Planet (P),False,True,False,True,False,100.0,100.0
166285185,Junk (J),True,True,True,True,True,94.0,94.0
166302995,EB,False,True,False,True,False,102.0,102.0
166311160,EB,False,True,False,True,False,102.0,102.0
166396033,EB,True,True,True,True,True,94.0,94.0
166409655,Junk (J),False,False,False,False,False,,
166419963,Junk (J),True,True,True,True,True,94.0,94.0
166495921,Planet (P),True,True,True,True,True,94.0,94.0
166524868,EB,False,True,False,True,False,102.0,102.0
166527623,Planet (P),False,True,False,True,False,102.0,102.0
166546611,Planet (P),False,False,False,False,False,,
166551340,Junk (J),True,True,True,True,True,94.0,94.0
166618539,EB,False,False,False,False,False,,
166635389,Junk (J),False,False,False,False,False,,
166648874,Planet (P),False,False,False,False,False,,
166670631,EB,False,False,False,False,False,,
166671025,Planet (P),True,True,True,True,True,97.0,97.0
166739520,Planet (P),True,True,True,True,True,97.0,97.0
166764364,Junk (J),False,False,False,False,False,,
166773165,EB,False,False,False,False,False,,
166778944,Planet (P),False,False,False,False,False,,
166833457,Planet (P),False,False,False,False,False,,
166834768,Planet (P),False,False,False,False,False,,
166836920,Planet (P),False,True,False,True,False,97.0,97.0
166840700,Junk (J),False,True,False,True,False,102.0,102.0
166843652,EB,False,False,False,False,False,,
166851829,Planet (P),True,True,True,True,True,97.0,97.0
166858124,Junk (J),False,False,False,False,False,,
166896421,EB,False,False,False,False,False,,
166969320,Junk (J),True,True,True,True,True,97.0,97.0
166971611,Junk (J),True,True,True,True,True,98.0,98.0
167009099,Junk (J),True,True,True,True,True,97.0,97.0
167009292,Junk (J),True,True,True,True,True,97.0,97.0
167084298,Junk (J),True,True,True,True,True,98.0,98.0
167085203,Planet (P),True,True,True,True,True,98.0,98.0
167090809,Junk (J),True,True,True,True,True,98.0,98.0
167092385,Planet (P),False,False,False,False,False,,
167098530,EB,False,False,False,False,False,,
167121271,Junk (J),True,True,True,True,False,98.0,98.0
167121846,Junk (J),True,True,True,True,True,98.0,98.0
167125688,EB,True,True,True,True,True,98.0,98.0
167125872,Junk (J),True,True,True,True,True,98.0,98.0
167163906,Junk (J),True,True,True,True,True,98.0,98.0
167164631,EB,True,True,True,True,True,98.0,98.0
167196597,EB,False,False,False,False,False,,
167198246,EB,False,False,False,False,False,,
167207111,Junk (J),True,True,True,True,True,98.0,98.0
167207809,Junk (J),True,True,True,True,True,98.0,98.0
167227214,Planet (P),False,False,False,False,False,,
167246083,Junk (J),True,True,True,True,True,98.0,98.0
167249549,Junk (J),True,True,True,True,True,98.0,98.0
167250389,Junk (J),True,True,True,True,True,98.0,98.0
167303382,Planet (P),True,True,True,True,True,98.0,98.0
167308252,Junk (J),True,True,True,True,True,98.0,98.0
167339031,Junk (J),True,True,True,True,True,98.0,98.0
167342439,Planet (P),True,True,True,True,True,98.0,98.0
167343398,EB,True,True,True,True,True,98.0,98.0
167343434,Junk (J),True,True,True,True,True,98.0,98.0
167363487,Junk (J),True,True,True,True,True,98.0,98.0
167403519,Planet (P),False,False,False,False,False,,
167415965,Planet (P),True,True,True,True,True,98.0,98.0
167416321,Junk (J),True,True,True,True,True,98.0,98.0
167417444,Junk (J),True,True,True,True,True,98.0,98.0
167418903,Planet (P),True,True,True,True,True,98.0,98.0
167419950,Junk (J),True,True,True,True,True,98.0,98.0
167422188,Junk (J),True,True,True,True,True,98.0,98.0
167448334,EB,False,True,False,True,False,102.0,102.0
167460093,Junk (J),False,True,False,True,False,97.0,97.0
167523971,Junk (J),True,True,True,True,True,98.0,98.0
167524275,Junk (J),True,True,True,True,True,97.0,97.0
167524393,Junk (J),True,True,True,True,True,97.0,97.0
167524563,Junk (J),True,True,True,True,True,98.0,98.0
167525039,Junk (J),True,True,True,True,True,98.0,98.0
167540315,EB,False,True,False,True,False,102.0,102.0
167546054,EB,False,True,False,True,False,102.0,102.0
167549520,Junk (J),True,True,True,True,True,98.0,98.0
167549641,Junk (J),True,True,True,True,True,98.0,98.0
167553048,Junk (J),True,True,True,True,True,98.0,98.0
167554206,Junk (J),True,True,True,True,True,98.0,98.0
167554509,Junk (J),True,True,True,True,True,98.0,98.0
167569135,EB,False,False,False,False,False,,
167570131,EB,True,True,True,True,True,98.0,98.0
167571698,Junk (J),True,True,True,True,True,98.0,98.0
167573692,Planet (P),True,True,True,True,True,98.0,98.0
167574282,Junk (J),True,True,True,True,True,98.0,98.0
167597352,Planet (P),False,True,False,True,False,102.0,102.0
167600516,Planet (P),True,True,True,True,True,98.0,98.0
167602738,Junk (J),True,True,True,True,True,98.0,98.0
167631701,Planet (P),False,False,False,False,False,,
167651110,EB,True,True,True,True,True,98.0,98.0
167653886,EB,True,True,True,True,True,98.0,98.0
167654347,Planet (P),True,True,True,True,True,98.0,98.0
167656187,Planet (P),True,True,True,True,True,98.0,98.0
167656372,Junk (J),True,True,True,True,True,98.0,98.0
167661160,Planet (P),False,True,False,True,False,98.0,98.0
167662034,EB,False,True,False,True,False,102.0,102.0
167692911,Junk (J),True,True,True,True,True,98.0,98.0
167714124,Planet (P),False,True,False,True,False,98.0,98.0
167714792,Planet (P),False,True,False,True,False,98.0,98.0
167719618,Planet (P),True,True,True,True,True,98.0,98.0
167719897,Junk (J),True,True,True,True,True,98.0,98.0
167720698,Junk (J),True,True,True,True,True,97.0,97.0
167720788,Planet (P),True,True,True,True,True,97.0,97.0
167721733,Junk (J),True,True,True,True,True,98.0,98.0
167722431,Junk (J),True,True,True,True,True,98.0,98.0
167751394,Junk (J),True,True,True,True,True,97.0,97.0
167753031,Junk (J),True,True,True,True,True,98.0,98.0
167753571,Junk (J),True,True,True,True,True,98.0,98.0
167792792,Junk (J),True,True,True,True,True,97.0,97.0
167793961,Junk (J),True,True,True,True,True,98.0,98.0
167810079,Junk (J),True,True,True,True,True,98.0,98.0
167811273,EB,True,True,True,True,True,98.0,98.0
167811392,Junk (J),True,True,True,True,True,98.0,98.0
167812155,Junk (J),True,True,True,True,True,98.0,98.0
167812449,EB,True,True,True,True,True,98.0,98.0
167893026,Junk (J),True,True,True,True,True,98.0,98.0
167896330,Junk (J),True,True,True,True,True,98.0,98.0
167905035,Planet (P),False,True,False,True,False,100.0,100.0
167977484,Junk (J),False,True,False,True,False,100.0,100.0
168148739,Junk (J),False,False,False,False,False,,
168158622,Planet (P),False,True,False,True,False,100.0,100.0
168191686,Planet (P),False,False,False,False,False,,
168275412,Junk (J),False,True,False,True,False,100.0,100.0
168281028,Planet (P),False,True,False,True,False,100.0,100.0
168384845,Planet (P),False,True,False,True,False,100.0,100.0
168405330,Planet (P),False,True,False,True,False,100.0,100.0
168440985,Junk (J),False,False,False,False,False,,
168449943,Planet (P),False,True,False,False,False,100.0,
168689156,EB,False,False,False,False,False,,
168699373,Planet (P),False,False,False,False,False,,
168699450,Junk (J),False,False,False,False,False,,
168700288,Junk (J),False,False,False,False,False,,
168751223,Planet (P),False,False,False,False,False,,
168809388,Junk (J),False,False,False,False,False,,
168822414,Junk (J),False,False,False,False,False,,
168936945,Planet (P),False,True,False,True,False,99.0,99.0
169177766,EB,False,False,False,False,False,,
169191182,Planet (P),False,True,False,True,False,99.0,99.0
169226822,Planet (P),False,False,False,False,False,,
169249234,Planet (P),False,False,False,False,False,,
169316288,EB,False,False,False,False,False,,
169421022,Junk (J),False,True,False,True,False,98.0,98.0
169446708,EB,False,False,False,False,False,,
169447083,Junk (J),False,False,False,False,False,,
169448297,Planet (P),False,True,False,True,False,98.0,98.0
169448771,Planet (P),False,True,False,True,False,98.0,98.0
169461816,Planet (P),False,False,False,False,False,,
169568250,Junk (J),False,False,False,False,False,,
169573910,EB,False,False,False,False,False,,
169740823,Junk (J),False,False,False,False,False,,
169765334,Planet (P),True,True,True,True,True,96.0,96.0
169955734,EB,False,True,False,True,False,103.0,103.0
169958952,Planet (P),False,True,False,True,False,103.0,103.0
170102285,Planet (P),False,False,False,False,False,,
170150046,EB,False,True,False,True,False,103.0,103.0
170188732,Junk (J),False,False,False,False,False,,
170193164,Junk (J),False,False,False,False,False,,
170199006,Junk (J),False,False,False,False,False,,
170221808,Planet (P),False,False,False,False,False,,
170351961,EB,False,False,False,False,False,,
170360278,EB,False,False,False,False,False,,
170367033,Planet (P),False,False,False,False,False,,
170368805,Planet (P),False,False,False,False,False,,
170405772,Planet (P),False,False,False,False,False,,
170434745,Planet (P),False,False,False,False,False,,
170466784,Planet (P),False,True,False,True,False,99.0,99.0
170627138,Planet (P),False,False,False,False,False,,
170634116,Planet (P),False,False,False,False,False,,
170653829,Junk (J),False,False,False,False,False,,
170729775,Planet (P),False,True,False,True,False,98.0,98.0
170789802,Planet (P),False,True,False,True,False,98.0,98.0
170849515,Planet (P),False,True,False,True,False,98.0,98.0
170882685,Junk (J),False,True,False,True,False,98.0,98.0
170932338,Junk (J),False,False,False,False,False,,
171082503,Junk (J),False,False,False,False,False,,
171160243,Planet (P),False,False,False,False,False,,
171160885,Planet (P),False,False,False,False,False,,
171312653,Planet (P),False,False,False,False,False,,
171315978,Junk (J),False,False,False,False,False,,
171586500,EB,False,False,False,False,False,,
171599496,Planet (P),False,False,False,False,False,,
171646471,Planet (P),False,False,False,False,False,,
171777882,EB,False,False,False,False,False,,
171886633,Planet (P),False,True,False,True,False,103.0,103.0
171922657,Planet (P),False,False,False,False,False,,
172033454,Planet (P),False,False,False,False,False,,
172067776,Junk (J),False,False,False,False,False,,
172110606,Planet (P),False,False,False,False,False,,
172193428,Planet (P),False,False,False,False,False,,
172222885,Planet (P),False,False,False,False,False,,
172275433,Junk (J),False,False,False,False,False,,
172278692,Junk (J),False,True,False,True,False,103.0,103.0
172353721,Planet (P),False,False,False,False,False,,
172370679,Planet (P),False,False,False,False,False,,
172518755,Planet (P),False,False,False,False,False,,
172534921,Planet (P),False,False,False,False,False,,
172551734,Junk (J),False,False,False,False,False,,
172598832,Planet (P),False,False,False,False,False,,
172630205,Planet (P),False,False,False,False,False,,
173002823,Planet (P),False,False,False,False,False,,
173083327,Junk (J),False,False,False,False,False,,
173103335,Planet (P),False,False,False,False,False,,
173176491,Planet (P),False,False,False,False,False,,
173207470,EB,False,False,False,False,False,,
173207999,EB,False,False,False,False,False,,
173260345,Planet (P),False,False,False,False,False,,
173298412,Planet (P),False,False,False,False,False,,
173419202,EB,False,False,False,False,False,,
173421786,Junk (J),False,False,False,False,False,,
173424364,EB,False,False,False,False,False,,
173424379,EB,False,False,False,False,False,,
173428215,Junk (J),False,False,False,False,False,,
173510717,EB,False,False,False,False,False,,
173612049,Planet (P),False,False,False,False,False,,
173615583,Junk (J),False,False,False,False,False,,
173640199,Planet (P),False,False,False,False,False,,
173671381,Planet (P),False,False,False,False,False,,
173711153,Planet (P),False,False,False,False,False,,
173814550,EB,False,True,False,True,False,103.0,103.0
173818213,Planet (P),False,False,False,False,False,,
173824688,Planet (P),False,False,False,False,False,,
173854482,Junk (J),False,False,False,False,False,,
173979859,Planet (P),False,True,False,True,False,102.0,102.0
174041208,Planet (P),False,False,False,False,False,,
174070181,Planet (P),False,True,False,True,False,103.0,103.0
174206540,Planet (P),False,False,False,False,False,,
174291112,EB,False,True,False,True,False,103.0,103.0
174328045,Planet (P),False,False,False,False,False,,
174418699,EB,False,False,False,False,False,,
174419848,Junk (J),False,False,False,False,False,,
174426662,Planet (P),False,False,False,False,False,,
174546820,Planet (P),False,False,False,False,False,,
174599051,Planet (P),False,False,False,False,False,,
174757717,EB,False,False,False,False,False,,
174826170,Planet (P),False,False,False,False,False,,
175193677,Planet (P),False,False,False,False,False,,
175236511,Planet (P),False,False,False,False,False,,
175317833,Planet (P),False,False,False,False,False,,
175373890,Junk (J),True,True,True,True,True,96.0,96.0
175401406,Junk (J),False,False,False,False,False,,
175456679,Planet (P),True,True,True,True,True,96.0,96.0
175477257,Planet (P),True,True,True,True,True,96.0,96.0
175482273,Planet (P),True,True,True,True,True,96.0,96.0
175532955,Planet (P),False,True,False,True,False,97.0,97.0
175604949,Planet (P),False,False,False,False,False,,
175619757,EB,False,False,False,False,False,,
175772482,Planet (P),False,False,False,False,False,,
175953479,EB,False,False,False,False,False,,
176082442,Planet (P),False,False,False,False,False,,
176220787,Planet (P),False,False,False,False,False,,
176242778,Planet (P),False,False,False,False,False,,
176279915,Planet (P),False,False,False,False,False,,
176314383,Planet (P),False,True,False,True,False,98.0,98.0
176442805,Planet (P),False,True,False,True,False,99.0,99.0
176463726,EB,False,True,False,True,False,103.0,103.0
176642092,Junk (J),False,False,False,False,False,,
176685457,Planet (P),False,False,False,False,False,,
176711831,EB,False,False,False,False,False,,
176716425,Junk (J),False,False,False,False,False,,
176772671,Planet (P),False,True,False,True,False,99.0,99.0
176780257,Planet (P),False,True,False,True,False,97.0,97.0
176789447,Planet (P),False,False,False,False,False,,
176796997,Planet (P),False,True,False,True,False,97.0,97.0
176797879,Planet (P),False,True,False,True,False,97.0,97.0
176831034,Junk (J),False,True,False,True,False,97.0,97.0
176854066,EB,False,False,False,False,False,,
176860064,Planet (P),False,False,False,False,False,,
176861415,Planet (P),False,False,False,False,False,,
176868951,Planet (P),False,False,False,False,False,,
176873028,Junk (J),True,True,True,True,True,98.0,98.0
176874585,Junk (J),True,True,True,True,True,98.0,98.0
176876294,Junk (J),True,True,True,True,True,98.0,98.0
176899385,Planet (P),False,False,False,False,False,,
176932581,Junk (J),True,True,True,True,True,98.0,98.0
176936051,Junk (J),True,True,True,True,True,98.0,98.0
176936506,Junk (J),True,True,True,True,True,98.0,98.0
176937936,Junk (J),False,False,False,False,False,,
176956893,Planet (P),True,True,True,True,True,98.0,98.0
176957796,Junk (J),True,True,True,True,True,98.0,98.0
176959360,Junk (J),True,True,True,True,True,98.0,98.0
176959991,Junk (J),True,True,True,True,True,98.0,98.0
176980881,Junk (J),True,True,True,True,True,98.0,98.0
176981041,Junk (J),True,True,True,True,True,98.0,98.0
177022232,Junk (J),True,True,True,True,True,98.0,98.0
177023568,Junk (J),True,True,True,True,True,98.0,98.0
177034670,Junk (J),True,True,True,True,True,98.0,98.0
177034802,Junk (J),True,True,True,True,True,98.0,98.0
177039567,Junk (J),True,True,True,True,True,98.0,98.0
177057901,Junk (J),False,False,False,False,False,,
177077336,Planet (P),True,True,True,True,True,98.0,98.0
177077475,EB,True,True,True,True,True,98.0,98.0
177079117,Junk (J),True,True,True,True,True,98.0,98.0
177079323,Planet (P),True,True,True,True,True,98.0,98.0
177112531,Junk (J),True,True,True,True,True,98.0,98.0
177113581,Junk (J),True,True,True,True,True,98.0,98.0
177115354,Planet (P),True,True,True,True,True,98.0,98.0
177115422,Junk (J),True,True,False,False,True,98.0,
177115773,Junk (J),True,True,True,True,True,98.0,98.0
177160057,Junk (J),True,True,True,True,True,98.0,98.0
177162886,Planet (P),True,True,True,True,True,98.0,98.0
177166877,Junk (J),True,True,True,True,True,98.0,98.0
177172557,Junk (J),True,True,True,True,True,98.0,98.0
177179614,Junk (J),True,True,True,True,True,98.0,98.0
177238006,Junk (J),True,True,True,True,True,98.0,98.0
177238322,Junk (J),True,True,True,True,True,98.0,98.0
177239203,EB,True,True,True,True,True,98.0,98.0
177239551,Junk (J),True,True,True,True,True,98.0,98.0
177242528,Junk (J),True,True,True,True,True,98.0,98.0
177244357,Planet (P),False,False,False,False,False,,
177254988,Planet (P),True,True,True,True,True,98.0,98.0
177256283,Junk (J),True,True,True,True,True,98.0,98.0
177257073,Planet (P),True,True,True,True,True,97.0,97.0
177258667,Junk (J),True,True,True,True,True,98.0,98.0
177258735,Planet (P),True,True,True,True,True,98.0,98.0
177284346,Junk (J),True,True,True,True,True,98.0,98.0
177285916,EB,True,True,True,True,True,97.0,97.0
177308364,Planet (P),True,True,True,True,True,98.0,98.0
177354200,Junk (J),True,True,True,True,True,98.0,98.0
177354422,Junk (J),True,True,True,True,True,98.0,98.0
177385907,Junk (J),True,True,True,True,True,98.0,98.0
177389419,Junk (J),True,True,True,True,True,98.0,98.0
177391159,Planet (P),False,False,False,False,False,,
177414713,Planet (P),False,False,False,False,False,,
177417406,EB,False,False,False,False,False,,
177509124,Junk (J),False,False,False,False,False,,
177712122,Planet (P),False,False,False,False,False,,
177718896,Planet (P),False,False,False,False,False,,
177823340,EB,False,False,False,False,False,,
178006418,EB,False,False,False,False,False,,
178048695,Junk (J),False,False,False,False,False,,
178143254,Junk (J),False,False,False,False,False,,
178155732,Planet (P),False,True,False,True,False,97.0,97.0
178162579,Planet (P),False,False,False,False,False,,
178170828,Planet (P),False,True,False,True,False,97.0,97.0
178215634,Planet (P),False,False,False,False,False,,
178217113,Planet (P),False,False,False,False,False,,
178266267,Planet (P),False,False,False,False,False,,
178284730,Planet (P),False,False,False,False,False,,
178289267,Planet (P),False,False,False,False,False,,
178367144,Planet (P),False,False,False,False,False,,
178577607,Planet (P),False,False,False,False,False,,
178657161,Planet (P),False,True,False,True,False,100.0,100.0
178709444,Planet (P),False,True,False,True,False,100.0,100.0
178719028,Junk (J),False,False,False,False,False,,
178734769,Junk (J),False,False,False,False,False,,
178819686,Planet (P),False,True,False,True,False,102.0,102.0
178859380,Junk (J),False,True,False,True,False,102.0,102.0
178876459,Junk (J),False,False,False,False,False,,
178879588,Planet (P),False,True,False,True,False,98.0,98.0
178959058,Planet (P),False,True,False,True,False,102.0,102.0
179028588,EB,False,True,False,True,False,102.0,102.0
179033846,Planet (P),False,False,False,False,False,,
179034327,Planet (P),False,False,False,False,False,,
179040880,EB,True,True,True,True,True,98.0,98.0
179097087,EB,False,True,False,True,False,102.0,102.0
179115277,Junk (J),True,True,True,True,True,98.0,98.0
179126254,Junk (J),True,True,True,True,True,98.0,98.0
179131705,EB,False,False,False,False,False,,
179230828,Planet (P),False,True,False,True,False,100.0,100.0
179252989,EB,False,False,False,False,False,,
179253211,EB,False,False,False,False,False,,
179304694,Junk (J),True,True,True,True,True,98.0,98.0
179308949,Junk (J),True,True,True,True,True,98.0,98.0
179313200,Junk (J),True,True,True,True,True,98.0,98.0
179317684,Planet (P),True,True,True,True,True,98.0,98.0
179319057,Planet (P),False,True,False,True,False,102.0,102.0
179319652,EB,False,True,False,True,False,102.0,102.0
179322892,EB,False,True,False,True,False,102.0,102.0
179371283,Junk (J),True,True,True,True,True,98.0,98.0
179379962,Junk (J),True,True,True,True,True,98.0,98.0
179410546,EB,False,True,False,True,False,102.0,102.0
179442778,Planet (P),True,True,True,True,True,98.0,98.0
179444884,Junk (J),True,True,True,True,True,98.0,98.0
179448943,EB,False,False,False,False,False,,
179580045,Planet (P),True,True,True,True,True,98.0,98.0
179582003,Planet (P),True,True,True,True,True,98.0,98.0
179687771,Planet (P),False,False,False,False,False,,
179715231,Planet (P),False,True,False,True,False,102.0,102.0
179739873,Planet (P),False,True,False,True,False,102.0,102.0
179873497,EB,False,True,False,True,False,101.0,101.0
179985715,Planet (P),True,True,True,True,True,96.0,96.0
179987678,Planet (P),True,True,True,True,True,95.0,95.0
180145982,Junk (J),True,True,True,True,True,96.0,96.0
180285396,Planet (P),True,True,True,True,True,96.0,96.0
180412528,EB,True,True,True,True,True,95.0,95.0
180413022,Junk (J),True,True,True,True,True,95.0,95.0
180416826,EB,True,True,True,True,True,95.0,95.0
180568559,Junk (J),False,False,False,False,False,,
180570279,EB,False,False,False,False,False,,
180575165,Planet (P),False,False,False,False,False,,
180626613,Junk (J),False,False,False,False,False,,
180652891,EB,False,False,False,False,False,,
180672438,Planet (P),False,False,False,False,False,,
180695581,Planet (P),False,False,False,False,False,,
180695775,Junk (J),False,False,False,False,False,,
180699179,Junk (J),False,False,False,False,False,,
180723629,Junk (J),True,True,True,True,True,96.0,96.0
180761818,EB,False,False,False,False,False,,
180770456,EB,False,False,False,False,False,,
180795686,Junk (J),True,True,True,True,True,95.0,95.0
180808443,Junk (J),False,False,False,False,False,,
180852128,Junk (J),False,False,False,False,False,,
180931993,Planet (P),False,False,False,False,False,,
180984779,Junk (J),False,False,False,False,False,,
180987952,Planet (P),False,False,False,False,False,,
180989820,Planet (P),False,False,False,False,False,,
180991313,Planet (P),False,True,False,True,False,100.0,100.0
181165389,Junk (J),False,False,False,False,False,,
181208298,Planet (P),False,False,False,False,False,,
181233908,EB,True,True,True,True,True,95.0,95.0
181304295,Planet (P),False,False,False,False,False,,
181341926,EB,True,True,True,True,True,94.0,94.0
181345288,EB,True,True,True,True,True,94.0,94.0
181422954,Planet (P),False,False,False,False,False,,
181577608,Junk (J),True,True,True,True,False,94.0,94.0
181748381,Planet (P),False,False,False,False,False,,
181793092,Junk (J),True,True,True,True,True,94.0,94.0
181804752,Planet (P),False,True,False,True,False,100.0,100.0
181821138,Junk (J),False,True,False,True,False,101.0,101.0
181949561,Planet (P),False,False,False,False,False,,
182012183,Junk (J),True,True,True,True,True,94.0,94.0
182078124,Junk (J),True,True,True,True,True,95.0,95.0
182078202,Planet (P),True,True,True,True,True,95.0,95.0
182078288,Junk (J),True,True,True,True,True,95.0,95.0
182235802,EB,True,True,True,True,True,94.0,94.0
182405015,Planet (P),False,False,False,False,False,,
182450724,Junk (J),True,True,True,True,True,94.0,94.0
182517224,EB,True,True,True,True,True,95.0,95.0
182650515,Junk (J),True,True,True,True,True,94.0,94.0
182894670,EB,True,True,True,True,True,94.0,94.0
183073148,EB,True,True,False,False,True,94.0,
183116749,EB,True,True,True,True,True,95.0,95.0
183120439,Planet (P),True,True,True,True,True,95.0,95.0
183532609,Planet (P),True,True,True,True,True,96.0,96.0
183537452,Planet (P),True,True,True,True,True,103.0,103.0
183593642,Planet (P),False,False,False,False,False,,
183675732,Planet (P),True,True,True,True,True,103.0,103.0
183802335,Junk (J),True,True,True,True,True,94.0,94.0
183981567,Junk (J),True,True,True,True,True,94.0,94.0
183981740,EB,True,True,True,True,True,96.0,96.0
183985250,Planet (P),True,True,True,True,True,96.0,96.0
184240683,Planet (P),True,True,True,True,True,103.0,103.0
184295571,Planet (P),False,False,False,False,False,,
184468386,Planet (P),False,False,False,False,False,,
184519651,EB,False,False,False,False,False,,
184521624,Planet (P),False,False,False,False,False,,
184531966,Planet (P),False,False,False,False,False,,
184563205,Junk (J),False,False,False,False,False,,
184733148,Planet (P),False,False,False,False,False,,
184739529,Planet (P),False,False,False,False,False,,
184801054,Planet (P),False,False,False,False,False,,
185340863,EB,False,False,False,False,False,,
185402823,EB,False,False,False,False,False,,
185403173,EB,False,False,False,False,False,,
185598695,Planet (P),False,False,False,False,False,,
185611061,EB,False,False,False,False,False,,
185612923,EB,False,False,False,False,False,,
185778911,Junk (J),False,False,False,False,False,,
185827241,EB,False,True,False,True,False,102.0,102.0
185838481,EB,False,False,False,False,False,,
185843736,Junk (J),False,False,False,False,False,,
185848237,Junk (J),False,False,False,False,False,,
185883792,Junk (J),False,False,False,False,False,,
186136107,Junk (J),False,False,False,False,False,,
186140871,Junk (J),False,False,False,False,False,,
186179099,Junk (J),False,False,False,False,False,,
186292194,Planet (P),False,False,False,False,False,,
186297798,Junk (J),False,False,False,False,False,,
186334023,Junk (J),False,False,False,False,False,,
186383896,EB,False,False,False,False,False,,
186459119,Planet (P),False,False,False,False,False,,
186470510,Planet (P),False,False,False,False,False,,
186470968,Planet (P),False,False,False,False,False,,
186541435,Planet (P),False,False,False,False,False,,
186599819,Junk (J),False,False,False,False,False,,
186614891,Planet (P),False,False,False,False,False,,
186615437,Junk (J),False,False,False,False,False,,
186626503,Junk (J),False,False,False,False,False,,
186669992,Junk (J),False,False,False,False,False,,
186707229,Planet (P),False,False,False,False,False,,
186715217,Planet (P),False,False,False,False,False,,
186810676,Planet (P),False,False,False,False,False,,
186812530,Planet (P),False,False,False,False,False,,
186815660,Planet (P),False,False,False,False,False,,
186936449,Planet (P),False,False,False,False,False,,
186989177,Planet (P),False,False,False,False,False,,
187038876,Junk (J),False,False,False,False,False,,
187093246,Junk (J),False,False,False,False,False,,
187107880,Junk (J),False,False,False,False,False,,
187202523,EB,False,False,False,False,False,,
187320124,EB,False,False,False,False,False,,
187416256,Planet (P),False,False,False,False,False,,
187430033,EB,False,False,False,False,False,,
187532854,Planet (P),False,False,False,False,False,,
187538393,EB,False,False,False,False,False,,
187588017,EB,False,False,False,False,False,,
187630375,EB,False,False,False,False,False,,
187726683,EB,False,True,False,True,False,102.0,102.0
187777679,Junk (J),False,False,False,False,False,,
187785852,Junk (J),False,False,False,False,False,,
187871044,EB,False,False,False,False,False,,
187873512,Junk (J),False,False,False,False,False,,
188001223,Planet (P),False,False,False,False,False,,
188002122,Junk (J),False,False,False,False,False,,
188128470,Planet (P),False,True,False,True,False,100.0,100.0
188389305,Planet (P),False,False,False,False,False,,
188452312,Junk (J),False,False,False,False,False,,
188512864,EB,False,False,False,False,False,,
188512873,EB,False,False,False,False,False,,
188539008,Planet (P),False,False,False,False,False,,
188570092,Planet (P),True,True,True,True,True,96.0,96.0
188589164,Planet (P),False,False,False,False,False,,
188638993,Junk (J),False,False,False,False,False,,
188646744,Planet (P),False,False,False,False,False,,
188646982,Junk (J),False,False,False,False,False,,
188667254,Junk (J),False,False,False,False,False,,
188667492,Junk (J),False,False,False,False,False,,
188667537,Junk (J),False,False,False,False,False,,
188668150,Junk (J),False,False,False,False,False,,
188668950,Planet (P),False,False,False,False,False,,
188720655,EB,False,True,False,True,False,103.0,103.0
188766090,Junk (J),False,False,False,False,False,,
188766385,Junk (J),False,False,False,False,False,,
188768068,Planet (P),False,False,False,False,False,,
188774365,Junk (J),False,False,False,False,False,,
188777507,EB,False,False,False,False,False,,
188780222,Junk (J),False,False,False,False,False,,
188800346,Planet (P),False,False,False,False,False,,
188814758,Planet (P),False,False,False,False,False,,
188819927,Junk (J),False,False,False,False,False,,
188821320,Junk (J),False,False,False,False,False,,
188821766,Junk (J),False,False,False,False,False,,
188822459,Junk (J),False,False,False,False,False,,
188825647,Junk (J),False,False,False,False,False,,
188833484,Junk (J),False,False,False,False,False,,
188834233,Junk (J),False,False,False,False,False,,
188865842,Planet (P),False,True,False,True,False,102.0,102.0
188876052,Planet (P),False,False,False,False,False,,
188995715,EB,False,True,False,True,False,102.0,102.0
189013224,Planet (P),False,True,False,True,False,98.0,98.0
189045636,EB,False,False,False,False,False,,
189097100,Planet (P),False,True,False,True,False,99.0,99.0
189241038,EB,False,True,False,True,False,102.0,102.0
189300053,Planet (P),False,True,False,True,False,99.0,99.0
189380158,Planet (P),False,False,False,False,False,,
189437251,EB,False,False,False,False,False,,
189578234,Junk (J),False,False,False,False,False,,
189598024,EB,False,False,False,False,False,,
189625051,Planet (P),False,True,False,True,False,99.0,99.0
189630420,Junk (J),False,False,False,False,False,,
189679506,Junk (J),False,False,False,False,False,,
189852832,Planet (P),False,False,False,False,False,,
189929379,EB,False,True,False,True,False,103.0,103.0
189972205,EB,False,False,False,False,False,,
190026633,EB,False,True,False,True,False,102.0,102.0
190061723,EB,False,False,False,False,False,,
190081497,Planet (P),False,False,False,False,False,,
190223929,Junk (J),False,False,False,False,False,,
190250689,Planet (P),False,False,False,False,False,,
190271688,Planet (P),False,True,False,True,False,101.0,101.0
190367312,EB,False,True,False,False,False,103.0,
190479710,Planet (P),False,False,False,False,False,,
190496853,Planet (P),False,False,False,False,False,,
190529058,EB,False,True,False,True,False,102.0,102.0
190614293,Junk (J),False,False,False,False,False,,
190643105,Planet (P),False,False,False,False,False,,
190721237,Planet (P),False,False,False,False,False,,
190822775,Planet (P),False,False,False,False,False,,
190986054,Planet (P),False,False,False,False,False,,
190995831,Junk (J),False,False,False,False,False,,
190998418,Planet (P),False,False,False,False,False,,
191202679,Planet (P),False,False,False,False,False,,
191284318,Planet (P),False,False,False,False,False,,
191312974,EB,False,True,False,True,False,102.0,102.0
191327580,EB,False,True,False,True,False,102.0,102.0
191347420,Junk (J),False,False,False,False,False,,
191496430,Planet (P),False,False,False,False,False,,
191671884,Planet (P),False,False,False,False,False,,
191700008,Junk (J),False,False,False,False,False,,
191722399,Junk (J),False,False,False,False,False,,
191998744,Planet (P),False,False,False,False,False,,
192003741,Planet (P),False,False,False,False,False,,
192014454,Planet (P),False,False,False,False,False,,
192076379,EB,False,False,False,False,False,,
192076548,Planet (P),False,False,False,False,False,,
192094773,EB,False,True,False,True,False,102.0,102.0
192259856,Planet (P),False,True,False,True,False,99.0,99.0
192371731,EB,False,False,False,False,False,,
192372961,Planet (P),False,False,False,False,False,,
192415680,Planet (P),False,False,False,False,False,,
192466992,EB,False,False,False,False,False,,
192487723,Planet (P),False,False,False,False,False,,
192496599,Junk (J),False,False,False,False,False,,
192591652,Junk (J),False,False,False,False,False,,
192626705,EB,False,False,False,False,False,,
192641227,EB,False,False,False,False,False,,
192650497,Junk (J),False,False,False,False,False,,
192694031,EB,False,False,False,False,False,,
192732127,Junk (J),False,False,False,False,False,,
192790476,Planet (P),False,True,False,True,False,98.0,98.0
192844381,Junk (J),False,False,False,False,False,,
192878292,Junk (J),False,False,False,False,False,,
192878624,Planet (P),False,False,False,False,False,,
192882277,Junk (J),False,False,False,False,False,,
192943720,Planet (P),False,True,False,True,False,100.0,100.0
192969211,Planet (P),False,False,False,False,False,,
192976435,Planet (P),False,True,False,True,False,100.0,100.0
192982424,Planet (P),False,False,False,False,False,,
192988021,Planet (P),False,True,False,True,False,100.0,100.0
193023697,Planet (P),False,True,False,True,False,100.0,100.0
193078139,Junk (J),False,False,False,False,False,,
193140359,EB,False,True,False,True,False,102.0,102.0
193185035,Junk (J),False,False,False,False,False,,
193220940,Planet (P),False,True,False,True,False,100.0,100.0
193277832,Junk (J),False,False,False,False,False,,
193335365,EB,False,False,False,False,False,,
193336820,Planet (P),False,False,False,False,False,,
193342027,EB,False,False,False,False,False,,
193413306,Planet (P),False,True,False,True,False,102.0,102.0
193482096,Planet (P),False,False,False,False,False,,
193556520,Planet (P),False,False,False,False,False,,
193579521,Junk (J),False,False,False,False,False,,
193602730,Junk (J),False,False,False,False,False,,
193615129,Junk (J),False,False,False,False,False,,
193631940,Junk (J),False,False,False,False,False,,
193634953,Planet (P),False,False,False,False,False,,
193641523,Planet (P),False,True,False,True,False,102.0,102.0
193676792,Junk (J),False,False,False,False,False,,
193678052,Junk (J),False,False,False,False,False,,
193729479,Junk (J),False,False,False,False,False,,
193754373,Planet (P),False,False,False,False,False,,
193765661,Planet (P),False,False,False,False,False,,
193773468,Planet (P),False,False,False,False,False,,
193782529,Planet (P),False,False,False,False,False,,
193796004,Junk (J),False,False,False,False,False,,
193802224,Junk (J),False,False,False,False,False,,
193823978,Junk (J),False,False,False,False,False,,
193863858,EB,False,False,False,False,False,,
193865652,EB,False,False,False,False,False,,
193870860,Junk (J),False,False,False,False,False,,
193871389,EB,False,False,False,False,False,,
193874752,Junk (J),False,False,False,False,False,,
193948281,Junk (J),False,False,False,False,False,,
193971301,Junk (J),False,False,False,False,False,,
193979250,Planet (P),False,False,False,False,False,,
193992063,Junk (J),False,False,False,False,False,,
194043403,EB,False,False,False,False,False,,
194073024,Junk (J),False,False,False,False,False,,
194076601,Planet (P),False,False,False,False,False,,
194132691,EB,False,False,False,False,False,,
194138888,Junk (J),False,False,False,False,False,,
194177494,EB,False,False,False,False,False,,
194203348,Planet (P),False,False,False,False,False,,
194234471,Planet (P),False,False,False,False,False,,
194387094,EB,False,False,False,False,False,,
194461202,Planet (P),False,False,False,False,False,,
194633998,EB,False,False,False,False,False,,
194658383,Junk (J),False,False,False,False,False,,
194665135,Junk (J),False,False,False,False,False,,
194679333,Planet (P),False,False,False,False,False,,
194736418,Planet (P),False,False,False,False,False,,
194736844,EB,False,False,False,False,False,,
194795551,Planet (P),False,False,False,False,False,,
194835199,Junk (J),False,False,False,False,False,,
195037937,EB,False,False,False,False,False,,
195155818,Planet (P),False,False,False,False,False,,
195187769,Planet (P),False,False,False,False,False,,
195256633,Planet (P),False,True,False,True,False,102.0,102.0
195264536,Junk (J),False,False,False,False,False,,
195344411,Junk (J),False,False,False,False,False,,
195416956,EB,False,False,False,False,False,,
195483731,Planet (P),False,False,False,False,False,,
195491629,Junk (J),False,False,False,False,False,,
195526417,EB,False,False,False,False,False,,
195606729,Planet (P),False,False,False,False,False,,
195729544,EB,False,False,False,False,False,,
195750008,Planet (P),False,False,False,False,False,,
195933415,Planet (P),False,False,False,False,False,,
195982884,Junk (J),False,False,False,False,False,,
196066560,Planet (P),False,False,False,False,False,,
196201652,Planet (P),False,False,False,False,False,,
196261799,Planet (P),False,False,False,False,False,,
196272515,Junk (J),False,False,False,False,False,,
196286578,Planet (P),False,False,False,False,False,,
196474344,Planet (P),False,False,False,False,False,,
196776171,EB,False,False,False,False,False,,
196777538,Junk (J),False,False,False,False,False,,
196847077,Junk (J),False,False,False,False,False,,
196892529,Junk (J),False,False,False,False,False,,
196973090,Planet (P),False,False,False,False,False,,
197039766,Planet (P),False,False,False,False,False,,
197061967,EB,False,False,False,False,False,,
197150892,EB,False,False,False,False,False,,
197472603,Junk (J),False,False,False,False,False,,
197598125,Planet (P),False,False,False,False,False,,
197604890,Planet (P),False,False,False,False,False,,
197606318,Junk (J),False,False,False,False,False,,
197642926,Planet (P),False,False,False,False,False,,
197643940,Junk (J),True,True,True,True,True,95.0,95.0
197643976,Planet (P),True,True,True,True,True,95.0,95.0
197650870,EB,False,False,False,False,False,,
197676493,EB,False,False,False,False,False,,
197682658,Junk (J),True,True,True,True,True,95.0,95.0
197743152,Planet (P),False,False,False,False,False,,
197758148,Junk (J),True,True,True,True,True,95.0,95.0
197807778,Planet (P),True,True,True,True,True,97.0,97.0
197808753,Planet (P),True,True,True,True,True,97.0,97.0
197847954,EB,False,False,False,False,False,,
197956312,Junk (J),True,True,True,True,True,103.0,103.0
197960114,Junk (J),True,True,True,True,True,103.0,103.0
198008005,Planet (P),False,True,False,True,False,97.0,97.0
198037821,Junk (J),True,True,True,True,True,97.0,97.0
198051466,Junk (J),True,True,True,True,True,97.0,97.0
198076537,Junk (J),True,True,True,True,True,98.0,98.0
198076743,Junk (J),True,True,True,True,True,98.0,98.0
198077394,Planet (P),True,True,True,True,True,97.0,97.0
198078384,Junk (J),True,True,True,True,True,97.0,97.0
198102424,Junk (J),False,False,False,False,False,,
198108326,Planet (P),False,False,False,False,False,,
198148194,Junk (J),False,False,False,False,False,,
198149004,Junk (J),False,False,False,False,False,,
198153540,Planet (P),False,False,False,False,False,,
198155069,Junk (J),False,False,False,False,False,,
198161549,Junk (J),False,False,False,False,False,,
198161914,Planet (P),False,False,False,False,False,,
198162530,Planet (P),False,False,False,False,False,,
198177441,Junk (J),False,False,False,False,False,,
198177780,Junk (J),False,False,False,False,False,,
198177784,Junk (J),False,False,False,False,False,,
198178239,Junk (J),False,False,False,False,False,,
198178315,Junk (J),False,False,False,False,False,,
198179599,Junk (J),False,False,False,False,False,,
198181552,EB,False,False,False,False,False,,
198183483,Junk (J),False,False,False,False,False,,
198185007,Junk (J),False,False,False,False,False,,
198185705,Junk (J),False,False,False,False,False,,
198186255,Junk (J),False,False,False,False,False,,
198186769,Planet (P),False,False,False,False,False,,
198187049,Planet (P),False,False,False,False,False,,
198187877,Junk (J),False,False,False,False,False,,
198188921,Junk (J),False,False,False,False,False,,
198189972,Planet (P),False,False,False,False,False,,
198206613,Planet (P),False,False,False,False,False,,
198208038,Junk (J),False,False,False,False,False,,
198211976,Junk (J),False,False,False,False,False,,
198212148,Junk (J),False,False,False,False,False,,
198212955,Planet (P),False,False,False,False,False,,
198213332,EB,False,False,False,False,False,,
198235980,Junk (J),False,False,False,False,False,,
198237914,Junk (J),False,False,False,False,False,,
198240225,Junk (J),False,False,False,False,False,,
198241258,Junk (J),False,False,False,False,False,,
198241702,Planet (P),False,False,False,False,False,,
198242676,EB,False,False,False,False,False,,
198242678,EB,False,False,False,False,False,,
198279224,Junk (J),False,False,False,False,False,,
198281166,Junk (J),False,False,False,False,False,,
198312841,Junk (J),False,False,False,False,False,,
198317043,Junk (J),False,False,False,False,False,,
198317654,Junk (J),False,False,False,False,False,,
198355046,Junk (J),False,False,False,False,False,,
198356533,Planet (P),False,False,False,False,False,,
198360694,Planet (P),False,False,False,False,False,,
198361902,Junk (J),False,False,False,False,False,,
198362570,Junk (J),False,False,False,False,False,,
198384408,Junk (J),False,False,False,False,False,,
198385543,Planet (P),False,False,False,False,False,,
198387091,Junk (J),False,False,False,False,False,,
198390247,Planet (P),False,False,False,False,False,,
198390699,Junk (J),False,False,False,False,False,,
198407860,Junk (J),False,False,False,False,False,,
198410480,EB,False,False,False,False,False,,
198418972,Junk (J),False,False,False,False,False,,
198420284,Junk (J),False,False,False,False,False,,
198456033,Junk (J),False,False,False,False,False,,
198456476,Junk (J),False,False,False,False,False,,
198456933,Planet (P),False,False,False,False,False,,
198457103,Junk (J),False,False,False,False,False,,
198458010,Planet (P),False,False,False,False,False,,
198479552,Junk (J),False,False,False,False,False,,
198485881,Planet (P),False,False,False,False,False,,
198489041,Junk (J),False,False,False,False,False,,
198491466,Junk (J),False,False,False,False,False,,
198492576,Junk (J),False,False,False,False,False,,
198509725,Junk (J),False,False,False,False,False,,
198512478,Planet (P),False,False,False,False,False,,
198537349,EB,False,False,False,False,False,,
198538099,Junk (J),False,False,False,False,False,,
198555309,Junk (J),False,False,False,False,False,,
198556538,Junk (J),False,False,False,False,False,,
198560350,Junk (J),False,False,False,False,False,,
198560607,Junk (J),False,False,False,False,False,,
198583925,Junk (J),False,False,False,False,False,,
198588220,Planet (P),False,False,False,False,False,,
198588263,Junk (J),False,False,False,False,False,,
198592710,Junk (J),False,False,False,False,False,,
198610218,Planet (P),False,False,False,False,False,,
198611149,Junk (J),False,False,False,False,False,,
198616233,Junk (J),False,False,False,False,False,,
198616607,Planet (P),False,False,False,False,False,,
198639524,Junk (J),False,False,False,False,False,,
198725468,Planet (P),False,False,False,False,False,,
198783841,EB,False,False,False,False,False,,
199162630,Planet (P),False,False,False,False,False,,
199164436,Junk (J),False,False,False,False,False,,
199239053,Junk (J),False,False,False,False,False,,
199289712,Planet (P),False,False,False,False,False,,
199375355,Junk (J),False,False,False,False,False,,
199376584,Planet (P),False,False,False,False,False,,
199382504,EB,False,False,False,False,False,,
199420503,EB,False,False,False,False,False,,
199444169,Planet (P),False,False,False,False,False,,
199448169,Junk (J),False,False,False,False,False,,
199488690,Planet (P),False,False,False,False,False,,
199493896,Junk (J),False,False,False,False,False,,
199504894,Junk (J),False,False,False,False,False,,
199523378,Junk (J),False,False,False,False,False,,
199524145,Junk (J),False,False,False,False,False,,
199549000,Junk (J),False,False,False,False,False,,
199550102,EB,False,False,False,False,False,,
199573860,Junk (J),False,False,False,False,False,,
199574208,EB,False,False,False,False,False,,
199608351,Junk (J),False,False,False,False,False,,
199610140,Planet (P),False,False,False,False,False,,
199610530,Junk (J),False,False,False,False,False,,
199613445,Junk (J),False,False,False,False,False,,
199616650,EB,False,False,False,False,False,,
199617759,Junk (J),False,False,False,False,False,,
199618562,Junk (J),False,False,False,False,False,,
199634791,Junk (J),False,False,False,False,False,,
199635118,Junk (J),False,False,False,False,False,,
199661560,Junk (J),False,False,False,False,False,,
199663282,Junk (J),False,False,False,False,False,,
199665425,Junk (J),False,False,False,False,False,,
199666719,Junk (J),False,False,False,False,False,,
199671901,Planet (P),False,False,False,False,False,,
199676274,Planet (P),False,False,False,False,False,,
199684866,Junk (J),False,False,False,False,False,,
199687346,Junk (J),False,False,False,False,False,,
199688471,EB,False,False,False,False,False,,
199710486,Junk (J),False,False,False,False,False,,
199710818,Junk (J),False,False,False,False,False,,
199712572,Planet (P),False,False,False,False,False,,
199712893,Junk (J),False,False,False,False,False,,
199713797,Junk (J),False,False,False,False,False,,
199714470,Junk (J),False,False,False,False,False,,
199721945,Planet (P),False,False,False,False,False,,
199743559,Junk (J),False,False,False,False,False,,
199786991,Junk (J),False,False,False,False,False,,
199795179,EB,False,False,False,False,False,,
199949052,Planet (P),False,False,False,False,False,,
199950643,EB,False,False,False,False,False,,
200020618,Junk (J),False,False,False,False,False,,
200090347,Planet (P),False,True,False,True,False,98.0,98.0
200135791,EB,False,False,False,False,False,,
200172467,Planet (P),False,False,False,False,False,,
200181351,Junk (J),False,False,False,False,False,,
200209252,EB,False,False,False,False,False,,
200222741,EB,False,False,False,False,False,,
200247352,EB,True,True,True,True,True,94.0,94.0
200296137,Planet (P),False,False,False,False,False,,
200320748,Planet (P),False,True,False,True,False,98.0,98.0
200321577,Planet (P),False,True,False,True,False,98.0,98.0
200322593,Planet (P),False,True,False,True,False,98.0,98.0
200435203,Planet (P),False,True,False,True,False,98.0,98.0
200465781,Planet (P),False,False,False,False,False,,
200606159,Planet (P),False,False,False,False,False,,
200606486,Planet (P),False,False,False,False,False,,
200699744,Junk (J),False,True,False,True,False,97.0,97.0
200723869,Planet (P),False,True,False,True,False,97.0,97.0
200738653,Junk (J),False,False,False,False,False,,
200743403,Planet (P),False,True,False,True,False,97.0,97.0
200775844,Planet (P),False,False,False,False,False,,
200803270,Planet (P),False,True,False,True,False,97.0,97.0
200805484,Planet (P),False,True,False,True,False,97.0,97.0
200807066,Junk (J),False,True,False,True,False,97.0,97.0
200917197,Planet (P),False,False,False,False,False,,
201175570,Planet (P),True,True,True,True,True,103.0,103.0
201175687,Junk (J),True,True,True,True,True,103.0,103.0
201177276,Planet (P),True,True,True,True,True,103.0,103.0
201186294,Planet (P),False,False,False,False,False,,
201201989,EB,False,False,False,False,False,,
201240538,Junk (J),False,False,False,False,False,,
201248411,Planet (P),True,True,True,True,True,102.0,102.0
201252832,Junk (J),True,True,True,True,True,103.0,103.0
201254754,Planet (P),True,True,True,True,True,103.0,103.0
201427046,Junk (J),False,True,False,True,False,98.0,98.0
201508515,Planet (P),False,True,False,True,False,98.0,98.0
201562811,Junk (J),True,True,True,True,False,103.0,103.0
201562850,EB,True,True,True,True,True,103.0,103.0
201598744,Planet (P),True,True,True,True,True,103.0,103.0
201601348,Junk (J),True,True,True,True,False,103.0,103.0
201604954,Planet (P),True,True,True,True,True,103.0,103.0
201635971,EB,False,False,False,False,False,,
201641317,Junk (J),True,True,True,True,False,103.0,103.0
201642601,Planet (P),True,True,True,True,True,103.0,103.0
201658484,Planet (P),True,True,True,True,True,94.0,94.0
201660996,Planet (P),True,True,True,True,True,103.0,103.0
201687472,Junk (J),True,True,True,True,False,101.0,101.0
201689602,Junk (J),False,True,False,True,False,101.0,101.0
201692967,EB,False,False,False,False,False,,
201724575,Junk (J),False,True,False,True,False,103.0,103.0
201747686,EB,False,True,False,True,False,103.0,103.0
201753758,Junk (J),True,True,True,True,True,97.0,97.0
201793781,Planet (P),True,True,True,True,True,97.0,97.0
201899356,Planet (P),False,True,False,True,False,97.0,97.0
202087931,Planet (P),False,False,False,False,False,,
202148118,EB,False,False,False,False,False,,
202185707,Planet (P),False,False,False,False,False,,
202282233,Planet (P),False,False,False,False,False,,
202283090,Planet (P),False,False,False,False,False,,
202299773,Junk (J),False,False,False,False,False,,
202351609,Junk (J),False,False,False,False,False,,
202375913,Planet (P),False,False,False,False,False,,
202380346,Junk (J),False,False,False,False,False,,
202407195,Junk (J),False,False,False,False,False,,
202422034,Junk (J),False,False,False,False,False,,
202422167,Junk (J),False,False,False,False,False,,
202425357,Planet (P),False,False,False,False,False,,
202426246,Planet (P),False,False,False,False,False,,
202426247,Planet (P),False,False,False,False,False,,
202428245,Planet (P),False,False,False,False,False,,
202442062,Junk (J),False,False,False,False,False,,
202442974,EB,False,False,False,False,False,,
202442982,EB,False,False,False,False,False,,
202444594,EB,False,False,False,False,False,,
202468443,Planet (P),False,False,False,False,False,,
202468629,Junk (J),False,False,False,False,False,,
202490797,EB,False,False,False,False,False,,
202491864,Junk (J),False,False,False,False,False,,
202504234,Planet (P),False,False,False,False,False,,
202511019,Junk (J),False,False,False,False,False,,
202511271,Junk (J),False,False,False,False,False,,
202511362,Junk (J),False,False,False,False,False,,
202514659,Planet (P),False,False,False,False,False,,
202563254,Planet (P),False,False,False,False,False,,
202565366,EB,False,False,False,False,False,,
202634511,EB,False,False,False,False,False,,
202869426,Planet (P),False,False,False,False,False,,
202872757,Planet (P),False,False,False,False,False,,
202941251,Planet (P),False,False,False,False,False,,
203001339,EB,False,False,False,False,False,,
203008960,Junk (J),False,False,False,False,False,,
203096531,Planet (P),False,False,False,False,False,,
203134257,Junk (J),False,False,False,False,False,,
203189770,Planet (P),False,False,False,False,False,,
203214081,Planet (P),False,False,False,False,False,,
203214138,Planet (P),False,False,False,False,False,,
203287192,Planet (P),False,False,False,False,False,,
203289099,Planet (P),False,False,False,False,False,,
203377303,Planet (P),False,False,False,False,False,,
203452869,EB,False,False,False,False,False,,
203476998,Planet (P),False,False,False,False,False,,
204328787,Junk (J),False,False,False,False,False,,
204376737,Planet (P),False,False,False,False,False,,
204496071,Planet (P),True,True,True,True,True,95.0,95.0
204613238,Junk (J),False,True,False,True,False,97.0,97.0
204650483,Planet (P),False,True,False,True,False,101.0,101.0
204671232,Planet (P),False,True,False,True,False,101.0,101.0
204698337,Planet (P),False,True,False,True,False,101.0,101.0
206284139,Planet (P),False,False,False,False,False,,
206352378,Planet (P),True,True,True,True,True,103.0,103.0
206361691,Planet (P),True,True,True,True,True,103.0,103.0
206462567,Junk (J),True,True,True,True,True,95.0,95.0
206474443,Planet (P),False,True,False,True,False,97.0,97.0
206480502,Junk (J),True,True,True,True,True,95.0,95.0
206482593,Junk (J),True,True,True,True,True,95.0,95.0
206497887,Junk (J),True,True,True,True,True,95.0,95.0
206504434,Junk (J),True,True,True,True,True,103.0,103.0
206504455,Junk (J),True,True,True,True,True,103.0,103.0
206508474,Junk (J),False,False,False,False,False,,
206541859,Planet (P),False,True,False,True,False,103.0,103.0
206669860,Planet (P),True,True,True,True,True,96.0,96.0
206717400,Planet (P),False,False,False,False,False,,
206785987,Planet (P),False,False,False,False,False,,
206897186,Planet (P),False,False,False,False,False,,
206906112,Planet (P),False,False,False,False,False,,
207007857,Junk (J),False,False,False,False,False,,
207075739,Junk (J),True,True,True,True,True,95.0,95.0
207077681,Planet (P),True,True,True,True,True,95.0,95.0
207110080,Planet (P),True,True,True,True,True,97.0,97.0
207141131,Planet (P),True,True,True,True,True,97.0,97.0
207237016,Planet (P),True,True,True,True,True,97.0,97.0
207238953,Planet (P),True,True,True,True,True,97.0,97.0
207339000,Planet (P),False,False,False,False,False,,
207384903,Junk (J),False,False,False,False,False,,
207385340,Junk (J),False,False,False,False,False,,
207398184,Junk (J),False,False,False,False,False,,
207402633,Junk (J),False,False,False,False,False,,
207425167,Planet (P),False,False,False,False,False,,
207425552,Junk (J),False,False,False,False,False,,
207430556,Junk (J),False,False,False,False,False,,
207441662,Junk (J),False,False,False,False,False,,
207462962,Junk (J),False,False,False,False,False,,
207465076,Junk (J),False,False,False,False,False,,
207465201,Junk (J),False,False,False,False,False,,
207466621,Junk (J),False,False,False,False,False,,
207468071,Planet (P),False,False,False,False,False,,
207491214,Planet (P),False,False,False,False,False,,
207493152,EB,False,False,False,False,False,,
207495245,Junk (J),False,False,False,False,False,,
207497136,Junk (J),False,False,False,False,False,,
207500374,Junk (J),False,False,False,False,False,,
207502450,Junk (J),False,False,False,False,False,,
207573269,EB,False,True,False,True,False,102.0,102.0
207937389,Planet (P),False,True,False,True,False,102.0,102.0
207981861,Planet (P),False,True,False,True,False,103.0,103.0
208091447,Planet (P),False,True,False,True,False,102.0,102.0
208151094,Planet (P),False,True,False,True,False,103.0,103.0
208295586,EB,False,True,False,True,False,103.0,103.0
208297760,Planet (P),False,True,False,True,False,103.0,103.0
208330336,EB,False,True,False,True,False,103.0,103.0
208424921,EB,False,True,False,True,False,102.0,102.0
208710680,Junk (J),False,True,False,True,False,103.0,103.0
208719443,Planet (P),False,True,False,True,False,103.0,103.0
208770975,EB,False,True,False,True,False,103.0,103.0
208772468,Planet (P),False,True,False,True,False,103.0,103.0
209003016,EB,False,True,False,True,False,103.0,103.0
209054294,Planet (P),False,True,False,True,False,102.0,102.0
209310912,Planet (P),True,True,True,True,True,96.0,96.0
209407002,Junk (J),False,True,False,True,False,97.0,97.0
209408136,Planet (P),False,True,False,True,False,97.0,97.0
209459275,Planet (P),False,True,False,True,False,97.0,97.0
209464063,Planet (P),False,True,False,True,False,97.0,97.0
209707800,Planet (P),False,True,False,True,False,102.0,102.0
209708399,EB,False,True,False,True,False,102.0,102.0
209923610,Planet (P),False,True,False,True,False,102.0,102.0
209935997,Planet (P),False,False,False,False,False,,
210083929,Planet (P),False,False,False,False,False,,
210157255,Junk (J),False,True,False,True,False,102.0,102.0
210169818,Planet (P),False,False,False,False,False,,
210175404,EB,False,False,False,False,False,,
210348659,Junk (J),False,False,False,False,False,,
210433122,Junk (J),False,False,False,False,False,,
210441429,Planet (P),False,True,False,True,False,102.0,102.0
210548440,Junk (J),False,True,False,True,False,103.0,103.0
210629725,Planet (P),False,True,False,True,False,102.0,102.0
210681065,Planet (P),False,True,False,True,False,102.0,102.0
210873792,Planet (P),False,False,False,False,False,,
210904767,Planet (P),False,False,False,False,False,,
210944510,EB,False,True,False,True,False,103.0,103.0
211352962,Planet (P),True,True,True,True,True,95.0,95.0
211380874,Junk (J),True,True,True,True,True,95.0,95.0
211408248,Junk (J),True,True,True,True,True,95.0,95.0
211409161,Junk (J),True,True,True,True,True,95.0,95.0
211409752,Junk (J),True,True,True,True,True,95.0,95.0
211409944,Junk (J),True,True,True,True,True,95.0,95.0
211418621,EB,False,True,False,True,False,103.0,103.0
211438925,Planet (P),False,False,False,False,False,,
211446495,Planet (P),False,True,False,True,False,100.0,100.0
211530711,EB,False,True,False,True,False,103.0,103.0
211578180,EB,False,True,False,True,False,103.0,103.0
211687791,EB,False,True,False,True,False,103.0,103.0
212111551,EB,False,False,False,False,False,,
212136027,EB,False,False,False,False,False,,
212169285,EB,False,True,False,True,False,103.0,103.0
212253390,Planet (P),True,True,True,True,True,95.0,95.0
212272377,EB,False,True,False,True,False,103.0,103.0
212373097,EB,False,True,False,True,False,103.0,103.0
212415509,EB,False,True,False,True,False,103.0,103.0
212459069,EB,False,True,False,True,False,103.0,103.0
212519764,EB,False,True,False,True,False,103.0,103.0
212711371,EB,False,True,False,True,False,103.0,103.0
212844967,EB,False,True,False,True,False,103.0,103.0
212957629,Planet (P),False,False,False,False,False,,
213111428,Planet (P),False,True,False,True,False,103.0,103.0
213156716,EB,False,True,False,True,False,103.0,103.0
213172827,Junk (J),False,False,False,False,False,,
213230168,EB,False,True,False,True,False,103.0,103.0
213236738,EB,False,True,False,True,False,103.0,103.0
213242228,EB,False,True,False,True,False,103.0,103.0
213344368,EB,False,True,False,True,False,103.0,103.0
213412439,Junk (J),False,False,False,False,False,,
213436349,EB,False,True,False,True,False,103.0,103.0
213441778,EB,False,True,False,True,False,103.0,103.0
213514265,EB,False,True,False,True,False,103.0,103.0
213524471,EB,False,False,False,False,False,,
213691570,EB,False,True,False,True,False,103.0,103.0
213875310,Planet (P),False,False,False,False,False,,
213941899,Junk (J),False,True,False,True,False,103.0,103.0
213951167,EB,False,True,False,True,False,103.0,103.0
213961773,Junk (J),False,False,False,False,False,,
213978083,EB,False,True,False,True,False,103.0,103.0
213988070,EB,False,True,False,True,False,103.0,103.0
214141558,EB,False,True,False,True,False,103.0,103.0
214179419,EB,False,True,False,True,False,103.0,103.0
214218272,Planet (P),False,True,False,True,False,103.0,103.0
214233976,Junk (J),False,False,False,False,False,,
214243287,Planet (P),False,True,False,False,False,103.0,
214250143,EB,False,True,False,True,False,103.0,103.0
214250194,EB,False,True,False,True,False,103.0,103.0
214300025,Junk (J),True,True,True,True,True,95.0,95.0
214315111,EB,False,True,False,True,False,103.0,103.0
214330573,EB,False,True,False,True,False,103.0,103.0
214361331,Planet (P),False,True,False,True,False,103.0,103.0
214416183,EB,False,True,False,True,False,103.0,103.0
214426920,Junk (J),True,True,True,True,True,95.0,95.0
214515903,Junk (J),True,True,True,True,True,95.0,95.0
214515989,Planet (P),True,True,True,True,True,95.0,95.0
214533332,EB,False,True,False,True,False,103.0,103.0
214728964,EB,False,True,False,True,False,103.0,103.0
214913775,Junk (J),True,True,True,True,True,96.0,96.0
214981577,EB,False,False,False,False,False,,
215018906,Planet (P),False,False,False,False,False,,
215319726,EB,False,True,False,True,False,103.0,103.0
215595454,Planet (P),False,False,False,False,False,,
215860874,Junk (J),False,True,False,True,False,103.0,103.0
215934882,Junk (J),False,False,False,False,False,,
216122841,EB,False,True,False,True,False,103.0,103.0
216136608,EB,False,True,False,True,False,103.0,103.0
216149295,EB,False,True,False,True,False,103.0,103.0
216165538,EB,False,True,False,True,False,103.0,103.0
216362391,Junk (J),False,False,False,False,False,,
216419363,EB,False,False,False,False,False,,
216419371,EB,False,False,False,False,False,,
216419562,EB,False,False,False,False,False,,
216795080,EB,False,True,False,True,False,103.0,103.0
216871994,EB,False,False,False,False,False,,
216925130,Planet (P),False,True,False,True,False,103.0,103.0
216930709,EB,False,True,False,True,False,103.0,103.0
216977460,Junk (J),False,False,False,False,False,,
216996930,EB,False,True,False,True,False,103.0,103.0
217010441,Junk (J),False,True,False,True,False,103.0,103.0
217060353,EB,False,False,False,False,False,,
217253830,EB,False,False,False,False,False,,
217358688,EB,False,True,False,True,False,103.0,103.0
217396214,EB,False,False,False,False,False,,
217468067,EB,False,False,False,False,False,,
217529901,EB,False,True,False,True,False,103.0,103.0
217549013,EB,False,True,False,False,False,103.0,
217699471,EB,False,False,False,False,False,,
217783951,EB,False,False,False,False,False,,
217784119,EB,False,False,False,False,False,,
217838717,Planet (P),False,True,False,True,False,103.0,103.0
217872187,EB,False,False,False,False,False,,
217933560,Planet (P),False,False,False,False,False,,
217954345,EB,False,True,False,True,False,103.0,103.0
217980791,Planet (P),False,False,False,False,False,,
218023865,EB,False,False,False,False,False,,
218048928,EB,False,False,False,False,False,,
218152162,EB,False,False,False,False,False,,
218209189,EB,False,False,False,False,False,,
218237795,EB,False,False,False,False,False,,
218282034,EB,False,True,False,True,False,103.0,103.0
218336657,EB,False,False,False,False,False,,
218354669,Planet (P),False,False,False,False,False,,
218483943,Planet (P),False,False,False,False,False,,
218496026,EB,False,False,False,False,False,,
218631203,EB,False,False,False,False,False,,
218777249,EB,False,False,False,False,False,,
218795833,Planet (P),False,False,False,False,False,,
218875002,EB,True,True,True,True,True,94.0,94.0
218926462,Junk (J),True,True,True,True,False,94.0,94.0
218966627,Junk (J),True,True,True,True,True,96.0,96.0
218972787,Junk (J),True,True,True,True,True,96.0,96.0
219003079,Junk (J),False,False,False,False,False,,
219004214,Junk (J),False,False,False,False,False,,
219010458,Junk (J),False,False,False,False,False,,
219011115,Junk (J),False,False,False,False,False,,
219013284,Junk (J),False,False,False,False,False,,
219014621,Junk (J),False,False,False,False,False,,
219015370,Planet (P),False,False,False,False,False,,
219016883,Planet (P),False,False,False,False,False,,
219017071,Junk (J),False,False,False,False,False,,
219018221,Junk (J),False,False,False,False,False,,
219021623,Junk (J),True,True,True,True,False,94.0,94.0
219028634,Junk (J),False,False,False,False,False,,
219038365,Junk (J),False,False,False,False,False,,
219041246,Planet (P),False,False,False,False,False,,
219041579,Junk (J),False,False,False,False,False,,
219063030,Junk (J),False,False,False,False,False,,
219081655,Junk (J),False,False,False,False,False,,
219083607,Junk (J),False,False,False,False,False,,
219088671,Junk (J),False,False,False,False,False,,
219091132,Junk (J),False,False,False,False,False,,
219093356,Junk (J),False,False,False,False,False,,
219094612,Junk (J),False,False,False,False,False,,
219100996,Junk (J),False,False,False,False,False,,
219104270,Junk (J),False,False,False,False,False,,
219110814,EB,False,False,False,False,False,,
219111752,Junk (J),False,False,False,False,False,,
219113246,Planet (P),False,False,False,False,False,,
219114963,Junk (J),False,False,False,False,False,,
219115213,Junk (J),False,False,False,False,False,,
219116005,Junk (J),False,False,False,False,False,,
219116889,Junk (J),False,False,False,False,False,,
219117295,Junk (J),False,False,False,False,False,,
219139297,Junk (J),True,True,True,True,True,103.0,103.0
219159215,Junk (J),True,True,True,True,True,98.0,98.0
219160030,Junk (J),True,True,True,True,True,98.0,98.0
219175972,Planet (P),True,True,True,True,True,98.0,98.0
219177716,EB,True,True,True,True,True,98.0,98.0
219181903,Planet (P),True,True,True,True,True,98.0,98.0
219187649,Planet (P),False,True,False,True,False,100.0,100.0
219189765,Planet (P),False,True,False,True,False,100.0,100.0
219195044,Planet (P),True,True,True,True,True,98.0,98.0
219225319,Planet (P),False,True,False,True,False,97.0,97.0
219229644,Planet (P),False,True,False,True,False,97.0,97.0
219253008,Planet (P),False,True,False,True,False,98.0,98.0
219279994,Junk (J),True,True,True,True,False,103.0,103.0
219280379,Junk (J),True,True,True,True,False,103.0,103.0
219285104,Junk (J),True,True,True,True,False,103.0,103.0
219306934,Planet (P),True,True,True,True,True,103.0,103.0
219321900,Junk (J),True,True,True,True,True,103.0,103.0
219335994,Junk (J),True,True,True,True,True,103.0,103.0
219338557,Planet (P),True,True,True,True,True,103.0,103.0
219344917,Planet (P),False,True,False,True,False,98.0,98.0
219345200,Planet (P),False,True,False,True,False,98.0,98.0
219380235,Junk (J),True,True,True,True,True,98.0,98.0
219401954,Planet (P),True,True,True,True,True,98.0,98.0
219410600,Junk (J),True,True,True,True,True,98.0,98.0
219429582,Junk (J),False,False,False,False,False,,
219431125,Junk (J),False,False,False,False,False,,
219431828,Planet (P),False,False,False,False,False,,
219435542,EB,False,False,False,False,False,,
219436394,Planet (P),False,False,False,False,False,,
219458146,Junk (J),False,False,False,False,False,,
219458872,Junk (J),False,False,False,False,False,,
219463553,Junk (J),False,False,False,False,False,,
219466803,Planet (P),False,False,False,False,False,,
219467837,Planet (P),False,False,False,False,False,,
219485050,Planet (P),False,False,False,False,False,,
219489550,Planet (P),False,False,False,False,False,,
219501568,Planet (P),False,False,False,False,False,,
219506608,Planet (P),False,False,False,False,False,,
219508169,Planet (P),False,False,False,False,False,,
219686371,Junk (J),False,False,False,False,False,,
219697927,Planet (P),False,False,False,False,False,,
219698776,Planet (P),False,False,False,False,False,,
219698950,Planet (P),False,True,False,True,False,101.0,101.0
219701535,Planet (P),False,True,False,True,False,101.0,101.0
219707850,Planet (P),False,False,False,False,False,,
219725982,Junk (J),False,False,False,False,False,,
219728669,Planet (P),False,False,False,False,False,,
219730264,Junk (J),False,False,False,False,False,,
219730266,Junk (J),False,False,False,False,False,,
219730598,Junk (J),False,False,False,False,False,,
219730823,Junk (J),False,False,False,False,False,,
219732512,Junk (J),False,False,False,False,False,,
219734214,Junk (J),False,False,False,False,False,,
219737890,Junk (J),False,False,False,False,False,,
219739405,Junk (J),False,False,False,False,False,,
219742885,Planet (P),False,False,False,False,False,,
219751469,Planet (P),False,False,False,False,False,,
219755266,Junk (J),False,False,False,False,False,,
219755548,Junk (J),False,False,False,False,False,,
219758201,Junk (J),False,False,False,False,False,,
219760880,Junk (J),False,False,False,False,False,,
219762508,Planet (P),False,False,False,False,False,,
219765150,Junk (J),False,False,False,False,False,,
219765354,Junk (J),False,False,False,False,False,,
219769290,Planet (P),False,True,False,True,False,101.0,101.0
219776325,Planet (P),False,False,False,False,False,,
219777669,Junk (J),False,False,False,False,False,,
219778329,Planet (P),False,False,False,False,False,,
219779731,Junk (J),False,False,False,False,False,,
219780519,Junk (J),False,False,False,False,False,,
219786909,Junk (J),False,False,False,False,False,,
219790151,Junk (J),False,False,False,False,False,,
219792306,Junk (J),False,False,False,False,False,,
219792712,Junk (J),False,False,False,False,False,,
219793189,Junk (J),False,False,False,False,False,,
219796205,Junk (J),False,False,False,False,False,,
219797460,Junk (J),False,False,False,False,False,,
219802774,Junk (J),False,False,False,False,False,,
219803186,Junk (J),False,False,False,False,False,,
219803922,Planet (P),False,False,False,False,False,,
219805298,Junk (J),False,False,False,False,False,,
219806941,Junk (J),False,False,False,False,False,,
219809549,Planet (P),False,False,False,False,False,,
219812640,Junk (J),False,False,False,False,False,,
219817510,Junk (J),False,False,False,False,False,,
219821970,Junk (J),False,False,False,False,False,,
219824182,Junk (J),False,False,False,False,False,,
219824469,Junk (J),False,False,False,False,False,,
219824470,Planet (P),False,False,False,False,False,,
219846476,Junk (J),False,False,False,False,False,,
219847327,Junk (J),False,False,False,False,False,,
219847787,Planet (P),False,False,False,False,False,,
219848545,Junk (J),False,False,False,False,False,,
219848819,Junk (J),False,False,False,False,False,,
219850915,Planet (P),False,False,False,False,False,,
219851773,Junk (J),False,False,False,False,False,,
219852584,Planet (P),False,False,False,False,False,,
219852860,EB,False,False,False,False,False,,
219852882,Planet (P),False,False,False,False,False,,
219853425,Junk (J),False,False,False,False,False,,
219854185,Planet (P),False,False,False,False,False,,
219854519,Planet (P),False,False,False,False,False,,
219854987,Junk (J),False,False,False,False,False,,
219855548,Junk (J),False,False,False,False,False,,
219856572,Junk (J),False,False,False,False,False,,
219857012,Planet (P),False,False,False,False,False,,
219858451,Junk (J),False,False,False,False,False,,
219859507,Junk (J),False,False,False,False,False,,
219859691,Junk (J),False,False,False,False,False,,
219860288,Planet (P),False,False,False,False,False,,
219860741,Junk (J),False,False,False,False,False,,
219862608,Junk (J),False,False,False,False,False,,
219865081,Junk (J),False,False,False,False,False,,
219866209,Planet (P),False,False,False,False,False,,
219871448,Junk (J),False,False,False,False,False,,
219875976,Planet (P),False,False,False,False,False,,
219877752,Junk (J),False,False,False,False,False,,
219878176,Junk (J),False,False,False,False,False,,
219879302,Planet (P),False,False,False,False,False,,
219880693,Junk (J),False,False,False,False,False,,
219881618,Junk (J),False,False,False,False,False,,
219882262,EB,False,False,False,False,False,,
219882723,Junk (J),False,False,False,False,False,,
219893061,Junk (J),False,False,False,False,False,,
219893557,Junk (J),False,False,False,False,False,,
219894314,Junk (J),False,False,False,False,False,,
219898670,Junk (J),False,False,False,False,False,,
219900408,Junk (J),False,False,False,False,False,,
219902969,Junk (J),True,True,True,True,False,94.0,94.0
219926866,Junk (J),True,True,False,False,False,94.0,
219928884,EB,True,True,True,True,True,94.0,94.0
219943538,Junk (J),True,True,True,True,False,103.0,103.0
219954315,EB,True,True,True,True,True,101.0,101.0
219969682,Junk (J),True,True,True,True,False,103.0,103.0
219977016,EB,True,True,False,True,True,103.0,103.0
219977027,EB,True,True,True,True,True,103.0,103.0
219978369,Planet (P),True,True,True,True,True,101.0,101.0
219990365,Junk (J),True,True,True,True,True,97.0,97.0
220029715,Planet (P),False,False,False,False,False,,
220068921,Planet (P),False,True,False,True,False,98.0,98.0
220076110,Planet (P),False,True,False,True,False,98.0,98.0
220139435,Planet (P),False,False,False,False,False,,
220144363,Planet (P),False,False,False,False,False,,
220342999,Junk (J),True,True,True,True,False,103.0,103.0
220347617,Junk (J),True,True,True,True,False,103.0,103.0
220367118,Junk (J),True,True,True,True,False,103.0,103.0
220371571,Junk (J),True,True,True,True,False,101.0,101.0
220391499,EB,True,True,True,True,True,98.0,98.0
220396259,EB,True,True,True,True,True,98.0,98.0
220399209,Junk (J),True,True,True,True,False,98.0,98.0
220402076,Junk (J),True,True,True,True,True,98.0,98.0
220414174,Junk (J),True,True,True,True,True,98.0,98.0
220414682,Planet (P),True,True,True,True,True,98.0,98.0
220417314,Junk (J),True,True,True,True,True,98.0,98.0
220418990,Junk (J),True,True,True,True,True,98.0,98.0
220420532,EB,True,True,True,True,True,98.0,98.0
220420534,EB,True,True,True,True,True,98.0,98.0
220421643,Junk (J),True,True,True,True,True,98.0,98.0
220430912,EB,True,True,True,True,True,98.0,98.0
220459826,Planet (P),True,True,True,True,True,98.0,98.0
220459976,Planet (P),True,True,True,True,True,98.0,98.0
220460087,Planet (P),True,True,True,True,True,98.0,98.0
220474209,EB,True,True,True,True,True,98.0,98.0
220475245,Planet (P),True,True,True,True,True,98.0,98.0
220479047,Junk (J),True,True,True,True,False,98.0,98.0
220479565,Planet (P),True,True,True,True,True,98.0,98.0
220547837,Planet (P),False,True,False,True,False,99.0,99.0
220568686,Junk (J),True,True,True,True,True,97.0,97.0
220582522,Junk (J),False,False,False,False,False,,
220595565,Junk (J),True,True,True,True,True,103.0,103.0
221108005,EB,False,True,False,True,False,103.0,103.0
221566773,Planet (P),False,True,False,True,False,103.0,103.0
221656234,Planet (P),False,True,False,True,False,103.0,103.0
221736740,EB,False,True,False,False,False,103.0,
221785300,Planet (P),False,True,False,True,False,102.0,102.0
221810430,EB,False,True,False,True,False,103.0,103.0
221840196,EB,False,True,False,True,False,103.0,103.0
221861843,Planet (P),False,True,False,True,False,103.0,103.0
221882319,Planet (P),False,True,False,True,False,103.0,103.0
221943346,EB,False,True,False,True,False,103.0,103.0
222403569,EB,False,True,False,True,False,103.0,103.0
222485202,Planet (P),False,False,False,False,False,,
223784978,EB,False,True,False,True,False,103.0,103.0
224217761,Planet (P),False,False,False,False,False,,
224225541,Planet (P),True,True,True,True,True,96.0,96.0
224245334,Planet (P),True,True,True,True,True,96.0,96.0
224271611,Planet (P),True,True,True,True,True,96.0,96.0
224279091,Planet (P),True,True,True,True,True,96.0,96.0
224292452,Junk (J),False,False,False,False,False,,
224293266,Junk (J),False,False,False,False,False,,
224293782,Planet (P),False,False,False,False,False,,
224293813,EB,False,False,False,False,False,,
224297258,Planet (P),False,False,False,False,False,,
224297408,Planet (P),False,False,False,False,False,,
224298134,Planet (P),False,False,False,False,False,,
224299081,Planet (P),False,False,False,False,False,,
224299924,Junk (J),False,False,False,False,False,,
224301589,Junk (J),False,False,False,False,False,,
224306933,Junk (J),False,False,False,False,False,,
224313733,EB,False,False,False,False,False,,
224328450,Planet (P),False,False,False,False,False,,
224390414,Junk (J),False,False,False,False,False,,
224418572,Planet (P),False,False,False,False,False,,
224595426,EB,False,False,False,False,False,,
224596152,Planet (P),False,False,False,False,False,,
224598071,Junk (J),False,False,False,False,False,,
224600500,Planet (P),False,False,False,False,False,,
224601047,Junk (J),False,False,False,False,False,,
224601357,Junk (J),False,False,False,False,False,,
224608210,Junk (J),False,False,False,False,False,,
224608313,Junk (J),False,False,False,False,False,,
224635135,Planet (P),False,False,False,False,False,,
224692180,Junk (J),False,False,False,False,False,,
224719157,Junk (J),False,False,False,False,False,,
224795548,EB,False,False,False,False,False,,
224837588,EB,False,False,False,False,False,,
225452501,EB,False,False,False,False,False,,
225456844,EB,False,False,False,False,False,,
228381868,Planet (P),True,True,True,True,True,96.0,96.0
228507250,Planet (P),True,True,True,True,True,96.0,96.0
228694725,Planet (P),False,False,False,False,False,,
228969249,Junk (J),False,True,False,True,False,101.0,101.0
229034610,Junk (J),True,True,True,True,True,95.0,95.0
229047362,Planet (P),False,True,False,True,False,101.0,101.0
229070118,Junk (J),True,True,True,True,True,96.0,96.0
229073422,Junk (J),True,True,True,True,True,96.0,96.0
229111835,Planet (P),True,True,True,True,True,103.0,103.0
229112341,Junk (J),True,True,True,True,True,103.0,103.0
229138584,Planet (P),True,True,True,True,True,103.0,103.0
229157734,Junk (J),True,True,True,True,True,96.0,96.0
229167359,Planet (P),False,False,False,False,False,,
229210014,Planet (P),False,False,False,False,False,,
229399317,EB,False,False,False,False,False,,
229400092,Planet (P),False,False,False,False,False,,
229401461,Junk (J),False,False,False,False,False,,
229403836,Junk (J),False,False,False,False,False,,
229404920,Junk (J),False,False,False,False,False,,
229408913,Planet (P),False,False,False,False,False,,
229412873,Junk (J),False,False,False,False,False,,
229436921,Junk (J),False,False,False,False,False,,
229437474,Junk (J),False,False,False,False,False,,
229439723,Junk (J),False,False,False,False,False,,
229441200,Junk (J),False,False,False,False,False,,
229442471,Junk (J),False,False,False,False,False,,
229444549,Junk (J),False,False,False,False,False,,
229445141,Junk (J),False,False,False,False,False,,
229449680,Junk (J),False,False,False,False,False,,
229451298,Junk (J),False,False,False,False,False,,
229451873,Junk (J),False,False,False,False,False,,
229452140,Junk (J),False,False,False,False,False,,
229452949,EB,False,False,False,False,False,,
229455001,Planet (P),False,False,False,False,False,,
229461103,Junk (J),False,False,False,False,False,,
229461342,Junk (J),False,False,False,False,False,,
229462659,Junk (J),False,False,False,False,False,,
229464446,Junk (J),False,False,False,False,False,,
229465678,Planet (P),False,True,False,True,False,101.0,101.0
229473543,Junk (J),False,False,False,False,False,,
229475223,Junk (J),False,False,False,False,False,,
229476369,Junk (J),False,False,False,False,False,,
229481079,Junk (J),False,False,False,False,False,,
229482822,Junk (J),False,False,False,False,False,,
229490898,Planet (P),False,False,False,False,False,,
229492769,Junk (J),False,False,False,False,False,,
229498188,Junk (J),False,False,False,False,False,,
229500593,Junk (J),False,False,False,False,False,,
229504243,Junk (J),False,False,False,False,False,,
229508304,Junk (J),False,False,False,False,False,,
229508727,Planet (P),False,False,False,False,False,,
229508780,EB,False,False,False,False,False,,
229510866,Planet (P),False,False,False,False,False,,
229535108,EB,False,False,False,False,False,,
229536616,Planet (P),False,False,False,False,False,,
229538073,Junk (J),False,False,False,False,False,,
229540730,Junk (J),False,False,False,False,False,,
229553174,Junk (J),False,False,False,False,False,,
229582778,Junk (J),False,False,False,False,False,,
229582807,Junk (J),False,False,False,False,False,,
229585356,EB,False,False,False,False,False,,
229585365,EB,False,False,False,False,False,,
229585587,Junk (J),False,False,False,False,False,,
229586455,Planet (P),False,False,False,False,False,,
229586778,Junk (J),False,False,False,False,False,,
229596329,Junk (J),False,False,False,False,False,,
229596848,Junk (J),False,False,False,False,False,,
229605891,Planet (P),False,False,False,False,False,,
229609099,Junk (J),False,False,False,False,False,,
229611333,Junk (J),False,False,False,False,False,,
229612809,Junk (J),False,False,False,False,False,,
229618478,Planet (P),False,False,False,False,False,,
229639351,Planet (P),False,False,False,False,False,,
229639494,Junk (J),False,False,False,False,False,,
229639858,Junk (J),False,False,False,False,False,,
229639915,Junk (J),False,False,False,False,False,,
229641819,Junk (J),False,False,False,False,False,,
229646945,Junk (J),False,False,False,False,False,,
229650439,Planet (P),False,False,False,False,False,,
229671380,Planet (P),False,False,False,False,False,,
229673287,Junk (J),False,False,False,False,False,,
229675161,Junk (J),False,False,False,False,False,,
229675164,Junk (J),False,False,False,False,False,,
229683265,Junk (J),False,False,False,False,False,,
229687624,Junk (J),False,False,False,False,False,,
229689988,Junk (J),False,False,False,False,False,,
229697984,Junk (J),False,False,False,False,False,,
229712768,Junk (J),False,False,False,False,False,,
229713401,Planet (P),False,False,False,False,False,,
229715760,Planet (P),False,False,False,False,False,,
229742722,Planet (P),False,False,False,False,False,,
229743204,Junk (J),False,False,False,False,False,,
229743674,Junk (J),False,False,False,False,False,,
229746165,Junk (J),False,False,False,False,False,,
229747848,Planet (P),False,False,False,False,False,,
229748825,Junk (J),False,False,False,False,False,,
229750058,Planet (P),False,False,False,False,False,,
229750929,Junk (J),False,False,False,False,False,,
229751802,Junk (J),False,False,False,False,False,,
229752045,Junk (J),False,False,False,False,False,,
229752137,Junk (J),False,False,False,False,False,,
229762060,Junk (J),False,False,False,False,False,,
229764431,Junk (J),False,False,False,False,False,,
229766711,Junk (J),False,False,False,False,False,,
229770036,Planet (P),False,False,False,False,False,,
229773112,Junk (J),False,False,False,False,False,,
229775183,Junk (J),False,False,False,False,False,,
229775860,Junk (J),False,False,False,False,False,,
229777070,Junk (J),False,False,False,False,False,,
229779790,EB,False,False,False,False,False,,
229781583,Planet (P),False,False,False,False,False,,
229786139,Junk (J),False,False,False,False,False,,
229786610,Planet (P),False,False,False,False,False,,
229787062,Planet (P),False,False,False,False,False,,
229789003,Junk (J),False,False,False,False,False,,
229790429,Junk (J),False,False,False,False,False,,
229791084,Planet (P),False,False,False,False,False,,
229798588,Junk (J),False,False,False,False,False,,
229809085,Junk (J),True,True,True,True,True,96.0,96.0
229888286,Planet (P),False,False,False,False,False,,
229937032,Junk (J),False,False,False,False,False,,
229937958,Junk (J),False,False,False,False,False,,
229938290,Planet (P),False,False,False,False,False,,
229938897,Junk (J),False,False,False,False,False,,
229944666,Planet (P),False,False,False,False,False,,
229946075,Junk (J),False,False,False,False,False,,
229947211,Junk (J),False,False,False,False,False,,
229948921,EB,False,False,False,False,False,,
229950056,Junk (J),False,False,False,False,False,,
229950766,Junk (J),False,False,False,False,False,,
229951289,Planet (P),False,False,False,False,False,,
229953506,Junk (J),False,False,False,False,False,,
229955184,Junk (J),False,False,False,False,False,,
229957374,Junk (J),False,False,False,False,False,,
229959065,Junk (J),False,False,False,False,False,,
229966577,Junk (J),False,False,False,False,False,,
229966602,Junk (J),False,False,False,False,False,,
229969898,Junk (J),False,False,False,False,False,,
229972745,Junk (J),False,False,False,False,False,,
229974817,Junk (J),False,False,False,False,False,,
229976631,Junk (J),False,False,False,False,False,,
229977160,Junk (J),False,False,False,False,False,,
229998470,EB,False,False,False,False,False,,
230001847,Planet (P),False,False,False,False,False,,
230006888,Planet (P),False,False,False,False,False,,
230015612,Junk (J),False,False,False,False,False,,
230016097,Junk (J),False,False,False,False,False,,
230017324,Planet (P),False,False,False,False,False,,
230021009,Junk (J),False,False,False,False,False,,
230022689,Junk (J),False,False,False,False,False,,
230024912,Junk (J),False,False,False,False,False,,
230050350,Junk (J),False,False,False,False,False,,
230055368,Planet (P),False,False,False,False,False,,
230059312,Junk (J),False,False,False,False,False,,
230062302,Junk (J),False,False,False,False,False,,
230064070,Junk (J),False,False,False,False,False,,
230064221,Junk (J),False,False,False,False,False,,
230064711,Planet (P),False,False,False,False,False,,
230069422,Junk (J),False,False,False,False,False,,
230069712,EB,False,False,False,False,False,,
230072155,Junk (J),False,False,False,False,False,,
230072963,Junk (J),False,False,False,False,False,,
230073267,Junk (J),False,False,False,False,False,,
230073401,Junk (J),False,False,False,False,False,,
230073581,Junk (J),False,False,False,False,False,,
230073588,Junk (J),False,False,False,False,False,,
230075227,Planet (P),False,False,False,False,False,,
230075248,Junk (J),False,False,False,False,False,,
230077478,Junk (J),False,False,False,False,False,,
230080114,Junk (J),False,False,False,False,False,,
230084146,Planet (P),False,False,False,False,False,,
230085290,Junk (J),False,False,False,False,False,,
230087585,Planet (P),False,False,False,False,False,,
230087765,Planet (P),False,False,False,False,False,,
230088370,Planet (P),False,False,False,False,False,,
230088535,Junk (J),False,False,False,False,False,,
230113769,Junk (J),False,False,False,False,False,,
230115351,Junk (J),False,False,False,False,False,,
230115455,Junk (J),False,False,False,False,False,,
230116331,Junk (J),False,False,False,False,False,,
230117425,Junk (J),False,False,False,False,False,,
230118807,Junk (J),False,False,False,False,False,,
230118997,Junk (J),False,False,False,False,False,,
230119606,Junk (J),False,False,False,False,False,,
230120584,Junk (J),False,False,False,False,False,,
230124369,Junk (J),False,False,False,False,False,,
230126367,Junk (J),False,False,False,False,False,,
230127302,Planet (P),False,False,False,False,False,,
230127663,Junk (J),False,False,False,False,False,,
230128667,EB,False,False,False,False,False,,
230129753,Planet (P),False,False,False,False,False,,
230130556,EB,False,False,False,False,False,,
230131418,Junk (J),False,False,False,False,False,,
230136597,Junk (J),False,False,False,False,False,,
230152753,EB,False,True,False,True,False,103.0,103.0
230152900,EB,False,True,False,True,False,103.0,103.0
230197433,Junk (J),False,False,False,False,False,,
230197530,Junk (J),False,False,False,False,False,,
230199480,Junk (J),False,False,False,False,False,,
230201148,Junk (J),False,False,False,False,False,,
230228435,Junk (J),False,False,False,False,False,,
230258296,EB,False,True,False,True,False,103.0,103.0
230264372,Junk (J),False,False,False,False,False,,
230267498,Junk (J),False,False,False,False,False,,
230281367,Junk (J),False,False,False,False,False,,
230283959,Junk (J),False,False,False,False,False,,
230285518,Junk (J),False,False,False,False,False,,
230286093,Junk (J),False,False,False,False,False,,
230290708,Planet (P),False,False,False,False,False,,
230292034,Planet (P),False,False,False,False,False,,
230296711,Junk (J),False,False,False,False,False,,
230299548,Junk (J),False,False,False,False,False,,
230375613,Junk (J),False,False,False,False,False,,
230375747,Planet (P),False,False,False,False,False,,
230376136,EB,False,False,False,False,False,,
230377505,Planet (P),False,False,False,False,False,,
230378407,Junk (J),False,False,False,False,False,,
230379704,Junk (J),False,False,False,False,False,,
230383826,Junk (J),False,False,False,False,False,,
230385595,Junk (J),False,False,False,False,False,,
230385855,Junk (J),False,False,False,False,False,,
230386259,Planet (P),False,False,False,False,False,,
230387153,Planet (P),False,False,False,False,False,,
230388132,Planet (P),False,False,False,False,False,,
230393815,Junk (J),False,False,False,False,False,,
230394278,Junk (J),False,False,False,False,False,,
230395791,Junk (J),False,False,False,False,False,,
230395848,Junk (J),False,False,False,False,False,,
230397408,Junk (J),False,False,False,False,False,,
230438466,Junk (J),False,False,False,False,False,,
230494128,EB,False,False,False,False,False,,
230563345,Junk (J),False,False,False,False,False,,
230565876,Junk (J),False,False,False,False,False,,
230636195,Junk (J),False,False,False,False,False,,
230856987,Planet (P),False,False,False,False,False,,
230895783,EB,False,False,False,False,False,,
230949815,Junk (J),True,True,True,True,False,103.0,103.0
230966413,EB,True,True,True,True,True,94.0,94.0
230966538,Junk (J),True,True,True,True,True,94.0,94.0
230967251,EB,True,True,True,True,True,103.0,103.0
230968422,Junk (J),True,True,True,True,True,103.0,103.0
230980206,Planet (P),True,True,True,True,True,103.0,103.0
230982415,Planet (P),True,True,True,True,True,103.0,103.0
230982885,Planet (P),True,True,True,True,True,96.0,96.0
231013060,Junk (J),True,True,True,True,True,96.0,96.0
231013653,Junk (J),True,True,True,True,True,96.0,96.0
231024251,EB,False,True,False,True,False,103.0,103.0
231063955,Planet (P),True,True,True,True,True,96.0,96.0
231065398,Planet (P),True,True,False,False,True,96.0,
231071138,Planet (P),True,True,True,True,True,97.0,97.0
231074486,Junk (J),True,True,True,True,True,97.0,97.0
231076038,Planet (P),True,True,True,True,True,98.0,98.0
231077009,Junk (J),True,True,True,True,True,98.0,98.0
231077395,Planet (P),True,True,True,True,True,98.0,98.0
231077461,EB,True,True,True,True,True,98.0,98.0
231088741,Junk (J),True,True,True,True,False,98.0,98.0
231091565,Junk (J),True,True,True,True,True,98.0,98.0
231093936,Junk (J),True,True,True,True,False,98.0,98.0
231157209,Planet (P),False,False,False,False,False,,
231250984,EB,False,True,False,True,False,103.0,103.0
231255809,EB,False,True,False,True,False,103.0,103.0
231283677,Junk (J),False,True,False,True,False,97.0,97.0
231289421,Planet (P),True,True,True,True,True,97.0,97.0
231289833,Junk (J),False,True,False,True,False,97.0,97.0
231297123,Planet (P),False,True,False,True,False,97.0,97.0
231337271,Planet (P),False,False,False,False,False,,
231351672,EB,False,True,False,True,False,103.0,103.0
231355743,EB,False,True,False,True,False,103.0,103.0
231461934,EB,False,True,False,True,False,103.0,103.0
231559817,Planet (P),False,False,False,False,False,,
231630147,Planet (P),True,True,True,True,True,103.0,103.0
231663901,Planet (P),True,True,True,True,True,103.0,103.0
231670397,Planet (P),True,True,True,True,True,103.0,103.0
231702397,Planet (P),True,True,True,True,True,103.0,103.0
231717326,EB,True,True,True,True,True,98.0,98.0
231721006,Planet (P),True,True,True,True,True,98.0,98.0
231728511,Planet (P),True,True,False,True,True,98.0,98.0
231736113,Planet (P),False,True,False,True,False,98.0,98.0
231744905,Junk (J),True,True,True,True,True,98.0,98.0
231792014,Junk (J),True,True,True,True,True,98.0,98.0
231801885,Junk (J),True,True,True,True,True,98.0,98.0
231832850,Junk (J),True,True,True,True,True,96.0,96.0
231833236,Planet (P),True,True,True,True,True,96.0,96.0
231850364,Planet (P),True,True,False,False,True,96.0,
231902216,EB,False,True,False,True,False,103.0,103.0
231912935,Planet (P),True,True,True,True,True,103.0,103.0
231937059,Planet (P),False,True,False,True,False,98.0,98.0
231937828,Planet (P),False,True,False,True,False,98.0,98.0
232025086,Planet (P),False,True,False,True,False,98.0,98.0
232038798,Planet (P),False,True,False,True,False,98.0,98.0
232049513,Junk (J),False,True,False,True,False,98.0,98.0
232052748,Planet (P),False,True,False,True,False,98.0,98.0
232139628,Planet (P),False,False,False,False,False,,
232194097,Planet (P),False,False,False,False,False,,
232312137,EB,False,True,False,True,False,103.0,103.0
232521096,Junk (J),False,False,False,False,False,,
232521190,Junk (J),False,False,False,False,False,,
232523409,Junk (J),False,False,False,False,False,,
232525866,Junk (J),False,False,False,False,False,,
232540264,Planet (P),False,False,False,False,False,,
232541371,Junk (J),False,False,False,False,False,,
232541381,Junk (J),False,False,False,False,False,,
232567319,Planet (P),False,False,False,False,False,,
232568235,Planet (P),False,False,False,False,False,,
232572560,EB,False,False,False,False,False,,
232601764,EB,False,False,False,False,False,,
232603560,Planet (P),False,False,False,False,False,,
232608943,Planet (P),False,False,False,False,False,,
232609078,Junk (J),False,False,False,False,False,,
232612416,Planet (P),False,False,False,False,False,,
232612827,Junk (J),False,False,False,False,False,,
232616536,Junk (J),False,False,False,False,False,,
232624234,Planet (P),False,False,False,False,False,,
232625701,Junk (J),False,False,False,False,False,,
232627782,Junk (J),False,False,False,False,False,,
232628532,Planet (P),False,False,False,False,False,,
232632239,Planet (P),False,False,False,False,False,,
232635922,Planet (P),False,False,False,False,False,,
232639453,Junk (J),False,False,False,False,False,,
232642771,Junk (J),False,False,False,False,False,,
232646673,Junk (J),False,False,False,False,False,,
232647016,Junk (J),False,False,False,False,False,,
232649590,Junk (J),False,False,False,False,False,,
232650365,Planet (P),False,False,False,False,False,,
232651089,Junk (J),False,False,False,False,False,,
232672291,Junk (J),False,False,False,False,False,,
232675523,Junk (J),False,False,False,False,False,,
232679662,EB,False,False,False,False,False,,
232723271,Junk (J),False,False,False,False,False,,
232859720,EB,False,True,False,True,False,103.0,103.0
232941965,Planet (P),False,False,False,False,False,,
232963462,Junk (J),False,False,False,False,False,,
232964056,Junk (J),False,False,False,False,False,,
232967440,Planet (P),False,False,False,False,False,,
232969359,Junk (J),False,False,False,False,False,,
232971294,Planet (P),False,False,False,False,False,,
232971368,Junk (J),False,False,False,False,False,,
232975080,Junk (J),False,False,False,False,False,,
232975214,Junk (J),False,False,False,False,False,,
232976128,Planet (P),False,False,False,False,False,,
232980350,Junk (J),False,False,False,False,False,,
232982467,Junk (J),False,False,False,False,False,,
232982558,Planet (P),False,False,False,False,False,,
232982938,Planet (P),False,False,False,False,False,,
232983391,Junk (J),False,False,False,False,False,,
232985036,EB,False,False,False,False,False,,
233005572,Junk (J),False,False,False,False,False,,
233007430,Junk (J),False,False,False,False,False,,
233009109,Planet (P),False,False,False,False,False,,
233010666,Junk (J),False,False,False,False,False,,
233016542,Junk (J),False,False,False,False,False,,
233046979,Junk (J),False,False,False,False,False,,
233047097,Planet (P),False,False,False,False,False,,
233048274,Junk (J),False,False,False,False,False,,
233049320,Junk (J),False,False,False,False,False,,
233049900,Junk (J),False,False,False,False,False,,
233050090,Junk (J),False,False,False,False,False,,
233051206,Junk (J),False,False,False,False,False,,
233053554,Planet (P),False,False,False,False,False,,
233059608,Junk (J),False,False,False,False,False,,
233066156,Planet (P),False,False,False,False,False,,
233068569,Planet (P),False,False,False,False,False,,
233070000,Junk (J),False,False,False,False,False,,
233070183,EB,False,False,False,False,False,,
233070717,Planet (P),False,False,False,False,False,,
233071822,Planet (P),False,False,False,False,False,,
233071926,Planet (P),False,False,False,False,False,,
233073991,Junk (J),False,False,False,False,False,,
233075235,Junk (J),False,False,False,False,False,,
233077177,Junk (J),False,False,False,False,False,,
233078665,Planet (P),False,False,False,False,False,,
233078994,Junk (J),False,False,False,False,False,,
233079272,Junk (J),False,False,False,False,False,,
233080216,Junk (J),False,False,False,False,False,,
233081707,Junk (J),False,False,False,False,False,,
233082248,Junk (J),False,False,False,False,False,,
233084058,Junk (J),False,False,False,False,False,,
233084640,Junk (J),False,False,False,False,False,,
233084720,Junk (J),False,False,False,False,False,,
233087860,Planet (P),False,False,False,False,False,,
233097244,Junk (J),False,False,False,False,False,,
233097961,Junk (J),False,False,False,False,False,,
233100410,EB,False,True,False,True,False,103.0,103.0
233105417,EB,False,True,False,True,False,103.0,103.0
233120536,Junk (J),False,False,False,False,False,,
233122146,Junk (J),False,False,False,False,False,,
233126177,EB,False,False,False,False,False,,
233128601,Junk (J),False,False,False,False,False,,
233153431,EB,False,False,False,False,False,,
233153706,Junk (J),False,False,False,False,False,,
233154075,EB,False,False,False,False,False,,
233154667,Junk (J),False,False,False,False,False,,
233155130,Junk (J),False,False,False,False,False,,
233158676,Junk (J),False,False,False,False,False,,
233158962,Junk (J),False,False,False,False,False,,
233159768,Junk (J),False,False,False,False,False,,
233161833,Junk (J),False,False,False,False,False,,
233173039,Planet (P),False,False,False,False,False,,
233176519,Junk (J),False,False,False,False,False,,
233178386,Junk (J),False,False,False,False,False,,
233180127,Junk (J),False,False,False,False,False,,
233182695,Planet (P),False,False,False,False,False,,
233187267,Junk (J),False,False,False,False,False,,
233188747,Planet (P),False,False,False,False,False,,
233190271,Junk (J),False,False,False,False,False,,
233191165,Junk (J),False,False,False,False,False,,
233192899,Junk (J),False,False,False,False,False,,
233193893,Junk (J),False,False,False,False,False,,
233193944,EB,False,False,False,False,False,,
233195058,EB,False,False,False,False,False,,
233197293,Junk (J),False,False,False,False,False,,
233197480,Junk (J),False,False,False,False,False,,
233199758,Junk (J),False,False,False,False,False,,
233200532,Junk (J),False,False,False,False,False,,
233203045,Junk (J),False,False,False,False,False,,
233204539,Junk (J),False,False,False,False,False,,
233205226,Junk (J),False,False,False,False,False,,
233206302,Junk (J),False,False,False,False,False,,
233207646,Junk (J),False,False,False,False,False,,
233210292,Junk (J),False,False,False,False,False,,
233211762,Planet (P),False,False,False,False,False,,
233231869,Junk (J),False,False,False,False,False,,
233241011,Junk (J),False,False,False,False,False,,
233266582,Planet (P),False,False,False,False,False,,
233266797,Planet (P),False,False,False,False,False,,
233268247,Junk (J),False,False,False,False,False,,
233272184,Junk (J),False,False,False,False,False,,
233273901,Junk (J),False,False,False,False,False,,
233287217,Planet (P),False,False,False,False,False,,
233291862,EB,False,False,False,False,False,,
233320107,EB,False,True,False,True,False,103.0,103.0
233409941,Planet (P),False,False,False,False,False,,
233415701,Planet (P),False,False,False,False,False,,
233417705,EB,False,False,False,False,False,,
233426186,EB,False,False,False,False,False,,
233462606,Junk (J),False,False,False,False,False,,
233462817,Planet (P),False,False,False,False,False,,
233463175,Junk (J),False,False,False,False,False,,
233465389,Planet (P),False,False,False,False,False,,
233494956,Junk (J),False,False,False,False,False,,
233497776,Junk (J),False,False,False,False,False,,
233498415,Junk (J),False,False,False,False,False,,
233500935,Planet (P),False,False,False,False,False,,
233503583,EB,False,False,False,False,False,,
233504762,Junk (J),False,False,False,False,False,,
233512902,Junk (J),False,False,False,False,False,,
233522055,Junk (J),False,False,False,False,False,,
233524710,Junk (J),False,False,False,False,False,,
233526869,Junk (J),False,False,False,False,False,,
233528895,Junk (J),False,False,False,False,False,,
233532108,Junk (J),False,False,False,False,False,,
233537201,Junk (J),False,False,False,False,False,,
233542555,Junk (J),False,False,False,False,False,,
233544651,Junk (J),False,False,False,False,False,,
233553547,EB,False,True,False,True,False,103.0,103.0
233554200,EB,False,True,False,True,False,103.0,103.0
233558430,EB,False,True,False,True,False,103.0,103.0
233569098,EB,False,False,False,False,False,,
233569141,EB,False,False,False,False,False,,
233569604,Junk (J),False,False,False,False,False,,
233574771,Junk (J),False,False,False,False,False,,
233575364,Junk (J),False,False,False,False,False,,
233575753,Junk (J),False,False,False,False,False,,
233576159,Planet (P),False,False,False,False,False,,
233576890,EB,False,False,False,False,False,,
233602827,Planet (P),False,False,False,False,False,,
233609817,Junk (J),False,False,False,False,False,,
233613702,Junk (J),False,False,False,False,False,,
233614224,Junk (J),False,False,False,False,False,,
233615190,Junk (J),False,False,False,False,False,,
233617847,Planet (P),False,False,False,False,False,,
233625787,EB,False,False,False,False,False,,
233625790,Junk (J),False,False,False,False,False,,
233631664,Junk (J),False,False,False,False,False,,
233631997,Junk (J),False,False,False,False,False,,
233632419,EB,False,False,False,False,False,,
233633993,Planet (P),False,False,False,False,False,,
233635280,EB,False,False,False,False,False,,
233642245,Junk (J),False,False,False,False,False,,
233646116,Junk (J),False,False,False,False,False,,
233654042,Planet (P),False,False,False,False,False,,
233657298,Junk (J),False,False,False,False,False,,
233657619,Junk (J),False,False,False,False,False,,
233678883,Junk (J),False,False,False,False,False,,
233680651,Planet (P),False,False,False,False,False,,
233681149,Planet (P),False,False,False,False,False,,
233683700,Junk (J),False,False,False,False,False,,
233684249,Junk (J),False,False,False,False,False,,
233684293,Junk (J),False,False,False,False,False,,
233688779,Planet (P),False,False,False,False,False,,
233691797,Junk (J),False,False,False,False,False,,
233712433,Junk (J),False,False,False,False,False,,
233714249,Junk (J),False,False,False,False,False,,
233719215,Planet (P),False,False,False,False,False,,
233720276,EB,False,False,False,False,False,,
233721037,Planet (P),False,False,False,False,False,,
233721425,Junk (J),False,False,False,False,False,,
233722108,Junk (J),False,False,False,False,False,,
233723752,Junk (J),False,False,False,False,False,,
233725802,Junk (J),False,False,False,False,False,,
233729302,Junk (J),False,False,False,False,False,,
233731095,Junk (J),False,False,False,False,False,,
233738223,Junk (J),False,False,False,False,False,,
233738458,EB,False,False,False,False,False,,
233738834,Junk (J),False,False,False,False,False,,
233751709,EB,False,False,False,False,False,,
233788275,Planet (P),False,False,False,False,False,,
233794525,EB,False,False,False,False,False,,
233795794,Planet (P),False,False,False,False,False,,
233823679,Planet (P),False,False,False,False,False,,
233831759,Planet (P),False,False,False,False,False,,
233839416,Junk (J),False,False,False,False,False,,
233839656,Junk (J),False,False,False,False,False,,
233855268,Planet (P),False,False,False,False,False,,
233865363,Junk (J),False,False,False,False,False,,
233867481,Planet (P),False,False,False,False,False,,
233903180,Junk (J),False,False,False,False,False,,
233909178,Junk (J),False,False,False,False,False,,
233943166,EB,False,False,False,False,False,,
233948455,Planet (P),False,False,False,False,False,,
233951353,Planet (P),False,False,False,False,False,,
233953967,Planet (P),False,False,False,False,False,,
233964642,EB,True,True,True,True,True,95.0,95.0
233964924,Planet (P),True,True,True,True,True,96.0,96.0
234112540,Planet (P),False,False,False,False,False,,
234160911,Planet (P),False,False,False,False,False,,
234279605,Junk (J),True,True,True,True,True,103.0,103.0
234280151,Junk (J),True,True,True,True,True,103.0,103.0
234282389,Planet (P),True,True,False,False,True,103.0,
234330672,Planet (P),True,True,True,True,True,96.0,96.0
234345288,Planet (P),True,True,True,True,True,96.0,96.0
234388232,Planet (P),False,False,False,False,False,,
234406705,EB,False,False,False,False,False,,
234427100,EB,False,True,False,True,False,103.0,103.0
234489133,Planet (P),False,False,False,False,False,,
234489976,Planet (P),True,True,True,True,True,103.0,103.0
234516483,Junk (J),True,True,True,True,True,103.0,103.0
234517168,Junk (J),True,True,True,True,True,103.0,103.0
234519192,Planet (P),True,True,True,True,True,103.0,103.0
234523599,Planet (P),True,True,True,True,True,103.0,103.0
234527228,Planet (P),True,True,False,False,True,96.0,
234539513,EB,False,True,False,True,False,103.0,103.0
234539661,EB,False,True,False,True,False,103.0,103.0
234540647,Planet (P),False,True,False,True,False,103.0,103.0
234636301,EB,False,True,False,True,False,103.0,103.0
234648124,EB,False,True,False,True,False,103.0,103.0
234832821,Planet (P),False,False,False,False,False,,
234870606,EB,False,True,False,True,False,103.0,103.0
234958949,Planet (P),False,False,False,False,False,,
234992286,Junk (J),False,True,False,True,False,103.0,103.0
234994474,Planet (P),True,True,True,True,True,102.0,102.0
235000637,Junk (J),True,True,True,True,True,102.0,102.0
235015217,Planet (P),True,True,True,True,True,103.0,103.0
235059216,Junk (J),False,False,False,False,False,,
235077268,Planet (P),False,True,False,True,False,98.0,98.0
235078021,Planet (P),False,True,False,True,False,98.0,98.0
235082229,EB,False,True,False,True,False,103.0,103.0
235300016,Planet (P),False,False,False,False,False,,
235333495,Planet (P),False,False,False,False,False,,
235448190,Planet (P),False,False,False,False,False,,
235533032,EB,False,True,False,True,False,103.0,103.0
235563358,Junk (J),False,False,False,False,False,,
235568144,Junk (J),False,False,False,False,False,,
235631724,EB,False,True,False,True,False,103.0,103.0
235664497,Planet (P),False,False,False,False,False,,
235678745,Planet (P),False,False,False,False,False,,
235679440,Junk (J),False,False,False,False,False,,
235681475,EB,False,False,False,False,False,,
235683377,Planet (P),False,False,False,False,False,,
235684230,Junk (J),False,False,False,False,False,,
235684392,Planet (P),False,False,False,False,False,,
235684964,Planet (P),False,False,False,False,False,,
235687190,Junk (J),False,False,False,False,False,,
235710810,Junk (J),False,False,False,False,False,,
235711993,Planet (P),False,False,False,False,False,,
235714240,Junk (J),False,False,False,False,False,,
235714568,Junk (J),False,False,False,False,False,,
235714953,Junk (J),False,False,False,False,False,,
235717158,Planet (P),False,False,False,False,False,,
235901733,Planet (P),False,False,False,False,False,,
235901877,Junk (J),False,False,False,False,False,,
235902467,Planet (P),False,False,False,False,False,,
235904625,Junk (J),False,False,False,False,False,,
235905185,Planet (P),False,False,False,False,False,,
235927318,Junk (J),False,False,False,False,False,,
235943205,Planet (P),False,False,False,False,False,,
235955072,Junk (J),False,False,False,False,False,,
235977715,Junk (J),False,False,False,False,False,,
235980310,Junk (J),False,False,False,False,False,,
235982039,Junk (J),False,False,False,False,False,,
235982176,Junk (J),False,False,False,False,False,,
235983031,Junk (J),False,False,False,False,False,,
235990781,Junk (J),False,False,False,False,False,,
235994740,Junk (J),False,False,False,False,False,,
235995153,Junk (J),False,False,False,False,False,,
235998916,Junk (J),False,False,False,False,False,,
236046394,EB,False,False,False,False,False,,
236051090,EB,False,False,False,False,False,,
236158940,Planet (P),False,False,False,False,False,,
236290312,EB,False,True,False,True,False,103.0,103.0
236298938,EB,False,True,False,True,False,103.0,103.0
236312126,Planet (P),False,False,False,False,False,,
236387002,Planet (P),False,False,False,False,False,,
236445129,Planet (P),False,False,False,False,False,,
236632480,Planet (P),False,False,False,False,False,,
236653990,Junk (J),False,False,False,False,False,,
236668719,Junk (J),False,False,False,False,False,,
236677324,Junk (J),False,False,False,False,False,,
236712665,Junk (J),False,False,False,False,False,,
236714379,Planet (P),False,False,False,False,False,,
236759093,Junk (J),False,False,False,False,False,,
236760731,Junk (J),False,False,False,False,False,,
236761089,Junk (J),False,False,False,False,False,,
236761202,Junk (J),False,False,False,False,False,,
236764295,Junk (J),False,False,False,False,False,,
236769341,Junk (J),False,False,False,False,False,,
236775592,Junk (J),False,False,False,False,False,,
236775984,Junk (J),False,False,False,False,False,,
236776067,Junk (J),False,False,False,False,False,,
236779934,Junk (J),False,False,False,False,False,,
236779956,Junk (J),False,False,False,False,False,,
236781593,Junk (J),False,False,False,False,False,,
236782008,Junk (J),False,False,False,False,False,,
236786762,Junk (J),False,False,False,False,False,,
236788144,Junk (J),False,False,False,False,False,,
236813492,Junk (J),False,False,False,False,False,,
236815784,Junk (J),False,False,False,False,False,,
236833009,EB,False,True,False,True,False,103.0,103.0
236866702,Junk (J),False,False,False,False,False,,
236875418,Junk (J),False,False,False,False,False,,
236887394,Planet (P),False,False,False,False,False,,
236894860,Junk (J),False,False,False,False,False,,
236896126,Junk (J),False,False,False,False,False,,
236899970,Junk (J),False,False,False,False,False,,
236900066,Junk (J),False,False,False,False,False,,
236903132,Junk (J),False,False,False,False,False,,
236904794,Junk (J),False,False,False,False,False,,
236934268,Planet (P),False,False,False,False,False,,
236934937,Planet (P),False,False,False,False,False,,
236958828,Junk (J),False,False,False,False,False,,
236965878,Junk (J),False,False,False,False,False,,
236972632,Junk (J),False,False,False,False,False,,
236973844,EB,False,False,False,False,False,,
236982983,Junk (J),False,False,False,False,False,,
237009681,Junk (J),False,False,False,False,False,,
237009864,Junk (J),False,False,False,False,False,,
237012661,Junk (J),False,False,False,False,False,,
237015185,Planet (P),False,False,False,False,False,,
237016001,Junk (J),False,False,False,False,False,,
237017684,Junk (J),False,False,False,False,False,,
237019002,Planet (P),False,False,False,False,False,,
237049483,Junk (J),False,False,False,False,False,,
237071229,Planet (P),False,False,False,False,False,,
237077180,Planet (P),False,False,False,False,False,,
237085230,Junk (J),False,False,False,False,False,,
237086564,Planet (P),False,False,False,False,False,,
237088261,Junk (J),False,False,False,False,False,,
237097499,Planet (P),False,False,False,False,False,,
237099296,Planet (P),False,False,False,False,False,,
237101326,Planet (P),False,False,False,False,False,,
237101581,Junk (J),False,False,False,False,False,,
237104103,Planet (P),False,False,False,False,False,,
237104454,Junk (J),False,False,False,False,False,,
237108272,Junk (J),False,False,False,False,False,,
237108775,Planet (P),False,False,False,False,False,,
237117591,EB,False,False,False,False,False,,
237120509,Junk (J),False,False,False,False,False,,
237124268,Junk (J),False,False,False,False,False,,
237131219,Junk (J),False,False,False,False,False,,
237155707,Junk (J),False,False,False,False,False,,
237157532,Junk (J),False,False,False,False,False,,
237161094,Junk (J),False,False,False,False,False,,
237184773,Planet (P),False,False,False,False,False,,
237192422,Junk (J),False,False,False,False,False,,
237195876,Junk (J),False,False,False,False,False,,
237195907,EB,False,False,False,False,False,,
237197651,Junk (J),False,False,False,False,False,,
237201068,Junk (J),False,False,False,False,False,,
237201253,Junk (J),False,False,False,False,False,,
237201858,Planet (P),False,False,False,False,False,,
237202266,Junk (J),False,False,False,False,False,,
237202610,Junk (J),False,False,False,False,False,,
237203037,Junk (J),False,False,False,False,False,,
237204204,Junk (J),False,False,False,False,False,,
237204346,Planet (P),False,False,False,False,False,,
237205154,Planet (P),False,False,False,False,False,,
237205870,Junk (J),False,False,False,False,False,,
237205890,Junk (J),False,False,False,False,False,,
237211410,Planet (P),False,False,False,False,False,,
237215017,Junk (J),False,False,False,False,False,,
237215078,Junk (J),False,False,False,False,False,,
237215782,Junk (J),False,False,False,False,False,,
237216141,Junk (J),False,False,False,False,False,,
237217334,EB,False,False,False,False,False,,
237221436,Planet (P),False,False,False,False,False,,
237221821,Junk (J),False,False,False,False,False,,
237222864,Planet (P),False,False,False,False,False,,
237232044,Planet (P),False,False,False,False,False,,
237236168,EB,False,False,False,False,False,,
237256697,Junk (J),False,False,False,False,False,,
237257484,Junk (J),False,False,False,False,False,,
237281589,Junk (J),False,False,False,False,False,,
237284017,Junk (J),False,False,False,False,False,,
237285969,Junk (J),False,False,False,False,False,,
237286939,Junk (J),False,False,False,False,False,,
237287990,Junk (J),False,False,False,False,False,,
237289001,Junk (J),False,False,False,False,False,,
237291761,Junk (J),False,False,False,False,False,,
237293530,Junk (J),False,False,False,False,False,,
237300602,Junk (J),False,False,False,False,False,,
237300603,Junk (J),False,False,False,False,False,,
237303384,Junk (J),False,False,False,False,False,,
237313342,Junk (J),True,True,True,True,True,102.0,102.0
237320326,Planet (P),False,True,False,True,False,103.0,103.0
237321052,Junk (J),True,True,True,True,True,95.0,95.0
237332812,Planet (P),True,True,True,True,True,103.0,103.0
237336121,Junk (J),True,True,True,True,True,103.0,103.0
237358490,Planet (P),False,True,False,True,False,97.0,97.0
237362186,Planet (P),False,True,False,True,False,98.0,98.0
237406657,Planet (P),False,True,False,True,False,98.0,98.0
237552878,Planet (P),False,False,False,False,False,,
237603062,Planet (P),False,False,False,False,False,,
237637903,Planet (P),False,False,False,False,False,,
237700098,Planet (P),False,False,False,False,False,,
237736186,Planet (P),False,False,False,False,False,,
237770757,Planet (P),False,False,False,False,False,,
237849622,Junk (J),False,False,False,False,False,,
237909527,Planet (P),True,True,True,True,True,96.0,96.0
237913194,Planet (P),True,True,True,True,True,96.0,96.0
237914496,Planet (P),True,True,True,True,True,97.0,97.0
237914675,Junk (J),True,True,True,True,True,97.0,97.0
237920046,Planet (P),True,True,True,True,True,97.0,97.0
237922465,Planet (P),True,True,True,True,True,97.0,97.0
237924601,Planet (P),True,True,True,True,True,97.0,97.0
237927802,Junk (J),True,True,True,True,True,97.0,97.0
237928815,Planet (P),True,True,True,True,True,97.0,97.0
237929468,Planet (P),True,True,True,True,True,97.0,97.0
237930306,Junk (J),True,True,True,True,True,97.0,97.0
237940785,Junk (J),True,True,True,True,True,97.0,97.0
237944314,Junk (J),False,True,False,True,False,98.0,98.0
237950845,Junk (J),True,True,True,True,True,98.0,98.0
238004786,Planet (P),True,True,True,True,True,98.0,98.0
238012337,Planet (P),False,False,False,False,False,,
238019745,Junk (J),True,True,True,True,True,98.0,98.0
238020894,Planet (P),False,False,False,False,False,,
238058759,Junk (J),True,True,True,True,True,98.0,98.0
238059180,Planet (P),True,True,True,True,True,98.0,98.0
238061845,Planet (P),False,False,False,False,False,,
238121919,Junk (J),True,True,True,True,True,98.0,98.0
238124845,Planet (P),False,False,False,False,False,,
238164799,Planet (P),False,False,False,False,False,,
238169454,Junk (J),True,True,True,True,True,103.0,103.0
238171173,Planet (P),True,True,True,True,True,103.0,103.0
238176110,Planet (P),True,True,True,True,True,103.0,103.0
238181017,Junk (J),True,True,True,True,True,98.0,98.0
238181450,Junk (J),True,True,True,True,True,97.0,97.0
238184075,Junk (J),True,True,True,True,True,98.0,98.0
238185666,Junk (J),True,True,True,True,True,98.0,98.0
238187753,Junk (J),True,True,True,True,True,98.0,98.0
238188289,EB,True,True,True,True,True,98.0,98.0
238189546,Junk (J),True,True,True,True,True,98.0,98.0
238191112,Junk (J),True,True,True,True,True,98.0,98.0
238191188,Junk (J),True,True,True,True,True,98.0,98.0
238193965,Junk (J),True,True,True,True,True,98.0,98.0
238196354,Junk (J),True,True,True,True,True,98.0,98.0
238197638,Planet (P),True,True,True,True,True,98.0,98.0
238198708,Junk (J),True,True,True,True,True,98.0,98.0
238226142,Junk (J),True,True,True,True,True,98.0,98.0
238227405,EB,True,True,True,True,True,98.0,98.0
238228073,EB,True,True,True,True,True,98.0,98.0
238228752,Junk (J),True,True,True,True,True,98.0,98.0
238229126,Junk (J),True,True,True,True,True,98.0,98.0
238317637,Planet (P),False,False,False,False,False,,
238335094,Planet (P),False,False,False,False,False,,
238506223,Planet (P),False,False,False,False,False,,
238542895,Planet (P),False,False,False,False,False,,
238543760,EB,False,False,False,False,False,,
238606535,Planet (P),False,False,False,False,False,,
238616135,EB,False,False,False,False,False,,
238616144,EB,False,False,False,False,False,,
238624131,Planet (P),False,False,False,False,False,,
238644222,Junk (J),False,False,False,False,False,,
238652338,Junk (J),False,False,False,False,False,,
238670552,EB,False,False,False,False,False,,
238697966,EB,False,False,False,False,False,,
238716809,Junk (J),False,False,False,False,False,,
238720786,Junk (J),False,False,False,False,False,,
238751619,Planet (P),False,False,False,False,False,,
238776139,EB,False,False,False,False,False,,
238829802,Junk (J),True,True,True,True,True,103.0,103.0
238852296,Junk (J),True,True,True,True,True,103.0,103.0
238854767,Planet (P),True,True,True,True,True,103.0,103.0
238854786,Junk (J),True,True,True,True,True,103.0,103.0
238870942,Junk (J),True,True,True,True,True,96.0,96.0
238871375,EB,True,True,True,True,True,96.0,96.0
238876870,Junk (J),True,True,True,True,True,96.0,96.0
238878215,Junk (J),True,True,True,True,True,96.0,96.0
238878444,Junk (J),True,True,True,True,True,96.0,96.0
238898571,Planet (P),False,True,False,True,False,98.0,98.0
238914510,Planet (P),True,True,True,True,True,98.0,98.0
238920875,Planet (P),True,True,True,True,True,98.0,98.0
238932509,Planet (P),True,True,True,True,True,98.0,98.0
239022536,EB,False,False,False,False,False,,
239052494,EB,False,False,False,False,False,,
239134248,Planet (P),False,False,False,False,False,,
239154970,Planet (P),False,False,False,False,False,,
239159011,Planet (P),False,False,False,False,False,,
239187299,EB,False,False,False,False,False,,
239209855,Junk (J),False,False,False,False,False,,
239278684,EB,False,False,False,False,False,,
239306574,Junk (J),False,False,False,False,False,,
239319063,Junk (J),False,False,False,False,False,,
239332587,Planet (P),False,False,False,False,False,,
239361732,Planet (P),False,False,False,False,False,,
239529652,Planet (P),False,False,False,False,False,,
239541449,Planet (P),False,False,False,False,False,,
239542854,Planet (P),False,False,False,False,False,,
239585909,Planet (P),False,False,False,False,False,,
239591690,Junk (J),False,False,False,False,False,,
239615955,Junk (J),False,False,False,False,False,,
239628993,Planet (P),False,False,False,False,False,,
239649487,EB,False,False,False,False,False,,
239714064,EB,False,False,False,False,False,,
239715814,EB,False,False,False,False,False,,
239721231,Junk (J),False,False,False,False,False,,
239746556,EB,False,False,False,False,False,,
239814191,Planet (P),False,False,False,False,False,,
239816243,Planet (P),False,False,False,False,False,,
239816546,Planet (P),False,False,False,False,False,,
239823606,Planet (P),False,False,False,False,False,,
239823915,Junk (J),False,False,False,False,False,,
239834405,EB,False,False,False,False,False,,
239841523,Junk (J),False,False,False,False,False,,
239977528,Planet (P),False,False,False,False,False,,
240118419,EB,False,False,False,False,False,,
240121930,EB,False,False,False,False,False,,
240277644,EB,False,False,False,False,False,,
240280530,Junk (J),False,False,False,False,False,,
240291153,EB,False,False,False,False,False,,
240319271,EB,False,False,False,False,False,,
240341734,Junk (J),False,False,False,False,False,,
240362196,Junk (J),False,False,False,False,False,,
240403806,Junk (J),False,False,False,False,False,,
240419037,Junk (J),False,False,False,False,False,,
240450679,EB,False,False,False,False,False,,
240460949,EB,False,False,False,False,False,,
240502860,EB,False,False,False,False,False,,
240512654,Junk (J),False,False,False,False,False,,
240573056,Junk (J),False,False,False,False,False,,
240574644,EB,False,False,False,False,False,,
240613164,EB,False,False,False,False,False,,
240681314,Planet (P),False,False,False,False,False,,
240714633,Planet (P),False,False,False,False,False,,
240725365,EB,False,False,False,False,False,,
240726314,EB,False,False,False,False,False,,
240797869,Junk (J),False,False,False,False,False,,
240807545,Junk (J),False,False,False,False,False,,
240823272,Planet (P),False,False,False,False,False,,
240834707,Junk (J),False,False,False,False,False,,
240864953,Planet (P),False,False,False,False,False,,
240865015,EB,False,False,False,False,False,,
240889487,Junk (J),False,False,False,False,False,,
240889942,EB,False,False,False,False,False,,
240897200,EB,False,False,False,False,False,,
240947417,Junk (J),False,False,False,False,False,,
240959477,EB,False,False,False,False,False,,
240959810,Planet (P),False,False,False,False,False,,
240962480,Junk (J),False,False,False,False,False,,
240968774,Planet (P),False,False,False,False,False,,
240989628,Planet (P),False,False,False,False,False,,
240992272,EB,False,False,False,False,False,,
240997677,Junk (J),False,False,False,False,False,,
241000346,Junk (J),False,False,False,False,False,,
241018215,Junk (J),False,False,False,False,False,,
241040309,Planet (P),False,False,False,False,False,,
241062925,Planet (P),False,False,False,False,False,,
241067235,Junk (J),False,False,False,False,False,,
241076290,Planet (P),False,False,False,False,False,,
241077043,Junk (J),False,False,False,False,False,,
241093777,Junk (J),False,False,False,False,False,,
241120092,Junk (J),False,False,False,False,False,,
241124203,EB,False,False,False,False,False,,
241135327,Planet (P),False,False,False,False,False,,
241174783,Planet (P),False,False,False,False,False,,
241197867,Junk (J),False,False,False,False,False,,
241225337,Planet (P),False,False,False,False,False,,
241297273,Planet (P),False,True,False,True,False,102.0,102.0
241326434,Planet (P),False,True,False,True,False,102.0,102.0
241442273,Planet (P),False,True,False,True,False,102.0,102.0
241469191,Junk (J),False,True,False,True,False,102.0,102.0
241514551,Planet (P),False,True,False,True,False,102.0,102.0
241525834,Planet (P),False,True,False,True,False,102.0,102.0
241569046,Planet (P),False,True,False,False,False,102.0,
241592217,Planet (P),False,True,False,True,False,102.0,102.0
241638905,Planet (P),False,True,False,True,False,102.0,102.0
241752370,Planet (P),False,True,False,False,False,102.0,
241840688,EB,False,True,False,True,False,102.0,102.0
242083025,Planet (P),False,True,False,True,False,102.0,102.0
242095191,EB,False,True,False,True,False,102.0,102.0
242107805,EB,False,True,False,True,False,102.0,102.0
242120884,Planet (P),False,True,False,True,False,102.0,102.0
242190195,Planet (P),False,True,False,True,False,102.0,102.0
242312946,EB,False,True,False,True,False,102.0,102.0
242316748,EB,False,True,False,True,False,102.0,102.0
242322872,EB,False,True,False,True,False,102.0,102.0
242365470,EB,False,False,False,False,False,,
242375164,EB,False,False,False,False,False,,
242389810,Planet (P),False,True,False,True,False,102.0,102.0
242483157,EB,False,True,False,True,False,102.0,102.0
242504767,EB,False,True,False,True,False,102.0,102.0
242504799,EB,False,True,False,True,False,102.0,102.0
242526610,EB,False,False,False,False,False,,
242532142,Planet (P),False,True,False,True,False,102.0,102.0
242700892,EB,False,False,False,False,False,,
243011228,Planet (P),False,False,False,False,False,,
243014114,Planet (P),False,False,False,False,False,,
243030574,Planet (P),False,False,False,False,False,,
243172434,Junk (J),False,False,False,False,False,,
243183474,Junk (J),False,False,False,False,False,,
243185500,Planet (P),False,False,False,False,False,,
243186210,Junk (J),False,False,False,False,False,,
243187830,Planet (P),False,False,False,False,False,,
243200602,Planet (P),False,True,False,True,False,102.0,102.0
243208884,Planet (P),False,False,False,False,False,,
243232071,EB,False,True,False,True,False,102.0,102.0
243244680,Planet (P),False,False,False,False,False,,
243248327,EB,False,False,False,False,False,,
243261186,Junk (J),False,False,False,False,False,,
243266571,EB,False,True,False,True,False,102.0,102.0
243270928,Junk (J),False,False,False,False,False,,
243272457,Junk (J),False,False,False,False,False,,
243278290,Junk (J),False,False,False,False,False,,
243280335,Planet (P),False,False,False,False,False,,
243284447,Junk (J),False,False,False,False,False,,
243284835,Junk (J),False,False,False,False,False,,
243297296,Planet (P),False,False,False,False,False,,
243313296,Planet (P),False,False,False,False,False,,
243314669,Junk (J),False,False,False,False,False,,
243314685,Junk (J),False,False,False,False,False,,
243318227,Junk (J),False,False,False,False,False,,
243331239,Junk (J),False,False,False,False,False,,
243332311,Junk (J),False,False,False,False,False,,
243335710,Planet (P),False,False,False,False,False,,
243335760,Junk (J),False,False,False,False,False,,
243337658,Junk (J),False,False,False,False,False,,
243368812,Junk (J),False,False,False,False,False,,
243464977,Planet (P),False,False,False,False,False,,
243476396,Planet (P),False,True,False,True,False,102.0,102.0
243481409,EB,False,False,False,False,False,,
243550555,Planet (P),False,True,False,True,False,102.0,102.0
243551138,EB,False,True,False,True,False,102.0,102.0
243641947,Planet (P),False,True,False,True,False,102.0,102.0
243659985,EB,False,True,False,True,False,102.0,102.0
243921117,Planet (P),False,False,False,False,False,,
244089109,Planet (P),False,False,False,False,False,,
244170332,Planet (P),False,False,False,False,False,,
244451420,Junk (J),False,False,False,False,False,,
244487927,Planet (P),False,False,False,False,False,,
244567895,Junk (J),False,False,False,False,False,,
244780703,Junk (J),False,False,False,False,False,,
244827010,Junk (J),False,False,False,False,False,,
244901546,EB,False,True,False,True,False,101.0,100.0
244912396,Planet (P),False,False,False,False,False,,
244914111,Junk (J),False,False,False,False,False,,
244945488,Junk (J),False,True,False,True,False,101.0,101.0
244947717,EB,False,True,False,True,False,102.0,102.0
244955654,Junk (J),False,True,False,True,False,102.0,102.0
244956385,EB,False,True,False,True,False,102.0,102.0
245027119,Planet (P),False,True,False,True,False,102.0,102.0
245041130,Junk (J),False,False,False,False,False,,
245099574,Planet (P),False,True,False,True,False,100.0,100.0
245184778,Junk (J),False,False,False,False,False,,
245288199,Junk (J),False,False,False,False,False,,
245341495,Planet (P),False,True,False,True,False,102.0,102.0
245392284,Planet (P),False,False,False,False,False,,
245509452,Planet (P),False,False,False,False,False,,
245620961,Junk (J),False,False,False,False,False,,
245728942,Planet (P),False,True,False,True,False,103.0,103.0
245793479,Planet (P),False,True,False,True,False,98.0,98.0
245947683,Planet (P),False,True,False,True,False,98.0,98.0
245991155,Junk (J),False,True,False,True,False,103.0,103.0
246002232,EB,False,True,False,True,False,103.0,103.0
246288840,Junk (J),False,False,False,False,True,,
246303586,EB,False,True,False,True,False,103.0,103.0
246593384,EB,False,True,False,True,False,103.0,103.0
246703468,Junk (J),True,True,True,True,True,94.0,94.0
246726023,EB,True,True,True,True,True,94.0,94.0
246745789,Junk (J),True,True,True,True,True,94.0,94.0
246771446,Junk (J),True,True,True,True,True,94.0,94.0
246806699,Junk (J),True,True,True,True,True,94.0,94.0
246808583,Junk (J),True,True,True,True,True,94.0,94.0
246895877,Junk (J),False,False,False,False,False,,
246965431,Planet (P),False,False,False,False,False,,
247036903,EB,False,True,False,True,False,103.0,103.0
247166992,Planet (P),False,False,False,False,False,,
247172524,Planet (P),False,False,False,False,False,,
247180220,Planet (P),False,True,False,True,False,103.0,103.0
247205466,EB,False,False,False,False,False,,
247221869,EB,False,True,False,True,False,103.0,103.0
247283054,Planet (P),False,False,False,False,False,,
247283596,Planet (P),False,False,False,False,False,,
247356332,Planet (P),False,False,False,False,False,,
247373804,Junk (J),False,False,False,False,False,,
247409676,Planet (P),False,False,False,False,False,,
247458753,EB,False,True,False,True,False,103.0,103.0
247518629,Planet (P),False,True,False,True,False,98.0,98.0
247860584,EB,False,True,False,True,False,103.0,103.0
247862866,EB,False,True,False,True,False,103.0,103.0
247906954,Planet (P),False,False,False,False,False,,
247912728,Planet (P),False,False,False,False,False,,
247926108,EB,False,True,False,True,False,103.0,103.0
248058363,Planet (P),False,False,False,False,False,,
248075138,Planet (P),False,True,False,True,False,101.0,101.0
248092710,Planet (P),False,True,False,True,False,101.0,101.0
248111245,Planet (P),False,True,False,True,False,100.0,100.0
248250955,Planet (P),False,False,False,False,False,,
248253222,EB,False,False,False,False,False,,
248281529,EB,False,False,False,False,False,,
248387177,Planet (P),False,True,False,True,False,97.0,97.0
248434780,Planet (P),False,False,False,False,False,,
248655096,Planet (P),False,True,False,False,False,98.0,
248655556,Planet (P),False,True,False,True,False,98.0,98.0
248685847,Junk (J),False,True,False,True,False,98.0,98.0
248689510,Planet (P),False,True,False,True,False,98.0,98.0
248690688,Planet (P),False,True,False,True,False,98.0,98.0
248769312,Planet (P),False,False,False,False,False,,
248853232,Planet (P),False,False,False,False,False,,
249031514,Junk (J),False,True,False,True,False,98.0,98.0
249776059,Planet (P),False,False,False,False,False,,
249812801,Junk (J),False,False,False,False,False,,
249830714,Junk (J),False,False,False,False,False,,
249862365,EB,False,False,False,False,False,,
249884767,Planet (P),False,False,False,False,False,,
249889028,Junk (J),False,False,False,False,False,,
249897518,Junk (J),False,False,False,False,False,,
249917671,Junk (J),False,False,False,False,False,,
249925936,Junk (J),False,False,False,False,False,,
249943198,Junk (J),False,False,False,False,False,,
249945230,Planet (P),False,False,False,False,False,,
249945675,Junk (J),False,False,False,False,False,,
249947378,EB,False,False,False,False,False,,
249953834,Junk (J),False,False,False,False,False,,
250111245,Planet (P),False,False,False,False,False,,
250125954,EB,False,True,False,True,False,103.0,103.0
250189842,Planet (P),False,False,False,False,False,,
250306572,Planet (P),False,True,False,True,False,103.0,103.0
250330564,Planet (P),False,False,False,False,False,,
250340193,Junk (J),False,True,False,True,False,102.0,102.0
250475499,EB,False,False,False,False,False,,
250496108,Junk (J),False,False,False,False,False,,
250496226,Junk (J),False,False,False,False,False,,
250516714,Junk (J),False,False,False,False,False,,
250559570,Junk (J),False,False,False,False,False,,
250653157,Junk (J),False,False,False,False,False,,
250660604,Junk (J),False,False,False,False,False,,
250661510,EB,False,False,False,False,False,,
250677965,Junk (J),False,False,False,False,False,,
250678855,EB,False,False,False,False,False,,
250707118,Planet (P),False,False,False,False,False,,
250714700,Junk (J),False,False,False,False,False,,
250715152,Junk (J),False,False,False,False,False,,
250720129,Junk (J),False,False,False,False,False,,
250771726,Junk (J),False,False,False,False,False,,
250773560,EB,False,False,False,False,False,,
250797436,Junk (J),False,False,False,False,False,,
250801235,Junk (J),False,False,False,False,False,,
250803548,Planet (P),False,False,False,False,False,,
250823399,Junk (J),False,False,False,False,False,,
250839071,Planet (P),False,False,False,False,False,,
250858927,Junk (J),False,False,False,False,False,,
250868026,Junk (J),False,False,False,False,False,,
250919950,Junk (J),False,False,False,False,False,,
250983039,Planet (P),False,False,False,False,False,,
251039147,Planet (P),False,False,False,False,False,,
251086776,Junk (J),False,False,False,False,False,,
251092471,Junk (J),False,False,False,False,False,,
251111783,Planet (P),False,False,False,False,False,,
251183783,EB,False,False,False,False,False,,
251247031,EB,False,False,False,False,False,,
251380779,EB,False,False,False,False,False,,
251384275,Planet (P),False,False,False,False,False,,
251594291,Planet (P),False,False,False,False,False,,
251619073,EB,False,False,False,False,False,,
251652214,Planet (P),False,False,False,False,False,,
251652448,EB,False,False,False,False,False,,
251705938,Planet (P),False,False,False,False,False,,
251836613,Junk (J),False,False,False,False,False,,
251838115,Junk (J),False,False,False,False,False,,
251838137,Junk (J),False,False,False,False,False,,
251848941,Planet (P),False,False,False,False,False,,
251852984,Planet (P),True,True,True,True,True,96.0,96.0
251855940,Planet (P),True,True,False,False,True,96.0,
251878904,Planet (P),True,True,False,False,True,96.0,
251883808,Junk (J),True,True,True,True,True,96.0,96.0
251894891,Planet (P),False,False,False,False,False,,
252049912,Planet (P),False,False,False,False,False,,
252053852,EB,False,False,False,False,False,,
252071095,Planet (P),False,False,False,False,False,,
252115508,EB,False,False,False,False,False,,
252118701,Planet (P),False,False,False,False,False,,
252147347,EB,False,False,False,False,False,,
252149763,Junk (J),False,False,False,False,False,,
252153841,Junk (J),False,False,False,False,False,,
252156901,EB,False,False,False,False,False,,
252168977,Junk (J),False,False,False,False,False,,
252190068,EB,False,False,False,False,False,,
252191219,Junk (J),False,False,False,False,False,,
252193521,Junk (J),False,False,False,False,False,,
252294709,EB,False,False,False,False,False,,
252332225,EB,False,False,False,False,False,,
252360004,Junk (J),False,False,False,False,False,,
252403376,EB,False,False,False,False,False,,
252405780,Junk (J),False,False,False,False,False,,
252430813,Planet (P),False,False,False,False,False,,
252469648,Planet (P),False,False,False,False,False,,
252474634,Planet (P),False,False,False,False,False,,
252479260,Planet (P),False,False,False,False,False,,
252481136,Planet (P),False,False,False,False,False,,
252490659,Planet (P),False,False,False,False,False,,
252503471,Junk (J),False,False,False,False,False,,
252523470,Junk (J),False,False,False,False,False,,
252537013,EB,False,False,False,False,False,,
252549844,Planet (P),False,False,False,False,False,,
252578707,Junk (J),False,False,False,False,False,,
252585354,Planet (P),False,False,False,False,False,,
252610172,Planet (P),False,False,False,False,False,,
252616865,Planet (P),False,False,False,False,False,,
252653577,Junk (J),False,False,False,False,False,,
252663188,Junk (J),False,False,False,False,False,,
252696960,Junk (J),False,False,False,False,False,,
252703564,Junk (J),False,False,False,False,False,,
252706458,EB,False,False,False,False,False,,
252725557,Junk (J),False,False,False,False,False,,
252733538,Junk (J),False,False,False,False,False,,
252737605,EB,False,False,False,False,False,,
252738145,Junk (J),False,False,False,False,False,,
252741805,EB,False,False,False,False,False,,
252742783,Junk (J),False,False,False,False,False,,
252751067,Junk (J),False,False,False,False,False,,
252761128,EB,False,False,False,False,False,,
252761594,Junk (J),False,False,False,False,False,,
252778660,Junk (J),False,False,False,False,False,,
252779698,Junk (J),False,False,False,False,False,,
252791409,EB,False,False,False,False,False,,
252795984,Junk (J),False,False,False,False,False,,
252809234,Junk (J),False,False,False,False,False,,
252825846,Junk (J),False,False,False,False,False,,
252835677,EB,False,False,False,False,False,,
252848696,Junk (J),False,False,False,False,False,,
252876117,Planet (P),False,False,False,False,False,,
252881030,EB,False,False,False,False,False,,
252906811,EB,False,False,False,False,False,,
252912175,Planet (P),False,False,False,False,False,,
252913663,Planet (P),False,False,False,False,False,,
252928337,Planet (P),False,False,False,False,False,,
252993364,EB,False,False,False,False,False,,
253030300,Planet (P),False,False,False,False,False,,
253050110,Junk (J),False,False,False,False,False,,
253053664,EB,False,False,False,False,False,,
253054954,Planet (P),False,False,False,False,False,,
253126207,Planet (P),False,True,False,True,False,101.0,101.0
253168485,EB,False,True,False,True,False,101.0,101.0
253210325,EB,False,True,False,True,False,101.0,101.0
253453893,EB,False,True,False,True,False,101.0,101.0
253518845,EB,False,True,False,True,False,101.0,101.0
253545732,EB,False,True,False,True,False,101.0,101.0
253616822,EB,True,True,True,True,True,94.0,94.0
253728991,Planet (P),True,True,True,True,True,94.0,94.0
253788533,Planet (P),True,True,True,True,True,94.0,94.0
253857911,Planet (P),True,True,True,True,True,94.0,94.0
253864764,Planet (P),True,True,True,True,True,94.0,94.0
253961767,Planet (P),False,True,False,True,False,101.0,101.0
253969601,Junk (J),True,True,True,True,True,94.0,94.0
253979617,Junk (J),True,True,True,True,True,94.0,94.0
253990628,Junk (J),True,True,True,True,True,94.0,94.0
253990973,Planet (P),True,True,True,True,True,94.0,94.0
253991565,EB,True,True,True,True,True,94.0,94.0
254003502,Junk (J),True,True,False,False,True,94.0,
254009121,Junk (J),True,True,True,True,True,94.0,94.0
254021759,Junk (J),True,True,True,True,True,94.0,94.0
254033658,Junk (J),True,True,True,True,True,94.0,94.0
254038436,Junk (J),True,True,True,True,True,94.0,94.0
254039358,EB,True,True,True,True,True,94.0,94.0
254045302,EB,True,True,True,True,True,94.0,94.0
254068803,Junk (J),True,True,True,True,True,94.0,94.0
254090404,Junk (J),True,True,True,True,True,94.0,94.0
254090605,Junk (J),True,True,True,True,True,94.0,94.0
254108601,Junk (J),True,True,True,True,True,94.0,94.0
254113311,Planet (P),True,True,True,True,True,94.0,94.0
254113345,EB,True,True,True,True,True,94.0,94.0
254114662,EB,True,True,True,True,True,94.0,94.0
254141733,Planet (P),True,True,True,True,True,94.0,94.0
254142310,Planet (P),True,True,True,True,True,94.0,94.0
254142627,EB,True,True,True,True,True,94.0,94.0
254147986,EB,True,True,True,True,True,94.0,94.0
254174907,Planet (P),True,True,True,True,True,94.0,94.0
254185989,Junk (J),True,True,True,True,True,94.0,94.0
254191317,Junk (J),False,False,False,False,False,,
254209017,Planet (P),True,True,True,True,True,94.0,94.0
254220375,EB,True,True,True,True,True,94.0,94.0
254225554,Junk (J),True,True,True,True,True,94.0,94.0
254231029,EB,True,True,True,True,True,94.0,94.0
254235775,Junk (J),True,True,True,True,True,94.0,94.0
254241787,EB,True,True,True,True,True,94.0,94.0
254296853,Planet (P),True,True,True,True,True,96.0,96.0
254301731,Planet (P),True,True,True,True,True,96.0,96.0
254321766,Junk (J),False,True,False,True,False,103.0,103.0
254434508,EB,False,True,False,True,False,103.0,103.0
254667882,EB,False,True,False,True,False,103.0,103.0
254909777,Planet (P),False,True,False,True,False,103.0,103.0
255319384,EB,False,True,False,True,False,103.0,103.0
255350388,EB,False,True,False,True,False,103.0,103.0
255560319,Planet (P),True,True,True,True,True,98.0,98.0
255588086,Planet (P),True,True,True,True,True,98.0,98.0
255636057,Junk (J),False,True,False,True,False,98.0,98.0
255685030,Planet (P),True,True,True,True,True,98.0,98.0
255688269,Junk (J),False,True,False,True,False,98.0,98.0
255704097,Planet (P),False,True,False,True,False,98.0,98.0
255711238,EB,False,False,False,False,False,,
255756918,Planet (P),False,True,False,True,False,98.0,98.0
255762764,Junk (J),False,True,False,True,False,103.0,103.0
255766847,EB,False,True,False,True,False,103.0,103.0
255768108,Planet (P),False,True,False,True,False,103.0,103.0
255806138,EB,False,False,False,False,False,,
255806431,Junk (J),False,False,False,False,False,,
255851356,Planet (P),False,True,False,True,False,101.0,101.0
255865833,Planet (P),False,False,False,False,False,,
255907107,Planet (P),False,False,False,False,False,,
255909950,Planet (P),False,True,False,True,False,103.0,103.0
255916846,Junk (J),False,True,False,True,False,103.0,103.0
255920067,Junk (J),False,False,False,False,False,,
255921197,EB,False,False,False,False,False,,
255928426,Planet (P),False,False,False,False,False,,
255930614,Planet (P),False,False,False,False,False,,
255993777,Junk (J),False,False,False,False,False,,
255994336,EB,False,False,False,False,False,,
255996666,Junk (J),False,False,False,False,False,,
256046749,Planet (P),False,False,False,False,False,,
256053459,Junk (J),False,True,False,True,False,103.0,103.0
256068131,Junk (J),False,False,False,False,False,,
256124756,Planet (P),False,True,False,True,False,101.0,101.0
256158543,Planet (P),False,True,False,True,False,102.0,102.0
256193124,EB,False,False,False,False,False,,
256210025,Junk (J),False,True,False,True,False,102.0,102.0
256216136,Junk (J),True,True,True,True,True,102.0,102.0
256291499,EB,False,False,False,False,False,,
256299194,EB,False,False,False,False,False,,
256326844,Planet (P),False,False,False,False,False,,
256342826,Junk (J),False,False,False,False,False,,
256352113,Junk (J),False,False,False,False,False,,
256364587,Junk (J),False,False,False,False,False,,
256364928,Planet (P),False,False,False,False,False,,
256385524,EB,False,False,False,False,False,,
256418577,Planet (P),False,False,False,False,False,,
256426792,Junk (J),False,False,False,False,False,,
256428083,Junk (J),False,False,False,False,False,,
256452595,Junk (J),False,False,False,False,False,,
256486883,Junk (J),False,False,False,False,False,,
256503960,EB,False,False,False,False,False,,
256506348,Junk (J),False,False,False,False,False,,
256509900,Junk (J),False,False,False,False,False,,
256512446,EB,False,False,False,False,False,,
256514668,Junk (J),False,False,False,False,False,,
256529312,Junk (J),False,False,False,False,False,,
256556892,Junk (J),False,False,False,False,False,,
256561562,Planet (P),False,False,False,False,False,,
256563555,Junk (J),False,False,False,False,False,,
256576519,Planet (P),False,False,False,False,False,,
256584532,Planet (P),False,False,False,False,False,,
256607126,Junk (J),False,False,False,False,False,,
256620602,Junk (J),False,False,False,False,False,,
256621916,EB,False,False,False,False,False,,
256624202,Junk (J),False,False,False,False,False,,
256640561,EB,False,False,False,False,False,,
256640809,Junk (J),False,False,False,False,False,,
256722647,Planet (P),False,False,False,False,False,,
256783784,Planet (P),False,False,False,False,False,,
256800018,Junk (J),False,False,False,False,False,,
256803073,Junk (J),False,False,False,False,False,,
256864636,Junk (J),False,False,False,False,False,,
256867493,Planet (P),False,False,False,False,False,,
256926860,Junk (J),False,False,False,False,False,,
256932495,Junk (J),False,False,False,False,False,,
256933826,EB,False,False,False,False,False,,
256978045,Junk (J),False,False,False,False,False,,
257004995,Junk (J),False,False,False,False,False,,
257046388,Junk (J),False,False,False,False,False,,
257056367,Planet (P),False,False,False,False,False,,
257060897,Planet (P),False,False,False,False,False,,
257060936,Junk (J),False,False,False,False,False,,
257063541,Junk (J),False,False,False,False,False,,
257067559,Planet (P),False,False,False,False,False,,
257136426,Junk (J),False,False,False,False,False,,
257207557,Planet (P),False,False,False,False,False,,
257241363,Planet (P),False,False,False,False,False,,
257286393,EB,False,True,False,True,False,102.0,102.0
257310225,Junk (J),False,False,False,False,False,,
257335876,Junk (J),False,False,False,False,False,,
257337256,Junk (J),False,False,False,False,False,,
257458974,Junk (J),False,False,False,False,False,,
257467784,Planet (P),False,False,False,False,False,,
257491569,Junk (J),False,False,False,False,False,,
257495677,Junk (J),False,False,False,False,False,,
257520272,Planet (P),True,True,True,True,True,102.0,102.0
257527578,Planet (P),False,False,False,False,False,,
257529396,Junk (J),False,False,False,False,False,,
257531677,Planet (P),False,False,False,False,False,,
257562160,Planet (P),False,False,False,False,False,,
257567854,Planet (P),False,False,False,False,False,,
257571872,Junk (J),True,True,True,True,True,102.0,102.0
257605131,Planet (P),False,False,False,False,False,,
257634283,EB,False,False,False,False,False,,
257635127,Junk (J),False,False,False,False,False,,
257642093,Planet (P),True,True,True,True,True,94.0,94.0
257652267,Junk (J),False,False,False,False,False,,
257720492,Junk (J),True,True,True,True,True,98.0,98.0
257730194,Junk (J),False,False,False,False,False,,
257731992,Junk (J),False,False,False,False,False,,
257732025,Junk (J),False,False,False,False,False,,
257732381,Junk (J),False,False,False,False,False,,
257732522,Junk (J),False,False,False,False,False,,
257774438,Planet (P),False,False,False,False,False,,
257822792,Junk (J),False,False,False,False,False,,
257900866,EB,False,True,False,True,False,102.0,102.0
257922326,Planet (P),False,False,False,False,False,,
258037656,Planet (P),False,False,False,False,False,,
258051471,Planet (P),False,False,False,False,False,,
258061774,Junk (J),False,False,False,False,False,,
258189888,Junk (J),False,True,False,True,False,102.0,102.0
258277260,Junk (J),False,False,False,False,False,,
258278548,EB,False,False,False,False,False,,
258391598,Junk (J),False,False,False,False,False,,
258409964,Planet (P),False,True,False,True,False,102.0,102.0
258461740,Junk (J),False,False,False,False,False,,
258462101,Junk (J),False,False,False,False,False,,
258509996,EB,False,False,False,False,False,,
258510872,Planet (P),False,False,False,False,False,,
258513892,Junk (J),False,False,False,False,False,,
258514800,Planet (P),False,False,False,False,False,,
258557847,EB,False,False,False,False,False,,
258572301,Junk (J),False,False,False,False,False,,
258629556,Junk (J),False,False,False,False,False,,
258631784,Junk (J),False,False,False,False,False,,
258701274,Junk (J),False,False,False,False,False,,
258738570,Planet (P),False,False,False,False,False,,
258738667,Planet (P),False,False,False,False,False,,
258741560,Planet (P),False,False,False,False,False,,
258761460,Junk (J),False,False,False,False,False,,
258777134,EB,False,False,False,False,False,,
258779080,Junk (J),False,False,False,False,False,,
258796169,Planet (P),False,False,False,False,False,,
258804746,Planet (P),False,False,False,False,False,,
258826934,EB,False,False,False,False,False,,
258827113,EB,False,False,False,False,False,,
258828245,Junk (J),False,False,False,False,False,,
258829450,Planet (P),False,False,False,False,False,,
258829760,Junk (J),False,False,False,False,False,,
258830281,Junk (J),False,False,False,False,False,,
258831718,Junk (J),False,False,False,False,False,,
258852271,Junk (J),False,False,False,False,False,,
258871380,Junk (J),False,False,False,False,False,,
258872445,EB,False,False,False,False,False,,
258873063,Junk (J),False,False,False,False,False,,
258917846,Planet (P),False,True,False,True,False,102.0,102.0
258920041,Junk (J),False,False,False,False,False,,
258920431,Planet (P),False,False,False,False,False,,
258920621,Junk (J),False,False,False,False,False,,
258922669,Junk (J),False,False,False,False,False,,
258940847,Planet (P),False,False,False,False,False,,
258940924,Junk (J),False,False,False,False,False,,
258956194,Junk (J),False,False,False,False,False,,
258983679,Planet (P),False,False,False,False,False,,
259004487,Junk (J),False,False,False,False,False,,
259006185,EB,False,False,False,False,False,,
259038627,Junk (J),False,False,False,False,False,,
259099556,Planet (P),False,False,False,False,False,,
259100244,Junk (J),False,False,False,False,False,,
259100469,Planet (P),False,False,False,False,False,,
259110287,Junk (J),False,False,False,False,False,,
259126549,EB,False,False,False,False,False,,
259126645,EB,False,False,False,False,False,,
259129875,Planet (P),False,False,False,False,False,,
259140194,EB,False,False,False,False,False,,
259148885,Junk (J),False,False,False,False,False,,
259165246,Planet (P),False,False,False,False,False,,
259167330,Junk (J),False,False,False,False,False,,
259168516,Planet (P),False,False,False,False,False,,
259169431,Junk (J),False,False,False,False,False,,
259171424,Junk (J),False,False,False,False,False,,
259171655,Junk (J),False,False,False,False,False,,
259172249,Planet (P),False,False,False,False,False,,
259172391,Planet (P),False,False,False,False,False,,
259230140,Planet (P),False,True,False,True,False,102.0,102.0
259232873,Junk (J),False,False,False,False,False,,
259233660,Planet (P),False,False,False,False,False,,
259236574,Junk (J),False,False,False,False,False,,
259266354,Junk (J),False,False,False,False,False,,
259266953,Junk (J),False,False,False,False,False,,
259270241,Junk (J),False,False,False,False,False,,
259270687,Junk (J),False,False,False,False,False,,
259271401,Junk (J),False,False,False,False,False,,
259272661,Junk (J),False,False,False,False,False,,
259274531,Junk (J),False,False,False,False,False,,
259274960,Planet (P),False,False,False,False,False,,
259288589,Junk (J),False,False,False,False,False,,
259330386,Planet (P),False,False,False,False,False,,
259353953,Planet (P),False,False,False,False,False,,
259377017,Planet (P),False,True,False,True,False,98.0,98.0
259396333,Junk (J),False,False,False,False,False,,
259499465,EB,False,False,False,False,False,,
259502942,Planet (P),False,False,False,False,False,,
259506033,Planet (P),False,False,False,False,False,,
259570718,Junk (J),False,False,False,False,False,,
259606227,Planet (P),False,True,False,True,False,102.0,102.0
259708416,Planet (P),False,False,False,False,False,,
259716239,Junk (J),False,False,False,False,False,,
259810421,Planet (P),False,False,False,False,False,,
259863095,Junk (J),True,True,True,True,True,96.0,96.0
259863352,Junk (J),True,True,True,True,True,96.0,96.0
259884973,Planet (P),True,True,True,True,True,96.0,96.0
259885180,Junk (J),True,True,True,True,True,96.0,96.0
259885343,Junk (J),True,True,True,True,True,96.0,96.0
259885547,Junk (J),True,True,True,True,True,96.0,96.0
259901731,Planet (P),True,True,True,True,True,96.0,96.0
259930877,Junk (J),True,True,True,True,True,96.0,96.0
259962054,Junk (J),True,True,True,True,True,96.0,96.0
259963279,Junk (J),True,True,True,True,True,96.0,96.0
259967623,EB,False,False,False,False,False,,
260004324,Planet (P),True,True,True,True,True,98.0,98.0
260040728,Planet (P),False,False,False,False,False,,
260066929,EB,False,False,False,False,False,,
260120451,Planet (P),False,False,False,False,False,,
260128333,Planet (P),True,True,True,True,True,98.0,98.0
260129352,Junk (J),True,True,True,True,True,98.0,98.0
260130483,Planet (P),True,True,True,True,True,98.0,98.0
260132327,EB,True,True,True,True,True,98.0,98.0
260189643,Planet (P),True,True,True,True,True,98.0,98.0
260239639,Junk (J),True,True,True,True,True,98.0,98.0
260244386,Junk (J),True,True,True,True,True,98.0,98.0
260266504,Junk (J),True,True,True,True,True,98.0,98.0
260278573,Junk (J),False,False,False,False,False,,
260297394,EB,True,True,True,True,True,98.0,98.0
260299064,Junk (J),True,True,True,True,True,98.0,98.0
260302293,Junk (J),True,True,True,True,True,98.0,98.0
260302494,Junk (J),True,True,True,True,True,98.0,98.0
260304296,EB,True,True,True,True,True,98.0,98.0
260304800,Planet (P),True,True,True,True,True,98.0,98.0
260305798,Junk (J),True,True,True,True,True,98.0,98.0
260343255,Junk (J),False,False,False,False,False,,
260347431,Junk (J),False,False,False,False,False,,
260351184,Junk (J),True,True,True,True,True,98.0,98.0
260352038,EB,True,True,False,False,True,98.0,
260367888,Planet (P),True,True,True,True,True,98.0,98.0
260373272,Junk (J),True,True,True,True,True,98.0,98.0
260415628,Junk (J),True,True,True,True,True,98.0,98.0
260417932,Planet (P),True,True,True,True,True,98.0,98.0
260471026,Junk (J),True,True,True,True,True,98.0,98.0
260472863,EB,True,True,True,True,True,98.0,98.0
260475087,Junk (J),True,True,True,True,True,98.0,98.0
260502638,Junk (J),True,True,True,True,True,98.0,98.0
260504114,EB,True,True,True,True,True,98.0,98.0
260504192,Junk (J),True,True,True,True,True,98.0,98.0
260537454,Planet (P),True,True,True,True,True,98.0,98.0
260539542,Planet (P),True,True,True,True,True,98.0,98.0
260541432,Planet (P),True,True,True,True,True,98.0,98.0
260541625,Junk (J),True,True,True,True,True,98.0,98.0
260593481,Junk (J),False,False,False,False,False,,
260593507,Junk (J),False,False,False,False,False,,
260605506,Junk (J),True,True,True,True,True,98.0,98.0
260640043,Junk (J),True,True,True,True,True,98.0,98.0
260640693,Planet (P),True,True,False,False,True,98.0,
260647166,Planet (P),False,True,False,True,False,101.0,101.0
260695792,EB,False,False,False,False,False,,
260708537,Planet (P),True,True,True,True,True,98.0,98.0
260710460,Junk (J),True,True,True,True,True,98.0,98.0
260761464,Planet (P),False,False,False,False,False,,
260776145,Planet (P),False,True,False,True,False,101.0,101.0
260797169,Planet (P),True,True,True,True,True,103.0,103.0
260891849,Junk (J),True,True,True,True,True,95.0,95.0
260904053,EB,False,False,False,False,False,,
260904121,EB,False,False,False,False,False,,
260949346,Junk (J),True,True,True,True,True,95.0,95.0
260962960,Planet (P),False,False,False,False,False,,
260964231,Junk (J),True,True,True,True,True,98.0,98.0
260964731,Junk (J),False,False,False,False,False,,
260971390,Junk (J),True,True,True,True,True,95.0,95.0
260980958,Junk (J),False,False,False,False,False,,
260983680,Junk (J),True,True,True,True,True,95.0,95.0
260984450,Junk (J),True,True,True,True,True,95.0,95.0
260985861,Planet (P),True,True,True,True,True,95.0,95.0
260985864,EB,True,True,True,True,True,95.0,95.0
260995038,Junk (J),True,True,True,True,True,95.0,95.0
261020738,Planet (P),False,True,False,True,False,102.0,102.0
261055226,EB,False,True,False,True,False,103.0,103.0
261059696,Junk (J),True,True,True,True,True,98.0,98.0
261062599,Junk (J),True,True,True,True,True,95.0,95.0
261083693,Junk (J),False,False,False,False,False,,
261091160,Junk (J),True,True,True,True,True,95.0,95.0
261091351,Junk (J),True,True,True,True,True,95.0,95.0
261091566,Junk (J),True,True,True,True,True,95.0,95.0
261105201,Junk (J),True,True,True,True,True,98.0,98.0
261106000,Junk (J),True,True,True,True,True,95.0,95.0
261108236,Planet (P),True,True,True,True,True,95.0,95.0
261135533,Planet (P),False,False,False,False,False,,
261136000,EB,True,True,True,True,True,98.0,98.0
261136679,Planet (P),True,True,True,True,True,95.0,95.0
261137407,Junk (J),True,True,True,True,True,95.0,95.0
261138857,EB,True,True,True,True,True,95.0,95.0
261139563,Junk (J),True,True,True,True,True,95.0,95.0
261141602,Planet (P),False,False,False,False,False,,
261178410,EB,False,True,False,True,False,103.0,103.0
261192051,Planet (P),False,True,False,True,False,103.0,103.0
261202953,Junk (J),True,True,True,True,True,95.0,95.0
261204111,Junk (J),True,True,True,True,True,95.0,95.0
261204214,Junk (J),True,True,True,True,True,95.0,95.0
261205462,Junk (J),True,True,True,True,True,95.0,95.0
261235120,Junk (J),True,True,True,True,True,95.0,95.0
261256268,Junk (J),True,True,True,True,True,95.0,95.0
261257684,Planet (P),True,True,True,True,True,94.0,94.0
261259291,Junk (J),True,True,True,True,True,95.0,95.0
261260655,Junk (J),True,True,True,True,True,98.0,98.0
261261490,EB,True,True,True,True,True,95.0,95.0
261262721,Junk (J),True,True,True,True,True,94.0,94.0
261264347,Junk (J),True,True,True,True,True,95.0,95.0
261264800,Planet (P),True,True,True,True,True,95.0,95.0
261264826,Junk (J),True,True,True,True,True,95.0,95.0
261282530,Junk (J),True,True,True,True,True,94.0,94.0
261284713,Junk (J),True,True,True,True,True,94.0,94.0
261332760,EB,True,True,True,True,True,98.0,98.0
261336397,Junk (J),True,True,True,True,True,94.0,94.0
261337205,Junk (J),True,True,True,True,True,94.0,94.0
261366297,Junk (J),True,True,True,True,True,94.0,94.0
261397095,Junk (J),True,True,True,True,True,97.0,97.0
261399435,Junk (J),True,True,True,True,True,98.0,98.0
261400337,Junk (J),True,True,True,True,True,95.0,95.0
261420459,Junk (J),True,True,True,True,True,102.0,102.0
261422404,Junk (J),True,True,True,True,True,103.0,103.0
261522877,Junk (J),True,True,True,True,True,102.0,102.0
261541499,Junk (J),True,True,True,True,True,103.0,103.0
261542702,Junk (J),True,True,True,True,True,103.0,103.0
261560630,Junk (J),True,True,True,True,True,103.0,103.0
261562118,EB,True,True,True,True,True,103.0,103.0
261617267,Junk (J),False,False,False,False,False,,
261644653,EB,True,True,True,True,True,103.0,103.0
261645560,Junk (J),True,True,True,True,True,95.0,95.0
261646133,Planet (P),True,True,True,True,True,95.0,95.0
261656371,EB,True,True,True,True,True,95.0,95.0
261678628,Junk (J),True,True,True,True,True,95.0,95.0
261679541,Planet (P),True,True,True,True,True,95.0,95.0
261680542,Planet (P),True,True,True,True,True,95.0,95.0
261681115,EB,True,True,True,True,True,95.0,95.0
261683332,Junk (J),True,True,True,True,True,95.0,95.0
261725322,Junk (J),True,True,True,True,True,95.0,95.0
261726936,Junk (J),True,True,True,True,True,95.0,95.0
261746757,Junk (J),True,True,True,True,True,95.0,95.0
261748514,Junk (J),True,True,True,True,True,95.0,95.0
261754181,EB,False,True,False,True,False,101.0,101.0
261867566,Planet (P),False,True,False,True,False,102.0,102.0
261959732,EB,False,True,False,True,False,102.0,102.0
262028602,Junk (J),False,False,False,False,False,,
262111822,EB,False,False,False,False,False,,
262113065,Junk (J),False,False,False,False,False,,
262135904,Planet (P),False,False,False,False,False,,
262137985,Planet (P),False,False,False,False,False,,
262169297,Junk (J),False,False,False,False,False,,
262173985,EB,False,False,False,False,False,,
262251213,Junk (J),False,False,False,False,False,,
262258341,Planet (P),False,True,False,True,False,98.0,98.0
262435954,Planet (P),False,True,False,True,False,98.0,98.0
262457587,Planet (P),False,True,False,True,False,102.0,102.0
262470965,Planet (P),True,True,True,True,True,95.0,95.0
262471759,Planet (P),True,True,True,True,True,95.0,95.0
262499200,Junk (J),True,True,True,True,True,97.0,97.0
262499670,EB,True,True,True,True,True,96.0,96.0
262499704,Junk (J),True,True,True,True,True,96.0,96.0
262499797,Planet (P),True,True,True,True,True,96.0,96.0
262530407,Planet (P),True,True,True,True,True,103.0,103.0
262531275,Planet (P),True,True,True,True,True,96.0,96.0
262573629,Junk (J),True,True,True,True,True,97.0,97.0
262573802,Junk (J),True,True,True,True,True,97.0,97.0
262575534,Junk (J),True,True,True,True,True,97.0,97.0
262584907,Planet (P),False,False,False,False,False,,
262613883,Junk (J),True,True,True,True,True,97.0,97.0
262614074,Junk (J),True,True,True,True,True,97.0,97.0
262614386,Junk (J),True,True,True,True,True,97.0,97.0
262615168,Junk (J),True,True,True,True,True,98.0,98.0
262662119,Planet (P),False,False,False,False,False,,
262689575,Planet (P),False,False,False,False,False,,
262704593,Junk (J),True,True,True,True,True,98.0,98.0
262705788,Junk (J),False,False,False,False,False,,
262715204,Planet (P),False,False,False,False,False,,
262736264,Planet (P),False,False,False,False,False,,
262746281,Planet (P),False,False,False,False,False,,
262789653,Junk (J),True,True,True,True,True,103.0,103.0
262815086,Junk (J),False,True,False,True,False,101.0,101.0
262829328,Planet (P),True,True,True,True,True,103.0,103.0
262837838,Junk (J),False,True,False,True,False,97.0,97.0
262837943,Junk (J),False,True,False,True,False,97.0,97.0
262843259,Planet (P),True,True,True,True,True,97.0,97.0
262873725,Junk (J),True,True,True,True,True,97.0,97.0
262880065,Planet (P),False,False,False,False,False,,
262880826,Planet (P),False,False,False,False,False,,
262927518,Junk (J),True,True,True,True,True,95.0,95.0
262928973,Planet (P),True,True,True,True,True,94.0,94.0
262958558,EB,True,True,True,True,True,95.0,95.0
263003176,Planet (P),True,True,True,True,True,95.0,95.0
263004117,Junk (J),True,True,True,True,True,95.0,95.0
263012764,Junk (J),True,True,True,True,True,95.0,95.0
263053721,Junk (J),True,True,True,True,True,95.0,95.0
263075460,Junk (J),True,True,True,True,True,95.0,95.0
263075864,Planet (P),False,False,False,False,False,,
263078264,Junk (J),True,True,True,True,True,95.0,95.0
263078716,EB,True,True,True,True,True,95.0,95.0
263079617,Junk (J),True,True,True,True,True,95.0,95.0
263080177,Junk (J),True,True,True,True,True,95.0,95.0
263179590,Planet (P),False,False,False,False,False,,
263203229,Planet (P),False,True,False,True,False,102.0,102.0
263207857,Planet (P),False,True,False,True,False,102.0,102.0
263218688,Planet (P),False,False,False,False,False,,
263486257,Planet (P),False,True,False,True,False,102.0,102.0
263521874,EB,False,True,False,True,False,102.0,102.0
263723781,Planet (P),False,False,False,False,False,,
263723967,Planet (P),False,False,False,False,False,,
263748033,Planet (P),False,False,False,False,False,,
263758683,EB,False,True,False,True,False,102.0,102.0
263837540,Junk (J),False,False,False,False,False,,
263930781,EB,False,False,False,False,False,,
264006142,Junk (J),False,False,False,False,False,,
264052454,Planet (P),False,False,False,False,False,,
264078955,Junk (J),False,False,False,False,False,,
264101722,Junk (J),False,False,False,False,False,,
264105265,Junk (J),False,False,False,False,False,,
264153750,Junk (J),False,False,False,False,False,,
264157765,Junk (J),False,False,False,False,False,,
264158068,Junk (J),False,False,False,False,False,,
264159776,Planet (P),False,False,False,False,False,,
264171144,Planet (P),False,False,False,False,False,,
264173803,Planet (P),False,False,False,False,False,,
264194634,Junk (J),False,False,False,False,False,,
264217214,Junk (J),False,False,False,False,False,,
264222470,Junk (J),False,False,False,False,False,,
264223828,Planet (P),False,False,False,False,False,,
264248402,Junk (J),False,False,False,False,False,,
264281914,EB,False,False,False,False,False,,
264294390,Junk (J),False,False,False,False,False,,
264295655,Planet (P),False,False,False,False,False,,
264298221,Junk (J),False,False,False,False,False,,
264301607,Planet (P),False,False,False,False,False,,
264301634,Junk (J),False,False,False,False,False,,
264301972,Junk (J),False,False,False,False,False,,
264302024,Junk (J),False,False,False,False,False,,
264305922,Junk (J),False,False,False,False,False,,
264308765,Junk (J),False,False,False,False,False,,
264309181,Junk (J),False,False,False,False,False,,
264392616,Junk (J),False,False,False,False,False,,
264468702,Planet (P),False,False,False,False,False,,
264614791,EB,False,False,False,False,False,,
264678534,Planet (P),False,False,False,False,False,,
264767366,Junk (J),False,True,False,True,False,97.0,97.0
264770496,Junk (J),False,False,False,False,False,,
264831542,EB,False,False,False,False,False,,
264899051,Junk (J),False,False,False,False,False,,
264912889,Planet (P),False,False,False,False,False,,
264930026,Junk (J),False,False,False,False,False,,
264979636,Planet (P),False,False,False,False,False,,
265010875,Planet (P),False,False,False,False,False,,
265011923,Planet (P),False,False,False,False,False,,
265076459,Planet (P),False,False,False,False,False,,
265125520,EB,True,True,False,True,True,103.0,103.0
265125525,EB,True,True,True,True,True,103.0,103.0
265143873,Junk (J),True,True,True,True,True,102.0,102.0
265146266,Planet (P),False,False,False,False,False,,
265147478,Junk (J),False,False,False,False,False,,
265147852,Junk (J),False,False,False,False,False,,
265170645,Junk (J),False,False,False,False,False,,
265208444,Junk (J),False,False,False,False,False,,
265242905,Planet (P),False,False,False,False,False,,
265311348,Junk (J),False,False,False,False,False,,
265335460,EB,True,True,True,True,True,103.0,103.0
265395189,EB,False,False,False,False,False,,
265460043,Planet (P),False,False,False,False,False,,
265559455,EB,False,False,False,False,False,,
265612438,Planet (P),True,True,True,True,True,103.0,103.0
265619984,Planet (P),False,False,False,False,False,,
265633507,Planet (P),False,True,False,True,False,100.0,100.0
265755509,EB,False,False,False,False,False,,
265766984,EB,False,False,False,False,False,,
265767012,EB,False,False,False,False,False,,
265789033,EB,False,False,False,False,False,,
265869770,EB,False,False,False,False,False,,
265979849,Planet (P),False,False,False,False,False,,
266023807,Planet (P),False,False,False,False,False,,
266034083,Junk (J),False,False,False,False,False,,
266091141,EB,False,True,False,True,False,100.0,100.0
266151654,Junk (J),False,False,False,False,False,,
266213232,Planet (P),False,False,False,False,False,,
266314554,EB,False,True,False,True,False,100.0,100.0
266338052,Junk (J),False,False,False,False,False,,
266394699,EB,False,False,False,False,False,,
266395331,EB,False,False,False,False,False,,
266400920,Junk (J),False,False,False,False,False,,
266401846,Planet (P),False,False,False,False,False,,
266425782,Planet (P),False,False,False,False,False,,
266474845,EB,False,False,False,False,False,,
266486214,Planet (P),False,False,False,False,False,,
266488971,Planet (P),False,False,False,False,False,,
266500992,Planet (P),False,False,False,False,False,,
266509815,EB,False,True,False,True,False,100.0,100.0
266593143,Planet (P),False,False,False,False,False,,
266609407,Planet (P),False,False,False,False,False,,
266643545,Junk (J),True,True,True,True,True,95.0,95.0
266676103,EB,False,False,False,False,False,,
266749369,Junk (J),False,True,False,True,False,103.0,103.0
266769513,Junk (J),False,True,False,True,False,97.0,97.0
266772500,Planet (P),False,False,False,False,False,,
266773101,EB,False,False,False,False,False,,
266843799,EB,False,True,False,True,False,100.0,100.0
266906722,Junk (J),True,True,True,True,True,95.0,95.0
266924406,Junk (J),True,True,True,True,True,95.0,95.0
266924492,Junk (J),True,True,True,True,True,95.0,95.0
266927506,Junk (J),True,True,True,True,True,95.0,95.0
266927521,Junk (J),True,True,True,True,True,95.0,95.0
266980320,Planet (P),True,True,True,True,True,103.0,103.0
267093915,Junk (J),True,True,True,True,True,96.0,96.0
267094384,Junk (J),True,True,True,True,True,96.0,96.0
267116566,Junk (J),True,True,True,True,True,96.0,96.0
267117671,Junk (J),True,True,True,True,True,94.0,94.0
267138970,EB,False,False,False,False,False,,
267166845,EB,True,True,True,True,True,94.0,94.0
267177329,EB,False,True,False,True,False,100.0,100.0
267194398,Junk (J),True,True,True,True,True,94.0,94.0
267197567,Planet (P),False,True,False,True,False,98.0,98.0
267205235,EB,False,True,False,True,False,103.0,103.0
267215820,Planet (P),False,False,False,False,False,,
267223166,Junk (J),False,False,False,False,False,,
267230418,EB,False,True,False,True,False,102.0,102.0
267239205,EB,False,True,False,True,False,102.0,102.0
267263253,Planet (P),True,True,True,True,True,95.0,95.0
267326213,Junk (J),True,True,True,True,True,95.0,95.0
267361631,EB,True,True,True,True,True,95.0,95.0
267373896,Planet (P),False,False,False,False,False,,
267414551,Planet (P),False,True,False,True,False,100.0,100.0
267482942,Junk (J),False,False,False,False,False,,
267483361,EB,False,False,False,False,False,,
267484403,Planet (P),False,False,False,False,False,,
267489265,EB,False,False,False,False,False,,
267490092,EB,True,True,True,True,True,95.0,95.0
267536225,Planet (P),False,False,False,False,False,,
267542959,Junk (J),False,False,False,False,False,,
267544315,EB,False,False,False,False,False,,
267549078,Junk (J),True,True,True,True,True,95.0,95.0
267552804,EB,False,False,False,False,False,,
267571032,Junk (J),False,False,False,False,False,,
267572272,Planet (P),False,False,False,False,False,,
267574461,Junk (J),False,False,False,False,False,,
267608606,Planet (P),False,False,False,False,False,,
267612796,Junk (J),False,False,False,False,False,,
267617257,Planet (P),False,False,False,False,False,,
267650535,Planet (P),False,False,False,False,False,,
267672345,Junk (J),False,False,False,False,False,,
267673955,Junk (J),False,False,False,False,False,,
267675314,EB,False,False,False,False,False,,
267687905,Junk (J),False,False,False,False,False,,
267712001,Planet (P),False,True,False,True,False,100.0,100.0
267750206,Junk (J),False,False,False,False,False,,
267751030,EB,False,False,False,False,False,,
267810289,Planet (P),False,False,False,False,False,,
267811506,EB,False,False,False,False,False,,
267812561,Junk (J),False,False,False,False,False,,
267813780,Junk (J),False,False,False,False,False,,
267861788,Planet (P),False,False,False,False,False,,
267880632,Junk (J),False,False,False,False,False,,
267924099,Junk (J),False,False,False,False,False,,
267933285,Junk (J),False,False,False,False,False,,
267992269,Junk (J),False,False,False,False,False,,
268042363,Planet (P),False,False,False,False,False,,
268053680,Junk (J),False,False,False,False,False,,
268125229,Planet (P),False,False,False,False,False,,
268143410,Planet (P),False,False,False,False,False,,
268160945,EB,False,False,False,False,False,,
268162351,Junk (J),False,False,False,False,False,,
268172361,Planet (P),False,False,False,False,False,,
268187322,Planet (P),False,False,False,False,False,,
268301217,Planet (P),False,False,False,False,False,,
268319848,Junk (J),False,False,False,False,False,,
268334473,Planet (P),False,False,False,False,False,,
268378581,Junk (J),False,False,False,False,False,,
268380299,EB,False,False,False,False,False,,
268381049,EB,False,False,False,False,False,,
268403451,Planet (P),False,False,False,False,False,,
268404578,Junk (J),False,False,False,False,False,,
268405086,Planet (P),False,False,False,False,False,,
268456052,Planet (P),False,False,False,False,False,,
268472260,EB,False,True,False,True,False,100.0,100.0
268478390,EB,False,True,False,True,False,100.0,100.0
268496304,Planet (P),False,False,False,False,False,,
268532343,Planet (P),False,False,False,False,False,,
268604331,Planet (P),False,False,False,False,False,,
268608949,Junk (J),False,False,False,False,False,,
268643535,Planet (P),False,False,False,False,False,,
268644785,Planet (P),False,False,False,False,False,,
268664907,EB,False,True,False,True,False,100.0,100.0
268666367,Junk (J),False,True,False,True,False,100.0,100.0
268668352,EB,False,True,False,True,False,100.0,100.0
268689126,Planet (P),False,False,False,False,False,,
268717240,Junk (J),False,True,False,True,False,97.0,97.0
268727719,Planet (P),False,False,False,False,False,,
268766053,Planet (P),False,True,False,True,False,97.0,97.0
268784292,Junk (J),False,True,False,True,False,97.0,97.0
268799077,EB,False,True,False,True,False,100.0,100.0
268809852,EB,False,True,False,True,False,102.0,102.0
268815631,EB,True,True,True,True,True,94.0,94.0
268823307,Planet (P),False,False,False,False,False,,
268839084,EB,False,False,False,False,False,,
269033446,EB,False,False,False,False,False,,
269043098,Planet (P),False,False,False,False,False,,
269102377,Planet (P),False,False,False,False,False,,
269190305,Planet (P),False,False,False,False,False,,
269217040,Planet (P),True,True,True,True,True,94.0,94.0
269231011,Planet (P),False,False,False,False,False,,
269238073,Planet (P),False,False,False,False,False,,
269243313,Planet (P),False,False,False,False,False,,
269249506,Planet (P),False,False,False,False,False,,
269269740,Planet (P),False,False,False,False,False,,
269270680,Junk (J),False,False,False,False,False,,
269278156,Planet (P),False,False,False,False,False,,
269291226,Junk (J),False,False,False,False,False,,
269304135,EB,True,True,True,True,True,94.0,94.0
269305967,Junk (J),True,True,True,True,True,94.0,94.0
269330087,Planet (P),False,False,False,False,False,,
269341832,Planet (P),False,False,False,False,False,,
269342892,Junk (J),False,False,False,False,False,,
269343479,Planet (P),False,False,False,False,False,,
269371538,Junk (J),True,True,True,True,True,94.0,94.0
269372232,Planet (P),True,True,True,True,True,94.0,94.0
269378599,Junk (J),True,True,True,True,True,94.0,94.0
269400980,Planet (P),False,False,False,False,False,,
269439355,Planet (P),False,False,False,False,False,,
269450900,EB,True,True,True,True,True,94.0,94.0
269488987,Planet (P),False,False,False,False,False,,
269514008,Planet (P),False,False,False,False,False,,
269558487,Planet (P),False,True,False,True,False,97.0,97.0
269568703,Planet (P),False,False,False,False,False,,
269596588,Junk (J),False,False,False,False,False,,
269664492,Junk (J),False,False,False,False,False,,
269667059,Junk (J),False,False,False,False,False,,
269696438,EB,False,False,False,False,False,,
269698539,Junk (J),False,False,False,False,False,,
269701147,Planet (P),False,False,False,False,False,,
269701714,Junk (J),False,False,False,False,False,,
269713750,Junk (J),False,False,False,False,False,,
269728501,Planet (P),True,True,True,True,True,95.0,95.0
269728625,Junk (J),True,True,True,True,True,95.0,95.0
269728852,Junk (J),True,True,True,True,True,95.0,95.0
269731335,Junk (J),True,True,True,True,True,95.0,95.0
269741851,Junk (J),True,True,True,True,True,95.0,95.0
269763946,Junk (J),True,True,True,True,True,95.0,95.0
269795481,Junk (J),True,True,True,True,True,98.0,98.0
269796936,Junk (J),True,True,True,True,True,95.0,95.0
269838674,Planet (P),False,False,False,False,False,,
269849065,Planet (P),True,True,True,True,True,95.0,95.0
269850928,Planet (P),True,True,True,True,True,95.0,95.0
269852699,EB,True,True,True,True,True,95.0,95.0
269854864,Junk (J),True,True,True,True,True,95.0,95.0
269855929,Junk (J),True,True,True,True,True,98.0,98.0
269857393,Junk (J),True,True,True,True,True,95.0,95.0
269857938,Junk (J),True,True,True,True,True,98.0,98.0
269858347,Junk (J),True,True,True,True,True,95.0,95.0
269859655,Planet (P),False,False,False,False,False,,
269916109,EB,False,False,False,False,False,,
270048796,Planet (P),False,False,False,False,False,,
270075071,Planet (P),False,False,False,False,False,,
270132709,Planet (P),False,False,False,False,False,,
270202713,Junk (J),True,True,True,True,True,103.0,103.0
270204401,EB,True,True,True,True,True,103.0,103.0
270217632,Junk (J),False,False,False,False,False,,
270217681,Junk (J),False,False,False,False,False,,
270219048,Planet (P),True,True,True,True,True,95.0,95.0
270244821,Junk (J),True,True,True,True,True,103.0,103.0
270246933,Junk (J),True,True,True,True,True,103.0,103.0
270258076,Junk (J),False,False,False,False,False,,
270272800,EB,True,True,True,True,True,103.0,103.0
270274432,Junk (J),True,True,True,True,True,103.0,103.0
270275278,Junk (J),True,True,True,True,True,103.0,103.0
270275812,EB,True,True,True,True,True,103.0,103.0
270282364,Junk (J),False,False,False,False,False,,
270285317,Junk (J),True,True,True,True,True,94.0,94.0
270311690,Junk (J),True,True,True,True,True,95.0,95.0
270312035,Junk (J),True,True,True,True,True,95.0,95.0
270319252,Junk (J),False,False,False,False,False,,
270341214,Planet (P),True,True,True,True,True,95.0,95.0
270341547,Junk (J),True,True,True,True,True,95.0,95.0
270341572,Junk (J),True,True,True,True,True,95.0,95.0
270342589,Planet (P),True,True,True,True,True,95.0,95.0
270343991,Junk (J),True,True,True,True,True,95.0,95.0
270347814,Planet (P),False,True,False,False,False,102.0,
270347816,EB,False,True,False,True,False,102.0,102.0
270355392,Planet (P),False,False,False,False,False,,
270357365,Junk (J),True,True,True,True,True,95.0,95.0
270362920,Junk (J),False,False,False,False,False,,
270366936,Junk (J),True,True,True,True,True,95.0,95.0
270380593,Planet (P),False,False,False,False,False,,
270395019,Junk (J),True,True,True,True,True,95.0,95.0
270406298,Planet (P),False,False,False,False,False,,
270428491,Junk (J),True,True,True,True,True,94.0,94.0
270429419,EB,True,True,True,True,True,94.0,94.0
270429511,Junk (J),True,True,True,True,True,94.0,94.0
270435047,Planet (P),False,False,False,False,False,,
270452481,EB,False,False,False,False,False,,
270456887,Planet (P),False,True,False,True,False,99.0,99.0
270457662,Planet (P),False,True,False,True,False,99.0,99.0
270468559,Planet (P),False,False,False,False,False,,
270471065,Planet (P),False,True,False,True,False,99.0,99.0
270471483,Junk (J),False,True,False,True,False,99.0,99.0
270472265,Planet (P),True,True,True,True,True,97.0,97.0
270472456,Junk (J),True,True,True,True,True,95.0,95.0
270473110,Junk (J),True,True,True,True,True,94.0,94.0
270474042,Junk (J),True,True,True,True,True,94.0,94.0
270491231,Junk (J),False,False,False,False,False,,
270491667,Junk (J),False,False,False,False,False,,
270491865,Junk (J),False,False,False,False,False,,
270503804,Junk (J),True,True,True,True,True,98.0,98.0
270506952,Junk (J),True,True,True,True,True,97.0,97.0
270507297,EB,True,True,True,True,True,95.0,95.0
270507871,Junk (J),True,True,True,True,True,94.0,94.0
270508998,Junk (J),True,True,True,True,True,94.0,94.0
270558820,Junk (J),True,True,True,True,True,94.0,94.0
270604417,Planet (P),False,False,False,False,False,,
270649648,Planet (P),False,False,False,False,False,,
270677031,Planet (P),True,True,True,True,True,98.0,98.0
270679144,Planet (P),False,False,False,False,False,,
270695236,Junk (J),False,False,False,False,False,,
270716565,Planet (P),False,False,False,False,False,,
270782239,Junk (J),False,False,False,False,False,,
270841724,Planet (P),False,False,False,False,False,,
270955832,EB,False,False,False,False,False,,
270996453,EB,False,True,False,True,False,101.0,101.0
271035369,Planet (P),False,False,False,False,False,,
271168962,Planet (P),False,True,False,True,False,102.0,102.0
271175883,EB,False,True,False,True,False,102.0,102.0
271230204,EB,False,True,False,True,False,102.0,102.0
271295765,EB,False,True,False,True,False,101.0,101.0
271307949,Planet (P),False,False,False,False,False,,
271351104,EB,False,False,False,False,False,,
271439193,Planet (P),False,False,False,False,False,,
271448898,Junk (J),False,False,False,False,False,,
271478281,Planet (P),True,True,True,True,True,94.0,94.0
271486001,Planet (P),False,False,False,False,False,,
271503982,Junk (J),True,True,True,True,True,103.0,103.0
271519048,Junk (J),True,True,True,True,True,103.0,103.0
271541947,EB,False,False,False,False,False,,
271542846,Junk (J),False,False,False,False,False,,
271545783,Junk (J),False,False,False,False,False,,
271554988,Junk (J),True,True,True,True,True,98.0,98.0
271575127,Junk (J),True,True,True,True,True,98.0,98.0
271575742,Junk (J),True,True,True,True,True,98.0,98.0
271577058,Junk (J),True,True,True,True,True,103.0,103.0
271578321,Junk (J),False,True,False,True,False,103.0,103.0
271581073,Planet (P),True,True,True,True,True,103.0,103.0
271596225,Planet (P),True,True,True,True,True,98.0,98.0
271627611,Junk (J),False,True,False,True,False,101.0,101.0
271639066,Junk (J),True,True,True,True,True,98.0,98.0
271659529,Junk (J),False,False,False,False,False,,
271696650,Junk (J),True,True,True,True,True,98.0,98.0
271697430,Junk (J),True,True,True,True,True,98.0,98.0
271723402,Junk (J),True,True,True,True,True,98.0,98.0
271725220,Junk (J),True,True,True,True,True,98.0,98.0
271747067,Planet (P),False,False,False,False,False,,
271761420,Planet (P),False,False,False,False,False,,
271806353,Planet (P),True,True,True,True,True,97.0,97.0
271808029,Junk (J),True,True,True,True,True,98.0,98.0
271812166,Junk (J),True,True,True,True,True,98.0,98.0
271879631,Junk (J),False,False,False,False,False,,
271891552,Planet (P),True,True,True,True,True,98.0,98.0
271893367,Planet (P),True,True,True,True,True,98.0,98.0
271900578,Junk (J),True,True,True,True,True,98.0,98.0
271903247,EB,True,True,True,True,True,98.0,98.0
271905978,EB,True,True,True,True,True,98.0,98.0
271971130,Planet (P),True,True,True,True,True,98.0,98.0
271975434,EB,True,True,True,True,True,98.0,98.0
271977186,Junk (J),True,True,True,True,True,98.0,98.0
271999492,Junk (J),True,True,True,True,True,98.0,98.0
272000628,Junk (J),True,True,True,True,True,98.0,98.0
272002418,Junk (J),True,True,True,True,True,97.0,97.0
272004643,Junk (J),True,True,True,True,True,98.0,98.0
272050287,EB,False,False,False,False,False,,
272075189,Junk (J),False,False,False,False,False,,
272077752,Junk (J),False,False,False,False,False,,
272086869,Junk (J),True,True,True,True,True,98.0,98.0
272087003,Junk (J),True,True,True,True,True,98.0,98.0
272090485,Junk (J),True,True,True,True,True,97.0,97.0
272129326,Junk (J),True,True,True,True,True,98.0,98.0
272133874,Junk (J),False,False,False,False,False,,
272167060,Planet (P),False,True,False,True,False,101.0,101.0
272178884,EB,False,False,False,False,False,,
272181655,EB,False,False,False,False,False,,
272190447,Junk (J),True,True,True,True,True,98.0,98.0
272194833,Junk (J),True,True,True,True,True,97.0,97.0
272211398,Planet (P),False,True,False,True,False,101.0,101.0
272212970,Planet (P),False,True,False,True,False,101.0,101.0
272213425,Planet (P),False,True,False,True,False,101.0,101.0
272217583,Junk (J),False,False,False,False,False,,
272218608,Planet (P),False,False,False,False,False,,
272219353,Planet (P),False,False,False,False,False,,
272236017,Planet (P),True,True,True,True,True,98.0,98.0
272251987,Planet (P),False,True,False,True,False,101.0,101.0
272274040,Junk (J),False,False,False,False,False,,
272284162,Junk (J),True,True,True,True,True,97.0,97.0
272318855,Junk (J),True,True,True,True,True,97.0,97.0
272359231,Junk (J),True,True,True,True,True,97.0,97.0
272362769,Junk (J),True,True,True,True,True,98.0,98.0
272364191,EB,False,False,False,False,False,,
272364793,EB,False,False,False,False,False,,
272368236,EB,False,False,False,False,False,,
272372503,Junk (J),False,False,False,False,False,,
272397120,EB,False,False,False,False,False,,
272427880,Junk (J),True,True,True,True,True,98.0,98.0
272432703,Junk (J),True,True,False,True,True,97.0,97.0
272433841,Junk (J),True,True,True,True,True,97.0,97.0
272462761,EB,False,False,False,False,False,,
272466346,Junk (J),True,True,True,True,True,98.0,98.0
272468262,Junk (J),True,True,True,True,True,98.0,98.0
272469934,Junk (J),True,True,True,True,True,98.0,98.0
272472375,Junk (J),True,True,True,True,True,97.0,97.0
272484295,Junk (J),False,False,False,False,False,,
272489043,EB,False,False,False,False,False,,
272519426,Planet (P),False,False,False,False,False,,
272532522,Junk (J),False,False,False,False,False,,
272546171,Junk (J),True,True,True,True,True,98.0,98.0
272565843,Junk (J),False,False,False,False,False,,
272573982,Junk (J),False,False,False,False,False,,
272645619,Planet (P),False,True,False,True,False,100.0,100.0
272650500,Junk (J),False,False,False,False,False,,
272650576,EB,False,False,False,False,False,,
272670038,Planet (P),False,False,False,False,False,,
272672133,Planet (P),False,False,False,False,False,,
272672557,Junk (J),False,False,False,False,False,,
272678898,Junk (J),False,False,False,False,False,,
272679240,Planet (P),False,False,False,False,False,,
272680526,Junk (J),False,False,False,False,False,,
272750125,Junk (J),False,False,False,False,False,,
272758199,Planet (P),False,False,False,False,False,,
272760188,Junk (J),False,False,False,False,False,,
272768631,Planet (P),False,False,False,False,False,,
272781892,Junk (J),False,False,False,False,False,,
272781944,Junk (J),False,False,False,False,False,,
272782321,Planet (P),False,False,False,False,False,,
272782368,Planet (P),False,False,False,False,False,,
272783172,EB,False,False,False,False,False,,
272784377,Junk (J),False,False,False,False,False,,
272785423,Planet (P),False,False,False,False,False,,
272786156,Junk (J),False,False,False,False,False,,
272787314,Junk (J),False,False,False,False,False,,
272829240,Planet (P),False,False,False,False,False,,
272841744,EB,False,False,False,False,False,,
272885406,Planet (P),False,True,False,True,False,100.0,100.0
272944623,EB,False,False,False,False,False,,
272983172,Planet (P),False,True,False,True,False,103.0,103.0
272994016,Planet (P),False,False,False,False,False,,
273031342,EB,False,True,False,True,False,101.0,101.0
273032320,EB,False,True,False,True,False,101.0,101.0
273042650,EB,False,False,False,False,False,,
273231214,Planet (P),False,False,False,False,False,,
273240481,Junk (J),False,False,False,False,False,,
273308789,EB,True,True,True,True,True,103.0,103.0
273323926,Junk (J),True,True,True,True,True,102.0,102.0
273325131,Junk (J),True,True,True,True,True,103.0,103.0
273325223,Junk (J),True,True,True,True,True,103.0,103.0
273397401,Junk (J),True,True,True,True,True,103.0,103.0
273418421,Planet (P),True,True,True,True,True,103.0,103.0
273419168,Junk (J),True,True,True,True,True,103.0,103.0
273594287,Junk (J),False,False,False,False,False,,
273638218,Junk (J),False,False,False,False,False,,
273651959,Junk (J),True,True,True,True,True,102.0,102.0
273652436,Junk (J),True,True,True,True,True,102.0,102.0
273654759,Junk (J),True,True,True,True,True,95.0,95.0
273654924,Junk (J),True,True,True,True,True,95.0,95.0
273695332,Planet (P),True,True,True,True,True,95.0,95.0
273697554,EB,True,True,True,True,True,94.0,94.0
273758462,EB,False,False,False,False,False,,
273774284,Planet (P),False,False,False,False,False,,
273780062,Planet (P),False,False,False,False,False,,
273789462,Junk (J),True,True,True,True,True,95.0,95.0
273850708,Planet (P),True,True,True,True,True,95.0,95.0
273888864,EB,False,False,False,False,False,,
273941203,EB,False,False,False,False,False,,
273985865,Planet (P),True,True,True,True,True,95.0,95.0
273996323,EB,False,True,False,True,False,101.0,101.0
274002141,Planet (P),False,False,False,False,False,,
274017513,Planet (P),True,True,True,True,True,97.0,97.0
274017873,Junk (J),True,True,True,True,True,95.0,95.0
274075364,Planet (P),False,False,False,False,False,,
274122380,Planet (P),False,False,False,False,False,,
274137295,Planet (P),False,False,False,False,False,,
274151135,Planet (P),True,True,True,True,True,94.0,94.0
274161343,EB,False,False,False,False,False,,
274171474,EB,False,False,False,False,False,,
274178344,Junk (J),False,False,False,False,False,,
274193763,Planet (P),False,False,False,False,False,,
274194927,Planet (P),False,False,False,False,False,,
274215536,Planet (P),False,False,False,False,False,,
274223601,Planet (P),False,False,False,False,False,,
274272594,Junk (J),False,False,False,False,False,,
274275846,Junk (J),False,False,False,False,False,,
274313770,Junk (J),False,False,False,False,False,,
274367763,Planet (P),False,True,False,True,False,103.0,103.0
274371599,Junk (J),False,False,False,False,False,,
274411493,Planet (P),False,False,False,False,False,,
274415130,Junk (J),False,False,False,False,False,,
274457752,Junk (J),False,False,False,False,False,,
274458869,Junk (J),False,False,False,False,False,,
274472658,Planet (P),False,False,False,False,False,,
274485843,Junk (J),False,False,False,False,False,,
274509791,EB,False,False,False,False,False,,
274535454,EB,False,False,False,False,False,,
274545328,Planet (P),False,False,False,False,False,,
274554412,Junk (J),False,False,False,False,False,,
274554515,Junk (J),False,False,False,False,False,,
274554671,Junk (J),False,False,False,False,False,,
274574458,Junk (J),False,False,False,False,False,,
274575202,EB,False,False,False,False,False,,
274641986,Planet (P),False,False,False,False,False,,
274643143,EB,False,False,False,False,False,,
274655103,Junk (J),False,False,False,False,False,,
274659623,Junk (J),False,False,False,False,False,,
274697423,Junk (J),False,False,False,False,False,,
274762761,Planet (P),False,False,False,False,False,,
274769915,Junk (J),False,False,False,False,False,,
274903374,EB,False,False,False,False,False,,
274911400,Planet (P),False,False,False,False,False,,
274911536,Planet (P),False,False,False,False,False,,
274913960,Junk (J),False,False,False,False,False,,
274961767,Junk (J),False,False,False,False,False,,
274966714,Junk (J),False,False,False,False,False,,
274967656,Junk (J),False,False,False,False,False,,
274969396,Junk (J),False,False,False,False,False,,
274974693,Planet (P),False,False,False,False,False,,
275101768,Junk (J),False,False,False,False,False,,
275119073,EB,False,False,False,False,False,,
275260565,Junk (J),False,False,False,False,False,,
275263852,Junk (J),False,False,False,False,False,,
275399491,Junk (J),False,False,False,False,False,,
275421144,Planet (P),False,False,False,False,False,,
275527293,Planet (P),False,False,False,False,False,,
275530995,Junk (J),False,False,False,False,False,,
275556983,EB,False,True,False,True,False,103.0,103.0
275562670,Planet (P),False,True,False,False,False,103.0,
275578997,EB,False,False,False,False,False,,
275631920,Junk (J),False,False,False,False,False,,
275633604,Junk (J),False,False,False,False,False,,
275634677,Junk (J),False,False,False,False,False,,
275692390,Junk (J),False,False,False,False,False,,
275692938,Junk (J),False,False,False,False,False,,
275693332,Junk (J),False,False,False,False,False,,
275702126,Planet (P),False,False,False,False,False,,
275703182,Planet (P),False,False,False,False,False,,
275720352,EB,False,False,False,False,False,,
275722992,Planet (P),False,False,False,False,False,,
275753681,Junk (J),False,False,False,False,False,,
275758701,EB,False,False,False,False,False,,
275770230,EB,False,False,False,False,False,,
275770351,Junk (J),False,False,False,False,False,,
275816610,EB,False,False,False,False,False,,
275837907,Junk (J),False,False,False,False,False,,
275855819,Junk (J),False,False,False,False,False,,
275887811,Planet (P),False,False,False,False,False,,
275905359,Junk (J),False,False,False,False,False,,
276098589,EB,False,True,False,True,False,103.0,103.0
276128561,Planet (P),False,True,False,True,False,102.0,102.0
276130586,EB,False,True,False,True,False,102.0,102.0
276160984,Junk (J),False,False,False,False,False,,
276226024,EB,False,True,False,True,False,103.0,103.0
276250096,Planet (P),False,False,False,False,False,,
276262748,EB,False,True,False,True,False,103.0,103.0
276279955,Junk (J),False,False,False,False,False,,
276360911,Planet (P),False,False,False,False,False,,
276381737,Planet (P),False,False,False,False,False,,
276459242,EB,False,False,False,False,False,,
276474860,Junk (J),False,False,False,False,False,,
276477308,EB,False,False,False,False,False,,
276508360,EB,False,True,False,True,False,103.0,103.0
276538275,Junk (J),False,True,False,True,False,102.0,102.0
276644609,Junk (J),False,True,False,True,False,102.0,102.0
276645751,EB,True,True,True,True,True,102.0,102.0
276646696,Junk (J),False,True,False,True,False,102.0,102.0
276647111,Junk (J),False,True,False,True,False,102.0,102.0
276647494,Planet (P),False,True,False,True,False,102.0,102.0
276647725,Junk (J),False,True,False,True,False,102.0,102.0
276704866,Planet (P),False,False,False,False,False,,
276735057,Junk (J),False,True,False,True,False,102.0,102.0
276735500,Planet (P),False,True,False,True,False,102.0,102.0
276738707,Junk (J),False,True,False,True,False,102.0,102.0
276740212,EB,False,False,False,False,False,,
276783657,Junk (J),True,True,True,True,True,98.0,98.0
276798143,Junk (J),True,True,True,True,True,102.0,102.0
276812895,Junk (J),False,False,False,False,False,,
276830397,Junk (J),False,False,False,False,False,,
276837091,Junk (J),True,True,True,True,True,102.0,102.0
276843427,EB,True,True,True,True,True,94.0,94.0
276907697,Junk (J),False,False,False,False,False,,
276910571,Junk (J),False,False,False,False,False,,
276922692,Planet (P),False,False,False,False,False,,
276934891,Junk (J),True,True,True,True,True,98.0,98.0
276936320,EB,True,True,True,True,True,98.0,98.0
276963913,Junk (J),True,True,True,True,True,102.0,102.0
276965475,Junk (J),True,True,True,True,True,102.0,102.0
276965481,Junk (J),True,True,True,True,True,102.0,102.0
276977291,EB,True,True,True,True,True,102.0,102.0
277022838,Junk (J),True,True,True,True,True,98.0,98.0
277026183,Junk (J),True,True,True,True,True,98.0,98.0
277027632,EB,True,True,True,True,True,98.0,98.0
277034534,Planet (P),True,True,True,True,True,102.0,102.0
277039287,Planet (P),True,True,True,True,True,94.0,94.0
277042558,Junk (J),True,True,True,True,True,94.0,94.0
277069819,EB,True,True,True,True,True,102.0,102.0
277069829,EB,True,True,True,True,True,102.0,102.0
277093555,Junk (J),False,False,False,False,False,,
277099881,Junk (J),True,True,True,True,True,98.0,98.0
277099925,Junk (J),True,True,True,True,True,98.0,98.0
277105050,Junk (J),True,True,True,True,True,98.0,98.0
277123828,EB,True,True,True,True,True,102.0,102.0
277128619,Planet (P),True,True,True,True,True,103.0,103.0
277129194,Junk (J),True,True,True,True,True,101.0,101.0
277129437,Junk (J),True,True,True,True,True,101.0,101.0
277130211,Junk (J),True,True,True,True,True,101.0,101.0
277147552,Junk (J),True,True,True,True,True,101.0,101.0
277172728,Junk (J),True,True,True,True,True,98.0,98.0
277173010,Junk (J),True,True,True,True,True,98.0,98.0
277237632,EB,False,False,False,False,False,,
277239793,Junk (J),False,False,False,False,False,,
277269411,EB,True,True,True,True,True,94.0,94.0
277284120,EB,False,False,False,False,False,,
277298466,Junk (J),True,True,True,True,True,98.0,98.0
277298580,Junk (J),True,True,True,True,True,98.0,98.0
277300196,Junk (J),True,True,True,True,True,98.0,98.0
277329402,Planet (P),False,False,False,False,False,,
277373239,EB,True,True,True,True,True,94.0,94.0
277373256,EB,True,True,True,True,True,94.0,94.0
277387021,EB,False,False,False,False,False,,
277447970,Planet (P),False,False,False,False,False,,
277478589,Junk (J),True,True,True,True,True,94.0,94.0
277490026,Junk (J),True,True,True,True,True,94.0,94.0
277505161,Planet (P),False,False,False,False,False,,
277507814,Planet (P),False,False,False,False,False,,
277538491,Planet (P),False,False,False,False,False,,
277566483,Planet (P),False,False,False,False,False,,
277590781,EB,True,True,True,True,True,94.0,94.0
277634430,Planet (P),False,False,False,False,False,,
277697921,Planet (P),False,False,False,False,False,,
277802792,Junk (J),True,True,True,True,True,103.0,103.0
277816903,EB,False,False,False,False,False,,
277833423,Planet (P),False,False,False,False,False,,
277833995,Planet (P),False,False,False,False,False,,
277848886,Junk (J),False,False,False,False,False,,
277853911,Planet (P),False,False,False,False,False,,
277873743,Junk (J),True,True,True,True,True,95.0,95.0
277890574,Planet (P),True,True,True,True,True,95.0,95.0
277939725,Junk (J),True,True,True,True,True,103.0,103.0
277951960,Junk (J),False,False,False,False,False,,
277987172,Planet (P),False,False,False,False,False,,
277995171,Planet (P),False,False,False,False,False,,
278008056,Junk (J),True,True,True,True,True,94.0,94.0
278020244,Junk (J),True,True,True,True,True,97.0,97.0
278022133,Junk (J),True,True,True,True,True,94.0,94.0
278051048,Junk (J),True,True,True,True,True,94.0,94.0
278060879,Junk (J),False,False,False,False,False,,
278077744,Junk (J),True,True,True,True,True,94.0,94.0
278082726,Junk (J),True,True,True,True,True,94.0,94.0
278105308,Planet (P),False,False,False,False,False,,
278138367,Junk (J),True,True,True,True,True,94.0,94.0
278138619,Planet (P),True,True,True,True,True,97.0,97.0
278139052,Junk (J),True,True,True,True,True,97.0,97.0
278140156,Planet (P),True,True,True,True,True,94.0,94.0
278196907,Planet (P),True,True,True,True,True,94.0,94.0
278198753,Planet (P),False,True,False,True,False,97.0,97.0
278201047,Junk (J),True,True,True,True,True,94.0,94.0
278225267,EB,True,True,True,True,True,94.0,94.0
278232451,Junk (J),True,True,True,True,True,94.0,94.0
278270755,Junk (J),True,True,True,True,True,94.0,94.0
278271171,EB,True,True,True,True,True,94.0,94.0
278293793,Junk (J),True,True,True,True,True,97.0,97.0
278327110,Junk (J),True,True,True,True,True,94.0,94.0
278328128,Junk (J),True,True,True,True,True,94.0,94.0
278348461,Planet (P),False,False,False,False,False,,
278352995,Junk (J),False,False,False,False,False,,
278357958,EB,False,False,False,False,False,,
278385856,Junk (J),True,True,True,True,True,94.0,94.0
278413297,Junk (J),True,True,True,True,False,94.0,94.0
278413346,Junk (J),True,True,True,True,True,94.0,94.0
278413891,Junk (J),True,True,True,True,True,94.0,94.0
278415116,Junk (J),True,True,True,True,True,97.0,97.0
278415514,Junk (J),True,True,True,True,True,94.0,94.0
278415929,Planet (P),True,True,True,True,True,94.0,94.0
278475891,Junk (J),True,True,True,True,True,94.0,94.0
278478563,Junk (J),True,True,True,True,True,97.0,97.0
278479405,Junk (J),True,True,True,True,True,94.0,94.0
278525028,Planet (P),True,True,True,True,True,95.0,95.0
278540265,Planet (P),True,True,True,True,True,94.0,94.0
278542841,EB,True,True,True,True,True,94.0,94.0
278544653,Junk (J),False,True,False,True,True,97.0,97.0
278555119,Junk (J),False,False,False,False,False,,
278589939,Junk (J),True,True,True,True,True,94.0,94.0
278590920,Junk (J),True,True,True,True,True,94.0,94.0
278592221,Junk (J),True,True,True,True,True,94.0,94.0
278593268,EB,True,True,True,True,True,94.0,94.0
278623780,Planet (P),False,False,False,False,False,,
278662500,Junk (J),True,True,True,True,True,103.0,103.0
278662696,Junk (J),True,True,True,True,True,103.0,103.0
278666476,Planet (P),True,True,True,True,True,95.0,95.0
278668358,Planet (P),False,False,False,False,False,,
278683844,Planet (P),True,True,True,True,True,98.0,98.0
278683879,EB,True,True,True,True,True,98.0,98.0
278726670,Junk (J),True,True,True,True,True,98.0,98.0
278726770,Planet (P),True,True,True,True,True,98.0,98.0
278730951,Junk (J),True,True,True,True,True,98.0,98.0
278730956,Junk (J),True,True,True,True,True,98.0,98.0
278775625,Planet (P),True,True,True,True,True,98.0,98.0
278776948,Junk (J),True,True,True,True,True,98.0,98.0
278778981,Junk (J),True,True,True,True,True,98.0,98.0
278779001,Junk (J),True,True,True,True,True,98.0,98.0
278803589,Junk (J),True,True,True,True,True,95.0,95.0
278821532,Junk (J),True,True,True,True,True,98.0,98.0
278821913,Planet (P),True,True,True,True,True,98.0,98.0
278826448,Junk (J),True,True,True,True,True,98.0,98.0
278856841,Junk (J),False,False,False,False,False,,
278862750,Planet (P),True,True,True,True,True,98.0,98.0
278864838,EB,True,True,True,True,True,98.0,98.0
278866211,EB,True,True,True,True,True,98.0,98.0
278866220,EB,True,True,True,True,True,98.0,98.0
278895603,Junk (J),True,True,True,True,True,98.0,98.0
278895606,Junk (J),True,True,True,True,True,98.0,98.0
278895705,Planet (P),True,True,True,True,True,98.0,98.0
278900608,Junk (J),True,True,True,True,True,98.0,98.0
278910035,Junk (J),False,False,False,False,False,,
278957993,Junk (J),True,True,True,True,True,98.0,98.0
278958597,Junk (J),True,True,True,True,True,98.0,98.0
278987187,Junk (J),True,True,True,True,True,98.0,98.0
278987334,Junk (J),True,True,True,True,True,98.0,98.0
278988097,Planet (P),True,True,True,True,True,98.0,98.0
278990501,EB,True,True,True,True,True,98.0,98.0
278990892,Junk (J),True,True,True,True,True,98.0,98.0
278991260,Junk (J),True,True,True,True,True,98.0,98.0
278992816,Junk (J),True,True,True,True,True,98.0,98.0
279021812,EB,False,False,False,False,False,,
279053000,Junk (J),True,True,True,True,True,98.0,98.0
279054419,Junk (J),True,True,True,True,True,98.0,98.0
279064110,Junk (J),False,False,False,False,False,,
279093144,Junk (J),True,True,True,True,True,98.0,98.0
279095914,Planet (P),False,False,False,False,False,,
279156705,Junk (J),True,True,True,True,True,98.0,98.0
279159752,Junk (J),True,True,True,True,True,98.0,98.0
279160488,Junk (J),True,True,True,True,True,98.0,98.0
279160721,Junk (J),True,True,True,True,True,98.0,98.0
279161482,Junk (J),True,True,True,True,True,98.0,98.0
279161495,Junk (J),True,True,True,True,True,98.0,98.0
279177746,Planet (P),False,False,False,False,False,,
279179610,Planet (P),False,False,False,False,False,,
279249643,Junk (J),True,True,True,True,True,98.0,98.0
279250880,Junk (J),True,True,True,True,True,98.0,98.0
279265701,Planet (P),False,False,False,False,False,,
279282347,Junk (J),False,False,False,False,False,,
279319554,Junk (J),True,True,True,True,True,98.0,98.0
279321185,Junk (J),True,True,True,True,True,98.0,98.0
279322913,EB,True,True,True,True,True,98.0,98.0
279323859,EB,True,True,True,True,True,98.0,98.0
279383896,Planet (P),False,False,False,False,False,,
279388553,EB,False,False,False,False,False,,
279408526,EB,False,True,False,True,False,103.0,103.0
279425357,Planet (P),True,True,True,True,True,98.0,98.0
279426647,Junk (J),True,True,True,True,True,98.0,98.0
279431010,Junk (J),True,True,True,True,True,98.0,98.0
279440723,Junk (J),False,False,False,False,False,,
279442543,Junk (J),False,False,False,False,False,,
279447155,EB,False,False,False,False,False,,
279449126,EB,False,False,False,False,False,,
279476069,Junk (J),True,True,True,True,True,98.0,98.0
279476460,Junk (J),True,True,True,True,True,98.0,98.0
279484406,Junk (J),False,False,False,False,False,,
279505309,Junk (J),False,False,False,False,False,,
279510159,EB,True,True,True,True,True,98.0,98.0
279510954,Junk (J),True,True,True,True,True,98.0,98.0
279512738,Junk (J),True,True,True,True,True,98.0,98.0
279514271,Planet (P),True,True,True,True,True,98.0,98.0
279569545,Junk (J),True,True,True,True,True,98.0,98.0
279572330,Junk (J),True,True,True,True,True,98.0,98.0
279574121,Junk (J),True,True,True,True,True,98.0,98.0
279597108,Junk (J),False,False,False,False,False,,
279614005,Junk (J),True,True,True,True,True,98.0,98.0
279615956,Junk (J),True,True,True,True,True,98.0,98.0
279684876,EB,False,True,False,True,False,103.0,103.0
279720865,Junk (J),False,False,False,False,False,,
279725262,Planet (P),False,False,False,False,False,,
279741379,Planet (P),True,True,True,True,True,97.0,97.0
279769094,Planet (P),False,False,False,False,False,,
279851358,Planet (P),False,False,False,False,False,,
279864024,EB,False,False,False,False,False,,
279919785,Junk (J),False,False,False,False,False,,
279920478,Planet (P),False,False,False,False,False,,
279922257,Planet (P),False,False,False,False,False,,
279927550,Junk (J),False,False,False,False,False,,
279947414,Planet (P),False,False,False,False,False,,
279950870,Junk (J),True,True,True,True,False,98.0,98.0
279953380,Junk (J),True,True,True,True,True,98.0,98.0
279955276,Junk (J),True,True,True,True,True,98.0,98.0
279957439,Junk (J),True,True,True,True,True,98.0,98.0
279977026,Junk (J),False,False,False,False,False,,
279979547,EB,False,False,False,False,False,,
279989567,Planet (P),False,False,False,False,False,,
280024247,Planet (P),False,False,False,False,False,,
280029186,Junk (J),False,False,False,False,False,,
280031353,Planet (P),False,False,False,False,False,,
280031398,Junk (J),False,False,False,False,False,,
280032783,Junk (J),False,False,False,False,False,,
280035155,Junk (J),False,False,False,False,False,,
280035202,Planet (P),False,False,False,False,False,,
280051331,Junk (J),True,True,True,True,True,96.0,96.0
280051341,Junk (J),True,True,True,True,True,96.0,96.0
280052157,Junk (J),True,True,True,True,True,96.0,96.0
280052618,Junk (J),True,True,True,True,True,96.0,96.0
280053651,EB,True,True,True,True,True,96.0,96.0
280095254,EB,True,True,True,True,True,96.0,96.0
280096473,Planet (P),True,True,True,True,True,96.0,96.0
280097543,Planet (P),True,True,True,True,True,96.0,96.0
280097876,Junk (J),True,True,True,True,True,96.0,96.0
280161519,Junk (J),False,False,False,False,False,,
280162339,Junk (J),False,False,False,False,False,,
280162873,Junk (J),False,False,False,False,False,,
280206394,Planet (P),False,False,False,False,False,,
280254984,Planet (P),False,False,False,False,False,,
280292434,Planet (P),False,False,False,False,False,,
280304556,Planet (P),False,False,False,False,False,,
280307604,Planet (P),False,False,False,False,False,,
280315875,Planet (P),False,False,False,False,False,,
280437559,Planet (P),False,False,False,False,False,,
280477536,Junk (J),False,True,False,True,False,103.0,103.0
280645209,Planet (P),False,False,False,False,False,,
280647591,Planet (P),False,True,False,True,False,99.0,99.0
280655495,Planet (P),False,False,False,False,False,,
280685089,EB,True,True,False,False,True,94.0,
280723416,EB,True,True,True,True,True,102.0,102.0
280726137,Planet (P),True,True,True,True,True,95.0,95.0
280735101,EB,False,False,False,False,False,,
280803800,Planet (P),True,True,True,True,True,97.0,97.0
280803917,Planet (P),True,True,True,True,True,97.0,97.0
280830862,Junk (J),True,True,True,True,True,96.0,96.0
280830936,Junk (J),True,True,True,True,True,96.0,96.0
280831199,Junk (J),True,True,True,True,True,96.0,96.0
280838519,EB,False,False,False,False,False,,
280857321,Planet (P),False,True,False,True,False,99.0,99.0
280865159,Planet (P),True,True,True,True,True,98.0,98.0
280867169,EB,True,True,True,True,True,94.0,94.0
280911550,Junk (J),True,True,True,True,True,94.0,94.0
280914121,Junk (J),True,True,True,True,True,94.0,94.0
280914341,Junk (J),True,True,True,True,True,94.0,94.0
281118572,Planet (P),False,False,False,False,False,,
281165719,EB,False,False,False,False,False,,
281196902,Planet (P),False,False,False,False,False,,
281225729,Planet (P),False,False,False,False,False,,
281242007,Planet (P),False,False,False,False,False,,
281279497,EB,False,False,False,False,False,,
281286325,Planet (P),False,True,False,True,False,100.0,100.0
281351454,EB,False,False,False,False,False,,
281408474,Planet (P),False,False,False,False,False,,
281426874,Junk (J),False,False,False,False,False,,
281459670,Planet (P),True,True,True,True,True,103.0,103.0
281489322,Planet (P),False,False,False,False,False,,
281494100,EB,True,True,True,True,True,97.0,97.0
281494116,EB,True,True,True,True,True,97.0,97.0
281541555,Planet (P),True,True,True,True,True,103.0,103.0
281563494,Junk (J),True,True,True,True,True,103.0,103.0
281575427,Planet (P),True,True,True,True,True,103.0,103.0
281575623,Junk (J),True,True,True,True,True,97.0,97.0
281576610,Junk (J),True,True,True,True,True,97.0,97.0
281578346,Junk (J),True,True,True,True,True,97.0,97.0
281578821,Junk (J),True,True,True,True,True,94.0,94.0
281581295,Junk (J),True,True,True,True,True,97.0,97.0
281582674,Junk (J),True,True,True,True,True,97.0,97.0
281596890,Planet (P),True,True,True,True,True,103.0,103.0
281597400,Junk (J),True,True,True,True,True,103.0,103.0
281633017,Junk (J),True,True,True,True,True,98.0,98.0
281636306,Junk (J),True,True,True,True,True,97.0,97.0
281636617,Junk (J),True,True,True,True,True,97.0,97.0
281666033,Planet (P),True,True,True,True,True,103.0,103.0
281704750,Junk (J),True,True,True,True,True,103.0,103.0
281716779,Planet (P),False,False,False,False,False,,
281731203,Planet (P),False,False,False,False,False,,
281769477,Junk (J),False,False,False,False,False,,
281781375,Planet (P),True,True,True,True,True,103.0,103.0
281815702,Planet (P),False,False,False,False,False,,
281837575,Planet (P),False,False,False,False,False,,
281880293,EB,False,True,False,True,False,100.0,100.0
281885301,Planet (P),False,False,False,False,False,,
281924357,EB,False,False,False,False,False,,
281947762,EB,False,False,False,False,False,,
281977548,Junk (J),False,False,False,False,False,,
281977577,Junk (J),False,False,False,False,False,,
281987399,Planet (P),False,False,False,False,False,,
282053472,Junk (J),False,False,False,False,False,,
282072180,Junk (J),False,False,False,False,False,,
282091492,Planet (P),False,False,False,False,False,,
282091493,Planet (P),False,False,False,False,False,,
282102605,Planet (P),False,False,False,False,False,,
282173645,Junk (J),False,False,False,False,False,,
282221346,Planet (P),False,True,False,True,False,101.0,101.0
282279756,EB,False,False,False,False,False,,
282328503,Junk (J),False,False,False,False,False,,
282463925,Junk (J),False,False,False,False,False,,
282485660,Planet (P),False,True,False,True,False,103.0,103.0
282544066,Junk (J),False,False,False,False,False,,
282554725,Junk (J),False,False,False,False,False,,
282555160,EB,False,False,False,False,False,,
282576340,Planet (P),False,False,False,False,False,,
282606164,EB,False,False,False,False,False,,
282701278,Planet (P),False,True,False,True,False,103.0,103.0
282755773,EB,False,False,False,False,False,,
282759234,Junk (J),False,False,False,False,False,,
282782271,Junk (J),False,False,False,False,False,,
282794970,Planet (P),False,False,False,False,False,,
282830040,EB,False,True,False,True,False,103.0,103.0
282855395,Junk (J),False,False,False,False,False,,
282890159,Planet (P),False,False,False,False,False,,
282923232,Junk (J),False,False,False,False,False,,
282924715,Junk (J),False,False,False,False,False,,
282924853,Junk (J),False,False,False,False,False,,
282925081,Junk (J),False,False,False,False,False,,
282925551,Junk (J),False,False,False,False,False,,
282925798,EB,False,False,False,False,False,,
282940781,Planet (P),False,False,False,False,False,,
283015592,Planet (P),False,False,False,False,False,,
283060199,Junk (J),False,False,False,False,False,,
283156726,Planet (P),False,False,False,False,False,,
283165117,Planet (P),False,False,False,False,False,,
283303192,Planet (P),False,False,False,False,False,,
283307274,Planet (P),False,False,False,False,False,,
283419843,Planet (P),False,False,False,False,False,,
283471501,Planet (P),False,False,False,False,False,,
283512651,EB,False,True,False,True,False,103.0,103.0
283528175,Junk (J),False,True,False,True,False,103.0,103.0
283534681,EB,False,False,False,False,False,,
283605976,Planet (P),False,False,False,False,False,,
283621618,Planet (P),False,False,False,False,False,,
283665218,Planet (P),False,True,False,True,False,103.0,103.0
283722336,Planet (P),False,False,False,False,False,,
283747061,Junk (J),False,False,False,False,False,,
283796315,Junk (J),False,False,False,False,False,,
283819432,Junk (J),False,False,False,False,False,,
283829553,Planet (P),False,False,False,False,False,,
283836833,EB,False,False,False,False,False,,
283845022,Planet (P),False,False,False,False,False,,
283846399,EB,False,False,False,False,False,,
283884522,Planet (P),False,False,False,False,False,,
283952659,EB,False,True,False,True,False,103.0,103.0
284062093,EB,False,False,False,False,False,,
284062977,Junk (J),False,False,False,False,False,,
284122875,Planet (P),False,False,False,False,False,,
284169357,Junk (J),False,False,False,False,False,,
284173938,Planet (P),False,False,False,False,False,,
284174392,Planet (P),False,False,False,False,False,,
284191544,Junk (J),False,False,False,False,False,,
284191740,Junk (J),False,False,False,False,False,,
284192812,Junk (J),False,False,False,False,False,,
284194555,Junk (J),True,True,True,True,True,98.0,98.0
284194837,Junk (J),True,True,True,True,True,98.0,98.0
284196025,Junk (J),True,True,True,True,True,98.0,98.0
284196491,Junk (J),True,True,True,True,True,98.0,98.0
284202167,Junk (J),False,False,False,False,False,,
284205099,Junk (J),False,False,False,False,False,,
284205301,Junk (J),False,False,False,False,False,,
284206913,Planet (P),False,False,False,False,False,,
284266925,Junk (J),False,False,False,False,False,,
284295685,Junk (J),False,False,False,False,False,,
284298940,Junk (J),False,False,False,False,False,,
284299096,Junk (J),False,False,False,False,False,,
284300833,Planet (P),False,False,False,False,False,,
284305328,Planet (P),False,False,False,False,False,,
284326455,Planet (P),False,False,False,False,False,,
284361033,Junk (J),False,False,False,False,False,,
284361752,Planet (P),False,False,False,False,False,,
284362915,Junk (J),False,False,False,False,False,,
284418751,Planet (P),False,False,False,False,False,,
284441182,Planet (P),False,False,False,False,False,,
284450803,EB,False,False,False,False,False,,
284453619,Junk (J),False,False,False,False,False,,
284454822,Planet (P),False,False,False,False,False,,
284459161,Junk (J),False,False,False,False,False,,
284475976,Planet (P),False,False,False,False,False,,
284476176,Junk (J),False,False,False,False,False,,
284477310,Planet (P),False,False,False,False,False,,
284481971,Junk (J),False,False,False,False,False,,
284563256,Junk (J),False,False,False,False,False,,
284567137,Junk (J),False,False,False,False,False,,
284568250,Junk (J),False,False,False,False,False,,
284592989,Planet (P),False,False,False,False,False,,
284595199,EB,False,False,False,False,False,,
284598052,Junk (J),False,False,False,False,False,,
284598578,Junk (J),False,False,False,False,False,,
284627497,Junk (J),False,False,False,False,False,,
284628881,Junk (J),False,False,False,False,False,,
284660452,Junk (J),False,False,False,False,False,,
284678786,Junk (J),False,False,False,False,False,,
284679064,Planet (P),False,False,False,False,False,,
284680202,EB,False,False,False,False,False,,
284688043,Planet (P),False,False,False,False,False,,
284700376,Junk (J),False,False,False,False,False,,
284738182,Planet (P),False,False,False,False,False,,
284760740,Planet (P),False,False,False,False,False,,
284859630,Planet (P),False,True,False,True,False,98.0,98.0
284890238,Junk (J),False,False,False,False,False,,
284892749,Junk (J),False,False,False,False,False,,
284900292,Planet (P),False,False,False,False,False,,
284901798,Junk (J),False,False,False,False,False,,
284970803,Junk (J),False,False,False,False,False,,
285006158,EB,False,False,False,False,False,,
285006983,Junk (J),False,False,False,False,False,,
285011981,Junk (J),False,False,False,False,False,,
285012395,Junk (J),False,False,False,False,False,,
285013251,Junk (J),False,False,False,False,False,,
285048486,Planet (P),False,False,False,False,False,,
285094173,Planet (P),False,False,False,False,False,,
285141304,Junk (J),False,False,False,False,False,,
285233023,Planet (P),False,False,False,False,False,,
285272237,Planet (P),False,False,False,False,False,,
285328782,Planet (P),False,False,False,False,False,,
285354178,Planet (P),False,False,False,False,False,,
285466025,Planet (P),False,False,False,False,False,,
285466098,Junk (J),False,False,False,False,False,,
285474313,EB,False,True,False,True,False,103.0,103.0
285505979,Planet (P),False,False,False,False,False,,
285507306,EB,False,False,False,False,False,,
285524410,Planet (P),False,False,False,False,False,,
285526706,Planet (P),False,False,False,False,False,,
285674856,Planet (P),False,False,False,False,False,,
285676468,EB,False,False,False,False,False,,
285677945,Planet (P),False,False,False,False,False,,
285792766,Junk (J),False,False,False,False,False,,
285938173,EB,False,False,False,False,False,,
286000547,Planet (P),False,False,False,False,False,,
286006533,Junk (J),False,False,False,False,False,,
286080865,Planet (P),False,False,False,False,False,,
286094277,Planet (P),False,False,False,False,False,,
286095538,EB,False,False,False,False,False,,
286099128,Planet (P),False,True,False,True,False,99.0,99.0
286132427,Planet (P),False,True,False,True,False,99.0,99.0
286152207,Planet (P),False,False,False,False,False,,
286153328,Planet (P),False,False,False,False,False,,
286200611,Junk (J),False,False,False,False,False,,
286201103,Planet (P),False,False,False,False,False,,
286323312,Junk (J),False,False,False,False,False,,
286373310,EB,False,False,False,False,False,,
286373319,EB,False,False,False,False,False,,
286382512,EB,False,False,False,False,False,,
286382849,Planet (P),False,False,False,False,False,,
286405674,EB,False,False,False,False,False,,
286408579,Junk (J),False,False,False,False,False,,
286413906,Junk (J),False,False,False,False,False,,
286523081,Junk (J),False,False,False,False,False,,
286545058,Planet (P),False,False,False,False,False,,
286552879,Junk (J),False,False,False,False,False,,
286561122,EB,False,False,False,False,False,,
286565893,Junk (J),False,False,False,False,False,,
286566741,EB,False,False,False,False,False,,
286631208,Junk (J),False,False,False,False,False,,
286631521,Junk (J),False,False,False,False,False,,
286696849,Planet (P),False,False,False,False,False,,
286712787,Planet (P),False,False,False,False,False,,
286725249,Junk (J),False,False,False,False,False,,
286727283,Junk (J),False,False,False,False,False,,
286763141,Planet (P),False,True,False,True,False,99.0,99.0
286813592,Planet (P),False,False,False,False,False,,
286864526,Junk (J),False,False,False,False,False,,
286864983,Planet (P),False,True,False,True,False,101.0,101.0
286865921,Planet (P),False,True,False,True,False,101.0,101.0
286899223,Junk (J),False,False,False,False,False,,
286899460,Junk (J),False,False,False,False,False,,
286916251,Planet (P),False,False,False,False,False,,
286916556,Junk (J),False,False,False,False,False,,
286923464,Planet (P),False,False,False,False,False,,
286923515,Planet (P),False,False,False,False,False,,
286923791,Junk (J),False,False,False,False,False,,
286945730,Junk (J),False,False,False,False,False,,
286947686,Junk (J),False,False,False,False,False,,
286951368,Planet (P),False,False,False,False,False,,
286955872,Junk (J),False,False,False,False,False,,
286964699,Junk (J),False,False,False,False,False,,
286994046,Junk (J),False,False,False,False,False,,
287022336,EB,False,False,False,False,False,,
287080092,Planet (P),False,False,False,False,False,,
287085999,Junk (J),False,False,False,False,False,,
287096979,Junk (J),False,False,False,False,False,,
287138322,Junk (J),False,False,False,False,False,,
287139872,Planet (P),False,False,False,False,False,,
287140478,Junk (J),False,False,False,False,False,,
287145649,Planet (P),False,False,False,False,False,,
287151397,Junk (J),False,False,False,False,False,,
287152495,Planet (P),False,False,False,False,False,,
287156968,Planet (P),True,True,True,True,True,94.0,94.0
287190564,EB,False,False,False,False,False,,
287191183,Planet (P),False,False,False,False,False,,
287194472,Junk (J),False,False,False,False,False,,
287194951,Junk (J),False,False,False,False,False,,
287195157,Junk (J),False,False,False,False,False,,
287196418,Planet (P),False,False,False,False,False,,
287207371,Planet (P),False,False,False,False,False,,
287224990,EB,False,False,False,False,False,,
287231664,Planet (P),False,False,False,False,False,,
287256467,Planet (P),False,False,False,False,False,,
287268770,Planet (P),False,False,False,False,False,,
287271053,Junk (J),False,False,False,False,False,,
287273334,Junk (J),True,True,True,True,True,98.0,98.0
287275350,Junk (J),True,True,True,True,True,97.0,97.0
287298034,EB,False,False,False,False,False,,
287299304,Junk (J),True,True,True,True,True,98.0,98.0
287319831,Junk (J),False,False,False,False,False,,
287325639,Junk (J),True,True,True,True,True,94.0,94.0
287326127,Planet (P),True,True,True,True,True,96.0,96.0
287328202,Planet (P),True,True,True,True,True,98.0,98.0
287328601,Junk (J),True,True,True,True,True,98.0,98.0
287349866,Junk (J),False,True,False,True,False,98.0,98.0
287350071,Junk (J),False,True,False,True,False,98.0,98.0
287350789,Junk (J),False,True,False,True,False,98.0,98.0
287356332,Junk (J),False,False,False,False,False,,
287428833,Junk (J),False,True,False,True,False,98.0,98.0
287432202,Junk (J),False,True,False,True,False,97.0,97.0
287490372,Junk (J),False,True,False,True,False,97.0,97.0
287494667,Planet (P),False,True,False,True,False,98.0,98.0
287528930,Junk (J),False,True,False,True,False,97.0,97.0
287530417,Junk (J),False,True,False,True,False,97.0,97.0
287531561,Junk (J),False,True,False,True,False,97.0,97.0
287531693,Junk (J),False,True,False,True,False,97.0,97.0
287532056,Junk (J),False,True,False,True,False,97.0,97.0
287535120,Junk (J),False,True,False,True,False,98.0,98.0
287535870,Junk (J),False,True,False,True,False,98.0,98.0
287539135,Junk (J),False,True,False,True,False,98.0,98.0
287563610,Planet (P),False,True,False,True,False,102.0,102.0
287584141,Planet (P),False,True,False,True,False,101.0,101.0
287588629,Junk (J),False,True,False,True,False,97.0,97.0
287589266,Junk (J),False,True,False,True,False,97.0,97.0
287589476,Junk (J),False,True,False,True,False,97.0,97.0
287589962,Junk (J),False,True,False,True,False,97.0,97.0
287591638,Planet (P),False,False,False,False,False,,
287635690,Junk (J),False,True,False,True,False,98.0,98.0
287636748,Junk (J),False,True,False,True,False,98.0,98.0
287637467,Junk (J),False,True,False,True,False,98.0,98.0
287638537,Junk (J),False,True,False,True,False,98.0,98.0
287639034,Junk (J),False,False,False,False,False,,
287643871,Planet (P),False,False,False,False,False,,
287716489,Junk (J),False,True,False,True,False,97.0,97.0
287721202,Planet (P),False,True,False,True,False,98.0,98.0
287721776,Junk (J),False,False,False,False,False,,
287722957,Junk (J),False,True,False,True,False,97.0,97.0
287770708,Junk (J),False,False,False,False,False,,
287774679,Junk (J),False,True,False,False,False,98.0,
287775617,Junk (J),False,False,False,False,False,,
287775969,Junk (J),False,False,False,False,False,,
287776397,Planet (P),False,False,False,False,False,,
287787618,EB,False,True,False,True,False,101.0,101.0
287835812,Junk (J),False,False,False,False,False,,
287836592,Junk (J),False,False,False,False,False,,
287863314,Planet (P),False,False,False,False,False,,
287871125,Junk (J),False,True,False,True,False,97.0,97.0
287873287,Junk (J),False,False,False,False,False,,
287934343,Planet (P),False,False,False,False,False,,
287935469,Junk (J),False,False,False,False,False,,
287955425,Junk (J),False,False,False,False,False,,
287955947,Junk (J),False,False,False,False,False,,
287956802,Junk (J),False,False,False,False,False,,
287959034,Planet (P),False,False,False,False,False,,
288023686,Junk (J),False,True,False,True,False,100.0,100.0
288132261,Planet (P),False,False,False,False,False,,
288144647,Planet (P),False,False,False,False,False,,
288162228,Planet (P),False,False,False,False,False,,
288182795,EB,False,False,False,False,False,,
288224503,Planet (P),False,True,False,True,False,101.0,101.0
288242606,Planet (P),False,False,False,False,False,,
288242818,Junk (J),False,False,False,False,False,,
288246496,Planet (P),False,False,False,False,False,,
288268259,EB,False,False,False,False,False,,
288323785,EB,False,False,False,False,False,,
288345799,Junk (J),False,False,False,False,False,,
288348498,Planet (P),False,False,False,False,False,,
288380608,Junk (J),False,False,False,False,False,,
288380852,Junk (J),False,False,False,False,False,,
288383445,Junk (J),False,False,False,False,False,,
288391628,EB,False,False,False,False,False,,
288391863,Junk (J),False,False,False,False,False,,
288421619,Planet (P),False,False,False,False,False,,
288428649,Planet (P),False,False,False,False,False,,
288430685,Junk (J),False,False,False,False,False,,
288434231,Planet (P),False,False,False,False,False,,
288454662,Junk (J),False,False,False,False,False,,
288469691,Junk (J),False,False,False,False,False,,
288486988,Junk (J),False,False,False,False,False,,
288487369,Junk (J),False,False,False,False,False,,
288487836,Junk (J),False,False,False,False,False,,
288516853,Planet (P),False,False,False,False,False,,
288524494,Junk (J),False,False,False,False,False,,
288525537,Junk (J),False,False,False,False,False,,
288598068,EB,False,True,False,True,False,101.0,101.0
288601729,Junk (J),False,False,False,False,False,,
288612903,Planet (P),False,False,False,False,False,,
288631580,Planet (P),False,False,False,False,False,,
288636342,Planet (P),False,False,False,False,False,,
288636599,Planet (P),False,False,False,False,False,,
288671122,Planet (P),False,False,False,False,False,,
288673464,Junk (J),False,False,False,False,False,,
288735205,Planet (P),False,False,False,False,False,,
288755488,Junk (J),False,False,False,False,False,,
288772336,Junk (J),False,False,False,False,False,,
288846484,Junk (J),False,False,False,False,False,,
288846670,Junk (J),False,False,False,False,False,,
288857294,Junk (J),False,False,False,False,False,,
288857619,Junk (J),False,False,False,False,False,,
288877891,Junk (J),False,False,False,False,False,,
289014212,Junk (J),False,False,False,False,False,,
289076007,Planet (P),False,True,False,True,False,103.0,103.0
289081154,Junk (J),False,False,False,False,False,,
289100911,Planet (P),False,False,False,False,False,,
289106690,Junk (J),False,False,False,False,False,,
289132769,Junk (J),False,False,False,False,False,,
289163658,Junk (J),False,False,False,False,False,,
289164482,Planet (P),False,False,False,False,False,,
289218489,Planet (P),False,False,False,False,False,,
289236608,EB,False,False,False,False,False,,
289247718,Junk (J),False,False,False,False,False,,
289250717,Junk (J),False,False,False,False,False,,
289264348,Planet (P),False,False,False,False,False,,
289299411,EB,False,True,False,True,False,102.0,102.0
289307883,Planet (P),False,False,False,False,False,,
289315619,Junk (J),False,False,False,False,False,,
289316285,Junk (J),False,False,False,False,False,,
289338228,Junk (J),False,False,False,False,False,,
289372185,Junk (J),False,False,False,False,False,,
289373041,Planet (P),False,False,False,False,False,,
289389326,Planet (P),False,True,False,True,False,102.0,102.0
289431048,EB,False,False,False,False,False,,
289441015,EB,False,False,False,False,False,,
289445553,Planet (P),False,True,False,True,False,102.0,102.0
289458389,Junk (J),False,False,False,False,False,,
289461248,Junk (J),False,False,False,False,False,,
289511011,Junk (J),False,False,False,False,False,,
289522943,Junk (J),False,False,False,False,False,,
289531659,Junk (J),False,False,False,False,False,,
289532144,Junk (J),False,False,False,False,False,,
289540757,Junk (J),False,False,False,False,False,,
289570068,Junk (J),False,False,False,False,False,,
289570935,Junk (J),False,False,False,False,False,,
289574465,Planet (P),False,False,False,False,False,,
289580577,Planet (P),False,False,False,False,False,,
289580892,Junk (J),False,False,False,False,False,,
289582691,Junk (J),False,False,False,False,False,,
289582823,Junk (J),False,False,False,False,False,,
289590465,Planet (P),False,False,False,False,False,,
289623592,Junk (J),False,False,False,False,False,,
289623738,Junk (J),False,False,False,False,False,,
289661991,Planet (P),False,False,False,False,False,,
289666986,Planet (P),False,False,False,False,False,,
289721816,Junk (J),False,False,False,False,False,,
289722757,Junk (J),False,False,False,False,False,,
289740847,EB,False,True,False,True,False,102.0,102.0
289785016,Junk (J),False,False,False,False,False,,
289793076,Planet (P),True,True,True,True,True,95.0,95.0
289844053,Junk (J),True,True,True,True,True,95.0,95.0
289895191,Planet (P),False,False,False,False,False,,
289931756,Planet (P),False,False,False,False,False,,
289943801,Junk (J),False,False,False,False,False,,
290002125,Junk (J),False,False,False,False,False,,
290004161,EB,False,False,False,False,False,,
290044434,EB,False,False,False,False,False,,
290049665,Junk (J),True,True,True,True,True,95.0,95.0
290076191,Junk (J),True,True,True,True,True,95.0,95.0
290076633,Junk (J),True,True,True,True,True,95.0,95.0
290076659,Junk (J),True,True,True,True,True,95.0,95.0
290131778,Planet (P),True,True,True,True,True,95.0,95.0
290146287,EB,False,True,False,True,False,103.0,103.0
290263093,Planet (P),False,True,False,True,False,100.0,100.0
290289792,Junk (J),False,False,False,False,False,,
290302097,Planet (P),False,False,False,False,False,,
290302491,Planet (P),True,True,True,True,True,103.0,103.0
290308758,Planet (P),False,False,False,False,False,,
290310072,Junk (J),False,False,False,False,False,,
290318883,EB,False,False,False,False,False,,
290337456,Planet (P),False,True,False,True,False,103.0,103.0
290348383,Planet (P),True,True,True,True,True,103.0,103.0
290356815,EB,False,True,False,True,False,101.0,101.0
290371999,Junk (J),True,True,True,True,True,103.0,103.0
290379875,Junk (J),True,True,True,True,True,94.0,94.0
290388627,Planet (P),False,True,False,True,False,100.0,100.0
290401951,Junk (J),True,True,True,True,True,103.0,103.0
290403522,Planet (P),True,True,True,True,True,103.0,103.0
290404896,Junk (J),True,True,True,True,True,103.0,103.0
290406699,Junk (J),False,True,False,True,False,101.0,101.0
290407621,Planet (P),False,False,False,False,False,,
290410012,EB,False,False,False,False,False,,
290415036,Planet (P),False,False,False,False,False,,
290472465,Junk (J),False,False,False,False,False,,
290504044,Planet (P),False,True,False,True,False,103.0,103.0
290552141,Junk (J),True,True,True,True,True,94.0,94.0
290552720,EB,True,True,True,True,True,94.0,94.0
290556268,Junk (J),True,True,True,True,True,94.0,94.0
290605311,Junk (J),False,False,False,False,False,,
290607182,Junk (J),False,False,False,False,False,,
290644871,Junk (J),False,True,False,True,False,99.0,99.0
290646655,Junk (J),True,True,True,True,True,95.0,95.0
290653746,EB,True,True,True,True,True,95.0,95.0
290665111,Junk (J),True,True,True,True,True,94.0,94.0
290714829,Junk (J),True,True,True,True,True,97.0,97.0
290766957,EB,False,False,False,False,False,,
290777444,Planet (P),True,True,True,True,True,97.0,97.0
290852515,EB,False,True,False,True,False,102.0,102.0
290911618,Junk (J),False,False,False,False,False,,
290913828,Junk (J),False,False,False,False,False,,
291013124,Planet (P),True,True,False,False,True,94.0,
291016451,Planet (P),False,False,False,False,False,,
291109653,Planet (P),False,False,False,False,False,,
291145873,EB,False,False,False,False,False,,
291147951,Planet (P),False,False,False,False,False,,
291198795,Planet (P),False,False,False,False,False,,
291332861,Planet (P),False,False,False,False,False,,
291374385,EB,False,True,False,True,False,102.0,102.0
291374558,Junk (J),False,True,False,True,False,102.0,102.0
291374857,Junk (J),False,True,False,True,False,102.0,102.0
291465998,Planet (P),False,False,False,False,False,,
291469139,Planet (P),False,False,False,False,False,,
291471222,Planet (P),False,False,False,False,False,,
291517604,Planet (P),False,True,False,True,False,103.0,103.0
291580615,Planet (P),False,False,False,False,False,,
291659438,EB,False,True,False,True,False,102.0,102.0
291668351,Planet (P),False,True,False,True,False,102.0,102.0
291685334,Planet (P),False,False,False,False,False,,
291743341,EB,False,True,False,True,False,103.0,103.0
291751373,Planet (P),False,False,False,False,False,,
291825023,EB,False,False,False,False,False,,
291831495,EB,False,False,False,False,False,,
291833006,EB,False,False,False,False,False,,
291857895,Planet (P),False,True,False,True,False,103.0,103.0
291892256,Junk (J),False,False,False,False,False,,
291895034,Junk (J),False,False,False,False,False,,
292012143,EB,False,False,False,False,False,,
292122717,EB,False,True,False,True,False,103.0,103.0
292125267,Planet (P),False,True,False,True,False,103.0,103.0
292125277,EB,False,True,False,True,False,103.0,103.0
292127048,EB,False,True,False,True,False,103.0,103.0
292127642,EB,False,True,False,True,False,103.0,103.0
292127687,EB,False,True,False,True,False,103.0,103.0
292152376,Planet (P),False,False,False,False,False,,
292202337,Planet (P),False,False,False,False,False,,
292214881,EB,True,True,True,True,True,94.0,94.0
292215414,Junk (J),True,True,True,True,True,94.0,94.0
292216354,Junk (J),True,True,True,True,True,94.0,94.0
292221593,Planet (P),False,True,False,True,False,102.0,102.0
292274582,EB,False,False,False,False,False,,
292321872,Planet (P),False,False,False,False,False,,
292349703,Planet (P),False,True,False,True,False,102.0,102.0
292405185,Junk (J),False,False,False,False,False,,
292414155,Junk (J),True,True,True,True,True,103.0,103.0
292438489,EB,False,True,False,True,False,102.0,102.0
292463254,Junk (J),False,False,False,False,False,,
292469572,Planet (P),False,False,False,False,False,,
292477426,Planet (P),True,True,True,True,True,103.0,103.0
292620754,Junk (J),False,True,False,True,False,103.0,103.0
292621123,Junk (J),False,True,False,True,False,103.0,103.0
292631794,Junk (J),False,True,False,True,False,103.0,103.0
292693046,EB,False,False,False,False,False,,
292726869,Junk (J),False,False,False,False,False,,
292776690,EB,True,True,True,True,True,103.0,103.0
292852583,Planet (P),False,False,False,False,False,,
292883193,EB,False,True,False,True,False,102.0,102.0
292889298,Planet (P),False,True,False,False,False,102.0,
292937494,EB,False,False,False,False,False,,
292937625,Junk (J),False,False,False,False,False,,
293075732,EB,False,True,False,True,False,103.0,103.0
293085735,EB,False,True,False,True,False,103.0,103.0
293112808,Junk (J),False,True,False,True,False,101.0,101.0
293165927,EB,True,True,True,True,True,98.0,98.0
293192349,Junk (J),False,False,False,False,False,,
293221057,Junk (J),True,True,True,True,True,98.0,98.0
293221526,Junk (J),True,True,True,True,True,98.0,98.0
293221812,Junk (J),True,True,True,True,True,98.0,98.0
293267224,Planet (P),False,False,False,False,False,,
293270278,Junk (J),True,True,True,True,True,98.0,98.0
293273274,Junk (J),True,True,True,True,True,98.0,98.0
293328247,EB,False,True,False,True,False,103.0,103.0
293331179,EB,False,True,False,True,False,102.0,102.0
293333013,EB,False,True,False,True,False,103.0,103.0
293333759,Junk (J),False,True,False,True,False,103.0,103.0
293346794,Junk (J),True,True,True,True,True,98.0,98.0
293348391,Junk (J),True,True,True,True,True,97.0,97.0
293391702,Junk (J),True,True,True,True,True,95.0,95.0
293407882,Planet (P),False,False,False,False,False,,
293432942,Planet (P),False,True,False,True,False,97.0,97.0
293435336,Planet (P),False,True,False,True,False,97.0,97.0
293436546,Junk (J),True,True,True,True,True,95.0,95.0
293437322,Junk (J),True,True,True,True,True,95.0,95.0
293438263,Junk (J),True,True,True,True,True,95.0,95.0
293439094,Junk (J),True,True,True,True,True,95.0,95.0
293457754,Planet (P),False,True,False,True,False,97.0,97.0
293463610,Junk (J),True,True,True,True,True,95.0,95.0
293464845,Junk (J),True,True,True,True,True,95.0,95.0
293480909,EB,True,True,True,True,True,95.0,95.0
293491569,Junk (J),False,True,False,True,False,103.0,103.0
293492383,Junk (J),False,True,False,True,False,103.0,103.0
293507903,Junk (J),True,True,True,True,True,103.0,103.0
293514367,Planet (P),False,True,False,True,False,98.0,98.0
293525651,EB,True,True,True,True,True,103.0,103.0
293547742,Planet (P),False,False,False,False,False,,
293571145,Junk (J),True,True,True,True,True,95.0,95.0
293580950,Junk (J),False,True,False,True,False,103.0,103.0
293583535,EB,False,True,False,True,False,102.0,102.0
293607057,Planet (P),False,True,False,True,False,100.0,100.0
293612446,Planet (P),False,True,False,True,False,98.0,98.0
293617835,Planet (P),False,False,False,False,False,,
293659829,Junk (J),False,True,False,True,False,103.0,103.0
293664120,EB,False,True,False,True,False,102.0,102.0
293687315,Planet (P),False,False,False,False,False,,
293708935,EB,False,True,False,True,False,102.0,102.0
293724685,Junk (J),False,True,False,True,False,103.0,103.0
293743169,Planet (P),False,False,False,False,False,,
293795606,Junk (J),False,True,False,True,False,103.0,103.0
293797383,EB,False,True,False,True,False,103.0,103.0
293853437,Planet (P),False,False,False,False,False,,
293877193,EB,False,False,False,False,False,,
293879776,Junk (J),False,False,False,False,False,,
293880523,Planet (P),False,False,False,False,False,,
293895431,Junk (J),False,True,False,True,False,103.0,103.0
293931909,Planet (P),False,False,False,False,False,,
293935281,Junk (J),True,True,True,True,True,98.0,98.0
293936892,Junk (J),True,True,True,True,True,98.0,98.0
293947995,Junk (J),False,False,False,False,False,,
293949992,Planet (P),False,False,False,False,False,,
293951433,Junk (J),False,False,False,False,False,,
293954617,Planet (P),False,False,False,False,False,,
293962038,Planet (P),False,True,False,True,False,102.0,102.0
293965384,Junk (J),False,True,False,True,False,103.0,103.0
293969808,Junk (J),True,True,True,True,True,98.0,98.0
293972623,Junk (J),True,True,True,True,True,98.0,98.0
293975350,Junk (J),True,True,True,True,True,98.0,98.0
293975385,Junk (J),True,True,True,True,True,98.0,98.0
294054226,Junk (J),True,True,True,True,True,98.0,98.0
294054484,Junk (J),True,True,True,True,True,98.0,98.0
294059372,EB,False,True,False,True,False,103.0,103.0
294059397,EB,False,True,False,True,False,103.0,103.0
294090620,Planet (P),False,True,False,True,False,99.0,99.0
294092484,Junk (J),True,True,True,True,True,98.0,98.0
294097225,Junk (J),True,True,True,True,True,96.0,96.0
294097592,Planet (P),True,True,False,False,True,98.0,
294097950,Junk (J),True,True,True,True,True,98.0,98.0
294148079,EB,False,True,False,True,False,103.0,103.0
294157994,Junk (J),True,True,True,True,True,96.0,96.0
294161486,Junk (J),True,True,True,True,True,98.0,98.0
294173437,Planet (P),False,False,False,False,False,,
294176967,Planet (P),False,False,False,False,False,,
294178086,Junk (J),False,False,False,False,False,,
294179385,Planet (P),False,False,False,False,False,,
294200378,EB,False,True,False,True,False,102.0,102.0
294200509,EB,False,True,False,True,False,102.0,102.0
294205251,Junk (J),True,True,True,True,True,98.0,98.0
294206168,Junk (J),True,True,True,True,True,98.0,98.0
294274829,Junk (J),True,True,True,True,True,98.0,98.0
294283846,EB,False,False,False,False,False,,
294295243,Planet (P),False,True,False,True,False,103.0,103.0
294299078,EB,False,True,False,True,False,103.0,103.0
294301883,Planet (P),False,False,False,False,False,,
294302307,Junk (J),False,False,False,False,False,,
294309873,Planet (P),False,False,False,False,False,,
294324819,Planet (P),True,True,True,True,True,96.0,96.0
294325257,EB,True,True,True,True,True,97.0,97.0
294327312,EB,True,True,True,True,True,98.0,98.0
294328121,Junk (J),True,True,True,True,True,98.0,98.0
294350792,Planet (P),False,False,False,False,False,,
294365631,Planet (P),False,True,False,True,False,99.0,99.0
294385899,Planet (P),False,False,False,False,False,,
294394558,Planet (P),False,False,False,False,False,,
294395926,Planet (P),True,True,True,True,True,96.0,96.0
294396667,EB,True,True,True,True,True,97.0,97.0
294434193,Planet (P),False,False,False,False,False,,
294437492,Junk (J),False,True,False,True,True,103.0,103.0
294471966,Planet (P),False,False,False,False,False,,
294497466,Planet (P),False,False,False,False,False,,
294500964,Planet (P),False,False,False,False,False,,
294535052,Junk (J),False,True,False,True,True,102.0,102.0
294594423,Planet (P),False,False,False,False,False,,
294611659,EB,False,True,False,True,False,103.0,103.0
294665880,Junk (J),True,True,True,True,True,98.0,98.0
294680768,Junk (J),False,True,False,True,True,103.0,103.0
294682347,Junk (J),False,True,False,True,True,103.0,103.0
294682685,Junk (J),False,True,False,True,True,103.0,103.0
294683638,EB,False,False,False,False,False,,
294683885,EB,False,False,False,False,False,,
294691204,Planet (P),False,True,False,True,False,103.0,103.0
294706486,EB,False,True,False,True,False,101.0,101.0
294751033,Junk (J),True,True,True,True,True,98.0,98.0
294765664,EB,False,True,False,True,False,103.0,103.0
294768072,Planet (P),False,True,False,True,False,103.0,103.0
294771559,Junk (J),False,True,False,True,True,103.0,103.0
294780517,EB,True,True,True,True,True,98.0,98.0
294781547,Planet (P),True,True,True,True,True,98.0,98.0
294871044,Planet (P),True,True,True,True,True,98.0,98.0
294871617,Junk (J),True,True,True,True,True,98.0,98.0
294873236,Junk (J),True,True,True,True,False,98.0,98.0
294885647,Junk (J),False,True,False,True,True,103.0,103.0
294890615,EB,False,True,False,True,False,103.0,103.0
294904059,Planet (P),False,False,False,False,False,,
294923253,Junk (J),True,True,True,True,True,98.0,98.0
294926952,Junk (J),True,True,True,True,True,98.0,98.0
294929542,Junk (J),True,True,True,True,False,98.0,98.0
294929660,Junk (J),True,True,True,True,False,98.0,98.0
294963033,EB,False,False,False,False,False,,
294981566,Planet (P),True,True,True,True,True,97.0,97.0
294982289,EB,True,True,True,True,True,98.0,98.0
295037866,Junk (J),False,False,False,False,False,,
295056494,EB,False,True,False,True,False,102.0,102.0
295093397,Planet (P),False,False,False,False,False,,
295123766,Junk (J),False,True,False,True,True,103.0,103.0
295125030,EB,False,True,False,True,False,103.0,103.0
295125033,EB,False,True,False,True,False,103.0,103.0
295137175,EB,False,False,False,False,False,,
295167241,EB,False,True,False,True,False,103.0,103.0
295169431,EB,False,True,False,True,False,103.0,103.0
295170362,Junk (J),False,True,False,True,False,103.0,103.0
295174363,EB,False,True,False,True,False,103.0,103.0
295178065,Junk (J),False,True,False,True,False,103.0,103.0
295197081,EB,False,True,False,True,False,102.0,102.0
295206687,Junk (J),False,False,False,False,False,,
295233473,Planet (P),False,True,False,True,False,100.0,100.0
295296524,EB,False,False,False,False,False,,
295302063,EB,False,False,False,False,False,,
295312916,Planet (P),False,True,False,True,False,103.0,103.0
295313132,EB,False,True,False,True,False,103.0,103.0
295376317,Junk (J),False,True,False,True,True,103.0,103.0
295440174,EB,False,False,False,False,False,,
295507430,Planet (P),False,True,False,True,False,100.0,100.0
295541511,Planet (P),False,True,False,True,False,103.0,103.0
295593712,Planet (P),False,True,False,True,False,103.0,103.0
295597936,Junk (J),False,True,False,True,False,103.0,103.0
295647440,Junk (J),False,True,False,True,False,103.0,103.0
295647445,Junk (J),False,True,False,True,False,103.0,103.0
295807211,Junk (J),False,False,False,False,False,,
295858190,EB,False,True,False,True,False,101.0,101.0
295863057,EB,False,True,False,True,False,101.0,101.0
295947393,EB,False,False,False,False,False,,
296012680,EB,False,False,False,False,False,,
296042938,Junk (J),False,True,False,True,False,103.0,103.0
296113066,EB,False,True,False,True,False,102.0,102.0
296264751,Junk (J),False,True,False,True,False,103.0,103.0
296326537,Junk (J),False,False,False,False,False,,
296327387,Planet (P),False,False,False,False,False,,
296461391,Planet (P),False,False,False,False,False,,
296670796,Planet (P),False,True,False,True,False,102.0,102.0
296737508,Planet (P),False,True,False,True,False,99.0,99.0
296739893,Planet (P),False,True,False,True,False,99.0,99.0
296790596,Junk (J),False,True,False,True,False,100.0,100.0
296850254,Planet (P),False,True,False,True,False,100.0,100.0
296884922,Junk (J),False,False,False,False,False,,
296898634,Planet (P),False,False,False,False,False,,
297032911,EB,False,False,False,False,False,,
297148017,Planet (P),False,False,False,False,False,,
297153209,Planet (P),False,False,False,False,False,,
297259536,Junk (J),False,False,False,False,False,,
297361900,Planet (P),False,True,False,True,False,100.0,100.0
297412143,EB,False,False,False,False,False,,
297457992,Planet (P),False,True,False,True,False,100.0,100.0
297662647,EB,False,True,False,True,False,100.0,100.0
297668572,Planet (P),False,True,False,True,False,99.0,99.0
297853363,Planet (P),False,False,False,False,False,,
297950791,Planet (P),False,True,False,True,False,103.0,103.0
297967252,Planet (P),False,False,False,False,False,,
297983686,Junk (J),False,False,False,False,False,,
298049015,Planet (P),False,False,False,False,False,,
298070500,Planet (P),False,False,False,False,False,,
298071718,Junk (J),False,False,False,False,False,,
298073824,Junk (J),False,False,False,False,False,,
298074043,Planet (P),False,False,False,False,False,,
298074836,Planet (P),False,False,False,False,False,,
298092751,Junk (J),False,False,False,False,False,,
298108871,Junk (J),False,False,False,False,False,,
298162313,Junk (J),False,False,False,False,False,,
298165335,Junk (J),False,False,False,False,False,,
298165552,Junk (J),False,False,False,False,False,,
298206077,Planet (P),False,False,False,False,False,,
298246172,Junk (J),False,False,False,False,False,,
298264260,Planet (P),False,False,False,False,False,,
298297931,Planet (P),False,False,False,False,False,,
298309266,EB,False,False,False,False,False,,
298372701,Planet (P),False,True,False,True,False,103.0,103.0
298421458,EB,False,False,False,False,False,,
298428237,Planet (P),False,False,False,False,False,,
298434566,Junk (J),False,False,False,False,False,,
298437387,Planet (P),False,False,False,False,False,,
298484531,Junk (J),False,False,False,False,False,,
298544913,EB,False,False,False,False,False,,
298553351,Junk (J),False,False,False,False,False,,
298554256,Junk (J),False,False,False,False,False,,
298600588,Junk (J),False,False,False,False,False,,
298646916,Junk (J),False,False,False,False,False,,
298646999,Junk (J),False,False,False,False,False,,
298647682,Planet (P),False,False,False,False,False,,
298658399,Planet (P),False,False,False,False,False,,
298663873,Planet (P),False,False,False,False,False,,
298666271,Junk (J),False,False,False,False,False,,
298729646,Planet (P),False,False,False,False,False,,
298730971,Junk (J),False,False,False,False,False,,
298731285,Junk (J),False,False,False,False,False,,
298731532,Junk (J),False,False,False,False,False,,
298733302,Junk (J),False,False,False,False,False,,
298734307,Junk (J),False,False,False,False,False,,
298734901,Junk (J),False,False,False,False,False,,
298752252,Planet (P),False,False,False,False,False,,
298753279,Junk (J),False,False,False,False,False,,
298756723,EB,False,False,False,False,False,,
298757219,EB,False,False,False,False,False,,
298776943,Planet (P),False,False,False,False,False,,
298785859,Junk (J),False,False,False,False,False,,
298786750,Junk (J),False,False,False,False,False,,
298808701,Junk (J),False,False,False,False,False,,
298829544,Planet (P),False,False,False,False,False,,
298830526,Junk (J),False,False,False,False,False,,
298832266,Junk (J),False,False,False,False,False,,
298893903,Junk (J),False,False,False,False,False,,
298946836,Planet (P),False,True,False,True,False,103.0,103.0
298961315,Junk (J),False,True,False,True,False,98.0,98.0
298962001,Junk (J),False,False,False,False,False,,
298967322,Junk (J),False,False,False,False,False,,
298981199,Planet (P),False,True,False,True,False,98.0,98.0
299023386,Planet (P),False,False,False,False,False,,
299024899,Junk (J),False,False,False,False,False,,
299087490,Planet (P),False,False,False,False,False,,
299088891,Junk (J),False,False,False,False,False,,
299090842,Junk (J),False,False,False,False,False,,
299158887,Planet (P),False,False,False,False,False,,
299160301,EB,False,False,False,False,False,,
299160663,Junk (J),False,False,False,False,False,,
299206949,Junk (J),False,False,False,False,False,,
299305353,EB,False,True,False,True,False,102.0,102.0
299494754,EB,False,False,False,False,False,,
299551666,Planet (P),False,False,False,False,False,,
299616106,Junk (J),False,True,False,True,False,103.0,103.0
299676849,EB,False,True,False,True,False,102.0,102.0
299778431,Junk (J),True,True,True,True,False,95.0,95.0
299778628,EB,True,True,True,True,True,95.0,95.0
299779868,EB,True,True,True,True,True,95.0,95.0
299780329,Planet (P),True,True,True,True,True,95.0,95.0
299780492,Junk (J),True,True,True,True,False,95.0,95.0
299798694,EB,False,True,False,True,False,102.0,102.0
299798795,Planet (P),True,True,True,True,True,95.0,95.0
299799658,Planet (P),True,True,True,True,True,95.0,95.0
299876474,Planet (P),False,True,False,True,False,103.0,103.0
299897516,Planet (P),True,True,True,True,True,103.0,103.0
299901252,Junk (J),True,True,True,True,True,98.0,98.0
299932818,Junk (J),True,True,True,True,False,94.0,94.0
299936689,Junk (J),True,True,True,True,True,94.0,94.0
299940665,Junk (J),True,True,True,True,True,98.0,98.0
299940906,Junk (J),True,True,True,True,True,98.0,98.0
299945285,Planet (P),True,True,True,True,True,98.0,98.0
300000680,EB,False,False,False,False,False,,
300016698,Junk (J),True,True,True,True,False,94.0,94.0
300019675,Junk (J),True,True,True,True,True,94.0,94.0
300019694,EB,True,True,True,True,True,94.0,94.0
300022686,Junk (J),True,True,True,True,True,94.0,94.0
300023210,Junk (J),False,False,False,False,True,,
300024838,Junk (J),False,False,False,False,True,,
300029336,Junk (J),False,False,False,False,False,,
300033719,Junk (J),True,True,True,True,True,98.0,98.0
300034498,EB,True,True,True,True,True,98.0,98.0
300038935,Planet (P),True,True,True,True,True,98.0,98.0
300078424,Junk (J),True,True,True,True,True,94.0,94.0
300082027,Junk (J),True,True,True,True,True,94.0,94.0
300086670,Junk (J),True,True,True,True,True,98.0,98.0
300086757,EB,True,True,True,True,True,98.0,98.0
300088692,Junk (J),True,True,True,True,True,98.0,98.0
300137626,Junk (J),True,True,True,True,True,98.0,98.0
300140870,EB,True,True,True,True,True,98.0,98.0
300141054,Junk (J),True,True,True,True,True,98.0,98.0
300153630,Junk (J),True,True,True,True,True,94.0,94.0
300154014,Junk (J),True,True,True,True,True,94.0,94.0
300163920,Junk (J),True,True,True,True,True,98.0,98.0
300169440,EB,False,True,False,True,False,103.0,103.0
300204369,Planet (P),False,True,False,True,False,98.0,98.0
300217480,Junk (J),True,True,True,True,True,94.0,94.0
300234002,EB,False,True,False,True,False,102.0,102.0
300241204,Junk (J),True,True,True,True,True,98.0,98.0
300243083,Junk (J),True,True,True,True,True,98.0,98.0
300272165,EB,False,True,False,True,False,103.0,103.0
300283476,Junk (J),True,True,True,True,True,94.0,94.0
300290092,Junk (J),True,True,True,True,True,98.0,98.0
300291165,Junk (J),True,True,True,True,True,98.0,98.0
300291296,Junk (J),True,True,True,True,True,98.0,98.0
300291839,EB,True,True,True,True,True,98.0,98.0
300324532,Junk (J),True,True,True,True,True,98.0,98.0
300328617,Junk (J),True,True,True,True,True,98.0,98.0
300329841,Junk (J),True,True,True,True,True,98.0,98.0
300329882,Junk (J),True,True,True,True,True,98.0,98.0
300357385,Junk (J),True,True,True,True,True,94.0,94.0
300378163,Junk (J),True,True,True,True,True,98.0,98.0
300379485,Junk (J),True,True,True,True,True,98.0,98.0
300380793,Junk (J),True,True,True,True,True,98.0,98.0
300405121,EB,True,True,True,True,True,94.0,94.0
300446210,EB,True,True,True,True,True,98.0,98.0
300448520,EB,True,True,True,True,True,98.0,98.0
300509670,Junk (J),True,True,True,True,True,98.0,98.0
300512272,Junk (J),True,True,True,True,True,98.0,98.0
300512509,Junk (J),True,True,True,True,True,98.0,98.0
300556363,Junk (J),True,True,True,True,True,98.0,98.0
300556816,Junk (J),True,True,True,True,True,98.0,98.0
300557360,Junk (J),True,True,True,True,True,98.0,98.0
300559128,EB,True,True,True,True,True,98.0,98.0
300561691,Junk (J),True,True,True,True,True,98.0,98.0
300579472,Planet (P),True,True,True,True,True,95.0,95.0
300604770,Planet (P),True,True,True,True,True,98.0,98.0
300607243,Junk (J),False,False,False,False,True,,
300654002,EB,True,True,True,True,True,98.0,98.0
300664543,Junk (J),True,True,True,True,True,94.0,94.0
300706758,Junk (J),True,True,True,True,True,98.0,98.0
300707975,Junk (J),True,True,True,True,True,98.0,98.0
300710077,Planet (P),True,True,True,True,True,98.0,98.0
300734047,Junk (J),True,True,True,True,True,94.0,94.0
300734224,Junk (J),True,True,True,True,False,94.0,94.0
300740521,Junk (J),True,True,True,True,True,98.0,98.0
300744970,Junk (J),True,True,True,True,True,98.0,98.0
300745616,Junk (J),True,True,True,True,True,98.0,98.0
300745654,Junk (J),True,True,True,True,True,98.0,98.0
300745939,Junk (J),True,True,True,True,True,98.0,98.0
300808301,Junk (J),True,True,True,True,True,98.0,98.0
300808529,Junk (J),True,True,True,True,True,98.0,98.0
300808633,Junk (J),True,True,True,True,True,98.0,98.0
300809629,Junk (J),True,True,True,True,True,98.0,98.0
300812741,Planet (P),True,True,True,True,True,98.0,98.0
300864409,Junk (J),True,True,True,True,True,98.0,98.0
300869159,Junk (J),True,True,True,True,True,98.0,98.0
300871126,Junk (J),True,True,True,True,True,98.0,98.0
300871153,Junk (J),True,True,True,True,True,98.0,98.0
300871545,EB,True,True,True,True,True,98.0,98.0
300933636,Junk (J),True,True,True,True,True,98.0,98.0
300938300,Junk (J),True,True,True,True,True,98.0,98.0
300969635,EB,True,True,True,True,True,98.0,98.0
301035553,Planet (P),False,False,False,False,False,,
301100741,Junk (J),False,False,False,False,False,,
301235044,Planet (P),False,False,False,False,False,,
301247383,Planet (P),False,True,False,True,False,103.0,103.0
301248781,Planet (P),False,True,False,True,False,102.0,102.0
301250702,Junk (J),False,True,False,True,False,103.0,103.0
301263680,Junk (J),False,False,False,False,False,,
301263808,Junk (J),False,False,False,False,False,,
301264529,Junk (J),False,False,False,False,False,,
301264701,Junk (J),False,False,False,False,False,,
301289516,Planet (P),False,False,False,False,False,,
301409769,Junk (J),False,False,False,False,False,,
301414902,Planet (P),False,False,False,False,False,,
301453724,Junk (J),False,True,False,True,True,103.0,103.0
301455423,Planet (P),False,True,False,True,False,103.0,103.0
301455720,EB,False,True,False,True,False,102.0,102.0
301610395,Junk (J),False,True,False,True,False,103.0,103.0
301683643,Junk (J),False,True,False,True,False,103.0,103.0
301685023,Junk (J),False,True,False,True,False,103.0,103.0
301685536,Junk (J),False,True,False,True,False,103.0,103.0
301688245,Junk (J),False,True,False,True,False,103.0,103.0
301750630,EB,False,True,False,True,False,103.0,103.0
301793286,Junk (J),True,True,True,True,True,95.0,95.0
301829477,Junk (J),False,False,False,False,False,,
301846712,Junk (J),False,True,False,True,False,102.0,102.0
301893786,EB,False,True,False,True,False,103.0,103.0
301896030,EB,False,True,False,True,False,102.0,102.0
301897558,EB,False,True,False,True,False,103.0,103.0
301900477,Planet (P),False,True,False,True,False,103.0,103.0
301956342,EB,False,True,False,True,False,103.0,103.0
301986302,Planet (P),False,False,False,False,False,,
301991463,Planet (P),False,False,False,False,False,,
302003748,Planet (P),True,True,True,True,True,96.0,96.0
302038263,EB,False,True,False,False,False,98.0,
302054555,Planet (P),False,True,False,True,False,103.0,103.0
302056527,Junk (J),False,True,False,True,False,103.0,103.0
302079511,Junk (J),False,False,False,False,False,,
302107639,Junk (J),False,True,False,True,True,103.0,103.0
302154601,Junk (J),False,False,False,False,False,,
302155790,Junk (J),False,False,False,False,False,,
302173245,Planet (P),False,False,False,False,False,,
302201081,Planet (P),False,False,False,False,False,,
302202317,Planet (P),False,False,False,False,False,,
302212110,Planet (P),False,True,False,True,False,98.0,98.0
302305400,Planet (P),False,False,False,False,False,,
302307924,Junk (J),False,False,False,False,False,,
302330479,Junk (J),False,False,False,False,False,,
302331897,Junk (J),False,False,False,False,False,,
302381397,Planet (P),False,False,False,False,False,,
302381442,Planet (P),False,False,False,False,False,,
302386283,EB,False,False,False,False,False,,
302419660,Planet (P),False,True,False,True,False,98.0,98.0
302453291,Planet (P),True,True,True,True,True,95.0,95.0
302470965,Planet (P),False,False,False,False,False,,
302518439,Planet (P),False,False,False,False,False,,
302527524,Planet (P),False,False,False,False,False,,
302543184,Junk (J),False,False,False,False,False,,
302547132,Junk (J),False,False,False,False,False,,
302591223,Junk (J),False,False,False,False,False,,
302621407,Junk (J),False,False,False,False,False,,
302659412,Planet (P),False,False,False,False,False,,
302668828,EB,False,False,False,False,False,,
302668885,Junk (J),False,False,False,False,False,,
302670942,Junk (J),False,False,False,False,False,,
302757439,Junk (J),False,False,False,False,False,,
302759417,Planet (P),False,True,False,True,False,98.0,98.0
302766000,Planet (P),False,True,False,True,False,98.0,98.0
302773669,Planet (P),False,False,False,False,False,,
302798365,Planet (P),False,False,False,False,False,,
302814895,Planet (P),False,False,False,False,False,,
302895184,Planet (P),False,True,False,True,False,98.0,98.0
302908969,Planet (P),False,False,False,False,False,,
302924206,Planet (P),True,True,True,True,True,96.0,96.0
302965287,Junk (J),True,True,True,True,True,95.0,95.0
302966331,Junk (J),True,True,True,True,True,95.0,95.0
302966912,Junk (J),True,True,True,True,True,95.0,95.0
302967884,Junk (J),True,True,True,True,True,98.0,98.0
302968162,Junk (J),True,True,True,True,True,95.0,95.0
302976834,Planet (P),False,True,False,True,False,98.0,98.0
302987386,Junk (J),True,True,True,True,True,95.0,95.0
302987393,Junk (J),True,True,True,True,True,95.0,95.0
302987734,Junk (J),True,True,True,True,True,95.0,95.0
302988499,EB,True,True,True,True,True,97.0,97.0
302989866,Junk (J),True,True,True,True,True,94.0,94.0
303030789,Planet (P),False,False,False,False,False,,
303055194,Planet (P),False,False,False,False,False,,
303123055,EB,False,True,False,True,False,100.0,100.0
303204165,Planet (P),False,False,False,False,False,,
303217455,EB,False,False,False,False,False,,
303247444,Junk (J),False,False,False,False,False,,
303264387,EB,False,True,False,True,False,103.0,103.0
303317324,Planet (P),True,True,True,True,True,96.0,96.0
303327435,Planet (P),False,True,False,True,False,100.0,100.0
303348471,Junk (J),False,False,False,False,False,,
303351921,EB,False,False,False,False,False,,
303364023,Planet (P),False,False,False,False,False,,
303365060,EB,False,False,False,False,False,,
303385111,Planet (P),False,True,False,True,False,103.0,103.0
303426966,Planet (P),False,True,False,True,False,100.0,100.0
303432813,Planet (P),False,False,False,False,False,,
303448354,Junk (J),False,False,False,False,False,,
303456821,Planet (P),False,False,False,False,False,,
303502327,Planet (P),False,False,False,False,False,,
303513094,EB,False,True,False,True,False,100.0,100.0
303523128,Planet (P),False,False,False,False,False,,
303533913,Junk (J),False,True,False,True,True,102.0,102.0
303537034,Junk (J),False,True,False,True,True,103.0,103.0
303586471,Planet (P),True,True,True,True,True,96.0,96.0
303609500,EB,False,False,False,False,False,,
303614800,EB,False,True,False,True,False,102.0,102.0
303617735,Planet (P),False,True,False,True,False,103.0,103.0
303652844,EB,False,True,False,True,False,103.0,103.0
303686889,Planet (P),False,False,False,False,False,,
303701177,Junk (J),False,True,False,True,False,102.0,102.0
303704945,Junk (J),False,True,False,True,True,102.0,102.0
303739560,EB,False,True,False,True,False,100.0,100.0
303773653,Junk (J),False,False,False,False,False,,
303785997,EB,False,True,False,True,False,102.0,102.0
303789830,EB,False,True,False,True,False,103.0,103.0
303814029,Planet (P),False,True,False,True,False,100.0,100.0
303828241,Junk (J),False,False,False,False,False,,
303841100,EB,False,True,False,True,False,103.0,103.0
303842892,EB,False,True,False,True,False,103.0,103.0
303845494,Junk (J),False,True,False,True,True,103.0,103.0
303861796,EB,False,False,False,False,False,,
303883791,EB,False,True,False,True,False,100.0,100.0
303894818,Junk (J),False,True,False,True,False,103.0,103.0
303909865,EB,True,True,True,True,True,95.0,95.0
303910111,Junk (J),True,True,True,True,True,95.0,95.0
303910522,Junk (J),True,True,True,True,True,96.0,96.0
303912695,Junk (J),False,True,False,True,True,103.0,103.0
303937677,EB,False,True,False,True,False,100.0,100.0
303952517,Junk (J),True,True,True,True,True,95.0,95.0
303959015,Junk (J),False,False,False,False,False,,
303963430,Junk (J),False,False,False,False,False,,
303966807,EB,False,False,False,False,False,,
303976339,Junk (J),True,True,True,True,True,95.0,95.0
303994011,EB,False,True,False,True,False,103.0,103.0
304002474,EB,False,True,False,True,False,100.0,100.0
304003937,EB,False,True,False,True,False,100.0,100.0
304025075,Planet (P),False,False,False,False,False,,
304036054,Junk (J),True,True,True,True,True,96.0,96.0
304038623,EB,False,True,False,True,False,100.0,100.0
304056132,Junk (J),True,True,True,True,True,96.0,96.0
304071817,EB,False,True,False,True,False,103.0,103.0
304085024,Planet (P),False,False,False,False,False,,
304093536,Junk (J),True,True,True,True,True,96.0,96.0
304100538,Planet (P),True,True,True,True,True,96.0,96.0
304102150,Junk (J),True,True,True,True,True,96.0,96.0
304130406,Planet (P),True,True,False,False,True,103.0,
304131768,Junk (J),True,True,True,True,False,95.0,95.0
304142124,Planet (P),False,True,False,True,False,99.0,99.0
304172137,EB,False,False,False,False,False,,
304207916,Junk (J),False,True,False,True,False,103.0,103.0
304274584,EB,False,True,False,True,False,103.0,103.0
304278371,Junk (J),False,True,False,True,False,100.0,100.0
304279039,EB,False,True,False,True,False,100.0,100.0
304294908,EB,False,True,False,True,False,100.0,100.0
304339227,Planet (P),False,True,False,True,False,103.0,103.0
304340612,Junk (J),False,True,False,True,False,103.0,103.0
304343052,EB,False,True,False,True,False,103.0,103.0
304349901,EB,False,False,False,False,False,,
304363215,Planet (P),False,True,False,True,False,100.0,100.0
304373518,Junk (J),False,False,False,False,False,,
304379819,Junk (J),False,False,False,False,False,,
304394244,Junk (J),False,False,False,False,False,,
304408387,Junk (J),False,True,False,True,False,103.0,103.0
304425968,EB,False,True,False,True,False,100.0,100.0
304426002,Planet (P),False,True,False,True,False,100.0,100.0
304427679,EB,False,True,False,True,False,100.0,100.0
304430662,Planet (P),False,True,False,True,False,103.0,103.0
304474212,Junk (J),False,True,False,True,False,103.0,103.0
304479973,Junk (J),True,True,True,True,True,103.0,103.0
304495144,Junk (J),False,False,False,False,False,,
304514922,Planet (P),False,False,False,False,False,,
304525254,Junk (J),False,False,False,False,False,,
304543556,Junk (J),False,False,False,False,True,,
304548927,EB,True,True,True,True,True,94.0,94.0
304593803,Junk (J),True,True,True,True,False,103.0,103.0
304594537,Junk (J),True,True,True,True,False,103.0,103.0
304622998,EB,True,True,True,True,True,94.0,94.0
304624330,Junk (J),True,True,True,True,True,94.0,94.0
304690618,Planet (P),False,True,False,True,False,103.0,103.0
304695574,Planet (P),True,True,True,True,True,103.0,103.0
304707674,Junk (J),True,True,True,True,True,94.0,94.0
304727279,Junk (J),False,True,False,True,False,103.0,103.0
304729610,EB,True,True,True,True,True,103.0,103.0
304729846,EB,True,True,True,True,True,103.0,103.0
304755534,Junk (J),False,False,False,False,False,,
304793244,Junk (J),True,True,True,True,False,103.0,103.0
304799965,Junk (J),True,True,True,True,False,103.0,103.0
304809203,Planet (P),False,True,False,True,False,100.0,100.0
304817832,EB,False,True,False,True,False,100.0,100.0
304862653,EB,True,True,True,True,True,103.0,103.0
304864057,Junk (J),True,True,True,True,False,103.0,103.0
304893516,EB,False,True,False,True,False,100.0,100.0
304894205,EB,False,True,False,True,False,100.0,100.0
304897263,Junk (J),False,True,False,False,False,103.0,
304944852,EB,False,True,False,True,False,100.0,100.0
304950588,Planet (P),False,True,False,True,False,100.0,100.0
304952247,EB,False,True,False,True,False,100.0,100.0
305048087,Planet (P),True,True,True,True,True,96.0,96.0
305048116,Planet (P),True,True,True,True,True,96.0,96.0
305160955,EB,False,False,False,False,False,,
305237091,Junk (J),False,False,False,False,False,,
305243225,Planet (P),False,False,False,False,False,,
305252864,EB,False,False,False,False,False,,
305291305,Junk (J),False,False,False,False,False,,
305346623,EB,False,True,False,True,False,100.0,100.0
305375273,EB,False,True,False,True,False,100.0,100.0
305383753,Junk (J),False,False,False,False,False,,
305399324,EB,False,False,False,False,False,,
305399325,EB,False,False,False,False,False,,
305424003,Planet (P),False,True,False,True,False,103.0,103.0
305479069,Junk (J),False,False,False,False,False,,
305492348,Planet (P),False,True,False,True,False,100.0,100.0
305506996,Planet (P),False,False,False,False,False,,
305542297,Junk (J),False,False,False,False,False,,
305592810,Junk (J),False,True,False,True,False,102.0,102.0
305612552,Planet (P),False,False,False,False,False,,
305636986,Junk (J),False,False,False,False,False,,
305650393,EB,False,False,False,False,False,,
305667404,Junk (J),False,True,False,True,True,103.0,103.0
305671743,EB,False,True,False,True,False,103.0,103.0
305675526,Junk (J),False,True,False,True,True,102.0,102.0
305730050,EB,False,True,False,True,False,100.0,100.0
305731269,EB,False,True,False,True,False,100.0,100.0
305739565,Planet (P),False,True,False,True,False,102.0,102.0
305744241,EB,False,True,False,True,False,102.0,102.0
305761174,EB,False,True,False,True,False,103.0,102.0
305765400,EB,False,True,False,True,False,103.0,103.0
305767364,Planet (P),False,True,False,True,False,103.0,103.0
305790119,Planet (P),False,False,False,False,False,,
305794704,Junk (J),False,False,False,False,False,,
305810217,EB,False,True,False,True,False,100.0,100.0
305831774,Junk (J),False,False,False,False,False,,
305839017,EB,False,True,False,True,False,103.0,103.0
305876160,EB,False,False,False,False,False,,
305890039,EB,False,True,False,False,False,100.0,
305894034,EB,False,True,False,True,False,100.0,100.0
305932274,Junk (J),False,True,False,True,True,103.0,103.0
305942749,EB,False,True,False,True,False,103.0,103.0
305948428,Planet (P),False,False,False,False,False,,
305950212,Junk (J),False,True,False,True,True,103.0,103.0
306047999,EB,False,True,False,True,False,100.0,100.0
306059878,EB,False,False,False,False,False,,
306103027,EB,False,True,False,True,False,103.0,103.0
306103891,EB,False,True,False,True,False,103.0,103.0
306105850,Junk (J),False,True,False,True,True,102.0,102.0
306108732,Junk (J),False,True,False,True,False,103.0,103.0
306108833,Junk (J),False,True,False,True,False,103.0,103.0
306114087,EB,False,False,False,False,False,,
306115118,Junk (J),False,False,False,False,False,,
306132641,EB,False,True,False,True,False,100.0,100.0
306179642,Junk (J),False,False,False,False,False,,
306188433,Junk (J),False,False,False,False,False,,
306204904,Planet (P),False,False,False,False,False,,
306248357,Planet (P),False,True,False,True,False,100.0,100.0
306249066,Planet (P),False,True,False,True,False,100.0,100.0
306255021,Planet (P),False,True,False,True,False,99.0,99.0
306263608,Planet (P),False,False,False,False,False,,
306268580,EB,False,True,False,True,False,103.0,103.0
306295996,EB,False,True,False,True,False,100.0,100.0
306296537,EB,False,True,False,True,False,100.0,100.0
306305751,Junk (J),False,False,False,False,False,,
306306406,EB,False,False,False,False,False,,
306337838,Planet (P),False,True,False,True,False,97.0,97.0
306351964,EB,False,True,False,True,False,103.0,103.0
306357593,Junk (J),False,True,False,True,False,103.0,103.0
306357884,Planet (P),False,True,False,True,False,103.0,103.0
306357959,EB,False,True,False,True,False,103.0,103.0
306362738,Planet (P),False,True,False,True,False,98.0,98.0
306363166,Planet (P),False,True,False,True,False,98.0,98.0
306385060,EB,False,True,False,True,False,100.0,100.0
306385684,EB,False,True,False,True,False,100.0,100.0
306385801,EB,False,True,False,True,False,100.0,100.0
306388620,Junk (J),False,True,False,True,False,100.0,100.0
306401382,Planet (P),False,False,False,False,False,,
306420962,EB,False,True,False,False,False,100.0,
306420990,EB,False,True,False,True,False,100.0,100.0
306426530,Junk (J),False,False,False,False,False,,
306472057,Planet (P),True,True,True,True,True,98.0,98.0
306485267,Planet (P),False,False,False,False,False,,
306494532,EB,False,True,False,False,False,100.0,
306508587,Junk (J),True,True,True,True,False,98.0,98.0
306510653,Planet (P),True,True,True,True,True,98.0,98.0
306511505,EB,True,True,True,True,True,98.0,98.0
306512967,Planet (P),True,True,True,True,True,98.0,98.0
306523362,Junk (J),False,True,False,True,False,102.0,102.0
306524493,Junk (J),False,True,False,True,False,103.0,103.0
306526708,Junk (J),False,True,False,True,False,103.0,103.0
306528129,Junk (J),False,True,False,True,False,103.0,103.0
306547699,Planet (P),False,True,False,True,False,100.0,100.0
306576060,Junk (J),True,True,True,True,False,98.0,98.0
306580216,EB,True,True,True,True,True,98.0,98.0
306604742,Planet (P),False,False,False,False,False,,
306631660,Junk (J),True,True,True,True,False,98.0,98.0
306635088,EB,True,True,True,True,True,98.0,98.0
306637832,Junk (J),True,True,True,True,True,98.0,98.0
306643277,Junk (J),False,True,False,True,True,103.0,103.0
306648160,Planet (P),False,True,False,True,False,103.0,103.0
306663205,Planet (P),False,False,False,False,False,,
306682609,EB,False,True,False,True,False,100.0,100.0
306724702,Junk (J),False,True,False,True,True,103.0,103.0
306727717,Junk (J),False,True,False,True,True,102.0,102.0
306735270,Junk (J),True,True,True,True,True,98.0,98.0
306736802,Junk (J),True,True,True,True,True,98.0,98.0
306737455,Junk (J),True,True,True,True,True,98.0,98.0
306737701,Junk (J),True,True,True,True,True,98.0,98.0
306740396,Junk (J),True,True,True,True,True,98.0,98.0
306742097,Junk (J),True,True,True,True,True,98.0,98.0
306770605,EB,False,False,False,False,False,,
306771735,Junk (J),True,True,True,True,False,98.0,98.0
306772814,Junk (J),True,True,True,True,False,98.0,98.0
306776462,Junk (J),True,True,True,True,False,98.0,98.0
306778213,Junk (J),True,True,True,True,True,98.0,98.0
306779192,Junk (J),True,True,True,True,True,98.0,98.0
306798564,EB,False,True,False,True,False,100.0,100.0
306822272,Junk (J),True,True,True,True,True,98.0,98.0
306822532,Junk (J),True,True,True,True,True,98.0,98.0
306823450,Junk (J),True,True,True,True,False,98.0,98.0
306823776,EB,True,True,True,True,True,98.0,98.0
306846813,EB,False,True,False,True,False,100.0,100.0
306890368,Junk (J),False,True,False,True,True,103.0,103.0
306890690,EB,False,True,False,True,False,103.0,103.0
306894248,Junk (J),True,True,True,True,True,98.0,98.0
306894886,Junk (J),True,True,True,True,True,98.0,98.0
306895522,Junk (J),True,True,True,True,True,98.0,98.0
306896053,EB,True,True,True,True,True,98.0,98.0
306897664,Junk (J),True,True,True,True,True,98.0,98.0
306903715,Planet (P),False,False,False,False,False,,
306919011,EB,False,True,False,True,False,100.0,100.0
306928528,EB,True,True,True,True,True,98.0,98.0
306933539,Junk (J),True,True,True,True,True,98.0,98.0
306942925,EB,False,False,False,False,False,,
306951699,Junk (J),False,False,False,False,False,,
306955329,Planet (P),False,False,False,False,False,,
306971798,EB,False,True,False,True,False,100.0,100.0
306979614,Junk (J),False,True,False,True,False,103.0,103.0
306981323,EB,False,True,False,True,False,102.0,102.0
306987941,EB,False,True,False,True,False,103.0,103.0
306990399,Planet (P),False,True,False,True,False,103.0,103.0
306996324,Planet (P),False,True,False,True,False,101.0,101.0
307035011,Junk (J),True,True,True,True,True,98.0,98.0
307035477,Junk (J),True,True,True,True,True,98.0,98.0
307036514,Junk (J),True,True,True,True,False,98.0,98.0
307037463,Junk (J),True,True,True,True,True,98.0,98.0
307079330,Planet (P),False,True,False,True,False,100.0,100.0
307082925,Junk (J),False,True,False,True,False,100.0,100.0
307083540,Junk (J),True,True,True,True,True,98.0,98.0
307099276,Planet (P),False,True,False,True,False,100.0,100.0
307153959,EB,False,True,False,True,False,103.0,103.0
307154237,Junk (J),False,True,False,True,True,103.0,103.0
307158273,Junk (J),True,True,True,True,True,98.0,98.0
307175629,EB,False,False,False,False,False,,
307201632,Planet (P),False,False,False,False,False,,
307210830,Planet (P),True,True,True,True,True,98.0,98.0
307221757,Planet (P),False,True,False,True,False,102.0,102.0
307232923,Planet (P),False,True,False,True,False,103.0,103.0
307235090,Junk (J),False,True,False,True,False,102.0,102.0
307291050,Junk (J),True,True,True,True,True,98.0,98.0
307293443,EB,False,False,False,False,False,,
307312383,EB,False,True,False,True,False,102.0,102.0
307314326,EB,False,True,False,False,False,102.0,
307314350,EB,False,True,False,True,False,102.0,102.0
307320565,Planet (P),False,True,False,True,False,103.0,103.0
307326727,Junk (J),False,True,False,True,False,103.0,103.0
307366709,Planet (P),True,True,True,True,True,98.0,98.0
307375528,Planet (P),False,False,False,False,False,,
307423445,EB,False,True,False,True,False,103.0,103.0
307424514,EB,False,True,False,False,False,103.0,
307435285,EB,True,True,False,False,True,98.0,
307484741,EB,False,False,False,False,False,,
307532400,EB,False,True,False,True,False,103.0,103.0
307615132,EB,False,False,False,False,False,,
307693244,EB,False,True,False,True,False,100.0,100.0
307710819,EB,True,True,True,True,True,98.0,98.0
307716123,Planet (P),True,True,True,True,True,98.0,98.0
307733361,Planet (P),False,False,False,False,False,,
307734545,Junk (J),False,False,False,False,False,,
307734818,Planet (P),False,False,False,False,False,,
307809773,Planet (P),False,False,False,False,False,,
307849973,Planet (P),True,True,True,True,True,96.0,96.0
307888842,Planet (P),False,True,False,True,False,100.0,100.0
307895081,Junk (J),False,True,False,True,False,101.0,101.0
307906863,Junk (J),False,False,False,False,False,,
307951656,Planet (P),False,False,False,False,False,,
307956397,Planet (P),False,False,False,False,False,,
307957728,Junk (J),False,False,False,False,False,,
307958020,Planet (P),False,False,False,False,False,,
307960079,Junk (J),False,False,False,False,False,,
307983724,Junk (J),False,False,False,False,False,,
307986093,Junk (J),False,False,False,False,False,,
307987417,Junk (J),False,False,False,False,False,,
307989264,Junk (J),False,False,False,False,False,,
307990280,EB,True,True,True,True,True,96.0,96.0
308010949,Planet (P),False,True,False,True,False,100.0,100.0
308015218,Junk (J),False,False,False,False,False,,
308016265,Junk (J),False,False,False,False,False,,
308068653,Junk (J),False,False,False,False,False,,
308073360,Planet (P),False,False,False,False,False,,
308085294,EB,False,True,False,True,False,98.0,98.0
308098254,Planet (P),False,True,False,True,False,100.0,100.0
308120029,Planet (P),False,False,False,False,False,,
308172249,Planet (P),False,False,False,False,False,,
308191940,Planet (P),False,True,False,True,False,100.0,100.0
308202863,EB,False,True,False,True,False,100.0,100.0
308208458,Planet (P),True,True,False,False,True,96.0,
308300731,Planet (P),False,False,False,False,False,,
308301091,Planet (P),False,False,False,False,False,,
308307606,EB,True,True,True,True,True,95.0,95.0
308358156,Junk (J),False,False,False,False,False,,
308396509,Planet (P),True,True,True,True,True,96.0,96.0
308437841,EB,False,False,False,False,False,,
308438583,Junk (J),False,False,False,False,False,,
308447073,Junk (J),False,False,False,False,False,,
308504559,Planet (P),False,False,False,False,False,,
308522539,Planet (P),False,False,False,False,False,,
308547289,EB,False,True,False,True,False,100.0,100.0
308600649,EB,True,True,True,True,True,96.0,96.0
308612785,Planet (P),True,True,True,True,True,95.0,95.0
308613965,Planet (P),False,False,False,False,False,,
308618515,Junk (J),False,False,False,False,False,,
308632856,EB,False,True,False,True,False,101.0,101.0
308778563,Planet (P),False,False,False,False,False,,
308873985,Junk (J),False,False,False,False,False,,
308874825,Junk (J),False,False,False,False,False,,
308876508,Junk (J),False,False,False,False,False,,
308878182,Junk (J),False,False,False,False,False,,
308953703,EB,False,False,False,False,False,,
308958576,Junk (J),False,False,False,False,False,,
308961650,Junk (J),False,False,False,False,False,,
308987429,Planet (P),True,True,True,True,True,95.0,95.0
308989653,EB,True,True,True,True,True,96.0,96.0
308994098,Planet (P),True,True,True,True,True,96.0,96.0
309052044,Junk (J),False,False,False,False,False,,
309056336,Junk (J),False,False,False,False,False,,
309077217,EB,False,True,False,True,False,100.0,100.0
309127708,Junk (J),False,False,False,False,False,,
309138066,Junk (J),False,False,False,False,False,,
309235372,EB,False,False,False,False,False,,
309254930,Planet (P),True,True,True,True,True,96.0,96.0
309257814,Planet (P),True,True,True,True,True,95.0,95.0
309292963,Planet (P),True,True,True,True,True,95.0,95.0
309365800,EB,False,True,False,False,False,101.0,
309402106,EB,True,True,True,True,True,96.0,96.0
309434156,EB,False,False,False,False,False,,
309434301,EB,False,False,False,False,False,,
309437966,Junk (J),False,False,False,False,False,,
309439436,Planet (P),False,False,False,False,False,,
309475657,Junk (J),True,True,True,True,True,96.0,96.0
309489569,Junk (J),False,False,False,False,False,,
309512152,Planet (P),False,False,False,False,False,,
309519347,EB,False,True,False,True,False,101.0,101.0
309528303,EB,False,True,False,True,False,101.0,101.0
309600985,EB,False,False,False,False,False,,
309618198,Junk (J),True,True,True,True,True,98.0,98.0
309657054,Junk (J),True,True,True,True,True,98.0,98.0
309700317,Junk (J),True,True,True,True,True,98.0,98.0
309735209,Junk (J),False,True,False,True,False,102.0,102.0
309760042,Junk (J),True,True,True,True,True,98.0,98.0
309791156,Planet (P),True,True,True,True,True,98.0,98.0
309792357,Planet (P),True,True,True,True,True,98.0,98.0
309803852,Junk (J),False,True,False,True,False,102.0,102.0
309807244,Junk (J),False,False,False,False,False,,
309808729,Junk (J),False,False,False,False,False,,
309849817,Planet (P),False,False,False,False,False,,
309850240,Junk (J),False,False,False,False,False,,
309863849,Junk (J),False,False,False,False,False,,
309913305,Planet (P),False,True,False,True,False,99.0,99.0
309931176,Junk (J),False,False,False,False,False,,
309959700,EB,False,True,False,True,False,102.0,102.0
309959785,Junk (J),False,True,False,True,True,102.0,102.0
309988394,EB,False,True,False,True,False,101.0,101.0
309997475,EB,False,True,False,True,False,101.0,101.0
309998136,Junk (J),False,False,False,False,False,,
310002617,Planet (P),False,False,False,False,False,,
310003988,Planet (P),False,False,False,False,False,,
310004006,EB,False,False,False,False,False,,
310004225,Junk (J),False,False,False,False,False,,
310009611,Planet (P),False,True,False,True,False,99.0,99.0
310094771,Planet (P),False,False,False,False,False,,
310097688,Junk (J),False,False,False,False,False,,
310098053,Junk (J),False,False,False,False,False,,
310098231,Junk (J),False,False,False,False,False,,
310100219,Junk (J),False,True,False,True,True,102.0,102.0
310102811,EB,False,True,False,True,False,102.0,102.0
310105752,Planet (P),False,True,False,True,False,102.0,102.0
310106879,Junk (J),False,True,False,True,True,102.0,102.0
310107081,Junk (J),False,True,False,True,True,102.0,102.0
310116433,EB,False,True,False,True,False,101.0,101.0
310231275,Planet (P),False,False,False,False,False,,
310262516,Planet (P),False,False,False,False,False,,
310266243,Planet (P),False,True,False,True,False,102.0,102.0
310267134,Planet (P),False,True,False,False,False,102.0,
310276851,EB,False,True,False,True,False,101.0,101.0
310294189,Planet (P),False,True,False,True,False,101.0,101.0
310351956,Junk (J),False,False,False,False,False,,
310362805,Junk (J),False,False,False,False,False,,
310380289,Planet (P),False,False,False,False,False,,
310412436,EB,False,True,False,True,False,101.0,101.0
310416088,Junk (J),False,False,False,False,False,,
310419795,EB,False,True,False,True,False,102.0,102.0
310497279,Planet (P),False,True,False,True,False,99.0,99.0
310509626,EB,False,True,False,True,False,102.0,102.0
310513097,EB,False,True,False,True,False,102.0,102.0
310537530,Planet (P),False,False,False,False,False,,
310637826,Junk (J),False,False,False,False,False,,
310658236,Junk (J),False,True,False,True,True,102.0,102.0
310713487,EB,False,True,False,True,False,101.0,101.0
310728245,Planet (P),False,False,False,False,False,,
310797997,Junk (J),False,True,False,True,True,103.0,103.0
310801704,EB,False,True,False,True,False,103.0,103.0
310822679,Planet (P),False,True,False,True,False,99.0,99.0
310854881,Planet (P),False,True,False,True,False,103.0,103.0
310855797,EB,False,True,False,True,False,102.0,102.0
310855822,EB,False,True,False,True,False,102.0,102.0
310857786,EB,False,True,False,True,False,102.0,102.0
310861395,Junk (J),False,True,False,True,True,103.0,103.0
310922962,Junk (J),False,False,False,False,False,,
310932102,Junk (J),False,False,False,False,False,,
310932949,EB,False,False,False,False,False,,
310959570,EB,False,True,False,True,False,103.0,103.0
310959665,Junk (J),False,True,False,True,True,103.0,103.0
310962929,Junk (J),False,True,False,True,True,102.0,102.0
310964871,Junk (J),False,False,False,False,False,,
310981412,Planet (P),False,False,False,False,False,,
310994622,Planet (P),False,False,False,False,False,,
311001522,Junk (J),False,False,False,False,False,,
311022188,Junk (J),False,False,False,False,False,,
311035838,Planet (P),False,False,False,False,False,,
311062274,EB,False,False,False,False,False,,
311068915,Junk (J),False,False,False,False,False,,
311070085,EB,False,False,False,False,False,,
311086350,Planet (P),True,True,True,True,True,96.0,96.0
311087891,Junk (J),False,False,False,False,False,,
311103813,Junk (J),False,True,False,True,True,103.0,103.0
311106940,Junk (J),False,True,False,True,True,102.0,102.0
311116297,Planet (P),False,False,False,False,False,,
311121985,EB,False,False,False,False,False,,
311130133,Planet (P),False,False,False,False,False,,
311133118,Planet (P),False,False,False,False,False,,
311169550,EB,False,True,False,True,False,103.0,103.0
311173330,Junk (J),False,True,False,True,True,103.0,103.0
311179742,Planet (P),False,True,False,True,False,103.0,103.0
311236552,Junk (J),False,False,False,False,False,,
311239796,Planet (P),False,True,False,True,False,98.0,98.0
311251028,EB,False,True,False,True,False,103.0,103.0
311252710,Planet (P),False,True,False,False,False,99.0,
311284709,Planet (P),False,False,False,False,False,,
311288632,Junk (J),False,True,False,True,True,103.0,103.0
311292015,Planet (P),False,True,False,True,False,103.0,103.0
311392306,EB,False,True,False,True,False,103.0,103.0
311408969,Planet (P),False,False,False,False,False,,
311413113,EB,False,True,False,True,False,103.0,103.0
311415441,EB,False,True,False,False,False,102.0,
311415878,Junk (J),False,True,False,True,True,102.0,102.0
311417534,Junk (J),False,True,False,True,True,103.0,103.0
311424123,EB,False,False,False,False,False,,
311427289,EB,False,False,False,False,False,,
311441461,Planet (P),False,False,False,False,False,,
311565540,Planet (P),False,True,False,True,False,103.0,103.0
311567350,Junk (J),False,False,False,False,False,,
311584573,EB,False,True,False,True,False,101.0,101.0
311681208,Junk (J),False,False,False,False,False,,
311699501,EB,False,True,False,True,False,102.0,102.0
311699919,EB,False,True,False,True,False,102.0,102.0
311700019,Junk (J),False,True,False,True,False,102.0,102.0
311736478,Planet (P),False,True,False,True,False,100.0,100.0
311840827,EB,False,True,False,True,False,100.0,100.0
311856080,Planet (P),False,True,False,True,False,103.0,103.0
311859088,EB,False,True,False,True,False,103.0,103.0
311859485,Junk (J),False,True,False,True,True,103.0,103.0
311861272,EB,False,True,False,True,False,103.0,103.0
311890977,EB,False,True,False,True,False,103.0,103.0
311892170,EB,False,True,False,True,False,102.0,102.0
311897380,Junk (J),False,False,False,False,False,,
311897653,Junk (J),False,False,False,False,False,,
311912383,EB,False,False,False,False,False,,
311941977,EB,False,False,False,False,False,,
311957752,EB,False,True,False,True,False,103.0,103.0
311958594,EB,False,True,False,True,False,103.0,103.0
311963578,EB,False,True,False,True,False,103.0,103.0
312028518,Junk (J),False,True,False,True,True,103.0,103.0
312030014,Planet (P),False,True,False,True,False,103.0,103.0
312060273,Junk (J),False,False,False,False,False,,
312083267,EB,False,False,False,False,False,,
312106044,EB,False,True,False,True,False,100.0,100.0
312207694,EB,False,True,False,True,False,102.0,102.0
312230566,EB,False,False,False,False,False,,
312250032,EB,False,False,False,False,False,,
312259170,EB,False,False,False,False,False,,
312279938,EB,False,False,False,False,False,,
312282258,Junk (J),False,False,False,False,False,,
312289279,Planet (P),False,False,False,False,False,,
312345863,Planet (P),False,False,False,False,False,,
312361414,Junk (J),False,False,False,False,False,,
312367358,Junk (J),False,False,False,False,False,,
312423966,Junk (J),False,True,False,True,False,100.0,100.0
312447774,EB,False,True,False,True,False,101.0,101.0
312471474,EB,False,False,False,False,False,,
312471759,Junk (J),False,False,False,False,False,,
312489639,EB,False,False,False,False,False,,
312508092,Planet (P),False,True,False,True,False,102.0,102.0
312543349,Planet (P),False,False,False,False,False,,
312548415,Planet (P),False,False,False,False,False,,
312548829,Planet (P),False,False,False,False,False,,
312552375,EB,False,False,False,False,False,,
312555100,EB,False,False,False,False,False,,
312576659,EB,False,True,False,True,False,100.0,100.0
312594037,EB,False,True,False,True,False,101.0,101.0
312594950,EB,False,True,False,True,False,101.0,101.0
312612366,Planet (P),False,True,False,True,False,102.0,102.0
312626970,Junk (J),False,False,False,False,False,,
312678993,EB,False,False,False,False,False,,
312689217,Planet (P),False,False,False,False,False,,
312758663,EB,False,False,False,False,False,,
312811620,Planet (P),False,False,False,False,False,,
312862941,Planet (P),False,False,False,False,False,,
312886004,Junk (J),False,False,False,False,False,,
312909996,EB,False,True,False,True,False,101.0,101.0
312934382,EB,False,True,False,True,False,101.0,101.0
312991501,Planet (P),False,False,False,False,False,,
313001161,Junk (J),False,False,False,False,True,,
313006381,Planet (P),False,False,False,False,False,,
313030085,EB,False,False,False,False,False,,
313051040,EB,False,True,False,True,False,100.0,100.0
313079610,EB,False,True,False,True,False,101.0,101.0
313108880,Junk (J),False,False,False,False,False,,
313109078,EB,False,False,False,False,False,,
313110018,Junk (J),False,False,False,False,False,,
313194972,Planet (P),False,False,False,False,False,,
313260069,Junk (J),False,False,False,False,False,,
313260957,Junk (J),False,False,False,False,False,,
313265560,EB,False,True,False,True,False,100.0,100.0
313276541,Junk (J),False,False,False,False,False,,
313283298,Junk (J),False,False,False,False,False,,
313338137,Junk (J),False,False,False,False,False,,
313386880,Junk (J),False,False,False,False,False,,
313403048,Junk (J),False,False,False,False,False,,
313408643,Planet (P),False,False,False,False,False,,
313422677,Junk (J),False,False,False,False,False,,
313423505,Junk (J),False,False,False,False,False,,
313425396,Planet (P),False,False,False,False,False,,
313440720,EB,False,True,False,True,False,103.0,103.0
313451346,Junk (J),False,False,False,False,False,,
313453776,Planet (P),False,False,False,False,False,,
313466940,Junk (J),False,False,False,False,False,,
313469885,Junk (J),False,False,False,False,True,,
313498690,Junk (J),False,False,False,False,False,,
313506360,EB,False,False,False,False,False,,
313554509,Planet (P),True,True,True,True,True,103.0,103.0
313591199,Junk (J),False,False,False,False,False,,
313609787,Planet (P),False,False,False,False,False,,
313656309,Junk (J),False,True,False,True,False,103.0,103.0
313669529,EB,False,True,False,True,False,103.0,103.0
313671132,Planet (P),False,True,False,True,False,101.0,101.0
313672833,EB,False,True,False,True,False,101.0,101.0
313675203,Planet (P),False,True,False,True,False,101.0,101.0
313675938,EB,False,True,False,True,False,101.0,101.0
313684214,EB,False,True,False,True,False,102.0,102.0
313684759,EB,False,True,False,True,False,102.0,102.0
313757181,Junk (J),False,False,False,False,False,,
313781271,Junk (J),False,True,False,True,False,103.0,103.0
313831007,EB,False,True,False,True,False,102.0,102.0
313831611,Junk (J),False,True,False,True,False,102.0,102.0
313835568,Planet (P),False,False,False,False,False,,
313889049,Planet (P),True,True,True,True,True,96.0,96.0
313891529,Planet (P),True,True,True,True,True,96.0,96.0
313920587,EB,False,False,False,False,False,,
313922260,Planet (P),False,False,False,False,False,,
313975346,Planet (P),False,False,False,False,False,,
314013231,Planet (P),False,True,False,True,False,101.0,101.0
314088020,Planet (P),False,False,False,False,False,,
314137082,EB,False,True,False,True,False,101.0,101.0
314163397,EB,False,False,False,False,False,,
314193010,Planet (P),False,False,False,False,False,,
314375831,Planet (P),False,False,False,False,False,,
314461389,Junk (J),False,False,False,False,False,,
314472689,Junk (J),False,False,False,False,False,,
314626096,EB,False,True,False,True,False,101.0,101.0
314649737,Planet (P),False,False,False,False,False,,
314724818,Planet (P),False,True,False,True,False,102.0,102.0
314801552,Junk (J),False,True,False,True,False,100.0,100.0
314835525,Planet (P),False,False,False,False,False,,
314864587,Junk (J),True,True,True,True,False,98.0,98.0
314865101,Junk (J),True,True,True,True,False,98.0,98.0
314865962,Planet (P),True,True,True,True,True,96.0,96.0
314887863,EB,True,True,True,True,True,95.0,95.0
314889206,Junk (J),True,True,True,True,False,95.0,95.0
314901104,Planet (P),False,True,False,True,False,102.0,102.0
314905762,EB,False,True,False,True,False,102.0,102.0
314992600,Planet (P),False,False,False,False,False,,
315002523,Planet (P),False,True,False,True,False,99.0,99.0
315096343,Planet (P),False,True,False,True,False,99.0,99.0
315117300,Planet (P),False,True,False,True,False,99.0,99.0
315120585,Planet (P),False,True,False,True,False,99.0,99.0
315170575,Junk (J),False,True,False,True,False,100.0,100.0
315175893,EB,False,True,False,True,False,100.0,100.0
315303840,Junk (J),False,True,False,True,False,100.0,100.0
315350812,Junk (J),False,True,False,True,False,101.0,101.0
315352159,EB,False,True,False,True,False,101.0,101.0
315398848,Planet (P),False,False,False,False,False,,
315446387,EB,False,True,False,True,False,100.0,100.0
315452623,Junk (J),False,True,False,True,False,100.0,100.0
315489661,EB,False,True,False,True,False,101.0,101.0
315519420,Junk (J),False,False,False,False,False,,
315621668,Junk (J),False,False,False,False,False,,
315659528,EB,False,True,False,True,False,102.0,102.0
315728717,EB,False,False,False,False,False,,
315755583,Junk (J),False,False,False,False,False,,
315765488,EB,False,False,False,False,False,,
315835598,EB,False,True,False,True,False,100.0,100.0
315841434,EB,False,True,False,True,False,100.0,100.0
315907220,Planet (P),False,False,False,False,False,,
315933515,Junk (J),False,False,False,False,False,,
315935863,Junk (J),False,False,False,False,False,,
315977580,Junk (J),False,False,False,False,False,,
316005417,EB,False,True,False,True,False,100.0,100.0
316045916,EB,False,False,False,False,False,,
316046631,Junk (J),False,False,False,False,False,,
316119373,EB,False,False,False,False,False,,
316154984,EB,False,True,False,True,False,102.0,102.0
316155106,EB,False,True,False,True,False,102.0,102.0
316236118,Planet (P),False,True,False,True,False,100.0,100.0
316284824,EB,False,True,False,True,False,101.0,101.0
316284935,EB,False,True,False,True,False,101.0,101.0
316316135,Junk (J),False,False,False,False,False,,
316321015,EB,False,False,False,False,False,,
316333037,Junk (J),False,False,False,False,False,,
316333039,Junk (J),False,False,False,False,False,,
316372693,EB,False,True,False,True,False,100.0,100.0
316373825,EB,False,True,False,True,False,100.0,100.0
316384997,Junk (J),False,False,False,False,False,,
316416562,Planet (P),False,False,False,False,False,,
316449921,Junk (J),False,False,False,False,False,,
316453500,Planet (P),False,False,False,False,False,,
316468545,Planet (P),False,False,False,False,False,,
316504931,EB,False,True,False,True,False,100.0,100.0
316627165,Junk (J),False,False,False,False,False,,
316632663,Junk (J),False,False,False,False,False,,
316651612,EB,False,True,False,True,False,100.0,100.0
316652224,Planet (P),False,True,False,True,False,100.0,100.0
316769613,Planet (P),True,True,True,True,True,96.0,96.0
316840393,EB,False,False,False,False,False,,
316844647,Junk (J),False,False,False,False,False,,
316875094,Planet (P),False,True,False,True,False,98.0,98.0
316880689,Junk (J),True,True,True,True,True,103.0,103.0
316959529,Junk (J),False,False,False,False,False,,
316976845,EB,True,True,False,False,True,97.0,
316992415,Junk (J),True,True,True,True,False,103.0,103.0
316992468,Junk (J),True,True,True,True,False,103.0,103.0
316992611,Junk (J),True,True,True,True,False,103.0,103.0
317018306,Planet (P),True,True,True,True,True,103.0,103.0
317019074,Planet (P),False,True,False,True,False,98.0,98.0
317041781,EB,False,True,False,True,False,100.0,100.0
317060587,Planet (P),True,True,True,True,True,103.0,103.0
317089588,Planet (P),True,True,True,True,True,95.0,95.0
317089770,Planet (P),False,True,False,True,False,98.0,98.0
317134140,Planet (P),False,True,False,True,False,98.0,98.0
317150278,Junk (J),False,False,False,False,False,,
317153848,Junk (J),True,True,True,True,False,94.0,94.0
317183776,Junk (J),True,True,True,True,True,94.0,94.0
317189702,Planet (P),False,True,False,True,False,98.0,98.0
317252733,Planet (P),False,False,False,False,False,,
317264215,EB,False,False,False,False,False,,
317290270,Planet (P),False,False,False,False,False,,
317299100,Junk (J),True,True,True,True,False,94.0,94.0
317326533,Junk (J),True,True,True,True,False,95.0,95.0
317327425,Junk (J),True,True,True,True,False,94.0,94.0
317328621,Planet (P),False,True,False,True,False,98.0,98.0
317362389,Planet (P),False,True,False,True,False,101.0,101.0
317387938,EB,False,True,False,True,False,100.0,100.0
317396893,EB,False,True,False,True,False,100.0,100.0
317417916,Planet (P),False,True,False,True,False,98.0,98.0
317483660,Planet (P),False,True,False,True,False,98.0,98.0
317507345,EB,False,False,False,False,False,,
317520667,Planet (P),False,False,False,False,False,,
317546777,Planet (P),False,True,False,True,False,98.0,98.0
317548889,Planet (P),False,True,False,True,False,98.0,98.0
317594531,Planet (P),False,False,False,False,False,,
317597583,Planet (P),False,False,False,False,False,,
317639292,EB,False,True,False,True,False,100.0,100.0
317670803,Junk (J),False,True,False,True,False,102.0,102.0
317671564,EB,False,True,False,True,False,102.0,102.0
317751215,Junk (J),False,False,False,False,False,,
317778446,Junk (J),False,False,False,False,False,,
317787979,EB,False,True,False,True,False,100.0,100.0
317888368,EB,False,False,False,False,False,,
318019844,EB,True,True,True,True,True,102.0,102.0
318022259,Planet (P),False,False,False,False,False,,
318071201,Planet (P),False,False,False,False,False,,
318098291,EB,False,True,False,True,False,100.0,100.0
318108981,Junk (J),False,True,False,True,False,100.0,100.0
318123187,Junk (J),True,True,True,True,False,102.0,102.0
318180448,Planet (P),True,True,False,True,True,102.0,102.0
318180703,Junk (J),True,True,True,True,True,102.0,102.0
318181542,EB,True,True,True,True,True,103.0,103.0
318209162,Planet (P),False,False,False,False,False,,
318210930,EB,False,False,False,False,False,,
318237028,Junk (J),True,True,True,True,True,94.0,94.0
318252482,Junk (J),False,False,False,False,False,,
318314617,EB,False,True,False,True,False,102.0,102.0
318345547,EB,False,False,False,False,False,,
318357083,EB,False,False,False,False,False,,
318379066,EB,False,True,False,True,False,100.0,100.0
318405433,EB,False,False,False,False,False,,
318413374,Planet (P),False,False,False,False,False,,
318515371,Junk (J),True,True,True,True,True,103.0,103.0
318515628,Junk (J),True,True,True,True,True,103.0,103.0
318518150,Junk (J),True,True,True,True,True,102.0,102.0
318566466,Junk (J),True,True,True,True,True,103.0,103.0
318608749,Planet (P),True,True,True,True,True,95.0,95.0
318612327,Junk (J),True,True,True,True,False,94.0,94.0
318612970,EB,True,True,True,True,True,94.0,94.0
318649597,EB,True,True,True,True,True,94.0,94.0
318668441,Planet (P),False,True,False,True,False,100.0,100.0
318741185,EB,False,False,False,False,False,,
318746829,EB,False,False,False,False,False,,
318753380,Planet (P),False,False,False,False,False,,
318796593,Planet (P),False,False,False,False,False,,
318827246,EB,False,True,False,True,False,100.0,100.0
318828309,Planet (P),False,True,False,True,False,100.0,100.0
318836983,Planet (P),False,False,False,False,False,,
318911305,EB,False,True,False,True,False,102.0,102.0
318987148,EB,False,True,False,True,False,100.0,100.0
319127604,EB,False,True,False,True,False,100.0,100.0
319127832,EB,False,True,False,True,False,100.0,100.0
319219283,EB,False,True,False,False,False,102.0,
319219289,EB,False,True,False,True,False,102.0,102.0
319257886,Junk (J),True,True,True,True,True,97.0,97.0
319282294,Planet (P),False,False,False,False,False,,
319290269,Junk (J),True,True,True,True,True,95.0,95.0
319294834,Planet (P),False,False,False,False,False,,
319312479,Planet (P),False,False,False,False,False,,
319473643,Planet (P),True,True,True,True,True,98.0,98.0
319490147,EB,False,True,False,True,False,100.0,100.0
319492973,EB,False,True,False,True,False,100.0,100.0
319568619,Planet (P),True,True,True,True,True,94.0,94.0
319568755,Planet (P),True,True,True,True,True,94.0,94.0
319684122,Planet (P),False,False,False,False,False,,
319735319,Planet (P),False,False,False,False,False,,
319741451,EB,True,True,True,True,True,103.0,103.0
319768060,EB,True,True,True,True,True,103.0,103.0
319806044,Planet (P),False,True,False,True,False,100.0,100.0
319817534,EB,False,True,False,True,False,100.0,100.0
319865847,Junk (J),True,True,True,True,True,103.0,103.0
319932686,Planet (P),False,False,False,False,False,,
319936621,EB,False,True,False,True,False,100.0,100.0
319949055,Planet (P),False,True,False,True,False,100.0,100.0
319968129,Planet (P),False,False,False,False,False,,
319990058,EB,False,True,False,True,False,102.0,102.0
320004517,Planet (P),True,True,True,True,True,94.0,94.0
320079492,Planet (P),False,True,False,True,False,100.0,100.0
320092265,EB,True,True,True,True,True,94.0,94.0
320092970,Junk (J),True,True,True,True,True,94.0,94.0
320093611,EB,True,True,True,True,True,94.0,94.0
320203415,EB,True,True,True,True,True,103.0,103.0
320204173,Junk (J),True,True,True,True,True,103.0,103.0
320208949,Planet (P),False,False,False,False,False,,
320242828,EB,False,True,False,True,False,100.0,100.0
320264024,EB,True,True,True,True,True,103.0,103.0
320273381,Junk (J),False,False,False,False,False,,
320278932,Junk (J),False,False,False,False,False,,
320281287,Planet (P),False,False,False,False,False,,
320287382,EB,False,True,False,True,False,102.0,102.0
320324079,Planet (P),False,False,False,False,False,,
320324154,Junk (J),False,False,False,False,False,,
320327056,Planet (P),True,True,True,True,True,103.0,103.0
320327921,EB,True,True,True,True,True,103.0,103.0
320341952,Planet (P),False,False,False,False,False,,
320355456,EB,True,True,True,True,True,103.0,103.0
320411045,Planet (P),False,False,False,False,False,,
320417762,Junk (J),False,False,False,False,False,,
320434208,EB,False,True,False,True,False,102.0,102.0
320474096,Junk (J),False,False,False,False,False,,
320490507,Junk (J),False,False,False,False,False,,
320499054,Junk (J),False,False,False,False,False,,
320503729,Planet (P),False,False,False,False,False,,
320505267,Planet (P),False,False,False,False,False,,
320524593,Junk (J),False,False,False,False,False,,
320525204,EB,False,False,False,False,False,,
320526285,Junk (J),False,False,False,False,False,,
320530807,Junk (J),True,True,True,True,True,103.0,103.0
320541238,Planet (P),False,False,False,False,False,,
320547523,EB,False,True,False,True,False,100.0,100.0
320591129,Junk (J),True,True,True,True,True,94.0,94.0
320659697,Junk (J),True,True,True,True,True,103.0,103.0
320686401,Junk (J),True,True,True,True,True,94.0,94.0
320714733,EB,False,True,False,True,False,102.0,102.0
320798691,Planet (P),False,False,False,False,False,,
320842315,EB,True,True,True,True,True,103.0,103.0
320845606,Junk (J),True,True,True,True,True,103.0,103.0
320847025,Planet (P),True,True,True,True,True,94.0,94.0
320867471,EB,False,True,False,True,False,102.0,102.0
320913313,EB,True,True,True,True,True,101.0,94.0
320994166,Planet (P),False,True,False,True,False,100.0,100.0
321011127,Planet (P),False,True,False,True,False,97.0,97.0
321040990,Junk (J),False,False,False,False,False,,
321041369,Planet (P),False,False,False,False,False,,
321041809,Junk (J),False,False,False,False,False,,
321068176,Planet (P),False,True,False,True,False,97.0,97.0
321069529,Planet (P),False,False,False,False,False,,
321086563,Planet (P),False,False,False,False,False,,
321087351,Junk (J),False,True,False,True,False,97.0,97.0
321165367,EB,False,True,False,False,False,100.0,
321172577,EB,False,True,False,True,False,100.0,100.0
321250206,Planet (P),False,False,False,False,False,,
321258259,Planet (P),False,False,False,False,False,,
321311495,EB,False,True,False,True,False,100.0,100.0
321337113,EB,False,True,False,True,False,102.0,102.0
321423302,EB,False,False,False,False,False,,
321453600,Junk (J),False,False,False,False,False,,
321457737,EB,False,True,False,True,False,100.0,100.0
321458091,EB,False,True,False,True,False,100.0,100.0
321475600,Junk (J),False,False,False,False,False,,
321514164,EB,False,True,False,True,False,102.0,102.0
321547404,Junk (J),False,False,False,False,False,,
321551218,Junk (J),False,False,False,False,False,,
321551595,Junk (J),False,False,False,False,False,,
321578632,Planet (P),False,False,False,False,False,,
321668398,Planet (P),False,False,False,False,False,,
321669174,Planet (P),False,False,False,False,False,,
321688498,Planet (P),False,False,False,False,False,,
321802774,Planet (P),False,True,False,True,False,102.0,102.0
321827134,Junk (J),False,False,False,False,False,,
321828403,EB,False,False,False,False,False,,
321857016,Planet (P),False,False,False,False,False,,
321861405,Planet (P),False,False,False,False,False,,
321862543,Junk (J),False,False,False,False,False,,
321894059,Planet (P),False,False,False,False,False,,
321915222,Planet (P),False,False,False,False,False,,
321982642,Planet (P),False,True,False,True,False,103.0,103.0
322046084,Planet (P),False,False,False,False,False,,
322054600,Planet (P),False,False,False,False,False,,
322063810,Planet (P),True,True,True,True,True,103.0,103.0
322087754,EB,False,True,False,True,False,100.0,100.0
322098744,EB,False,True,False,True,False,100.0,100.0
322102151,EB,False,True,False,True,False,100.0,100.0
322117652,EB,False,True,False,True,False,102.0,102.0
322132157,EB,False,False,False,False,False,,
322160664,Planet (P),False,False,False,False,False,,
322244880,EB,False,True,False,True,False,100.0,100.0
322262448,Planet (P),False,False,False,False,False,,
322270255,Junk (J),True,True,True,True,True,94.0,94.0
322270620,Planet (P),True,True,True,True,True,94.0,94.0
322284262,Junk (J),True,True,True,True,True,103.0,103.0
322284851,Planet (P),True,True,True,True,True,102.0,102.0
322307043,Junk (J),False,False,False,False,True,,
322307342,Planet (P),True,True,True,True,True,103.0,103.0
322369108,Junk (J),False,False,False,False,False,,
322369867,Planet (P),False,False,False,False,False,,
322399290,Junk (J),False,False,False,False,False,,
322439270,Junk (J),False,False,False,False,False,,
322498101,Planet (P),False,False,False,False,False,,
322498380,Junk (J),False,False,False,False,False,,
322504451,Planet (P),False,False,False,False,False,,
322593401,Planet (P),False,False,False,False,False,,
322694563,EB,False,True,False,True,False,100.0,100.0
322764257,EB,False,True,False,True,False,102.0,102.0
322807675,Planet (P),False,True,False,True,False,101.0,101.0
322824542,Planet (P),False,False,False,False,False,,
322825139,Planet (P),False,False,False,False,False,,
322841924,EB,False,True,False,True,False,100.0,100.0
322862882,Planet (P),False,False,False,False,False,,
322901324,Planet (P),False,True,False,True,False,97.0,97.0
322951856,Junk (J),True,True,True,True,True,94.0,94.0
322985477,EB,False,True,False,True,False,100.0,100.0
323002911,Planet (P),True,True,True,True,True,94.0,94.0
323003302,Junk (J),True,True,True,True,True,94.0,94.0
323003547,Junk (J),True,True,True,True,True,94.0,94.0
323006000,Junk (J),False,True,False,True,False,97.0,97.0
323007878,EB,True,True,True,True,True,94.0,94.0
323061945,Junk (J),False,True,False,True,False,97.0,97.0
323067443,Junk (J),True,True,True,True,True,94.0,94.0
323122938,Junk (J),False,False,False,False,False,,
323132914,Planet (P),False,True,False,True,False,97.0,97.0
323134099,Junk (J),False,False,False,False,False,,
323143096,EB,False,False,False,False,False,,
323143273,Junk (J),False,False,False,False,False,,
323144533,EB,False,False,False,False,False,,
323160875,EB,False,True,False,True,False,100.0,100.0
323173400,Junk (J),False,False,False,False,True,,
323174112,Junk (J),False,False,False,False,True,,
323242742,Junk (J),False,False,False,False,True,,
323250919,Planet (P),False,False,False,False,False,,
323293034,Junk (J),False,False,False,False,True,,
323294413,Junk (J),False,False,False,False,True,,
323295479,Planet (P),True,True,True,True,True,94.0,94.0
323295908,Planet (P),False,True,False,True,False,97.0,97.0
323325037,EB,False,True,False,True,False,100.0,100.0
323340652,EB,False,True,False,True,False,100.0,100.0
323430114,EB,False,False,False,False,False,,
323443194,EB,True,True,True,True,True,94.0,94.0
323443291,Junk (J),True,True,True,True,True,94.0,94.0
323517985,EB,False,False,False,False,False,,
323569398,Planet (P),False,False,False,False,False,,
323577303,Junk (J),False,False,False,False,True,,
323605447,EB,False,True,False,True,False,100.0,100.0
323608162,EB,False,True,False,True,False,100.0,100.0
323622192,Junk (J),False,False,False,False,False,,
323624809,Junk (J),False,False,False,False,False,,
323658120,Planet (P),False,False,False,False,False,,
323680311,EB,False,False,False,False,False,,
323685038,Junk (J),False,False,False,False,True,,
323685904,EB,True,True,True,True,True,94.0,94.0
323687123,Planet (P),False,False,False,False,False,,
323727556,EB,False,False,False,False,False,,
323727563,EB,False,False,False,False,False,,
323727580,EB,False,False,False,False,False,,
323731200,Junk (J),False,False,False,False,False,,
323793844,EB,False,True,False,True,False,102.0,102.0
323836391,Junk (J),False,False,False,False,True,,
323836698,Junk (J),False,False,False,False,True,,
323878563,EB,False,False,False,False,False,,
323966987,Planet (P),False,True,False,True,False,100.0,100.0
323968843,EB,False,False,False,False,False,,
323970111,Junk (J),False,False,False,False,False,,
323970416,Junk (J),False,False,False,False,False,,
323980895,Planet (P),False,False,False,False,False,,
323981420,Junk (J),False,False,False,False,False,,
323981906,Junk (J),False,False,False,False,False,,
323993971,Junk (J),False,True,False,True,False,103.0,103.0
324072953,EB,False,True,False,True,False,102.0,102.0
324098751,EB,False,True,False,True,False,100.0,100.0
324116813,Planet (P),False,False,False,False,False,,
324127381,Junk (J),False,True,False,True,False,103.0,103.0
324150445,Planet (P),False,False,False,False,False,,
324208224,EB,False,True,False,True,False,103.0,103.0
324208723,EB,False,True,False,True,False,103.0,103.0
324316889,Junk (J),False,False,False,False,False,,
324329909,Junk (J),False,False,False,False,False,,
324341594,EB,False,False,False,False,False,,
324422520,Planet (P),False,True,False,True,False,102.0,102.0
324426685,Planet (P),True,True,True,True,True,103.0,103.0
324428494,Junk (J),True,True,True,True,False,103.0,103.0
324432447,Junk (J),False,False,False,False,False,,
324434965,Junk (J),False,False,False,False,False,,
324609476,Planet (P),True,True,False,True,True,102.0,102.0
324612719,Junk (J),False,False,False,False,False,,
324614966,Junk (J),False,False,False,False,False,,
324618072,Junk (J),False,True,False,True,False,103.0,103.0
324618077,Junk (J),False,True,False,True,False,103.0,103.0
324654261,Junk (J),True,True,True,True,False,102.0,102.0
324656952,EB,True,True,True,True,True,102.0,102.0
324732058,EB,False,True,False,True,False,102.0,102.0
324846771,EB,False,True,False,True,False,100.0,100.0
324854770,Junk (J),False,True,False,True,False,103.0,103.0
324895501,Junk (J),True,True,True,True,False,94.0,94.0
324926968,Junk (J),True,True,True,True,True,103.0,103.0
324929282,Junk (J),True,True,True,True,True,103.0,103.0
324983718,EB,False,True,False,True,False,102.0,102.0
324993853,EB,False,True,False,True,False,100.0,100.0
324993868,EB,False,True,False,True,False,100.0,100.0
325004721,EB,False,True,False,True,False,100.0,100.0
325100010,EB,False,True,False,True,False,102.0,102.0
325157946,EB,False,True,False,True,False,100.0,100.0
325166547,Junk (J),False,True,False,True,False,100.0,100.0
325247726,Junk (J),False,True,False,True,False,103.0,103.0
325275736,Planet (P),False,True,False,True,False,103.0,103.0
325339373,Planet (P),True,True,True,True,True,103.0,103.0
325410269,Planet (P),False,False,False,False,False,,
325412896,EB,True,True,True,True,True,95.0,95.0
325417435,EB,False,True,False,True,False,102.0,102.0
325417448,EB,False,True,False,True,False,102.0,102.0
325468468,Junk (J),True,True,True,True,True,95.0,95.0
325468685,Planet (P),True,True,False,False,True,95.0,
325489127,Junk (J),True,True,True,True,False,95.0,95.0
325490655,Junk (J),True,True,True,True,True,95.0,95.0
325524429,Junk (J),True,True,True,True,True,95.0,95.0
325527653,Planet (P),True,True,True,True,True,94.0,94.0
325564366,EB,True,True,True,True,True,94.0,94.0
325565137,Junk (J),True,True,True,True,True,94.0,94.0
325603650,Junk (J),True,True,True,True,False,94.0,94.0
325647810,Planet (P),False,True,False,True,False,101.0,101.0
325653071,Planet (P),False,False,False,False,False,,
325665873,Junk (J),False,False,False,False,False,,
325670253,Planet (P),False,False,False,False,False,,
325682877,Planet (P),False,True,False,True,False,97.0,97.0
325765282,Planet (P),False,False,False,False,False,,
325908483,Planet (P),False,False,False,False,False,,
325925045,EB,False,True,False,True,False,101.0,101.0
325980157,Junk (J),False,True,False,True,False,102.0,102.0
325991837,EB,False,False,False,False,False,,
326107303,EB,False,False,False,False,False,,
326116570,Planet (P),False,False,False,False,False,,
326129048,EB,False,False,False,False,False,,
326129245,Junk (J),False,False,False,False,True,,
326164886,EB,False,True,False,True,False,102.0,102.0
326170150,EB,False,True,False,True,False,102.0,102.0
326185137,Junk (J),False,False,False,False,False,,
326203952,Planet (P),False,False,False,False,False,,
326259216,Junk (J),False,False,False,False,False,,
326287972,EB,False,True,False,True,False,101.0,101.0
326316945,EB,False,True,False,True,False,102.0,102.0
326327260,Planet (P),True,True,True,True,True,95.0,95.0
326386206,EB,False,False,False,False,False,,
326386495,Planet (P),False,False,False,False,False,,
326390162,Junk (J),False,True,False,True,True,103.0,103.0
326391328,Junk (J),False,True,False,True,True,103.0,103.0
326442634,Junk (J),True,True,True,True,True,95.0,95.0
326444607,Junk (J),True,True,True,True,True,95.0,95.0
326453034,Junk (J),True,True,True,True,True,96.0,96.0
326470400,Planet (P),False,True,False,True,False,102.0,102.0
326475995,Planet (P),False,False,False,False,False,,
326522874,Planet (P),True,True,True,True,True,96.0,96.0
326595551,EB,False,True,False,True,False,103.0,103.0
326615400,EB,False,True,False,True,False,102.0,102.0
326616299,EB,False,True,False,True,False,102.0,102.0
326662822,Planet (P),False,True,False,True,False,101.0,101.0
326693703,Junk (J),False,False,False,False,True,,
326705079,EB,True,True,True,True,True,94.0,94.0
326708938,EB,False,False,False,False,False,,
326751253,EB,False,True,False,True,False,101.0,101.0
326809267,Planet (P),False,False,False,False,False,,
326816527,EB,False,False,False,False,False,,
326919774,Planet (P),False,False,False,False,False,,
326974824,EB,False,False,False,False,False,,
326998973,Junk (J),False,False,False,False,False,,
327000087,EB,False,False,False,False,False,,
327004130,Planet (P),False,False,False,False,False,,
327011842,Planet (P),False,False,False,False,False,,
327018225,Junk (J),False,True,False,True,False,102.0,102.0
327093061,Planet (P),False,False,False,False,False,,
327126871,Planet (P),False,False,False,False,False,,
327183862,Junk (J),False,False,False,False,False,,
327186109,Junk (J),False,False,False,False,False,,
327256366,Junk (J),False,False,False,False,False,,
327259175,EB,False,False,False,False,False,,
327292424,Junk (J),False,False,False,False,False,,
327293700,EB,False,False,False,False,False,,
327301957,Planet (P),True,True,True,True,True,103.0,103.0
327318744,EB,False,True,False,True,False,102.0,102.0
327341626,EB,False,False,False,False,False,,
327369524,Planet (P),False,False,False,False,False,,
327398763,Junk (J),False,False,False,False,False,,
327497956,EB,False,True,False,True,False,102.0,102.0
327579226,Planet (P),False,False,False,False,False,,
327593333,Junk (J),True,True,True,True,True,103.0,103.0
327593978,Junk (J),True,True,True,True,True,103.0,103.0
327594002,Junk (J),True,True,True,True,True,103.0,103.0
327595236,Junk (J),True,True,True,True,True,103.0,103.0
327595848,Junk (J),True,True,True,True,True,103.0,103.0
327650008,Junk (J),False,True,False,True,False,102.0,102.0
327664526,EB,False,True,False,True,False,101.0,101.0
327664529,EB,False,True,False,True,False,101.0,101.0
327670047,Junk (J),True,True,True,True,True,103.0,103.0
327671014,Junk (J),True,True,True,True,True,103.0,103.0
327671241,Junk (J),True,True,True,True,True,103.0,103.0
327671979,Junk (J),True,True,True,True,True,103.0,103.0
327724956,Junk (J),True,True,True,True,False,102.0,102.0
327725463,EB,True,True,True,True,True,103.0,103.0
327785134,EB,True,True,True,True,True,103.0,103.0
327913737,Junk (J),False,True,False,True,False,102.0,102.0
327915121,Junk (J),True,True,True,True,True,103.0,103.0
327917279,Planet (P),False,True,False,True,False,103.0,103.0
327952677,Planet (P),False,False,False,False,False,,
328012209,Planet (P),True,True,True,True,True,103.0,103.0
328081248,Planet (P),False,False,False,False,False,,
328167090,EB,False,False,False,False,False,,
328177050,EB,False,False,False,False,False,,
328209247,EB,False,True,False,True,False,102.0,102.0
328243487,EB,False,True,False,True,False,101.0,101.0
328248688,EB,False,True,False,True,False,101.0,101.0
328258240,EB,False,False,False,False,False,,
328325110,Planet (P),False,False,False,False,False,,
328328453,EB,False,False,False,False,False,,
328386351,EB,False,True,False,True,False,101.0,101.0
328449419,Junk (J),False,False,False,False,False,,
328477136,EB,False,True,False,True,False,101.0,101.0
328483577,Junk (J),False,True,False,True,False,102.0,102.0
328502522,Planet (P),False,False,False,False,False,,
328513434,Planet (P),False,False,False,False,False,,
328814605,Planet (P),False,False,False,False,False,,
328860893,Junk (J),False,False,False,False,False,,
328901699,Junk (J),False,False,False,False,False,,
328933398,Planet (P),False,False,False,False,False,,
328934463,Planet (P),False,False,False,False,False,,
328934980,Planet (P),False,False,False,False,False,,
328984640,Junk (J),False,True,False,True,False,101.0,101.0
328998344,Junk (J),False,False,False,False,False,,
329000546,Junk (J),False,False,False,False,False,,
329017301,EB,False,False,False,False,False,,
329119931,EB,False,True,False,True,False,102.0,102.0
329119936,EB,False,True,False,True,False,102.0,102.0
329148988,Planet (P),False,False,False,False,False,,
329153706,Junk (J),False,False,False,False,False,,
329158471,EB,False,True,False,True,False,101.0,101.0
329170429,Junk (J),False,False,False,False,False,,
329170722,EB,False,False,False,False,False,,
329248002,EB,False,False,False,False,False,,
329248092,Junk (J),False,False,False,False,False,,
329248925,Junk (J),False,False,False,False,False,,
329249647,Junk (J),False,False,False,False,False,,
329250735,Junk (J),False,False,False,False,False,,
329252162,Junk (J),False,False,False,False,False,,
329269842,Junk (J),False,False,False,False,False,,
329292751,Junk (J),False,False,False,False,False,,
329292962,Junk (J),False,False,False,False,False,,
329343346,Junk (J),False,False,False,False,False,,
329346586,Planet (P),False,False,False,False,False,,
329354989,EB,False,True,False,True,False,102.0,102.0
329373799,Planet (P),False,False,False,False,False,,
329541465,EB,False,True,False,False,False,101.0,
329544652,EB,False,True,False,True,False,101.0,101.0
329609449,Planet (P),False,True,False,True,False,102.0,102.0
329656666,EB,False,True,False,True,False,101.0,101.0
329672278,Planet (P),False,True,False,True,False,102.0,102.0
329684465,EB,False,True,False,True,False,102.0,102.0
329691586,Planet (P),False,True,False,True,False,102.0,102.0
329694340,EB,False,True,False,True,False,102.0,102.0
329709756,Planet (P),False,False,False,False,False,,
329821992,Planet (P),False,False,False,False,False,,
329854172,EB,False,False,False,False,False,,
329921262,Planet (P),False,True,False,True,False,101.0,101.0
329981856,Planet (P),False,True,False,True,False,101.0,101.0
330014070,Planet (P),False,True,False,True,False,102.0,102.0
330093334,Junk (J),False,False,False,False,False,,
330113590,EB,False,True,False,True,False,102.0,102.0
330131047,Junk (J),False,False,False,False,False,,
330135981,Planet (P),False,False,False,False,False,,
330210666,EB,False,False,False,False,False,,
330218897,Planet (P),False,False,False,False,False,,
330223440,EB,False,True,False,True,False,102.0,102.0
330284479,EB,False,True,False,True,False,102.0,102.0
330379768,EB,False,False,False,False,False,,
330424797,Planet (P),False,True,False,True,False,102.0,102.0
330470939,Junk (J),False,False,False,False,False,,
330472230,Junk (J),False,False,False,False,False,,
330524857,Planet (P),False,False,False,False,False,,
330616045,Junk (J),False,False,False,False,False,,
330665027,Planet (P),False,False,False,False,False,,
330687113,Planet (P),False,False,False,False,False,,
330690135,Planet (P),False,False,False,False,False,,
330731411,Junk (J),False,False,False,False,False,,
330753460,Junk (J),False,False,False,False,False,,
330795142,Planet (P),False,False,False,False,False,,
330799746,Planet (P),False,False,False,False,False,,
330885564,Planet (P),False,True,False,True,False,102.0,102.0
330901215,Junk (J),False,False,False,False,False,,
330929786,Junk (J),False,False,False,False,False,,
330944099,Planet (P),False,False,False,False,False,,
330998582,EB,False,False,False,False,False,,
330998588,EB,False,False,False,False,False,,
331105618,Junk (J),False,True,False,True,False,102.0,102.0
331146317,Planet (P),False,False,False,False,False,,
331160996,Planet (P),False,True,False,False,False,102.0,
331181140,EB,False,True,False,True,False,102.0,102.0
331212224,Junk (J),False,False,False,False,False,,
331212487,EB,False,False,False,False,False,,
331221558,EB,False,False,False,False,False,,
331297805,Planet (P),False,True,False,True,False,102.0,102.0
331353185,Junk (J),False,False,False,False,False,,
331387944,Junk (J),False,False,False,False,False,,
331447084,EB,False,False,False,False,False,,
331456189,Planet (P),False,False,False,False,False,,
331456841,Junk (J),False,False,False,False,False,,
331484419,Planet (P),False,False,False,False,False,,
331518177,Junk (J),False,False,False,False,False,,
331537139,Junk (J),False,False,False,False,False,,
331577214,Junk (J),False,False,False,False,False,,
331619598,Planet (P),False,False,False,False,False,,
331636065,Junk (J),True,True,True,True,True,103.0,103.0
331657635,EB,False,True,False,True,False,102.0,102.0
331674456,EB,False,True,False,True,False,102.0,102.0
331674928,EB,False,True,False,True,False,102.0,102.0
331676604,Junk (J),True,True,True,True,True,103.0,103.0
331691841,Planet (P),False,False,False,False,False,,
331710273,Junk (J),False,False,False,False,False,,
331743327,Junk (J),False,True,False,True,True,103.0,103.0
331744920,Junk (J),True,True,True,True,True,103.0,103.0
331782093,Junk (J),False,False,False,False,False,,
331787227,Junk (J),False,False,False,False,False,,
331835944,EB,False,True,False,True,False,102.0,102.0
331844164,EB,False,True,False,True,False,102.0,102.0
331846118,Junk (J),False,True,False,True,False,102.0,102.0
331854794,Planet (P),False,False,False,False,False,,
331941912,Junk (J),False,False,False,False,False,,
331946878,Junk (J),False,False,False,False,False,,
331957558,Junk (J),False,False,False,False,False,,
331967245,EB,False,True,False,True,False,102.0,102.0
331977501,Junk (J),False,False,False,False,False,,
332017079,Planet (P),False,True,False,True,False,102.0,102.0
332022997,Planet (P),False,False,False,False,False,,
332064670,Planet (P),False,False,False,False,False,,
332146607,EB,False,False,False,False,False,,
332149528,Junk (J),False,False,False,False,False,,
332151895,Junk (J),False,False,False,False,False,,
332155214,Junk (J),False,False,False,False,False,,
332263395,Junk (J),False,False,False,False,False,,
332277745,Junk (J),False,False,False,False,False,,
332278062,Junk (J),False,False,False,False,False,,
332289794,Junk (J),False,True,False,True,False,102.0,102.0
332312904,Junk (J),False,False,False,False,False,,
332313146,Junk (J),False,False,False,False,False,,
332314607,Planet (P),False,False,False,False,False,,
332333094,Junk (J),False,False,False,False,False,,
332365162,Planet (P),False,False,False,False,False,,
332383229,Planet (P),False,False,False,False,False,,
332393279,Planet (P),False,False,False,False,False,,
332396643,EB,False,True,False,True,False,102.0,102.0
332475358,Junk (J),False,False,False,False,False,,
332477926,Planet (P),False,False,False,False,False,,
332478347,Junk (J),False,False,False,False,False,,
332496784,Planet (P),False,False,False,False,False,,
332504575,Junk (J),False,False,False,False,False,,
332506395,Junk (J),False,False,False,False,False,,
332534326,Planet (P),False,False,False,False,False,,
332558858,Planet (P),False,False,False,False,False,,
332564140,Planet (P),False,True,False,True,False,99.0,99.0
332579116,Planet (P),False,False,False,False,False,,
332626441,Junk (J),False,False,False,False,False,,
332630868,EB,False,True,False,True,False,99.0,99.0
332653823,Junk (J),False,True,False,True,False,100.0,100.0
332657786,Planet (P),False,True,False,True,False,100.0,100.0
332660150,Planet (P),False,False,False,False,False,,
332660287,Planet (P),False,False,False,False,False,,
332705008,Planet (P),False,True,False,True,False,100.0,100.0
332710679,Planet (P),False,True,False,True,False,100.0,100.0
332715376,Planet (P),False,True,False,True,False,97.0,97.0
332759920,EB,False,True,False,True,False,102.0,102.0
332860211,Planet (P),False,True,False,True,False,98.0,98.0
332865034,Junk (J),False,False,False,False,False,,
332870317,Junk (J),False,False,False,False,False,,
332880327,Planet (P),False,True,False,True,False,102.0,102.0
332887363,Planet (P),False,True,False,True,False,102.0,102.0
332910986,Junk (J),False,False,False,False,False,,
332911893,Planet (P),False,False,False,False,False,,
333070946,Junk (J),False,False,False,False,False,,
333183861,EB,False,True,False,True,False,102.0,102.0
333342565,Junk (J),False,False,False,False,False,,
333382080,Junk (J),False,True,False,True,False,101.0,101.0
333473672,Planet (P),False,False,False,False,False,,
333511802,Planet (P),False,True,False,True,False,102.0,102.0
333540455,Junk (J),False,False,False,False,False,,
333554635,EB,False,True,False,True,False,103.0,103.0
333657795,Planet (P),False,False,False,False,False,,
333674399,Planet (P),False,False,False,False,False,,
333736132,Planet (P),False,True,False,True,False,101.0,101.0
333745188,Junk (J),False,True,False,True,False,103.0,103.0
333810741,Planet (P),False,False,False,False,False,,
333814134,Planet (P),False,False,False,False,False,,
333835888,EB,False,True,False,True,False,103.0,103.0
333845542,EB,False,True,False,True,False,103.0,103.0
333956519,Junk (J),False,False,False,False,False,,
334080358,Planet (P),False,True,False,True,False,101.0,101.0
334125713,Planet (P),False,True,False,True,False,101.0,101.0
334136303,EB,False,True,False,True,False,103.0,103.0
334230144,Junk (J),False,False,False,False,False,,
334234984,EB,False,True,False,True,False,103.0,103.0
334238369,EB,False,True,False,True,False,103.0,103.0
334252687,Planet (P),False,False,False,False,False,,
334270388,EB,False,False,False,False,False,,
334297172,Junk (J),False,False,False,False,False,,
334305570,Planet (P),False,True,False,True,False,101.0,101.0
334385701,Planet (P),False,False,False,False,False,,
334394274,Planet (P),False,False,False,False,False,,
334414389,Planet (P),False,False,False,False,False,,
334417846,EB,False,True,False,True,False,103.0,103.0
334482103,Planet (P),False,False,False,False,False,,
334493051,Planet (P),False,False,False,False,False,,
334632624,Planet (P),False,True,False,True,False,99.0,99.0
334635873,Junk (J),False,False,False,False,False,,
334638020,EB,False,True,False,True,False,103.0,103.0
334757798,Planet (P),False,True,False,False,False,102.0,
334799128,Junk (J),False,False,False,False,False,,
334811204,Planet (P),False,False,False,False,False,,
334841845,EB,False,True,False,True,False,103.0,103.0
334846268,EB,False,True,False,True,False,103.0,103.0
334852618,Junk (J),False,False,False,False,False,,
334898681,Junk (J),False,False,False,False,False,,
334911765,EB,False,True,False,True,False,102.0,102.0
334917813,EB,False,True,False,True,False,102.0,102.0
335040423,Planet (P),False,False,False,False,False,,
335193580,EB,False,True,False,True,False,100.0,100.0
335194472,EB,False,True,False,True,False,100.0,100.0
335444781,EB,False,True,False,True,False,103.0,103.0
335444785,EB,False,True,False,True,False,103.0,103.0
335448400,EB,False,True,False,True,False,103.0,103.0
335448537,EB,False,True,False,True,False,103.0,103.0
335514415,EB,False,True,False,True,False,102.0,102.0
335530405,EB,False,True,False,True,False,103.0,103.0
335530652,EB,False,True,False,True,False,103.0,103.0
335540507,Planet (P),False,False,False,False,False,,
335590096,Planet (P),False,False,False,False,False,,
335624180,Planet (P),False,False,False,False,False,,
335630746,Planet (P),False,False,False,False,False,,
335655755,Planet (P),False,False,False,False,False,,
335661164,Planet (P),False,False,False,False,False,,
335681838,Planet (P),False,False,False,False,False,,
335682330,Junk (J),False,False,False,False,False,,
335720384,Junk (J),False,False,False,False,False,,
335724012,Junk (J),False,True,False,True,False,101.0,101.0
335746512,Junk (J),False,False,False,False,False,,
335813325,Planet (P),False,False,False,False,False,,
335813590,Planet (P),False,False,False,False,False,,
335860261,Planet (P),False,True,False,True,False,102.0,102.0
335916263,Junk (J),False,False,False,False,False,,
335936926,EB,False,False,False,False,False,,
335951698,Junk (J),False,False,False,False,False,,
335952150,Planet (P),False,False,False,False,False,,
335975720,Junk (J),False,True,False,True,False,102.0,102.0
336010076,Junk (J),False,False,False,False,False,,
336071540,Junk (J),False,False,False,False,False,,
336072306,Planet (P),False,False,False,False,False,,
336074536,Junk (J),False,False,False,False,False,,
336075472,Planet (P),False,False,False,False,False,,
336075801,Junk (J),False,False,False,False,False,,
336092760,Planet (P),False,False,False,False,False,,
336118727,Junk (J),False,False,False,False,False,,
336125492,Planet (P),False,False,False,False,False,,
336126253,Planet (P),False,False,False,False,False,,
336128819,Planet (P),False,False,False,False,False,,
336179403,EB,False,True,False,True,False,101.0,101.0
336204476,Junk (J),False,False,False,False,False,,
336204818,Junk (J),False,False,False,False,False,,
336205330,Junk (J),False,False,False,False,False,,
336255880,Planet (P),False,False,False,False,False,,
336334481,Junk (J),False,False,False,False,False,,
336357422,EB,False,True,False,True,False,102.0,102.0
336366871,EB,False,True,False,True,False,102.0,102.0
336399144,Planet (P),False,False,False,False,False,,
336406771,Junk (J),False,False,False,False,False,,
336438907,EB,False,False,False,False,False,,
336613507,Planet (P),False,True,False,True,False,101.0,101.0
336691874,Planet (P),False,False,False,False,False,,
336732616,Planet (P),False,False,False,False,False,,
336824844,Planet (P),False,False,False,False,False,,
336840314,Planet (P),False,False,False,False,False,,
336947874,EB,False,True,False,True,False,101.0,101.0
336952304,EB,False,True,False,True,False,101.0,101.0
336961891,Planet (P),False,False,False,False,False,,
337025682,Planet (P),False,False,False,False,False,,
337062505,Junk (J),False,True,False,True,False,101.0,101.0
337166822,EB,False,True,False,True,False,101.0,101.0
337194627,Junk (J),False,True,False,True,True,103.0,103.0
337195353,Junk (J),False,True,False,True,True,103.0,103.0
337200525,EB,False,True,False,True,False,103.0,103.0
337200587,EB,False,True,False,True,False,103.0,103.0
337200647,EB,False,True,False,True,False,103.0,103.0
337216118,Planet (P),False,False,False,False,False,,
337217173,Planet (P),False,False,False,False,False,,
337274055,Planet (P),False,True,False,True,False,103.0,103.0
337350767,Junk (J),False,False,False,False,False,,
337369928,Junk (J),False,True,False,True,False,101.0,101.0
337377490,Junk (J),False,False,False,False,False,,
337385330,Planet (P),False,False,False,False,False,,
337437566,EB,False,True,False,True,False,103.0,103.0
337499842,EB,False,True,False,True,False,101.0,101.0
337508645,EB,False,True,False,True,False,101.0,101.0
337647366,Planet (P),False,False,False,False,False,,
337648770,Planet (P),False,False,False,False,False,,
337801963,EB,False,True,False,True,False,103.0,103.0
337806832,EB,False,True,False,True,False,103.0,103.0
337831769,Junk (J),False,False,False,False,False,,
337879997,EB,False,False,False,False,False,,
337881909,Planet (P),False,False,False,False,False,,
338065029,Planet (P),False,False,False,False,False,,
338387134,EB,False,True,False,True,False,101.0,101.0
338388997,EB,False,True,False,True,False,101.0,101.0
338736733,EB,False,True,False,True,False,103.0,103.0
338885522,EB,False,True,False,True,False,101.0,101.0
338895052,EB,False,True,False,True,False,101.0,101.0
338982489,EB,False,True,False,True,False,101.0,101.0
339027200,EB,False,True,False,True,False,101.0,101.0
339207264,Planet (P),False,False,False,False,False,,
339207847,Planet (P),False,False,False,False,False,,
339209865,EB,False,True,False,True,False,103.0,103.0
339250695,Planet (P),False,False,False,False,False,,
339258071,Junk (J),True,True,True,True,True,103.0,103.0
339372739,Junk (J),False,False,False,False,False,,
339379874,Junk (J),True,True,False,True,True,103.0,103.0
339397374,EB,True,True,True,True,True,103.0,103.0
339397397,Junk (J),True,True,True,True,True,103.0,103.0
339399882,EB,True,True,True,True,True,103.0,103.0
339402691,Junk (J),False,True,False,True,False,101.0,101.0
339451356,Junk (J),True,True,True,True,True,103.0,103.0
339503267,Planet (P),False,False,False,False,False,,
339522221,Planet (P),True,True,True,True,True,103.0,103.0
339546346,Junk (J),True,True,True,True,True,103.0,103.0
339600659,EB,True,True,True,True,True,103.0,103.0
339664224,Junk (J),True,True,True,True,True,103.0,103.0
339666347,EB,True,True,True,True,True,103.0,103.0
339667988,EB,True,True,True,True,True,97.0,97.0
339668717,Junk (J),True,True,True,True,True,97.0,97.0
339672028,Planet (P),True,True,True,True,True,97.0,97.0
339672106,Junk (J),True,True,True,True,True,97.0,97.0
339728927,Junk (J),True,True,True,True,True,94.0,94.0
339730012,Junk (J),True,True,True,True,True,97.0,97.0
339733013,EB,True,True,True,True,True,98.0,98.0
339752271,EB,False,True,False,True,False,101.0,101.0
339768429,Junk (J),True,True,True,True,True,97.0,97.0
339769468,Junk (J),True,True,True,True,True,97.0,97.0
339769615,Junk (J),True,True,True,True,True,97.0,97.0
339835873,Junk (J),False,False,False,False,False,,
339856109,Junk (J),True,True,True,True,True,94.0,94.0
339857675,Planet (P),False,False,False,False,False,,
339860832,Junk (J),True,True,True,True,True,97.0,97.0
339861444,Junk (J),True,True,True,True,True,98.0,98.0
339861480,Junk (J),True,True,True,True,True,98.0,98.0
339888469,Junk (J),True,True,True,True,True,94.0,94.0
339892193,Junk (J),True,True,True,True,True,98.0,98.0
339909818,Junk (J),False,False,False,False,False,,
339916453,Junk (J),True,True,True,True,True,94.0,94.0
339928700,Junk (J),False,False,False,False,False,,
339956425,Junk (J),True,True,True,True,True,94.0,94.0
339957347,EB,True,True,True,True,True,97.0,97.0
339959285,Junk (J),True,True,True,True,True,97.0,97.0
339960040,Junk (J),True,True,True,True,True,98.0,98.0
339960404,Junk (J),True,True,True,True,True,97.0,97.0
339961200,Planet (P),True,True,True,True,True,97.0,97.0
340000943,Junk (J),True,True,True,True,True,94.0,94.0
340003367,EB,True,True,True,True,True,94.0,94.0
340005809,Junk (J),True,True,True,True,True,97.0,97.0
340006554,Junk (J),True,True,True,True,True,97.0,97.0
340008722,Junk (J),True,True,True,True,True,97.0,97.0
340009698,Junk (J),True,True,True,True,True,94.0,94.0
340020534,Junk (J),True,True,True,True,True,94.0,94.0
340058233,Junk (J),True,True,True,True,True,97.0,97.0
340058744,EB,True,True,True,True,True,97.0,97.0
340060117,Junk (J),True,True,True,True,True,94.0,94.0
340062770,Junk (J),False,False,False,False,False,,
340063462,Junk (J),True,True,True,True,True,94.0,94.0
340064337,Junk (J),True,True,True,True,True,97.0,97.0
340064696,EB,True,True,True,True,True,97.0,97.0
340100436,EB,False,True,False,True,False,103.0,103.0
340137125,Junk (J),True,True,True,True,True,97.0,97.0
340140730,Junk (J),False,False,False,False,True,,
340144218,Planet (P),True,True,True,True,True,97.0,97.0
340152577,Junk (J),False,True,False,True,False,101.0,101.0
340155472,EB,False,True,False,True,False,101.0,101.0
340174869,Junk (J),True,True,True,True,True,97.0,97.0
340176597,Junk (J),True,True,True,True,True,97.0,97.0
340178535,Junk (J),True,True,True,True,True,97.0,97.0
340178931,Junk (J),True,True,True,True,True,97.0,97.0
340179367,Junk (J),True,True,True,True,True,94.0,94.0
340179851,Junk (J),True,True,True,True,True,94.0,94.0
340205734,Junk (J),True,True,True,True,False,94.0,94.0
340206201,Junk (J),True,True,True,True,True,94.0,94.0
340214760,Junk (J),True,True,True,True,True,94.0,94.0
340216137,Junk (J),True,True,True,True,True,97.0,97.0
340216382,Junk (J),True,True,True,True,True,97.0,97.0
340217291,Junk (J),True,True,True,True,True,97.0,97.0
340228388,Planet (P),False,True,False,True,False,101.0,101.0
340255216,Junk (J),True,True,True,True,True,97.0,97.0
340255351,Junk (J),True,True,True,True,True,97.0,97.0
340255571,Junk (J),True,True,True,True,True,97.0,97.0
340255841,Junk (J),True,True,True,True,True,97.0,97.0
340312534,Junk (J),True,True,True,True,True,97.0,97.0
340314976,Junk (J),True,True,True,True,True,97.0,97.0
340355626,Junk (J),True,True,True,True,True,97.0,97.0
340358394,EB,True,True,True,True,True,97.0,97.0
340359472,Junk (J),True,True,True,True,True,97.0,97.0
340458630,Junk (J),True,True,True,True,True,97.0,97.0
340458804,Planet (P),True,True,True,True,True,97.0,97.0
340458923,Junk (J),True,True,True,True,True,97.0,97.0
340460526,Junk (J),True,True,True,True,True,97.0,97.0
340460998,Junk (J),True,True,True,True,True,97.0,97.0
340461276,Junk (J),True,True,True,True,True,97.0,97.0
340557839,Junk (J),True,True,True,True,True,97.0,97.0
340559155,Planet (P),True,True,True,True,True,97.0,97.0
340602601,Junk (J),False,False,False,False,False,,
340624586,Planet (P),False,True,False,True,False,103.0,103.0
340700241,Planet (P),False,True,False,True,False,97.0,97.0
340724398,EB,False,True,False,True,False,101.0,101.0
340930327,Junk (J),False,True,False,True,True,103.0,103.0
341001796,EB,True,True,False,True,True,103.0,103.0
341005781,Planet (P),False,False,False,False,False,,
341077131,EB,True,True,False,False,True,103.0,
341077740,Junk (J),True,True,False,False,True,103.0,
341115133,Junk (J),True,True,True,True,True,103.0,103.0
341115806,Junk (J),True,True,True,True,True,103.0,103.0
341118777,EB,True,True,True,True,True,103.0,103.0
341202579,EB,False,False,False,False,False,,
341299943,Planet (P),False,False,False,False,False,,
341309569,EB,True,True,False,True,True,103.0,103.0
341394535,EB,False,True,False,True,False,103.0,103.0
341405597,Planet (P),True,True,True,True,True,103.0,103.0
341419787,EB,False,False,False,False,False,,
341420329,Planet (P),False,False,False,False,False,,
341423450,Junk (J),True,True,True,True,True,103.0,103.0
341441461,Junk (J),False,False,False,False,False,,
341522300,Junk (J),False,False,False,False,False,,
341544930,EB,False,False,False,False,False,,
341545336,Junk (J),False,False,False,False,False,,
341557177,EB,False,False,False,False,False,,
341571306,Junk (J),False,False,False,False,False,,
341589739,EB,False,True,False,True,False,101.0,101.0
341630071,Planet (P),False,False,False,False,False,,
341631767,EB,False,False,False,False,False,,
341649338,Junk (J),False,False,False,False,False,,
341684184,Junk (J),False,False,False,False,False,,
341687229,Junk (J),False,False,False,False,False,,
341688032,Junk (J),False,False,False,False,False,,
341701383,EB,False,True,False,True,False,101.0,101.0
341773094,Junk (J),False,False,False,False,False,,
341805908,Planet (P),False,True,False,True,False,103.0,103.0
341815197,Planet (P),False,False,False,False,False,,
341815767,Planet (P),False,False,False,False,False,,
341865564,EB,False,True,False,True,False,101.0,101.0
341873554,Junk (J),False,False,False,False,False,,
341874424,Junk (J),False,False,False,False,False,,
341972039,EB,False,True,False,True,False,101.0,101.0
342073807,Junk (J),False,False,False,False,False,,
342083044,EB,False,True,False,True,False,101.0,101.0
342087037,EB,False,True,False,True,False,101.0,101.0
342167886,Planet (P),False,False,False,False,False,,
342314656,Planet (P),False,False,False,False,False,,
342375120,Planet (P),False,True,False,True,False,101.0,101.0
342449055,Planet (P),False,False,False,False,False,,
342474010,EB,False,True,False,True,False,103.0,103.0
342642208,Planet (P),False,False,False,False,False,,
342680077,Junk (J),False,False,False,False,False,,
342723312,EB,False,True,False,True,False,101.0,101.0
342823104,EB,False,True,False,True,False,101.0,101.0
343004183,EB,False,False,False,False,False,,
343019899,Planet (P),False,False,False,False,False,,
343142458,EB,False,True,False,True,False,102.0,102.0
343145087,EB,False,True,False,True,False,102.0,102.0
343173397,EB,False,False,False,False,False,,
343216782,Junk (J),False,False,False,False,False,,
343235156,EB,False,True,False,True,False,101.0,101.0
343245403,EB,False,True,False,True,False,101.0,101.0
343264261,Junk (J),False,False,False,False,False,,
343271303,Junk (J),False,False,False,False,False,,
343280050,EB,False,True,False,True,False,103.0,103.0
343292307,Planet (P),False,True,False,True,False,103.0,103.0
343330330,Planet (P),False,False,False,False,False,,
343336312,Planet (P),False,False,False,False,False,,
343340516,EB,False,True,False,True,False,103.0,103.0
343340931,EB,False,True,False,True,False,103.0,103.0
343406546,Junk (J),False,True,False,True,False,103.0,103.0
343448359,Junk (J),False,True,False,True,False,103.0,103.0
343450911,EB,False,True,False,True,False,103.0,103.0
343452418,EB,False,True,False,True,False,103.0,103.0
343484756,EB,False,True,False,True,False,103.0,103.0
343487338,EB,False,True,False,True,False,103.0,103.0
343490143,Junk (J),False,True,False,True,False,103.0,103.0
343518108,EB,False,True,False,True,False,102.0,102.0
343563003,Junk (J),False,False,False,False,False,,
343573862,EB,False,True,False,True,False,103.0,103.0
343576379,EB,False,True,False,True,False,103.0,103.0
343597113,EB,False,True,False,True,False,103.0,103.0
343628284,Planet (P),False,False,False,False,False,,
343648136,Planet (P),False,True,False,True,False,103.0,103.0
343717397,Planet (P),False,True,False,True,False,103.0,103.0
343718662,Junk (J),False,True,False,True,False,103.0,103.0
343726435,Planet (P),False,False,False,False,False,,
343726461,EB,False,False,False,False,False,,
343757299,EB,False,True,False,True,False,103.0,103.0
343760488,Junk (J),False,True,False,True,False,103.0,103.0
343763382,EB,False,True,False,True,False,103.0,103.0
343774169,Planet (P),False,False,False,False,False,,
343778934,Junk (J),False,False,False,False,False,,
343832647,Junk (J),False,True,False,True,False,103.0,103.0
343834897,EB,False,True,False,True,False,103.0,103.0
343884825,EB,False,True,False,True,False,103.0,103.0
343889045,Planet (P),False,True,False,True,False,103.0,103.0
343951927,Junk (J),True,True,True,True,True,103.0,103.0
343952976,Planet (P),True,True,True,True,True,103.0,103.0
343995894,Junk (J),True,True,False,True,True,103.0,103.0
344031627,EB,True,True,True,True,True,103.0,103.0
344034178,Planet (P),True,True,False,True,True,103.0,103.0
344042366,Junk (J),True,True,True,True,True,103.0,103.0
344075391,EB,True,True,True,True,True,103.0,103.0
344075962,Junk (J),False,True,False,True,True,103.0,103.0
344085117,Planet (P),False,False,False,False,False,,
344128598,Junk (J),True,True,True,True,False,103.0,103.0
344130921,Planet (P),True,True,True,True,True,103.0,103.0
344140617,Planet (P),False,False,False,False,False,,
344224831,Planet (P),False,False,False,False,False,,
344320854,EB,False,False,False,False,False,,
344453517,Junk (J),False,False,False,False,False,,
344538030,EB,False,False,False,False,False,,
344552721,Planet (P),True,True,True,True,True,103.0,103.0
344553817,Junk (J),True,True,True,True,True,103.0,103.0
344555655,Junk (J),True,True,True,True,True,103.0,103.0
344568128,Planet (P),False,False,False,False,False,,
344586348,EB,True,True,True,True,True,103.0,103.0
344745774,Planet (P),False,False,False,False,False,,
344747420,EB,False,False,False,False,False,,
344855300,Planet (P),False,False,False,False,False,,
344926234,Planet (P),False,False,False,False,False,,
344927749,Planet (P),False,False,False,False,False,,
344974893,EB,False,False,False,False,False,,
344978642,EB,False,True,False,True,False,103.0,103.0
344978736,EB,False,True,False,True,False,103.0,103.0
344987663,EB,False,True,False,True,False,103.0,103.0
345055261,Junk (J),False,True,False,True,False,103.0,103.0
345056639,Planet (P),False,True,False,True,False,103.0,103.0
345080586,Junk (J),False,True,False,True,False,103.0,103.0
345086659,Junk (J),True,True,True,True,True,103.0,103.0
345143460,Planet (P),False,False,False,False,False,,
345193111,Planet (P),False,False,False,False,False,,
345205395,Planet (P),False,False,False,False,False,,
345220786,EB,False,False,False,False,False,,
345329200,Planet (P),False,False,False,False,False,,
345333936,Planet (P),False,False,False,False,False,,
345450130,Planet (P),False,False,False,False,False,,
345480042,Junk (J),False,False,False,False,False,,
345596003,Planet (P),False,False,False,False,False,,
345645749,Planet (P),False,False,False,False,False,,
345697569,Planet (P),False,False,False,False,False,,
345724317,Planet (P),False,False,False,False,False,,
345803978,Junk (J),False,False,False,False,False,,
345883667,EB,False,False,False,False,False,,
346015394,Planet (P),False,False,False,False,False,,
346077232,Planet (P),False,False,False,False,False,,
346081845,Planet (P),False,False,False,False,False,,
346124298,Junk (J),False,False,False,False,False,,
346125418,EB,False,False,False,False,False,,
346154016,Planet (P),False,False,False,False,False,,
346190681,Junk (J),False,False,False,False,False,,
346337997,Junk (J),False,False,False,False,False,,
346338552,Planet (P),False,False,False,False,False,,
346338553,Planet (P),False,False,False,False,False,,
346626688,Planet (P),False,False,False,False,False,,
346627403,EB,False,False,False,False,False,,
346630823,Junk (J),True,True,True,True,True,102.0,102.0
346667887,Planet (P),False,False,False,False,False,,
346673534,Planet (P),False,False,False,False,False,,
346725699,Junk (J),False,False,False,False,False,,
346797035,Junk (J),True,True,True,True,True,103.0,103.0
346855283,Planet (P),False,False,False,False,False,,
346859243,Planet (P),False,False,False,False,False,,
346912623,EB,False,False,False,False,False,,
346929661,Planet (P),False,False,False,False,False,,
346972413,Planet (P),False,False,False,False,False,,
346987279,Junk (J),False,False,False,False,False,,
346995484,Planet (P),False,False,False,False,False,,
347011522,Planet (P),False,False,False,False,False,,
347013211,Planet (P),False,False,False,False,False,,
347042432,EB,False,False,False,False,False,,
347051112,Planet (P),False,False,False,False,False,,
347310863,Junk (J),False,False,False,False,False,,
347311037,Junk (J),False,False,False,False,False,,
347329162,Planet (P),False,False,False,False,False,,
347332255,Planet (P),False,False,False,False,False,,
347357977,Planet (P),False,True,False,True,False,99.0,99.0
347401680,Junk (J),False,False,False,False,False,,
347430350,Planet (P),False,False,False,False,False,,
347442932,Planet (P),False,True,False,True,False,99.0,99.0
347469901,Planet (P),False,False,False,False,False,,
347553438,Planet (P),False,False,False,False,False,,
347641245,Planet (P),False,False,False,False,False,,
347691479,Junk (J),False,False,False,False,False,,
347715478,Planet (P),False,False,False,False,False,,
347760611,Junk (J),False,False,False,False,False,,
347760934,Junk (J),False,False,False,False,False,,
347820651,EB,False,False,False,False,False,,
347841053,EB,False,False,False,False,False,,
347924855,Junk (J),False,False,False,False,False,,
347949236,EB,False,False,False,False,False,,
347950345,Junk (J),False,False,False,False,False,,
347950487,Junk (J),False,False,False,False,False,,
347995170,EB,False,False,False,False,False,,
348021125,Junk (J),False,False,False,False,False,,
348023621,Junk (J),False,False,False,False,False,,
348040545,EB,False,True,False,True,False,103.0,103.0
348230194,Junk (J),False,False,False,False,False,,
348250587,EB,False,False,False,False,False,,
348297468,Planet (P),False,False,False,False,False,,
348314199,EB,False,False,False,False,False,,
348317546,Junk (J),False,False,False,False,False,,
348341378,EB,False,True,False,True,False,103.0,103.0
348436054,Junk (J),False,False,False,False,False,,
348437470,Planet (P),False,False,False,False,False,,
348466838,EB,False,False,False,False,False,,
348477542,Planet (P),False,False,False,False,False,,
348501452,Planet (P),False,False,False,False,False,,
348517784,EB,False,False,False,False,False,,
348538431,Planet (P),False,False,False,False,False,,
348671468,Junk (J),False,False,False,False,False,,
348675548,Junk (J),False,False,False,False,False,,
348678125,Junk (J),False,False,False,False,False,,
348684813,Planet (P),False,True,False,True,False,99.0,99.0
348684814,Planet (P),False,True,False,True,False,99.0,99.0
348717439,Junk (J),True,True,True,True,True,95.0,95.0
348755723,Planet (P),False,True,False,True,False,99.0,99.0
348755728,Planet (P),False,True,False,True,False,99.0,99.0
348756659,Planet (P),False,True,False,True,False,99.0,99.0
348760490,Junk (J),True,True,True,True,True,95.0,95.0
348760508,Junk (J),True,True,True,True,True,95.0,95.0
348761045,Junk (J),True,True,True,True,True,95.0,95.0
348762572,Junk (J),True,True,True,True,True,96.0,96.0
348768352,Junk (J),False,False,False,False,False,,
348770361,Planet (P),True,True,True,True,True,95.0,95.0
348770938,Junk (J),True,True,True,True,True,95.0,95.0
348771843,Junk (J),True,True,True,True,True,95.0,95.0
348771913,Junk (J),True,True,True,True,True,95.0,95.0
348835438,Planet (P),False,True,False,True,False,99.0,99.0
348839628,EB,True,True,True,True,True,98.0,98.0
348840079,Junk (J),True,True,True,True,True,98.0,98.0
348842421,Junk (J),True,True,True,True,True,98.0,98.0
348843066,EB,True,True,True,True,True,98.0,98.0
348894629,Junk (J),True,True,False,False,True,98.0,
348895694,Junk (J),True,True,True,True,True,98.0,98.0
348956767,Junk (J),True,True,True,True,True,98.0,98.0
348960463,Junk (J),True,True,True,True,True,97.0,97.0
348980059,EB,False,True,False,True,False,103.0,103.0
348994632,Junk (J),True,True,True,True,True,98.0,98.0
348997611,EB,True,True,True,True,True,98.0,98.0
349055442,Junk (J),True,True,True,True,True,98.0,98.0
349056338,Junk (J),True,True,True,True,True,98.0,98.0
349056341,Junk (J),True,True,True,True,True,98.0,98.0
349057389,Junk (J),True,True,True,True,True,97.0,97.0
349060005,Junk (J),True,True,True,True,True,97.0,97.0
349061751,Junk (J),True,True,True,True,True,98.0,98.0
349061910,Junk (J),True,True,True,True,True,98.0,98.0
349071261,Planet (P),False,False,False,False,False,,
349092528,Junk (J),True,True,True,True,True,98.0,98.0
349092944,Junk (J),True,True,True,True,True,98.0,98.0
349095149,Planet (P),True,True,True,True,True,98.0,98.0
349095298,Junk (J),True,True,True,True,True,98.0,98.0
349095939,Junk (J),True,True,True,True,True,98.0,98.0
349155856,Junk (J),True,True,True,True,True,98.0,98.0
349195106,Junk (J),True,True,True,True,True,98.0,98.0
349196184,Junk (J),True,True,True,True,True,98.0,98.0
349196480,Junk (J),True,True,True,True,True,98.0,98.0
349241221,EB,False,True,False,True,False,103.0,103.0
349246232,EB,False,True,False,True,False,103.0,103.0
349269343,Junk (J),True,True,True,True,True,98.0,98.0
349269701,Junk (J),True,True,True,True,True,98.0,98.0
349272477,Junk (J),True,True,True,True,True,98.0,98.0
349275640,Junk (J),True,True,True,True,True,98.0,98.0
349304971,Junk (J),True,True,True,True,True,98.0,98.0
349306314,Junk (J),True,True,True,True,True,98.0,98.0
349312122,Planet (P),False,False,False,False,False,,
349344436,EB,False,False,False,False,False,,
349369227,Junk (J),True,True,True,True,True,98.0,98.0
349370777,Junk (J),True,True,True,True,True,97.0,97.0
349371595,EB,True,True,True,True,True,98.0,98.0
349406883,Junk (J),True,True,True,True,True,98.0,98.0
349408597,Junk (J),True,True,True,True,True,98.0,98.0
349410350,Planet (P),True,True,True,True,True,98.0,98.0
349411828,Junk (J),True,True,True,True,True,98.0,98.0
349412583,Junk (J),True,True,True,True,True,98.0,98.0
349429641,EB,False,True,False,True,False,103.0,103.0
349431914,Junk (J),False,True,False,True,False,103.0,103.0
349440621,Planet (P),False,False,False,False,False,,
349478085,Junk (J),True,True,True,True,True,98.0,98.0
349478794,Junk (J),True,True,True,True,True,98.0,98.0
349481595,Junk (J),True,True,True,True,True,98.0,98.0
349483608,Junk (J),True,True,True,True,True,98.0,98.0
349488688,Planet (P),False,False,False,False,False,,
349503728,Planet (P),False,True,False,True,False,101.0,101.0
349519737,Junk (J),True,True,True,True,True,98.0,98.0
349522594,Junk (J),True,True,True,True,True,98.0,98.0
349522781,Junk (J),True,True,True,True,True,98.0,98.0
349523014,Junk (J),True,True,True,True,True,98.0,98.0
349538009,Junk (J),False,False,False,False,False,,
349539672,EB,False,False,False,False,False,,
349547246,Junk (J),False,False,False,False,False,,
349571436,EB,True,True,True,True,True,97.0,97.0
349572054,Junk (J),True,True,True,True,True,98.0,98.0
349575695,Junk (J),True,True,True,True,True,98.0,98.0
349576261,Planet (P),True,True,True,True,True,98.0,98.0
349582831,Planet (P),False,False,False,False,False,,
349641411,Junk (J),True,True,True,True,True,97.0,97.0
349643889,EB,True,True,True,True,True,98.0,98.0
349644367,Junk (J),True,True,True,True,True,98.0,98.0
349644990,Junk (J),True,True,True,True,True,98.0,98.0
349645139,Junk (J),True,True,True,True,True,98.0,98.0
349648510,Junk (J),True,True,True,True,True,98.0,98.0
349667325,Junk (J),False,False,False,False,False,,
349679366,Junk (J),True,True,True,True,True,98.0,98.0
349680895,Junk (J),True,True,True,True,True,98.0,98.0
349681583,Junk (J),True,True,True,True,True,98.0,98.0
349788281,Junk (J),True,True,True,True,True,98.0,98.0
349789882,Planet (P),True,True,True,True,True,98.0,98.0
349827430,Planet (P),False,False,False,False,False,,
349829627,Planet (P),True,True,True,True,True,98.0,98.0
349832824,EB,True,True,True,True,True,98.0,98.0
349851744,EB,False,False,False,False,False,,
349891396,Planet (P),False,True,False,True,False,103.0,103.0
349902991,Junk (J),True,True,True,True,True,98.0,98.0
349903574,Junk (J),True,True,True,True,True,98.0,98.0
349966879,Planet (P),True,True,True,True,True,98.0,98.0
349972412,Planet (P),True,True,True,True,True,98.0,98.0
349977216,Junk (J),False,False,False,False,False,,
349977709,Junk (J),False,False,False,False,False,,
349986198,Planet (P),False,False,False,False,False,,
350008445,Junk (J),False,False,False,False,False,,
350020859,Planet (P),False,False,False,False,False,,
350023518,Planet (P),False,False,False,False,False,,
350024178,Planet (P),False,False,False,False,False,,
350027253,Junk (J),True,True,True,True,True,98.0,98.0
350027507,Junk (J),True,True,True,True,True,98.0,98.0
350027631,Junk (J),True,True,True,True,True,98.0,98.0
350028973,Junk (J),True,True,True,True,True,98.0,98.0
350030522,Junk (J),True,True,True,True,True,97.0,97.0
350030939,EB,True,True,True,True,True,97.0,97.0
350033870,Planet (P),False,False,False,False,False,,
350036577,Junk (J),False,True,False,True,False,103.0,103.0
350043412,Planet (P),False,False,False,False,False,,
350044062,Planet (P),False,False,False,False,False,,
350073182,Junk (J),False,False,False,False,False,,
350091954,Junk (J),True,True,True,True,True,98.0,98.0
350095533,Junk (J),True,True,True,True,True,98.0,98.0
350132371,EB,False,False,False,False,False,,
350137597,Junk (J),True,True,True,True,True,95.0,95.0
350137939,Junk (J),True,True,True,True,True,95.0,95.0
350142567,Junk (J),True,True,True,True,True,98.0,98.0
350146388,Junk (J),True,True,True,True,True,98.0,98.0
350146577,Junk (J),True,True,True,True,True,98.0,98.0
350152705,Junk (J),True,True,True,True,True,95.0,95.0
350153977,Planet (P),True,True,True,True,True,95.0,95.0
350181462,Junk (J),True,True,True,True,True,98.0,98.0
350183074,EB,True,True,True,True,True,97.0,97.0
350293646,Planet (P),False,False,False,False,False,,
350299588,Planet (P),True,True,True,True,True,98.0,98.0
350346406,Junk (J),True,True,True,True,True,97.0,97.0
350348197,Planet (P),False,False,False,False,False,,
350432064,Junk (J),True,True,True,True,True,98.0,98.0
350432166,Planet (P),True,True,True,True,True,98.0,98.0
350445762,EB,True,True,True,True,True,97.0,97.0
350445770,EB,True,True,True,True,True,97.0,97.0
350445771,EB,True,True,True,True,True,97.0,97.0
350478847,EB,True,True,True,True,True,97.0,97.0
350519062,Junk (J),True,True,True,True,True,97.0,97.0
350575997,Planet (P),False,True,False,True,False,103.0,103.0
350584963,Planet (P),True,True,True,True,True,98.0,98.0
350618622,Planet (P),True,True,True,True,True,98.0,98.0
350696291,Junk (J),False,False,False,False,False,,
350733403,Planet (P),False,False,False,False,False,,
350738767,Junk (J),False,False,False,False,False,,
350814622,Planet (P),False,False,False,False,False,,
350821320,Planet (P),True,True,True,True,True,98.0,98.0
350824498,Junk (J),True,True,True,True,True,98.0,98.0
350861689,Planet (P),True,True,True,True,True,98.0,98.0
350882505,Planet (P),False,False,False,False,False,,
350930672,Junk (J),True,True,True,True,True,98.0,98.0
350931281,Planet (P),True,True,True,True,True,98.0,98.0
350988050,Junk (J),False,False,False,False,False,,
350995806,EB,False,False,False,False,False,,
350995812,EB,False,False,False,False,False,,
351077390,Planet (P),False,False,False,False,False,,
351134719,Junk (J),False,True,False,True,False,103.0,103.0
351193032,Junk (J),False,False,False,False,False,,
351200720,Junk (J),False,False,False,False,False,,
351248706,Junk (J),True,True,True,True,True,103.0,103.0
351251896,Junk (J),True,True,False,False,True,103.0,
351336681,EB,True,True,True,True,True,103.0,103.0
351346904,Junk (J),True,True,True,True,True,103.0,103.0
351350005,Junk (J),False,True,False,True,False,103.0,103.0
351397454,EB,True,True,True,True,True,103.0,103.0
351452056,Junk (J),True,True,True,True,True,103.0,103.0
351555580,Junk (J),True,True,False,True,True,103.0,103.0
351599985,Planet (P),False,False,False,False,False,,
351601843,Planet (P),True,True,True,True,True,103.0,103.0
351602312,Junk (J),True,True,True,True,True,103.0,103.0
351603103,Planet (P),False,True,False,True,False,103.0,103.0
351603861,EB,True,True,True,True,True,103.0,103.0
351652998,Planet (P),False,False,False,False,False,,
351667565,Junk (J),False,False,False,False,False,,
351679665,Junk (J),False,False,False,False,False,,
351701483,EB,False,False,False,False,False,,
351732275,Junk (J),False,False,False,False,False,,
351763446,Junk (J),False,False,False,False,False,,
351765104,Junk (J),False,False,False,False,False,,
351800186,Junk (J),False,False,False,False,False,,
351864831,Planet (P),False,False,False,False,False,,
351908831,Junk (J),False,False,False,False,False,,
352010539,Junk (J),False,False,False,False,False,,
352011875,Planet (P),False,False,False,False,False,,
352015266,Junk (J),False,False,False,False,False,,
352140271,Junk (J),True,True,True,True,True,103.0,103.0
352147273,Planet (P),False,False,False,False,False,,
352151292,Planet (P),False,False,False,False,False,,
352165018,EB,False,False,False,False,False,,
352184899,EB,True,True,True,True,True,103.0,103.0
352204750,EB,False,False,False,False,False,,
352229268,Planet (P),True,True,True,True,True,103.0,103.0
352236055,EB,False,False,False,False,False,,
352238221,Junk (J),False,False,False,False,False,,
352238969,Junk (J),False,False,False,False,False,,
352239069,Planet (P),False,False,False,False,False,,
352239594,Junk (J),False,False,False,False,False,,
352272029,EB,False,False,False,False,False,,
352284958,Planet (P),False,False,False,False,False,,
352315516,Junk (J),True,True,True,True,True,103.0,103.0
352317188,Junk (J),False,False,False,False,False,,
352342439,Junk (J),False,False,False,False,False,,
352353080,EB,True,True,True,True,True,103.0,103.0
352370090,Junk (J),False,False,False,False,False,,
352372051,Junk (J),False,False,False,False,False,,
352382826,Junk (J),False,False,False,False,False,,
352400180,EB,True,True,True,True,True,103.0,103.0
352400977,Junk (J),True,True,False,True,True,103.0,103.0
352403588,Junk (J),True,True,True,True,True,103.0,103.0
352413427,Planet (P),False,False,False,False,False,,
352438619,Planet (P),True,True,True,True,True,103.0,103.0
352442207,Planet (P),False,False,False,False,False,,
352442340,Junk (J),False,False,False,False,False,,
352469839,Planet (P),False,False,False,False,False,,
352568129,Junk (J),True,True,False,False,True,103.0,
352583767,EB,False,False,False,False,False,,
352612420,Junk (J),False,False,False,False,False,,
352682207,Planet (P),False,False,False,False,False,,
352690548,Planet (P),False,False,False,False,False,,
352764091,Planet (P),False,False,False,False,False,,
352892371,Planet (P),False,False,False,False,False,,
352912870,Junk (J),False,False,False,False,False,,
353038705,Planet (P),False,False,False,False,False,,
353129911,EB,False,False,False,False,False,,
353137225,Junk (J),False,False,False,False,False,,
353140072,Junk (J),False,False,False,False,False,,
353146308,Planet (P),False,False,False,False,False,,
353160377,Junk (J),False,False,False,False,False,,
353215176,Junk (J),False,False,False,False,False,,
353216109,EB,False,False,False,False,False,,
353298304,Junk (J),False,False,False,False,False,,
353302490,Planet (P),False,False,False,False,False,,
353361266,Planet (P),False,False,False,False,False,,
353397427,Junk (J),False,False,False,False,False,,
353448002,EB,False,False,False,False,False,,
353459607,Junk (J),False,False,False,False,False,,
353459965,Planet (P),False,False,False,False,False,,
353467380,Junk (J),False,False,False,False,False,,
353473923,Junk (J),False,False,False,False,False,,
353475866,Planet (P),False,False,False,False,False,,
353480373,Junk (J),False,False,False,False,False,,
353483228,Junk (J),False,False,False,False,False,,
353498819,Planet (P),False,False,False,False,False,,
353503764,Junk (J),False,False,False,False,False,,
353508262,EB,False,False,False,False,False,,
353526615,EB,False,False,False,False,False,,
353586703,Planet (P),False,False,False,False,False,,
353644585,Junk (J),False,False,False,False,False,,
353730782,Junk (J),False,False,False,False,False,,
353734834,Junk (J),False,False,False,False,False,,
353778788,Junk (J),False,False,False,False,False,,
353781544,Junk (J),False,False,False,False,False,,
353782445,Planet (P),False,False,False,False,False,,
353783935,Junk (J),False,False,False,False,False,,
353784443,Junk (J),False,False,False,False,False,,
353807936,Planet (P),False,False,False,False,False,,
353879357,Junk (J),False,False,False,False,False,,
353893493,Planet (P),False,False,False,False,False,,
353928547,EB,False,False,False,False,False,,
353934350,Junk (J),False,False,False,False,False,,
353960022,Planet (P),False,False,False,False,False,,
353960119,EB,False,False,False,False,False,,
353983458,Junk (J),False,False,False,False,False,,
353988095,Junk (J),False,False,False,False,False,,
353988582,Junk (J),False,False,False,False,False,,
353988894,Junk (J),False,False,False,False,False,,
353992466,Junk (J),False,False,False,False,False,,
353997059,EB,False,False,False,False,False,,
354006740,EB,False,False,False,False,False,,
354007946,Junk (J),False,False,False,False,False,,
354023414,EB,False,False,False,False,False,,
354031707,Planet (P),False,False,False,False,False,,
354032153,Planet (P),False,False,False,False,False,,
354151219,Planet (P),False,False,False,False,False,,
354159888,Junk (J),False,False,False,False,False,,
354173595,Planet (P),False,False,False,False,False,,
354174786,Junk (J),False,False,False,False,False,,
354249600,Junk (J),False,False,False,False,False,,
354249931,Junk (J),False,False,False,False,False,,
354274143,EB,False,False,False,False,False,,
354285962,Planet (P),False,False,False,False,False,,
354293303,Planet (P),False,False,False,False,False,,
354388980,EB,False,False,False,False,False,,
354442783,Planet (P),False,False,False,False,False,,
354444731,EB,False,False,False,False,False,,
354469661,Planet (P),False,False,False,False,False,,
354489554,Planet (P),False,False,False,False,False,,
354517490,Planet (P),False,True,False,True,False,98.0,98.0
354518617,Planet (P),False,False,False,False,False,,
354519019,Planet (P),False,False,False,False,False,,
354548594,Junk (J),False,False,False,False,False,,
354619337,Planet (P),False,False,False,False,False,,
354727907,Planet (P),False,False,False,False,False,,
354742440,Planet (P),False,False,False,False,False,,
354832924,Planet (P),False,False,False,False,False,,
354846183,Planet (P),True,True,True,True,True,94.0,94.0
354937825,Planet (P),False,False,False,False,False,,
354944123,Planet (P),True,True,True,True,True,103.0,103.0
354944794,EB,True,True,True,True,True,103.0,103.0
354973022,Junk (J),True,True,True,True,True,103.0,103.0
355008856,Planet (P),False,False,False,False,False,,
355096431,Planet (P),True,True,True,True,True,95.0,95.0
355126608,Junk (J),False,False,False,False,False,,
355138852,Planet (P),True,True,True,True,True,94.0,94.0
355209666,Junk (J),False,False,False,False,False,,
355257194,EB,False,False,False,False,False,,
355257343,EB,False,False,False,False,False,,
355362590,Junk (J),True,True,True,True,True,94.0,94.0
355394078,EB,False,False,False,False,False,,
355418639,Planet (P),False,False,False,False,False,,
355446093,Planet (P),True,True,True,True,True,103.0,103.0
355449539,Planet (P),False,False,False,False,False,,
355494582,Junk (J),True,True,True,True,True,103.0,103.0
355510841,Junk (J),False,True,False,True,False,103.0,103.0
355569809,EB,False,False,False,False,False,,
355572010,Junk (J),False,False,False,False,False,,
355580207,Junk (J),True,True,True,True,True,102.0,102.0
355640518,Planet (P),False,False,False,False,False,,
355647022,Junk (J),False,False,False,False,False,,
355655412,Planet (P),False,False,False,False,False,,
355684823,Junk (J),False,False,False,False,False,,
355703913,Planet (P),True,True,True,True,True,103.0,103.0
355748785,Planet (P),False,False,False,False,False,,
355796887,Planet (P),False,False,False,False,False,,
355800238,Planet (P),False,False,False,False,False,,
355824995,Junk (J),False,False,False,False,False,,
355826960,Junk (J),False,False,False,False,False,,
355835120,Junk (J),False,False,False,False,False,,
355835517,Junk (J),False,False,False,False,False,,
355867695,Planet (P),False,False,False,False,False,,
355895977,Planet (P),False,False,False,False,False,,
355917847,Junk (J),False,False,False,False,False,,
355919225,Junk (J),False,False,False,False,False,,
355927695,Junk (J),False,False,False,False,False,,
355937769,Junk (J),False,False,False,False,False,,
355953198,Planet (P),False,False,False,False,False,,
356015180,Junk (J),False,False,False,False,False,,
356015357,EB,False,False,False,False,False,,
356015528,Junk (J),False,False,False,False,False,,
356015617,Junk (J),False,False,False,False,False,,
356016119,Planet (P),False,False,False,False,False,,
356066700,Junk (J),False,False,False,False,False,,
356110000,Junk (J),False,False,False,False,False,,
356146869,Planet (P),False,False,False,False,False,,
356147735,EB,False,False,False,False,False,,
356149601,Junk (J),False,False,False,False,False,,
356150790,Junk (J),False,False,False,False,False,,
356158613,Planet (P),False,False,False,False,False,,
356199246,Junk (J),False,False,False,False,False,,
356200601,Planet (P),False,False,False,False,False,,
356206412,Planet (P),False,False,False,False,False,,
356225087,Junk (J),False,False,False,False,False,,
356235833,EB,False,False,False,False,False,,
356239840,Junk (J),False,False,False,False,False,,
356257320,Junk (J),False,False,False,False,False,,
356311210,Planet (P),False,False,False,False,False,,
356316200,EB,False,False,False,False,False,,
356322454,Planet (P),False,False,False,False,False,,
356339994,Junk (J),False,False,False,False,False,,
356340717,Junk (J),False,False,False,False,False,,
356341022,Junk (J),False,False,False,False,False,,
356349559,Junk (J),False,False,False,False,False,,
356461227,Planet (P),False,False,False,False,False,,
356472238,Planet (P),False,False,False,False,False,,
356473029,EB,False,False,False,False,False,,
356473034,Planet (P),False,False,False,False,False,,
356482958,Junk (J),False,False,False,False,False,,
356487818,Junk (J),False,False,False,False,False,,
356494155,Junk (J),False,False,False,False,False,,
356538268,Junk (J),False,False,False,False,False,,
356590734,EB,False,False,False,False,False,,
356631568,Junk (J),False,False,False,False,False,,
356639350,EB,False,False,False,False,False,,
356682805,Planet (P),False,False,False,False,False,,
356682857,Junk (J),False,False,False,False,False,,
356700488,Junk (J),False,False,False,False,False,,
356736743,Planet (P),False,False,False,False,False,,
356744228,Junk (J),False,False,False,False,False,,
356744650,Junk (J),False,False,False,False,False,,
356747847,EB,False,False,False,False,False,,
356785166,Junk (J),False,False,False,False,False,,
356785231,Junk (J),False,False,False,False,False,,
356786657,Planet (P),False,False,False,False,False,,
356822358,Junk (J),False,False,False,False,False,,
356822426,Planet (P),False,False,False,False,False,,
356835341,Planet (P),False,False,False,False,False,,
356865826,Junk (J),False,False,False,False,False,,
356866686,Junk (J),False,False,False,False,False,,
356867115,Planet (P),False,False,False,False,False,,
356871098,Planet (P),False,False,False,False,False,,
356888827,Junk (J),False,False,False,False,False,,
356896561,EB,False,False,False,False,False,,
356916207,Planet (P),False,False,False,False,False,,
356920292,Junk (J),False,False,False,False,False,,
356921678,Planet (P),False,False,False,False,False,,
356978367,Junk (J),False,False,False,False,False,,
356990855,Planet (P),False,False,False,False,False,,
357031640,Junk (J),False,False,False,False,False,,
357046804,Planet (P),False,False,False,False,False,,
357047077,EB,False,False,False,False,False,,
357048995,Planet (P),False,False,False,False,False,,
357086693,Junk (J),False,False,False,False,False,,
357145112,Planet (P),False,False,False,False,False,,
357170407,Junk (J),False,False,False,False,False,,
357201371,EB,False,False,False,False,False,,
357202877,Planet (P),False,False,False,False,False,,
357244603,Planet (P),False,False,False,False,False,,
357299852,Planet (P),False,False,False,False,False,,
357312511,Planet (P),False,False,False,False,False,,
357347296,Planet (P),False,False,False,False,False,,
357356423,Junk (J),False,False,False,False,False,,
357358259,EB,False,False,False,False,False,,
357371071,Junk (J),False,False,False,False,False,,
357372327,Junk (J),False,False,False,False,False,,
357373216,Planet (P),False,False,False,False,False,,
357388881,Junk (J),False,False,False,False,False,,
357397731,Junk (J),False,False,False,False,False,,
357422809,Junk (J),False,False,False,False,False,,
357449309,Junk (J),False,False,False,False,False,,
357457104,EB,False,False,False,False,False,,
357498029,Junk (J),False,False,False,False,False,,
357501308,Planet (P),False,False,False,False,False,,
357536526,EB,False,False,False,False,False,,
357538688,Planet (P),False,False,False,False,False,,
357595904,Junk (J),False,False,False,False,False,,
357634632,Planet (P),False,False,False,False,False,,
357652558,EB,False,False,False,False,False,,
357657732,Junk (J),False,False,False,False,False,,
357661805,Planet (P),False,False,False,False,False,,
357685999,EB,False,False,False,False,False,,
357719182,EB,False,False,False,False,False,,
357792709,Junk (J),False,False,False,False,False,,
357793687,Junk (J),False,False,False,False,False,,
357794935,Junk (J),False,False,False,False,False,,
357795354,Junk (J),False,False,False,False,False,,
357801293,Planet (P),False,False,False,False,False,,
357811733,Junk (J),False,False,False,False,False,,
357817979,Junk (J),False,False,False,False,False,,
357858008,Planet (P),False,False,False,False,False,,
357872559,Planet (P),False,False,False,False,False,,
357896777,Planet (P),False,False,False,False,False,,
358009578,Junk (J),False,False,False,False,False,,
358070912,Planet (P),True,True,True,True,True,96.0,96.0
358071481,EB,True,True,True,True,True,96.0,96.0
358105763,Junk (J),True,True,True,True,True,96.0,96.0
358106032,Junk (J),True,True,True,True,True,96.0,96.0
358107516,Planet (P),True,True,True,True,True,96.0,96.0
358108063,EB,True,True,True,True,True,98.0,98.0
358108126,EB,True,True,True,True,True,98.0,98.0
358154075,Junk (J),True,True,True,True,True,98.0,98.0
358154181,Junk (J),True,True,True,True,True,98.0,98.0
358164738,Planet (P),False,False,False,False,False,,
358180666,EB,False,False,False,False,False,,
358182750,Junk (J),True,True,True,True,True,95.0,95.0
358248442,Planet (P),True,True,True,True,True,97.0,97.0
358253047,Planet (P),True,True,True,True,True,96.0,96.0
358336743,Junk (J),True,True,True,True,True,98.0,98.0
358457096,Junk (J),True,True,False,False,True,95.0,
358460246,Planet (P),True,True,True,True,True,98.0,98.0
358463513,Planet (P),True,True,True,True,True,96.0,96.0
358501433,Junk (J),True,True,True,True,True,95.0,95.0
358501450,Junk (J),True,True,True,True,True,95.0,95.0
358501560,EB,True,True,True,True,True,95.0,95.0
358501781,Junk (J),True,True,True,True,True,95.0,95.0
358511856,Junk (J),True,True,True,True,True,98.0,98.0
358516596,Planet (P),False,False,False,False,False,,
358557578,Planet (P),False,True,False,True,False,99.0,99.0
358579111,Planet (P),True,True,True,True,True,97.0,97.0
358613376,Planet (P),False,False,False,False,False,,
358715557,EB,False,False,False,False,False,,
358838026,Planet (P),False,True,False,True,False,99.0,99.0
358938714,Planet (P),False,False,False,False,False,,
358976137,Junk (J),False,False,False,False,False,,
359019914,EB,False,False,False,False,False,,
359047298,Junk (J),False,False,False,False,False,,
359112698,Junk (J),False,False,False,False,False,,
359115331,Junk (J),False,False,False,False,False,,
359155496,EB,False,False,False,False,False,,
359165110,Junk (J),False,False,False,False,False,,
359187942,Junk (J),False,False,False,False,False,,
359248557,Junk (J),False,False,False,False,False,,
359271092,Planet (P),False,False,False,False,False,,
359312553,Junk (J),False,False,False,False,False,,
359313776,Junk (J),False,False,False,False,False,,
359321688,Planet (P),False,False,False,False,False,,
359336283,Junk (J),False,False,False,False,False,,
359357695,Planet (P),False,False,False,False,False,,
359388309,Planet (P),False,False,False,False,False,,
359391325,Junk (J),False,False,False,False,False,,
359393651,Junk (J),False,False,False,False,False,,
359403471,Planet (P),False,True,False,True,False,102.0,102.0
359415582,Junk (J),False,False,False,False,False,,
359426909,Planet (P),False,True,False,True,False,100.0,100.0
359438901,EB,False,False,False,False,False,,
359469754,Planet (P),False,False,False,False,False,,
359523751,Planet (P),False,True,False,True,False,102.0,102.0
359556016,Junk (J),False,False,False,False,False,,
359572563,Planet (P),False,False,False,False,False,,
359579195,EB,False,True,False,True,False,100.0,100.0
359584313,Junk (J),False,False,False,False,False,,
359629653,Planet (P),False,False,False,False,False,,
359674730,Junk (J),False,False,False,False,False,,
359675849,EB,False,False,False,False,False,,
359676320,EB,False,False,False,False,False,,
359676790,Junk (J),False,False,False,False,False,,
359677968,Junk (J),False,False,False,False,False,,
359678852,Junk (J),False,False,False,False,False,,
359729929,Junk (J),False,False,False,False,False,,
359735804,Planet (P),False,False,False,False,False,,
359892288,Junk (J),False,False,False,False,False,,
359991399,Junk (J),False,True,False,True,False,101.0,101.0
360019461,Junk (J),False,False,False,False,False,,
360051638,EB,False,False,False,False,False,,
360142739,Planet (P),False,False,False,False,False,,
360148723,EB,False,True,False,True,False,100.0,100.0
360156606,Planet (P),False,True,False,True,False,100.0,100.0
360176355,Junk (J),False,True,False,True,False,102.0,102.0
360221713,Planet (P),False,True,False,True,False,103.0,103.0
360224870,Planet (P),False,True,False,True,False,103.0,103.0
360286627,Planet (P),False,False,False,False,False,,
360473750,Planet (P),False,True,False,True,False,101.0,101.0
360475034,Planet (P),False,True,False,True,False,101.0,101.0
360607974,Junk (J),False,True,False,True,False,103.0,103.0
360630575,Planet (P),False,True,False,True,False,100.0,100.0
360706000,Planet (P),False,False,False,False,False,,
360714300,Planet (P),False,False,False,False,False,,
360740653,Junk (J),True,True,True,True,True,103.0,103.0
360742636,Planet (P),True,True,True,True,True,94.0,94.0
360742953,Junk (J),True,True,True,True,True,94.0,94.0
360800754,EB,False,True,False,True,False,103.0,103.0
360804851,Junk (J),True,True,True,True,True,94.0,94.0
360816296,Planet (P),False,True,False,True,False,100.0,100.0
360822008,Planet (P),True,True,True,True,True,101.0,101.0
360875769,Junk (J),False,True,False,True,False,103.0,103.0
360876221,Junk (J),True,True,True,True,True,103.0,103.0
360943695,EB,False,True,False,True,False,101.0,101.0
360960073,Junk (J),True,True,True,True,True,103.0,103.0
361034196,EB,False,True,False,True,False,103.0,103.0
361038972,EB,False,True,False,True,False,101.0,101.0
361047410,EB,False,True,False,True,False,101.0,101.0
361154154,Planet (P),False,False,False,False,False,,
361176558,Planet (P),False,True,False,True,False,101.0,101.0
361177174,EB,False,True,False,False,False,101.0,
361218772,Planet (P),False,False,False,False,False,,
361219651,Planet (P),False,False,False,False,False,,
361343239,Planet (P),False,False,False,False,False,,
361344753,Planet (P),False,False,False,False,False,,
361403927,Planet (P),False,True,False,True,False,103.0,103.0
361413119,Planet (P),False,False,False,False,False,,
361467239,Planet (P),False,True,False,True,False,103.0,103.0
361710792,Planet (P),False,True,False,True,False,103.0,103.0
361711730,Planet (P),False,True,False,True,False,103.0,103.0
361944563,Planet (P),False,False,False,False,False,,
361998994,Planet (P),False,False,False,False,False,,
362026280,Planet (P),False,True,False,True,False,98.0,98.0
362032529,Planet (P),False,True,False,True,False,103.0,103.0
362086333,Junk (J),True,True,True,True,True,94.0,94.0
362103298,Planet (P),False,False,False,False,False,,
362104293,EB,False,False,False,False,False,,
362108122,Junk (J),False,False,False,False,False,,
362111691,Planet (P),False,True,False,True,False,103.0,103.0
362213004,Junk (J),False,False,False,False,False,,
362220495,Junk (J),False,False,False,False,False,,
362222177,Planet (P),False,False,False,False,False,,
362223355,Planet (P),False,False,False,False,False,,
362249359,Planet (P),False,False,False,False,False,,
362256860,Junk (J),False,False,False,False,False,,
362259855,Junk (J),False,False,False,False,False,,
362370757,Planet (P),False,True,False,True,False,99.0,99.0
362607799,Planet (P),False,False,False,False,False,,
362709886,Planet (P),False,True,False,True,False,103.0,103.0
362818328,EB,False,False,False,False,False,,
363029616,Planet (P),False,False,False,False,False,,
363030357,Junk (J),False,False,False,False,False,,
363083571,Planet (P),False,True,False,True,False,103.0,103.0
363184094,EB,False,False,False,False,False,,
363202582,Planet (P),False,False,False,False,False,,
363259409,Planet (P),False,False,False,False,False,,
363260203,EB,False,False,False,False,False,,
363372219,Junk (J),False,True,False,True,False,103.0,103.0
363403561,Junk (J),False,True,False,True,False,103.0,103.0
363417404,Planet (P),False,False,False,False,False,,
363485420,Junk (J),False,True,False,True,False,103.0,103.0
363485837,Junk (J),False,True,False,True,False,103.0,103.0
363548415,Planet (P),False,False,False,False,False,,
363632843,Planet (P),False,False,False,False,False,,
363635669,Planet (P),False,False,False,False,False,,
363643185,EB,False,True,False,True,False,103.0,103.0
363661031,Planet (P),False,True,False,True,False,102.0,102.0
363713678,EB,False,True,False,True,False,103.0,103.0
363732000,Junk (J),False,False,False,False,False,,
363749415,Planet (P),False,True,False,True,False,103.0,103.0
363821402,Junk (J),False,False,False,False,False,,
363851359,Planet (P),False,True,False,True,False,102.0,102.0
363900902,EB,False,False,False,False,False,,
363914762,Planet (P),False,True,False,True,False,98.0,98.0
363919467,Junk (J),False,False,False,False,False,,
363979429,Junk (J),False,False,False,False,False,,
363985977,EB,False,True,False,True,False,103.0,103.0
364028674,Junk (J),False,False,False,False,False,,
364072092,Planet (P),False,True,False,True,False,103.0,103.0
364074068,Planet (P),False,False,False,False,False,,
364074479,EB,False,False,False,False,False,,
364112579,EB,True,True,True,True,True,103.0,103.0
364115836,EB,True,True,True,True,True,103.0,103.0
364116747,Junk (J),False,False,False,False,False,,
364131839,Junk (J),False,False,False,False,False,,
364152478,Junk (J),True,True,True,True,True,103.0,103.0
364153424,EB,True,True,True,True,True,103.0,103.0
364186197,EB,False,False,False,False,False,,
364192929,Planet (P),False,False,False,False,False,,
364200513,EB,False,True,False,True,False,103.0,103.0
364261260,Junk (J),False,False,False,False,False,,
364267778,Planet (P),True,True,True,True,True,97.0,97.0
364268665,Junk (J),True,True,True,True,True,97.0,97.0
364302118,EB,True,True,True,True,True,98.0,98.0
364325639,Junk (J),True,True,True,True,True,98.0,98.0
364326977,Junk (J),True,True,True,True,True,98.0,98.0
364327518,Junk (J),True,True,True,True,True,98.0,98.0
364392241,Junk (J),True,True,True,True,True,98.0,98.0
364393429,Planet (P),True,True,True,True,True,98.0,98.0
364395234,Planet (P),True,True,True,True,True,97.0,97.0
364398428,EB,True,True,True,True,True,95.0,95.0
364408162,Planet (P),False,False,False,False,False,,
364423314,Junk (J),True,True,True,True,True,98.0,98.0
364427226,Planet (P),False,True,False,True,False,100.0,100.0
364431259,Planet (P),False,True,False,True,False,103.0,103.0
364501801,Junk (J),False,False,False,False,False,,
364522710,EB,False,True,False,True,False,103.0,103.0
364566564,Junk (J),False,False,False,False,False,,
364571121,Planet (P),False,False,False,False,False,,
364642900,Junk (J),False,False,False,False,False,,
364648773,Junk (J),False,True,False,False,False,103.0,
364785009,EB,False,False,False,False,False,,
364821094,EB,False,False,False,False,False,,
364843934,EB,False,True,False,True,False,100.0,100.0
364872760,EB,False,False,False,False,False,,
364944633,EB,False,True,False,True,False,103.0,103.0
364951842,Planet (P),False,False,False,False,False,,
364955057,Planet (P),False,False,False,False,False,,
364965655,Junk (J),False,False,False,False,False,,
365007485,Planet (P),False,False,False,False,False,,
365021641,Planet (P),False,False,False,False,False,,
365042972,EB,False,False,False,False,False,,
365070128,EB,False,False,False,False,False,,
365084581,EB,False,True,False,True,False,103.0,103.0
365089053,Junk (J),False,False,False,False,False,,
365105274,Junk (J),False,False,False,False,False,,
365182357,EB,False,False,False,False,False,,
365198353,Junk (J),False,False,False,False,False,,
365203184,EB,False,False,False,False,False,,
365321314,EB,False,True,False,True,False,103.0,103.0
365380824,EB,False,False,False,False,False,,
365444563,EB,False,False,False,False,False,,
365447203,Planet (P),False,False,False,False,False,,
365470909,Junk (J),False,True,False,True,False,103.0,103.0
365494323,EB,False,False,False,False,False,,
365505502,Junk (J),False,False,False,False,False,,
365509373,Planet (P),False,True,False,True,False,98.0,98.0
365556973,Junk (J),False,True,False,True,False,103.0,103.0
365605070,Junk (J),False,True,False,True,False,103.0,103.0
365609989,Junk (J),False,False,False,False,False,,
365615362,EB,False,False,False,False,False,,
365673804,Planet (P),False,False,False,False,False,,
365677549,Junk (J),False,False,False,False,False,,
365683029,Planet (P),False,False,False,False,False,,
365683032,Planet (P),False,False,False,False,False,,
365690646,Planet (P),False,True,False,True,False,98.0,98.0
365700102,EB,False,False,False,False,False,,
365712006,Planet (P),False,False,False,False,False,,
365717150,EB,False,True,False,True,False,102.0,102.0
365725094,EB,False,True,False,True,False,103.0,103.0
365725831,Junk (J),False,True,False,True,False,103.0,103.0
365733349,Planet (P),False,False,False,False,False,,
365760877,EB,False,False,False,False,False,,
365865451,Junk (J),False,False,False,False,False,,
365938305,Planet (P),False,False,False,False,False,,
365952328,Planet (P),False,True,False,True,False,103.0,103.0
365962806,EB,False,False,False,False,False,,
365968021,Junk (J),False,False,False,False,False,,
365968225,Junk (J),False,False,False,False,False,,
365998896,EB,False,True,False,True,False,103.0,103.0
366005019,EB,False,True,False,True,False,103.0,103.0
366074069,Planet (P),False,False,False,False,False,,
366115856,Planet (P),False,False,False,False,False,,
366118826,Junk (J),False,False,False,False,False,,
366119858,Planet (P),False,False,False,False,False,,
366120401,Planet (P),False,False,False,False,False,,
366121278,Junk (J),False,False,False,False,False,,
366123074,Junk (J),False,False,False,False,False,,
366162981,Junk (J),False,False,False,False,False,,
366248595,Planet (P),False,True,False,True,False,103.0,103.0
366266583,EB,False,False,False,False,False,,
366298702,Planet (P),False,False,False,False,False,,
366302410,Planet (P),False,False,False,False,False,,
366311757,Planet (P),False,False,False,False,False,,
366314794,EB,False,True,False,True,False,102.0,102.0
366315051,Planet (P),False,True,False,True,False,102.0,102.0
366316586,Planet (P),False,True,False,True,False,102.0,102.0
366362253,EB,False,False,False,False,False,,
366387273,Junk (J),False,False,False,False,False,,
366409685,Planet (P),False,False,False,False,False,,
366410512,Planet (P),False,False,False,False,False,,
366411016,Planet (P),False,False,False,False,False,,
366416144,Junk (J),False,False,False,False,False,,
366443426,Planet (P),False,False,False,False,False,,
366484980,Planet (P),False,False,False,False,False,,
366489106,Junk (J),False,False,False,False,False,,
366499151,Planet (P),False,False,False,False,False,,
366527844,Planet (P),False,False,False,False,False,,
366562920,Junk (J),False,False,False,False,False,,
366568760,Planet (P),False,False,False,False,False,,
366577748,Junk (J),False,False,False,False,False,,
366580825,Planet (P),False,False,False,False,False,,
366581547,Junk (J),False,False,False,False,False,,
366631850,Junk (J),False,False,False,False,False,,
366631954,Planet (P),False,False,False,False,False,,
366637052,Junk (J),False,False,False,False,False,,
366698929,Planet (P),False,False,False,False,False,,
366720204,Junk (J),False,False,False,False,False,,
366725641,Planet (P),False,False,False,False,False,,
366754985,Planet (P),False,False,False,False,False,,
366755319,Planet (P),False,False,False,False,False,,
366780184,EB,False,False,False,False,False,,
366787795,Junk (J),False,False,False,False,False,,
366804698,Planet (P),False,False,False,False,False,,
366846982,Planet (P),False,False,False,False,False,,
366850508,EB,False,False,False,False,False,,
366877625,EB,False,False,False,False,False,,
366884336,Junk (J),False,False,False,False,False,,
366941863,Junk (J),False,False,False,False,False,,
366972162,Planet (P),False,False,False,False,False,,
366973275,Junk (J),False,False,False,False,False,,
366986734,EB,True,True,True,True,True,103.0,103.0
366988508,EB,False,True,False,True,False,101.0,101.0
366989877,Planet (P),True,True,True,True,True,94.0,94.0
367022524,Junk (J),True,True,True,True,True,101.0,101.0
367099243,EB,False,False,False,False,False,,
367193060,Planet (P),False,False,False,False,False,,
367233858,Junk (J),False,False,False,False,False,,
367287018,Planet (P),False,False,False,False,False,,
367366318,Planet (P),False,False,False,False,False,,
367425718,Junk (J),False,False,False,False,False,,
367425982,Planet (P),False,False,False,False,False,,
367434266,Planet (P),False,False,False,False,False,,
367439938,Planet (P),False,False,False,False,False,,
367476633,EB,False,True,False,True,False,103.0,103.0
367519791,EB,False,False,False,False,False,,
367522211,Planet (P),False,False,False,False,False,,
367540617,EB,False,False,False,False,False,,
367607434,Junk (J),False,False,False,False,False,,
367610104,Junk (J),False,False,False,False,False,,
367614642,Junk (J),False,False,False,False,False,,
367616146,Planet (P),False,False,False,False,False,,
367630162,Planet (P),False,False,False,False,False,,
367681857,Junk (J),False,False,False,False,False,,
367682011,Junk (J),False,False,False,False,False,,
367704546,Junk (J),False,False,False,False,False,,
367737522,Junk (J),False,False,False,False,False,,
367738779,EB,False,False,False,False,False,,
367739494,Planet (P),False,False,False,False,False,,
367752981,Junk (J),False,False,False,False,False,,
367753709,Planet (P),False,False,False,False,False,,
367782310,Junk (J),False,False,False,False,False,,
367785426,EB,False,False,False,False,False,,
367812585,Junk (J),False,False,False,False,False,,
367836197,Junk (J),False,False,False,False,False,,
367839275,Junk (J),False,False,False,False,False,,
367855443,Junk (J),False,False,False,False,False,,
367855829,Planet (P),False,False,False,False,False,,
367858035,Planet (P),False,False,False,False,False,,
367900542,Planet (P),False,True,False,True,False,103.0,103.0
367959899,Junk (J),False,False,False,False,False,,
368013010,EB,False,False,False,False,False,,
368025613,EB,False,False,False,False,False,,
368043587,Junk (J),False,False,False,False,False,,
368129261,EB,False,False,False,False,False,,
368145364,Junk (J),False,False,False,False,False,,
368205669,Junk (J),False,False,False,False,False,,
368287008,Planet (P),False,False,False,False,False,,
368320811,Planet (P),False,False,False,False,False,,
368332050,EB,False,False,False,False,False,,
368435330,Planet (P),False,False,False,False,False,,
368436509,Junk (J),False,False,False,False,False,,
368551567,Junk (J),False,False,False,False,False,,
368628986,Planet (P),False,False,False,False,False,,
368713985,Planet (P),False,True,False,True,False,102.0,102.0
368734712,Planet (P),False,False,False,False,False,,
368739874,Planet (P),False,False,False,False,False,,
368798269,Junk (J),False,False,False,False,False,,
368805700,Planet (P),False,False,False,False,False,,
368934540,EB,False,True,False,True,False,103.0,103.0
369054284,EB,False,False,False,False,False,,
369062542,Planet (P),False,False,False,False,False,,
369255529,EB,False,False,False,False,False,,
369327273,Junk (J),True,True,True,True,True,102.0,102.0
369327648,EB,True,True,True,True,True,102.0,102.0
369327947,Planet (P),True,True,False,True,True,102.0,102.0
369336146,Planet (P),True,True,True,True,True,103.0,103.0
369345064,Planet (P),False,True,False,True,False,103.0,103.0
369364720,Junk (J),True,True,True,True,True,94.0,94.0
369368656,Junk (J),True,True,True,True,True,102.0,102.0
369374037,Junk (J),True,True,True,True,True,94.0,94.0
369376388,Planet (P),False,False,False,False,False,,
369382544,Junk (J),False,False,False,False,False,,
369419476,EB,False,True,False,True,False,101.0,101.0
369455629,Planet (P),True,True,True,True,True,95.0,95.0
369457671,Planet (P),False,False,False,False,False,,
369474541,Planet (P),False,False,False,False,False,,
369487047,Junk (J),False,False,False,False,False,,
369487358,Junk (J),False,False,False,False,False,,
369532319,Planet (P),False,False,False,False,False,,
369578251,Junk (J),True,True,True,True,True,103.0,103.0
369639876,Junk (J),False,True,False,True,False,103.0,103.0
369767412,Junk (J),True,True,True,True,True,94.0,94.0
369768787,Planet (P),True,True,True,True,True,94.0,94.0
369770419,EB,True,True,True,True,True,94.0,94.0
369787651,Junk (J),True,True,True,True,True,94.0,94.0
369789627,Planet (P),False,False,False,False,False,,
369816679,EB,True,True,True,True,True,94.0,94.0
369822108,EB,False,False,False,False,False,,
369860950,EB,False,False,False,False,False,,
369861728,Planet (P),True,True,True,True,True,94.0,94.0
369865237,Junk (J),False,False,False,False,False,,
369867255,Junk (J),True,True,True,True,True,94.0,94.0
369874616,Junk (J),True,True,True,True,True,94.0,94.0
369907772,Planet (P),False,False,False,False,False,,
369911515,Junk (J),False,False,False,False,False,,
369922223,Junk (J),False,False,False,False,False,,
369958563,EB,True,True,True,True,True,94.0,94.0
369960846,Planet (P),True,True,True,True,True,94.0,94.0
369964729,Junk (J),True,True,True,True,True,103.0,103.0
369965258,Planet (P),True,True,True,True,True,103.0,103.0
370009806,Planet (P),True,True,True,True,True,96.0,96.0
370015361,EB,True,True,True,True,True,94.0,94.0
370041763,Junk (J),True,True,True,True,True,98.0,98.0
370042412,Junk (J),False,False,False,False,False,,
370075213,Junk (J),False,False,False,False,False,,
370100292,Junk (J),True,True,True,True,True,98.0,98.0
370101492,Junk (J),True,True,True,True,True,98.0,98.0
370103882,Junk (J),True,True,True,True,True,98.0,98.0
370108711,EB,True,True,True,True,True,101.0,101.0
370111806,Junk (J),True,True,True,True,True,103.0,103.0
370118363,Junk (J),True,True,True,True,True,96.0,96.0
370123525,Planet (P),False,False,False,False,False,,
370133522,Planet (P),True,True,True,True,True,103.0,103.0
370136983,Junk (J),True,True,True,True,True,96.0,96.0
370136985,Junk (J),True,True,True,True,True,96.0,96.0
370138719,Junk (J),True,True,True,True,True,96.0,96.0
370138999,Planet (P),True,True,True,True,True,96.0,96.0
370145370,Junk (J),True,True,True,True,True,103.0,103.0
370234343,Junk (J),True,True,True,True,True,98.0,98.0
370234970,Junk (J),True,True,True,True,True,98.0,98.0
370237428,Junk (J),True,True,True,True,True,95.0,95.0
370249829,Junk (J),True,True,True,True,True,95.0,95.0
370296756,Junk (J),False,True,False,True,False,103.0,103.0
370327081,Junk (J),True,True,True,True,True,95.0,95.0
370385007,Planet (P),False,True,False,True,False,102.0,102.0
370518476,Junk (J),False,False,False,False,False,,
370597247,Junk (J),False,False,False,False,False,,
370619014,Junk (J),False,False,False,False,False,,
370691755,Junk (J),False,False,False,False,False,,
370705514,Junk (J),False,False,False,False,False,,
370723361,Junk (J),False,False,False,False,False,,
370725984,Junk (J),False,False,False,False,False,,
370759597,EB,False,False,False,False,False,,
370789328,EB,False,False,False,False,False,,
370827350,Junk (J),False,False,False,False,False,,
370877263,Planet (P),False,False,False,False,False,,
370907864,Planet (P),False,False,False,False,False,,
370938346,Junk (J),False,False,False,False,False,,
370947347,Junk (J),False,False,False,False,False,,
370981403,Planet (P),False,False,False,False,False,,
371017982,EB,False,False,False,False,False,,
371066950,Junk (J),False,False,False,False,False,,
371070027,Junk (J),False,False,False,False,False,,
371106415,EB,False,False,False,False,False,,
371164829,Planet (P),False,False,False,False,False,,
371188886,Planet (P),False,False,False,False,False,,
371234684,Planet (P),False,False,False,False,False,,
371443216,Planet (P),False,False,False,False,False,,
371470493,Planet (P),False,False,False,False,False,,
371513482,EB,False,False,False,False,False,,
371516925,Junk (J),False,False,False,False,False,,
371573539,Planet (P),False,False,False,False,False,,
371579161,Planet (P),False,False,False,False,False,,
371596277,Planet (P),False,False,False,False,False,,
371676181,Planet (P),False,False,False,False,False,,
371815570,Junk (J),False,False,False,False,False,,
371832659,Junk (J),False,False,False,False,False,,
371837437,Junk (J),True,True,True,True,True,102.0,102.0
371839073,EB,True,True,True,True,True,103.0,103.0
371839648,EB,True,True,True,True,True,103.0,103.0
371864043,Planet (P),False,False,False,False,False,,
371909591,Planet (P),False,False,False,False,False,,
371971587,Junk (J),False,False,False,False,False,,
371978148,Junk (J),False,False,False,False,False,,
371995402,Junk (J),True,True,True,True,True,102.0,102.0
372048733,Planet (P),False,False,False,False,False,,
372068780,Planet (P),False,True,False,True,False,102.0,102.0
372086075,Junk (J),False,False,False,False,False,,
372124621,Junk (J),True,True,True,True,True,103.0,103.0
372127422,Junk (J),True,True,True,True,True,103.0,103.0
372168853,Junk (J),True,True,True,True,True,103.0,103.0
372172128,Planet (P),True,True,True,True,True,103.0,103.0
372178596,Planet (P),False,False,False,False,False,,
372186057,Junk (J),False,False,False,False,False,,
372188911,EB,False,False,False,False,False,,
372188924,EB,False,False,False,False,False,,
372207084,Planet (P),False,False,False,False,False,,
372207328,Planet (P),False,False,False,False,False,,
372213538,EB,False,False,False,False,False,,
372214805,Junk (J),False,False,False,False,False,,
372218274,Junk (J),True,True,True,True,True,103.0,103.0
372222115,EB,True,True,True,True,True,102.0,102.0
372222189,Junk (J),True,True,True,True,True,103.0,103.0
372223132,Junk (J),True,True,True,True,True,103.0,103.0
372238299,EB,False,True,False,True,False,103.0,103.0
372240730,Junk (J),True,True,True,True,True,102.0,102.0
372242073,Junk (J),True,True,True,True,True,103.0,103.0
372242550,Junk (J),True,True,True,True,True,102.0,102.0
372264750,Planet (P),False,False,False,False,False,,
372272753,EB,False,False,False,False,False,,
372300924,EB,True,True,True,True,True,103.0,103.0
372339780,Junk (J),False,False,False,False,False,,
372360503,EB,True,True,True,True,True,103.0,103.0
372362263,Junk (J),True,True,False,True,True,103.0,103.0
372392226,Planet (P),False,False,False,False,False,,
372403084,Junk (J),False,False,False,False,False,,
372424377,Planet (P),False,False,False,False,False,,
372443687,Planet (P),True,True,True,True,True,103.0,103.0
372448111,Planet (P),False,False,False,False,False,,
372596795,Planet (P),False,False,False,False,False,,
372640713,Junk (J),False,False,False,False,False,,
372642120,EB,False,False,False,False,False,,
372670635,EB,False,True,False,False,False,103.0,
372687282,Junk (J),False,False,False,False,False,,
372711165,Junk (J),False,False,False,False,False,,
372730331,Planet (P),False,False,False,False,False,,
372747949,Planet (P),False,False,False,False,False,,
372749943,Junk (J),False,False,False,False,False,,
372757221,Planet (P),False,False,False,False,False,,
372758077,Planet (P),False,False,False,False,False,,
372759478,Junk (J),False,False,False,False,False,,
372759746,Planet (P),False,False,False,False,False,,
372817671,Planet (P),False,True,False,True,False,98.0,98.0
372818426,Planet (P),True,True,True,True,True,98.0,98.0
372820291,EB,False,False,False,False,False,,
372831381,Planet (P),False,False,False,False,False,,
372850357,EB,True,True,True,True,True,98.0,98.0
372852036,Planet (P),True,True,True,True,True,98.0,98.0
372913233,Junk (J),True,True,True,True,True,95.0,95.0
372913439,EB,True,True,True,True,True,95.0,95.0
372960748,Planet (P),False,False,False,False,False,,
373015604,EB,False,True,False,True,False,103.0,103.0
373017346,Planet (P),False,False,False,False,False,,
373017793,Planet (P),False,False,False,False,False,,
373033374,Planet (P),False,False,False,False,False,,
373133412,EB,False,False,False,False,False,,
373238118,Junk (J),False,False,False,False,False,,
373326815,EB,False,False,False,False,False,,
373386396,Junk (J),False,False,False,False,False,,
373523051,Junk (J),True,True,True,True,True,98.0,98.0
373559854,Junk (J),False,False,False,False,False,,
373598109,Junk (J),True,True,True,True,True,98.0,98.0
373612558,Planet (P),False,False,False,False,False,,
373614579,Planet (P),False,False,False,False,False,,
373693175,Planet (P),False,False,False,False,False,,
373706780,Junk (J),False,False,False,False,False,,
373763995,Junk (J),False,False,False,False,False,,
373767598,Junk (J),True,True,True,True,True,98.0,98.0
373816781,Planet (P),False,False,False,False,False,,
373840212,Junk (J),True,True,True,True,True,98.0,98.0
373843699,Junk (J),True,True,True,True,True,98.0,97.0
373843852,Junk (J),True,True,True,True,True,97.0,97.0
373843857,Junk (J),True,True,True,True,True,97.0,97.0
373849740,EB,True,True,True,True,True,97.0,97.0
373894336,Planet (P),False,False,False,False,False,,
373917626,EB,True,True,True,True,True,98.0,98.0
373917747,EB,True,True,True,True,True,98.0,98.0
373917830,Junk (J),True,True,True,True,True,98.0,98.0
373917850,Junk (J),True,True,True,True,True,98.0,98.0
373919592,Junk (J),True,True,True,True,True,98.0,98.0
374017545,EB,False,False,False,False,False,,
374095457,Planet (P),False,True,False,True,False,100.0,100.0
374108808,Junk (J),False,False,False,False,False,,
374141823,Junk (J),False,False,False,False,False,,
374155286,Planet (P),False,False,False,False,False,,
374158843,Planet (P),False,True,False,True,False,100.0,100.0
374170287,Junk (J),False,False,False,False,False,,
374176554,Junk (J),False,False,False,False,False,,
374180079,Planet (P),False,False,False,False,False,,
374200604,Planet (P),False,False,False,False,False,,
374238746,Junk (J),False,False,False,False,False,,
374248229,Junk (J),False,False,False,False,False,,
374249729,EB,False,False,False,False,False,,
374251931,Junk (J),False,False,False,False,False,,
374265995,Junk (J),False,False,False,False,False,,
374298760,Junk (J),False,False,False,False,False,,
374318975,Junk (J),False,False,False,False,False,,
374342788,Junk (J),True,True,True,True,True,103.0,103.0
374348168,Planet (P),True,True,True,True,True,103.0,103.0
374350678,Planet (P),False,False,False,False,False,,
374355219,EB,True,True,False,True,True,103.0,103.0
374377089,Junk (J),False,False,False,False,False,,
374390400,EB,False,False,False,False,False,,
374410507,Junk (J),True,True,True,True,True,103.0,103.0
374530847,Planet (P),False,False,False,False,False,,
374607967,Junk (J),False,False,False,False,False,,
374741750,Planet (P),False,False,False,False,False,,
374778982,Planet (P),False,False,False,False,False,,
374829238,Planet (P),False,True,False,True,False,98.0,98.0
374834469,Junk (J),False,False,False,False,False,,
374842093,Junk (J),False,False,False,False,False,,
374908020,EB,False,True,False,False,False,98.0,
374908396,Planet (P),False,True,False,True,False,97.0,97.0
374913860,Junk (J),False,False,False,False,False,,
374919956,Planet (P),False,False,False,False,False,,
374996198,Junk (J),True,True,True,True,True,98.0,98.0
374997123,Planet (P),True,True,True,True,True,98.0,98.0
375035936,Junk (J),True,True,True,True,True,98.0,98.0
375036584,Junk (J),True,True,True,True,True,97.0,97.0
375057954,Junk (J),True,True,True,True,True,98.0,98.0
375058760,EB,True,True,True,True,True,98.0,98.0
375059587,Planet (P),True,True,True,True,True,98.0,98.0
375063426,Junk (J),True,True,True,True,True,97.0,97.0
375076367,Junk (J),False,False,False,False,False,,
375090559,EB,True,True,True,True,True,98.0,98.0
375116172,Planet (P),False,False,False,False,False,,
375152387,Junk (J),False,False,False,False,False,,
375181241,Junk (J),False,False,False,False,False,,
375223080,Planet (P),False,False,False,False,False,,
375266792,Junk (J),False,False,False,False,False,,
375271398,Junk (J),False,False,False,False,False,,
375297961,Planet (P),True,True,True,True,True,103.0,103.0
375419034,Planet (P),False,False,False,False,False,,
375500475,EB,False,False,False,False,False,,
375500479,EB,False,False,False,False,False,,
375506058,Planet (P),False,False,False,False,False,,
375534411,Junk (J),False,False,False,False,False,,
375542276,Planet (P),False,False,False,False,False,,
375606405,Junk (J),False,False,False,False,False,,
375654303,Planet (P),False,False,False,False,False,,
375796601,Junk (J),False,False,False,False,False,,
375800897,EB,False,False,False,False,False,,
375850439,Planet (P),False,False,False,False,False,,
375942197,Planet (P),False,False,False,False,False,,
375981105,Planet (P),False,False,False,False,False,,
376022915,Junk (J),False,False,False,False,False,,
376023383,EB,False,False,False,False,False,,
376036292,Planet (P),False,False,False,False,False,,
376168473,Planet (P),True,True,False,False,True,94.0,
376209245,Planet (P),False,True,False,True,False,101.0,101.0
376353509,Planet (P),False,False,False,False,False,,
376354189,Planet (P),False,False,False,False,False,,
376385505,EB,False,True,False,True,False,101.0,101.0
376385526,EB,False,True,False,True,False,101.0,101.0
376421071,Planet (P),False,False,False,False,False,,
376454594,Planet (P),False,False,False,False,False,,
376483392,EB,False,True,False,True,False,101.0,101.0
376524552,Planet (P),False,False,False,False,False,,
376610581,Planet (P),False,False,False,False,False,,
376632626,Planet (P),False,False,False,False,False,,
376637093,Planet (P),False,False,False,False,False,,
376688393,Planet (P),False,False,False,False,False,,
376734574,EB,False,False,False,False,False,,
376734583,EB,False,False,False,False,False,,
376765646,Planet (P),False,False,False,False,False,,
376778166,EB,True,True,True,True,True,103.0,103.0
376795533,Junk (J),False,False,False,False,False,,
376800517,Planet (P),False,False,False,False,False,,
376847633,Planet (P),False,False,False,False,False,,
376847833,Junk (J),False,False,False,False,False,,
376867898,Planet (P),False,False,False,False,False,,
376925533,Junk (J),False,False,False,False,False,,
376929923,Junk (J),False,False,False,False,False,,
376930175,Junk (J),False,False,False,False,False,,
376930910,Junk (J),False,False,False,False,False,,
376931804,Junk (J),True,True,True,True,True,95.0,95.0
376936329,Junk (J),True,True,True,True,True,95.0,95.0
376936788,EB,True,True,True,True,True,95.0,95.0
376937138,Junk (J),True,True,True,True,True,95.0,95.0
376939759,Planet (P),False,False,False,False,False,,
376974575,Junk (J),False,False,False,False,False,,
376975340,Junk (J),False,False,False,False,False,,
376975597,Junk (J),False,False,False,False,False,,
376978329,Junk (J),False,False,False,False,False,,
376979188,Junk (J),False,False,False,False,False,,
376981340,Junk (J),False,False,False,False,False,,
376987597,Junk (J),True,True,True,True,True,95.0,95.0
376987652,Junk (J),True,True,True,True,True,95.0,95.0
376991612,Junk (J),False,False,False,False,False,,
376998756,Junk (J),False,False,False,False,False,,
377017801,Junk (J),True,True,True,True,True,95.0,95.0
377017868,Junk (J),True,True,True,True,True,95.0,95.0
377018326,Junk (J),True,True,True,True,True,95.0,95.0
377024332,Planet (P),False,False,False,False,False,,
377050568,Junk (J),False,False,False,False,False,,
377050721,Junk (J),False,False,False,False,False,,
377050992,Junk (J),False,False,False,False,False,,
377051887,Junk (J),False,False,False,False,False,,
377052066,EB,False,False,False,False,False,,
377064495,Planet (P),False,False,False,False,False,,
377097547,Planet (P),False,False,False,False,False,,
377099481,Junk (J),False,False,False,False,False,,
377099704,Junk (J),False,False,False,False,False,,
377099802,EB,False,False,False,False,False,,
377100366,Junk (J),False,False,False,False,False,,
377102469,Junk (J),False,False,False,False,False,,
377102961,Junk (J),False,False,False,False,False,,
377144784,Planet (P),False,False,False,False,False,,
377164327,Junk (J),False,False,False,False,False,,
377169726,EB,False,False,False,False,False,,
377173930,EB,False,False,False,False,False,,
377191482,Junk (J),False,False,False,False,False,,
377192658,EB,False,False,False,False,False,,
377192659,EB,False,False,False,False,False,,
377197068,Junk (J),False,False,False,False,False,,
377254191,Junk (J),False,False,False,False,False,,
377290392,Junk (J),False,False,False,False,False,,
377293776,Planet (P),False,False,False,False,False,,
377297285,Planet (P),False,False,False,False,False,,
377304934,Junk (J),False,False,False,False,False,,
377380046,EB,False,False,False,False,False,,
377380224,EB,False,False,False,False,False,,
377554836,Junk (J),False,False,False,False,False,,
377571299,EB,False,False,False,False,False,,
377622130,Planet (P),False,False,False,False,False,,
377660198,EB,False,False,False,False,False,,
377674736,EB,False,False,False,False,False,,
377727931,Junk (J),False,False,False,False,False,,
377729979,Junk (J),False,False,False,False,False,,
377758157,EB,False,False,False,False,False,,
377763672,Junk (J),False,False,False,False,False,,
377771417,Planet (P),False,False,False,False,False,,
377780437,Junk (J),False,False,False,False,False,,
377780790,Planet (P),False,False,False,False,False,,
377781542,Junk (J),False,False,False,False,False,,
377784121,Junk (J),False,False,False,False,False,,
377873569,Planet (P),False,False,False,False,False,,
377877712,Planet (P),False,False,False,False,False,,
378084871,Junk (J),False,False,False,False,False,,
378227267,Planet (P),False,False,False,False,False,,
378236857,EB,False,False,False,False,False,,
378275454,EB,False,False,False,False,False,,
378276288,EB,False,False,False,False,False,,
378291076,Planet (P),False,False,False,False,False,,
378388715,Junk (J),False,False,False,False,False,,
378390325,Planet (P),False,False,False,False,False,,
378411251,EB,False,False,False,False,False,,
378613125,Planet (P),False,False,False,False,False,,
378682742,EB,False,True,False,True,False,100.0,100.0
378708888,Planet (P),False,False,False,False,False,,
378839764,Junk (J),False,True,False,True,False,99.0,99.0
378846327,Junk (J),False,False,False,False,False,,
378851309,EB,False,False,False,False,False,,
378860702,Planet (P),False,False,False,False,False,,
378994905,Junk (J),False,False,False,False,False,,
379010415,Junk (J),False,True,False,True,False,100.0,100.0
379191982,Junk (J),False,True,False,True,False,103.0,103.0
379192021,Junk (J),True,True,False,True,True,103.0,103.0
379215982,EB,False,False,False,False,False,,
379222611,EB,False,True,False,True,False,99.0,99.0
379239816,Junk (J),True,True,True,True,True,103.0,103.0
379240073,Planet (P),True,True,True,True,True,103.0,103.0
379286801,EB,True,True,True,True,True,103.0,103.0
379326935,Junk (J),False,False,False,False,False,,
379338672,EB,False,True,False,True,False,100.0,100.0
379356723,Junk (J),True,True,True,True,True,103.0,103.0
379386092,EB,False,False,False,False,False,,
379464439,EB,True,True,True,True,True,103.0,103.0
379465415,Junk (J),True,True,True,True,True,103.0,103.0
379520843,EB,False,False,False,False,False,,
379578628,Junk (J),True,True,False,True,True,103.0,103.0
379628901,Junk (J),False,False,False,False,False,,
379629854,Planet (P),False,False,False,False,False,,
379650425,EB,False,True,False,True,False,100.0,100.0
379672280,EB,False,True,False,True,False,102.0,102.0
379717270,Planet (P),False,True,False,True,False,101.0,101.0
379806358,Junk (J),False,True,False,True,False,103.0,103.0
379824738,Planet (P),False,False,False,False,False,,
379865347,EB,False,False,False,False,False,,
379929661,Planet (P),False,False,False,False,False,,
379940523,Junk (J),False,False,False,False,False,,
379973668,EB,False,False,False,False,False,,
380046819,EB,False,False,False,False,False,,
380344351,EB,False,True,False,True,False,101.0,101.0
380389821,Junk (J),False,True,False,True,False,101.0,101.0
380391418,EB,False,True,False,True,False,103.0,103.0
380397303,Junk (J),False,True,False,True,False,103.0,103.0
380413487,EB,False,False,False,False,False,,
380437503,Junk (J),True,True,True,True,True,98.0,98.0
380457228,Junk (J),False,True,False,True,False,103.0,103.0
380468471,EB,True,True,True,True,True,94.0,94.0
380478404,EB,True,True,True,True,True,94.0,94.0
380517859,Planet (P),False,False,False,False,False,,
380528770,Planet (P),False,True,False,False,False,99.0,
380529617,Junk (J),False,True,False,True,False,103.0,103.0
380570556,EB,False,True,False,False,False,101.0,
380570695,EB,False,True,False,True,False,101.0,101.0
380580939,EB,False,True,False,True,False,101.0,101.0
380589029,Planet (P),False,True,False,True,False,103.0,103.0
380590730,Junk (J),False,True,False,True,False,103.0,103.0
380619414,Planet (P),False,False,False,False,False,,
380632257,EB,False,False,False,False,False,,
380643463,Junk (J),True,True,True,True,True,94.0,94.0
380661288,Junk (J),False,True,False,True,False,103.0,103.0
380671216,Planet (P),False,False,False,False,False,,
380751868,EB,True,True,True,True,True,94.0,94.0
380775113,Junk (J),False,True,False,True,False,103.0,103.0
380775661,Planet (P),False,True,False,True,False,103.0,103.0
380778770,EB,False,True,False,True,False,103.0,103.0
380780316,Junk (J),False,True,False,True,False,103.0,103.0
380782608,Junk (J),False,True,False,True,False,103.0,103.0
380783252,EB,False,True,False,True,False,103.0,103.0
380835975,Junk (J),False,True,False,True,False,103.0,103.0
380836882,Planet (P),False,True,False,True,False,103.0,103.0
380840588,EB,False,True,False,True,False,102.0,102.0
380852016,EB,False,True,False,True,False,102.0,102.0
380861528,EB,False,True,False,True,False,103.0,103.0
380868607,EB,False,True,False,True,False,103.0,103.0
380870688,Planet (P),False,True,False,True,False,103.0,103.0
380884709,Planet (P),False,False,False,False,False,,
380886535,Planet (P),False,True,False,True,False,97.0,97.0
380887434,Planet (P),False,False,False,False,False,,
380907135,Planet (P),False,False,False,False,False,,
380916235,EB,False,True,False,True,False,103.0,103.0
380916694,Junk (J),False,True,False,True,False,103.0,103.0
380919259,Junk (J),False,True,False,True,False,103.0,103.0
381013459,EB,False,False,False,False,False,,
381049529,Junk (J),False,True,False,True,False,102.0,102.0
381233620,EB,False,True,False,True,False,103.0,103.0
381360750,Planet (P),False,False,False,False,False,,
381360757,Planet (P),False,False,False,False,False,,
381366555,EB,False,False,False,False,False,,
381367886,EB,False,False,False,False,False,,
381448973,Planet (P),False,True,False,True,False,103.0,103.0
381468938,Planet (P),False,True,False,True,False,103.0,103.0
381492296,EB,False,True,False,True,False,101.0,101.0
381544766,Planet (P),False,False,False,False,False,,
381559855,Junk (J),False,False,False,False,False,,
381591826,Planet (P),False,False,False,False,False,,
381639335,EB,False,True,False,True,False,101.0,101.0
381711001,Planet (P),False,True,False,True,False,103.0,103.0
381779252,EB,False,False,False,False,False,,
381789320,Planet (P),False,True,False,True,False,103.0,103.0
381798773,Junk (J),False,False,False,False,False,,
381856447,Planet (P),True,True,True,True,True,103.0,102.0
381874071,EB,False,False,False,False,False,,
381897917,Planet (P),False,False,False,False,False,,
381911989,Junk (J),False,True,False,True,False,103.0,103.0
381926513,Junk (J),True,True,True,True,True,98.0,98.0
381926647,Junk (J),True,True,True,True,True,103.0,103.0
381929683,Junk (J),True,True,True,True,True,103.0,103.0
381951850,Junk (J),True,True,True,True,True,98.0,98.0
381976956,Junk (J),True,True,True,True,True,98.0,98.0
381977351,Junk (J),True,True,True,True,True,98.0,98.0
381982417,Planet (P),True,True,True,True,True,103.0,103.0
381996371,Planet (P),False,True,False,True,False,102.0,102.0
382016348,EB,False,True,False,True,False,103.0,103.0
382032472,Junk (J),True,True,True,True,True,98.0,98.0
382045742,Planet (P),True,True,True,True,True,98.0,98.0
382068562,Planet (P),True,True,True,True,True,98.0,98.0
382069435,EB,True,True,True,True,True,98.0,98.0
382145868,Junk (J),True,True,True,True,True,98.0,98.0
382187347,Planet (P),True,True,True,True,True,98.0,98.0
382190002,Junk (J),True,True,True,True,True,98.0,98.0
382192850,Junk (J),True,True,True,True,True,103.0,103.0
382199441,Junk (J),True,True,True,True,True,98.0,98.0
382200608,Junk (J),True,True,True,True,True,98.0,98.0
382200986,Planet (P),True,True,True,True,True,98.0,98.0
382232653,EB,False,True,False,True,False,103.0,103.0
382254048,Junk (J),True,True,True,True,True,102.0,102.0
382256782,Junk (J),True,True,False,False,True,98.0,
382259605,Junk (J),True,True,True,True,True,98.0,98.0
382259755,Planet (P),True,True,False,False,True,98.0,
382288998,EB,False,True,False,True,False,101.0,101.0
382291887,EB,False,True,False,True,False,101.0,101.0
382302241,EB,True,True,True,True,True,98.0,98.0
382304847,Junk (J),True,True,True,True,True,102.0,102.0
382308684,EB,True,True,False,True,True,103.0,103.0
382312510,EB,True,True,True,True,True,103.0,103.0
382324187,Junk (J),True,True,True,True,True,95.0,95.0
382366334,EB,False,True,False,True,False,103.0,103.0
382366619,EB,True,True,True,True,True,103.0,103.0
382381510,Junk (J),True,True,True,True,True,95.0,95.0
382391899,Planet (P),False,False,False,False,False,,
382400632,EB,False,True,False,True,False,101.0,101.0
382419744,Planet (P),True,True,True,True,True,97.0,97.0
382430319,Junk (J),True,True,True,True,True,103.0,103.0
382437043,EB,True,True,True,True,True,98.0,98.0
382438480,EB,False,True,False,True,False,102.0,102.0
382446393,EB,False,True,False,True,False,102.0,102.0
382463648,Planet (P),True,True,True,True,True,103.0,103.0
382515658,Junk (J),True,True,True,True,True,97.0,97.0
382517909,Junk (J),True,True,True,True,True,98.0,98.0
382521776,Planet (P),True,True,True,True,True,96.0,96.0
382527485,Junk (J),True,True,True,True,True,97.0,97.0
382581230,Junk (J),True,True,True,True,True,96.0,96.0
382602147,Planet (P),True,True,True,True,True,96.0,96.0
382625239,Planet (P),True,True,False,False,True,98.0,
382626661,Planet (P),True,True,True,True,True,98.0,98.0
382688257,Planet (P),False,False,False,False,False,,
382744087,EB,False,True,False,True,False,101.0,101.0
382851553,EB,False,True,False,False,False,101.0,
382945008,EB,False,False,False,False,False,,
382975217,Planet (P),False,True,False,True,False,101.0,101.0
382980571,Planet (P),False,True,False,True,False,101.0,101.0
382986366,EB,False,True,False,True,False,101.0,101.0
383109671,EB,False,True,False,True,False,102.0,102.0
383214426,Planet (P),False,False,False,False,False,,
383216635,Planet (P),False,False,False,False,False,,
383236314,EB,False,True,False,True,False,101.0,101.0
383265029,Junk (J),False,False,False,False,False,,
383265135,Junk (J),False,False,False,False,False,,
383265471,Junk (J),False,False,False,False,False,,
383265684,Junk (J),False,False,False,False,False,,
383267977,EB,False,False,False,False,False,,
383268081,Junk (J),False,False,False,False,False,,
383291909,Junk (J),False,False,False,False,False,,
383299778,Planet (P),False,False,False,False,False,,
383311153,Junk (J),False,False,False,False,False,,
383313006,Planet (P),True,True,True,True,True,94.0,94.0
383314245,EB,False,False,False,False,False,,
383353438,Junk (J),False,False,False,False,False,,
383353688,Junk (J),False,False,False,False,False,,
383390264,Planet (P),True,True,True,True,True,94.0,94.0
383390913,Junk (J),False,False,False,False,False,,
383390914,EB,False,False,False,False,False,,
383410746,Planet (P),False,True,False,True,False,101.0,101.0
383429255,Planet (P),False,False,False,False,False,,
383430399,Junk (J),False,False,False,False,False,,
383440463,Junk (J),False,False,False,False,False,,
383475650,Junk (J),False,False,False,False,False,,
383503466,Junk (J),False,False,False,False,False,,
383517469,Junk (J),False,False,False,False,False,,
383531543,Planet (P),False,False,False,False,False,,
383554318,EB,False,False,False,False,False,,
383555130,Junk (J),False,False,False,False,False,,
383556027,Junk (J),False,False,False,False,False,,
383558304,Junk (J),False,False,False,False,False,,
383558494,Junk (J),False,False,False,False,False,,
383594341,EB,False,False,False,False,False,,
383594415,Junk (J),False,False,False,False,False,,
383594802,Junk (J),False,False,False,False,False,,
383597078,EB,False,False,False,False,False,,
383619757,Junk (J),False,False,False,False,False,,
383622249,Junk (J),False,False,False,False,False,,
383623135,Junk (J),False,False,False,False,False,,
383628732,Junk (J),False,False,False,False,False,,
383645563,Planet (P),False,False,False,False,False,,
383664368,Junk (J),False,False,False,False,False,,
383672911,Junk (J),False,False,False,False,False,,
383716496,EB,False,False,False,False,False,,
383716793,EB,False,False,False,False,False,,
383719444,Junk (J),False,False,False,False,False,,
383721019,Junk (J),False,False,False,False,False,,
383721338,Planet (P),False,False,False,False,False,,
383723559,Planet (P),False,False,False,False,False,,
383725020,Junk (J),False,False,False,False,False,,
383806208,Planet (P),False,False,False,False,False,,
383828887,Planet (P),False,False,False,False,False,,
383829317,Planet (P),False,False,False,False,False,,
383853932,EB,False,True,False,True,False,103.0,103.0
383855194,EB,False,True,False,True,False,103.0,103.0
383858633,EB,False,True,False,True,False,103.0,103.0
383902743,Junk (J),False,False,False,False,False,,
383949205,Planet (P),False,False,False,False,False,,
384016413,Planet (P),False,True,False,True,False,102.0,102.0
384021193,EB,False,True,False,True,False,102.0,102.0
384032389,EB,False,False,False,False,False,,
384034837,Planet (P),False,False,False,False,False,,
384065528,Junk (J),False,True,False,True,False,102.0,102.0
384067507,Junk (J),False,True,False,True,True,102.0,102.0
384068226,EB,False,True,False,True,False,101.0,101.0
384070692,Junk (J),False,True,False,True,True,102.0,102.0
384148180,Junk (J),False,True,False,True,True,102.0,102.0
384157295,EB,False,True,False,True,False,102.0,102.0
384159646,Planet (P),False,True,False,True,False,102.0,102.0
384194603,EB,False,True,False,True,False,102.0,102.0
384195529,Junk (J),False,True,False,True,True,101.0,101.0
384244834,Planet (P),False,True,False,True,False,102.0,102.0
384272088,Junk (J),False,True,False,True,True,102.0,102.0
384295825,Junk (J),False,True,False,True,True,102.0,102.0
384299730,Planet (P),False,True,False,True,False,102.0,102.0
384302932,EB,False,False,False,False,False,,
384336963,Junk (J),False,True,False,True,False,102.0,102.0
384342492,Junk (J),False,True,False,True,True,102.0,102.0
384344310,Junk (J),False,True,False,True,True,102.0,102.0
384364892,EB,False,True,False,True,False,102.0,102.0
384376520,Junk (J),False,False,False,False,False,,
384377193,Junk (J),False,False,False,False,False,,
384386061,Planet (P),False,True,False,True,False,102.0,102.0
384386062,Planet (P),False,True,False,True,False,102.0,102.0
384388577,Junk (J),False,True,False,True,False,102.0,102.0
384389484,Junk (J),False,True,False,True,True,102.0,102.0
384464347,Junk (J),False,True,False,True,True,102.0,102.0
384468809,Junk (J),False,True,False,True,True,102.0,102.0
384509997,Junk (J),False,True,False,True,True,102.0,102.0
384511855,EB,False,True,False,True,False,102.0,102.0
384513078,Planet (P),False,True,False,True,False,102.0,102.0
384587672,EB,False,True,False,True,False,102.0,102.0
384604111,Junk (J),False,True,False,True,True,102.0,102.0
384604658,Junk (J),False,True,False,True,True,102.0,102.0
384608233,Junk (J),False,True,False,True,True,102.0,102.0
384609312,EB,False,True,False,True,False,102.0,102.0
384627699,EB,False,True,False,True,False,102.0,102.0
384649913,Junk (J),False,False,False,False,False,,
384654908,EB,False,False,False,False,False,,
384664177,Junk (J),False,True,False,True,False,102.0,102.0
384709136,Planet (P),False,True,False,True,False,102.0,102.0
384709501,Junk (J),False,True,False,True,False,102.0,102.0
384712688,Junk (J),False,True,False,True,False,102.0,102.0
384740194,Junk (J),False,True,False,True,False,102.0,102.0
384742861,EB,False,True,False,True,False,102.0,102.0
384744604,EB,False,True,False,True,False,102.0,102.0
384744828,EB,False,True,False,True,False,102.0,102.0
384749330,Junk (J),False,True,False,True,False,102.0,102.0
384818612,EB,False,True,False,True,False,102.0,102.0
384818632,EB,False,True,False,True,False,102.0,102.0
384823413,Junk (J),False,True,False,True,False,102.0,102.0
384824975,Junk (J),False,True,False,True,False,102.0,102.0
384828035,Junk (J),False,True,False,True,False,102.0,102.0
384843538,Junk (J),False,True,False,True,False,102.0,102.0
384843864,Junk (J),False,True,False,True,False,102.0,102.0
384888319,Planet (P),False,False,False,False,False,,
384984325,Planet (P),False,False,False,False,False,,
385041086,EB,False,False,False,False,False,,
385157401,Planet (P),False,True,False,True,False,100.0,100.0
385202379,Junk (J),False,False,False,False,False,,
385253658,Junk (J),False,False,False,False,False,,
385312460,Planet (P),False,False,False,False,False,,
385400633,Planet (P),False,False,False,False,False,,
385459345,Planet (P),False,False,False,False,False,,
385654601,Planet (P),False,False,False,False,False,,
385658469,Planet (P),False,False,False,False,False,,
385858569,Planet (P),False,False,False,False,False,,
385875968,Junk (J),False,False,False,False,False,,
385895419,EB,False,False,False,False,False,,
386131764,Planet (P),False,False,False,False,False,,
386161311,Planet (P),False,False,False,False,False,,
386197662,Planet (P),False,False,False,False,False,,
386259537,Planet (P),False,True,False,True,False,99.0,99.0
386297468,Planet (P),False,False,False,False,False,,
386435344,Planet (P),False,True,False,True,False,99.0,99.0
386456916,Planet (P),False,True,False,True,False,99.0,99.0
386620582,Planet (P),False,False,False,False,False,,
386772576,Planet (P),False,False,False,False,False,,
386956587,Junk (J),False,False,False,False,False,,
387061852,EB,False,True,False,True,False,103.0,103.0
387191191,Junk (J),True,True,True,True,False,101.0,101.0
387193925,Planet (P),True,True,True,True,True,103.0,103.0
387220878,Junk (J),True,True,True,True,False,103.0,103.0
387237076,EB,False,False,False,False,False,,
387245246,Junk (J),True,True,True,True,False,103.0,103.0
387260717,Planet (P),False,False,False,False,False,,
387268939,Junk (J),False,False,False,False,False,,
387269999,Junk (J),False,False,False,False,False,,
387284753,Junk (J),False,False,False,False,False,,
387288483,Junk (J),False,False,False,False,False,,
387290231,Junk (J),False,False,False,False,False,,
387294150,Planet (P),True,True,False,True,True,103.0,103.0
387295547,Planet (P),True,True,True,True,True,103.0,103.0
387318409,Planet (P),False,False,False,False,False,,
387318486,Planet (P),False,False,False,False,False,,
387329912,Planet (P),False,False,False,False,False,,
387330895,Planet (P),False,False,False,False,False,,
387331030,Junk (J),False,False,False,False,False,,
387342052,Planet (P),False,False,False,False,False,,
387353385,Junk (J),False,False,False,False,False,,
387358271,Junk (J),False,False,False,False,False,,
387401076,Planet (P),False,False,False,False,False,,
387409501,Junk (J),False,False,False,False,False,,
387409975,Planet (P),False,False,False,False,False,,
387410418,Junk (J),False,False,False,False,False,,
387412503,Junk (J),False,False,False,False,False,,
387423096,Planet (P),False,False,False,False,False,,
387445439,Junk (J),False,False,False,False,False,,
387515920,Planet (P),False,False,False,False,False,,
387527558,Junk (J),False,False,False,False,False,,
387544178,Planet (P),False,False,False,False,False,,
387564014,Junk (J),False,False,False,False,False,,
387568679,Junk (J),False,False,False,False,False,,
387575532,Junk (J),False,False,False,False,False,,
387603862,Junk (J),False,False,False,False,False,,
387630398,Junk (J),False,False,False,False,False,,
387664866,EB,False,False,False,False,False,,
387664868,Planet (P),False,False,False,False,False,,
387675343,Junk (J),False,False,False,False,False,,
387681542,Junk (J),False,False,False,False,False,,
387690507,Planet (P),False,False,False,False,False,,
387698883,Junk (J),False,False,False,False,False,,
387757610,Junk (J),False,False,False,False,False,,
387784316,EB,False,True,False,True,False,102.0,102.0
387791274,Planet (P),False,True,False,True,False,102.0,102.0
387809944,EB,False,False,False,False,False,,
387829772,EB,False,False,False,False,False,,
387834907,EB,False,False,False,False,False,,
387835978,Junk (J),False,False,False,False,False,,
387844266,Planet (P),False,False,False,False,False,,
387876868,Junk (J),False,False,False,False,False,,
387896530,EB,False,False,False,False,False,,
387933822,Planet (P),False,False,False,False,False,,
387974148,Planet (P),False,False,False,False,False,,
388075414,Junk (J),False,False,False,False,False,,
388076004,Planet (P),False,False,False,False,False,,
388076422,Planet (P),False,False,False,False,False,,
388076435,EB,False,False,False,False,False,,
388078306,Junk (J),False,False,False,False,False,,
388078803,Junk (J),False,False,False,False,False,,
388104525,Planet (P),True,True,True,True,True,97.0,97.0
388106759,Planet (P),True,True,True,True,True,98.0,98.0
388118362,EB,False,True,False,True,False,102.0,102.0
388129878,Junk (J),True,True,True,True,False,98.0,98.0
388130237,Planet (P),True,True,True,True,True,98.0,97.0
388133659,Junk (J),False,False,False,False,False,,
388135428,Junk (J),False,False,False,False,False,,
388180830,Junk (J),True,True,True,True,True,98.0,98.0
388198242,Planet (P),True,True,True,True,True,98.0,98.0
388202128,Planet (P),True,True,True,True,True,95.0,95.0
388202793,EB,True,True,True,True,True,97.0,97.0
388205924,Junk (J),True,True,True,True,True,94.0,94.0
388239962,Junk (J),False,False,False,False,True,,
388240190,Junk (J),False,False,False,False,True,,
388243913,Junk (J),True,True,True,True,True,94.0,94.0
388280249,Planet (P),True,True,True,True,True,94.0,94.0
388393034,Planet (P),False,False,False,False,False,,
388474524,Planet (P),False,True,False,True,False,102.0,102.0
388505345,Planet (P),False,False,False,False,False,,
388636568,Junk (J),False,False,False,False,False,,
388804061,Planet (P),False,False,False,False,False,,
388811663,Planet (P),False,False,False,False,False,,
388816604,Planet (P),False,True,False,True,False,97.0,97.0
388843945,EB,False,False,False,False,False,,
388898854,Planet (P),False,False,False,False,False,,
388909695,Planet (P),False,False,False,False,False,,
388934707,Planet (P),False,True,False,True,False,98.0,98.0
389011957,Junk (J),True,True,True,True,True,94.0,94.0
389013422,EB,True,True,True,True,True,94.0,94.0
389015383,EB,True,True,True,True,True,94.0,94.0
389040826,Planet (P),False,True,False,True,False,99.0,99.0
389087342,Junk (J),True,True,True,True,True,102.0,102.0
389087809,Junk (J),True,True,True,True,True,103.0,103.0
389129821,Junk (J),True,True,True,True,True,102.0,102.0
389132822,EB,True,True,True,True,True,94.0,94.0
389286989,EB,False,False,False,False,False,,
389321361,Junk (J),True,True,True,True,True,98.0,98.0
389330270,Junk (J),False,False,False,False,False,,
389352124,Planet (P),True,True,True,True,True,95.0,95.0
389363745,EB,True,True,True,True,True,98.0,98.0
389364202,EB,True,True,True,True,True,98.0,98.0
389407685,Junk (J),False,False,False,False,False,,
389421473,Planet (P),True,True,True,True,True,95.0,95.0
389433645,Junk (J),True,True,True,True,True,98.0,98.0
389440520,Junk (J),True,True,True,True,True,98.0,98.0
389515799,Junk (J),False,False,False,False,False,,
389553886,EB,False,True,False,True,False,102.0,102.0
389563717,Junk (J),True,True,True,True,True,98.0,98.0
389569279,Junk (J),True,True,True,True,True,97.0,97.0
389579510,Junk (J),False,False,False,False,False,,
389661615,Junk (J),True,True,True,True,True,95.0,95.0
389671302,Junk (J),True,True,True,True,True,98.0,98.0
389682933,Junk (J),False,False,False,False,False,,
389731338,EB,False,False,False,False,False,,
389735200,Junk (J),False,False,False,False,False,,
389748401,Junk (J),True,True,True,True,True,98.0,98.0
389749328,Junk (J),True,True,True,True,True,98.0,98.0
389777651,Planet (P),False,False,False,False,False,,
389887311,EB,False,True,False,True,False,102.0,102.0
389900760,Planet (P),False,False,False,False,False,,
389910188,Planet (P),False,False,False,False,False,,
389913525,Junk (J),False,False,False,False,False,,
389916793,Junk (J),False,False,False,False,False,,
389924075,Planet (P),True,True,True,True,True,98.0,98.0
389927622,EB,False,False,False,False,False,,
389959728,Junk (J),False,False,False,False,False,,
389962798,Junk (J),False,False,False,False,False,,
389963322,Junk (J),False,False,False,False,False,,
389967983,Junk (J),False,False,False,False,False,,
389968080,Planet (P),False,False,False,False,False,,
389968368,Junk (J),False,False,False,False,False,,
389968669,Junk (J),False,False,False,False,False,,
389988693,EB,False,False,False,False,False,,
389999924,Planet (P),False,True,False,True,False,99.0,99.0
390018170,Junk (J),False,False,False,False,False,,
390019056,EB,False,False,False,False,False,,
390021939,Planet (P),False,False,False,False,False,,
390048041,Junk (J),False,False,False,False,False,,
390085283,Junk (J),False,False,False,False,False,,
390093738,Junk (J),False,True,False,True,False,99.0,99.0
390100628,EB,False,True,False,True,False,99.0,99.0
390127578,Junk (J),False,False,False,False,False,,
390128160,Junk (J),False,False,False,False,False,,
390129724,Junk (J),False,False,False,False,False,,
390151888,Planet (P),False,True,False,True,False,101.0,101.0
390159231,Junk (J),False,True,False,True,False,101.0,101.0
390205721,Junk (J),False,False,False,False,False,,
390207998,Planet (P),False,False,False,False,False,,
390219055,EB,False,True,False,True,False,103.0,103.0
390262679,EB,False,True,False,True,False,102.0,102.0
390275780,Junk (J),False,False,False,False,False,,
390283858,EB,False,True,False,True,False,99.0,99.0
390284116,EB,False,True,False,True,False,99.0,99.0
390295047,EB,False,True,False,True,False,99.0,99.0
390306055,EB,False,False,False,False,False,,
390403407,Junk (J),False,False,False,False,False,,
390410291,Junk (J),False,False,False,False,False,,
390410937,Planet (P),False,False,False,False,False,,
390434208,EB,False,False,False,False,False,,
390434734,Planet (P),False,False,False,False,False,,
390444761,Planet (P),False,True,False,False,False,99.0,
390454243,EB,False,True,False,True,False,99.0,99.0
390457659,Junk (J),False,False,False,False,False,,
390471207,EB,False,True,False,True,False,101.0,101.0
390482405,EB,False,False,False,False,False,,
390501410,Junk (J),False,False,False,False,False,,
390535577,Junk (J),False,True,False,True,False,99.0,99.0
390537352,EB,False,True,False,True,False,99.0,99.0
390539148,EB,False,True,False,True,False,99.0,99.0
390545654,EB,False,True,False,False,False,99.0,
390557756,Junk (J),False,True,False,True,False,101.0,101.0
390558532,EB,False,False,False,False,False,,
390560958,Junk (J),False,False,False,False,False,,
390561511,Junk (J),False,False,False,False,False,,
390561536,Junk (J),False,False,False,False,False,,
390572522,Junk (J),False,False,False,False,False,,
390651552,Planet (P),False,False,False,False,False,,
390661644,EB,False,False,False,False,False,,
390672227,EB,False,True,False,True,False,99.0,99.0
390673262,EB,False,True,False,True,False,99.0,99.0
390673404,EB,False,True,False,True,False,99.0,99.0
390673669,EB,False,True,False,True,False,99.0,99.0
390723664,Planet (P),True,True,True,True,True,94.0,94.0
390725265,EB,True,True,True,True,True,94.0,94.0
390733496,Junk (J),False,False,False,False,False,,
390739197,Junk (J),False,False,False,False,False,,
390874411,Planet (P),False,False,False,False,False,,
390877530,EB,False,False,False,False,False,,
390887307,EB,False,False,False,False,False,,
390891443,Junk (J),False,False,False,False,False,,
390945388,EB,False,True,False,True,False,102.0,102.0
390971446,Junk (J),False,False,False,False,False,,
390988385,Planet (P),False,False,False,False,False,,
390996644,EB,True,True,True,True,True,94.0,94.0
391001489,Planet (P),False,False,False,False,False,,
391044439,Junk (J),False,True,False,True,False,99.0,99.0
391081821,Junk (J),False,False,False,False,False,,
391086421,Junk (J),False,False,False,False,False,,
391173252,EB,False,False,False,False,False,,
391238898,EB,False,True,False,True,False,99.0,99.0
391241402,Planet (P),False,True,False,True,False,99.0,99.0
391510223,Planet (P),False,True,False,False,False,99.0,
391527375,Junk (J),False,True,False,False,False,99.0,
391645374,Planet (P),False,True,False,True,False,99.0,99.0
391745591,EB,True,True,True,True,True,97.0,97.0
391803300,EB,False,False,False,False,False,,
391810761,Junk (J),True,True,True,True,True,98.0,98.0
391812839,EB,True,True,True,True,True,98.0,98.0
391833852,Junk (J),False,False,False,False,False,,
391894198,Junk (J),True,True,True,True,True,98.0,98.0
391900348,Planet (P),True,True,True,True,True,98.0,98.0
391900953,Junk (J),True,True,True,True,True,98.0,98.0
391901892,Junk (J),True,True,True,True,True,98.0,98.0
391903064,Planet (P),True,True,True,True,True,98.0,98.0
391904697,Planet (P),True,True,True,True,True,98.0,98.0
391923274,EB,True,True,True,True,True,98.0,98.0
391941900,EB,False,True,False,True,False,102.0,102.0
391949122,Junk (J),True,True,True,True,True,98.0,98.0
391949221,Junk (J),True,True,True,True,True,98.0,98.0
391949880,Planet (P),True,True,True,True,True,95.0,95.0
391958006,Planet (P),False,False,False,False,False,,
392011771,Junk (J),True,True,True,True,True,98.0,98.0
392012013,Junk (J),True,True,True,True,True,98.0,98.0
392013177,Junk (J),True,True,True,True,True,95.0,95.0
392022763,Planet (P),False,False,False,False,False,,
392024792,Junk (J),True,True,True,True,True,98.0,95.0
392027961,Planet (P),False,False,False,False,False,,
392064198,Planet (P),False,False,False,False,False,,
392068173,EB,False,False,False,False,False,,
392112968,Planet (P),False,True,False,True,False,99.0,99.0
392125249,Junk (J),False,False,False,False,False,,
392180516,EB,False,False,False,False,False,,
392234258,Junk (J),False,False,False,False,False,,
392284933,EB,False,True,False,True,False,102.0,102.0
392319021,Junk (J),False,False,False,False,False,,
392319808,Planet (P),False,False,False,False,False,,
392340763,EB,False,True,False,True,False,100.0,100.0
392343741,EB,False,True,False,True,False,99.0,99.0
392476080,Planet (P),False,False,False,False,False,,
392483505,EB,False,False,False,False,False,,
392536805,EB,False,False,False,False,False,,
392537450,Junk (J),False,False,False,False,False,,
392556588,EB,False,True,False,True,False,100.0,100.0
392562977,EB,False,True,False,True,False,100.0,100.0
392567622,Junk (J),False,False,False,False,False,,
392567967,Junk (J),False,False,False,False,False,,
392569822,Junk (J),False,False,False,False,False,,
392580507,Junk (J),False,False,False,False,False,,
392632795,Junk (J),False,True,False,True,False,102.0,102.0
392674549,Planet (P),False,False,False,False,False,,
392681545,Planet (P),False,False,False,False,False,,
392912142,EB,False,True,False,True,False,102.0,102.0
392914193,Planet (P),False,True,False,True,False,102.0,102.0
392924100,Junk (J),False,False,False,False,False,,
392924760,Junk (J),False,False,False,False,False,,
392932308,Junk (J),False,False,False,False,False,,
392934209,Junk (J),False,False,False,False,False,,
392979958,Junk (J),False,False,False,False,False,,
392995938,Planet (P),False,True,False,True,False,102.0,102.0
393012276,Junk (J),False,False,False,False,False,,
393196631,Planet (P),False,False,False,False,False,,
393233743,EB,False,False,False,False,False,,
393254842,EB,False,False,False,False,False,,
393340920,Planet (P),False,False,False,False,False,,
393355514,EB,False,True,False,True,False,102.0,102.0
393414358,Planet (P),False,True,False,True,False,98.0,98.0
393495970,Planet (P),False,False,False,False,False,,
393546540,Planet (P),False,False,False,False,False,,
393578740,EB,False,False,False,False,False,,
393633044,Planet (P),False,False,False,False,False,,
393750338,Junk (J),False,True,False,True,False,98.0,98.0
393788385,Junk (J),False,False,False,False,False,,
393831507,Planet (P),False,False,False,False,False,,
393853275,Planet (P),False,False,False,False,False,,
393876901,EB,False,False,False,False,False,,
393879117,Junk (J),False,True,False,True,False,101.0,101.0
393883284,Junk (J),False,False,False,False,False,,
393884179,Junk (J),False,False,False,False,False,,
393887416,Junk (J),False,False,False,False,False,,
393888022,Junk (J),False,False,False,False,False,,
393894013,EB,False,False,False,False,False,,
393895580,Junk (J),False,False,False,False,False,,
393895854,Junk (J),False,False,False,False,False,,
393896353,Junk (J),False,False,False,False,False,,
393898163,Junk (J),False,False,False,False,False,,
393911494,Planet (P),False,False,False,False,False,,
393911641,Junk (J),False,False,False,False,False,,
393940766,Planet (P),True,True,True,True,True,95.0,95.0
393944058,Junk (J),False,False,False,False,False,,
393952062,Junk (J),False,False,False,False,False,,
393957537,Junk (J),False,False,False,False,False,,
393965778,Planet (P),False,False,False,False,False,,
393981391,Junk (J),False,False,False,False,False,,
394026790,Junk (J),False,False,False,False,False,,
394029948,Junk (J),False,False,False,False,False,,
394044886,Junk (J),True,True,True,True,True,102.0,102.0
394050135,Planet (P),False,False,False,False,False,,
394050373,Junk (J),False,False,False,False,False,,
394051348,Junk (J),False,False,False,False,False,,
394123805,Junk (J),False,False,False,False,False,,
394129669,Junk (J),False,False,False,False,False,,
394129745,Junk (J),False,False,False,False,False,,
394129990,Junk (J),False,False,False,False,False,,
394130313,Junk (J),False,False,False,False,False,,
394132532,Junk (J),False,False,False,False,False,,
394137592,Planet (P),True,True,True,True,True,103.0,103.0
394223845,Planet (P),False,False,False,False,False,,
394232334,EB,True,True,True,True,True,95.0,95.0
394233060,EB,True,True,True,True,True,95.0,95.0
394233079,Junk (J),True,True,True,True,True,95.0,95.0
394238449,Junk (J),False,False,False,False,False,,
394242027,Junk (J),True,True,True,True,True,95.0,95.0
394285864,Junk (J),True,True,True,True,True,95.0,95.0
394287035,Planet (P),True,True,True,True,True,95.0,95.0
394288878,Junk (J),True,True,True,True,True,95.0,95.0
394288889,Junk (J),True,True,True,True,True,95.0,95.0
394331457,Junk (J),False,False,False,False,False,,
394338713,Planet (P),False,False,False,False,False,,
394339655,Junk (J),True,True,True,True,True,95.0,95.0
394343336,Junk (J),True,True,True,True,True,95.0,95.0
394346647,Planet (P),True,True,True,True,True,95.0,95.0
394346745,Planet (P),True,True,True,True,True,95.0,95.0
394355593,Junk (J),True,True,True,True,True,95.0,95.0
394357918,Planet (P),True,True,True,True,True,95.0,95.0
394359135,Junk (J),True,True,True,True,True,95.0,95.0
394384579,Junk (J),False,False,False,False,False,,
394443982,Planet (P),False,True,False,True,False,101.0,101.0
394452884,Junk (J),False,False,False,False,False,,
394453754,Junk (J),False,False,False,False,False,,
394492339,Planet (P),False,False,False,False,False,,
394512189,EB,False,False,False,False,False,,
394561119,Planet (P),False,False,False,False,False,,
394570569,Planet (P),False,True,False,True,False,101.0,101.0
394630054,EB,False,False,False,False,False,,
394630163,Junk (J),False,False,False,False,False,,
394655093,Junk (J),True,True,True,True,True,95.0,95.0
394655310,Junk (J),True,True,True,True,True,95.0,95.0
394657039,Planet (P),True,True,True,True,True,95.0,95.0
394657233,Junk (J),True,True,True,True,True,95.0,95.0
394657303,Junk (J),True,True,True,True,True,95.0,95.0
394664926,EB,False,False,False,False,False,,
394672497,Planet (P),False,True,False,True,False,101.0,101.0
394679923,Junk (J),True,True,True,True,True,95.0,95.0
394691478,Planet (P),False,False,False,False,False,,
394698182,Planet (P),True,True,True,True,True,95.0,95.0
394721720,Planet (P),True,True,True,True,True,94.0,94.0
394722182,Planet (P),True,True,True,True,True,94.0,94.0
394722676,EB,True,True,True,True,True,95.0,95.0
394723603,Junk (J),True,True,True,True,True,94.0,94.0
394723825,Junk (J),True,True,True,True,True,94.0,94.0
394730181,Junk (J),False,False,False,False,True,,
394755866,Junk (J),True,True,True,True,True,94.0,94.0
394779674,Junk (J),True,True,True,True,True,95.0,95.0
394794787,Junk (J),False,False,False,False,False,,
394877773,Junk (J),False,False,False,False,True,,
394881270,EB,False,False,False,False,False,,
394889906,Junk (J),False,False,False,False,False,,
394900138,Planet (P),False,True,False,True,False,101.0,101.0
394913226,Junk (J),False,False,False,False,True,,
394918211,Planet (P),False,False,False,False,False,,
394924221,EB,False,False,False,False,False,,
394924493,Junk (J),False,False,False,False,True,,
395052951,EB,False,False,False,False,False,,
395086144,Junk (J),False,False,False,False,True,,
395117718,EB,False,True,False,False,False,102.0,
395142888,Planet (P),False,False,False,False,False,,
395143000,Planet (P),False,False,False,False,False,,
395171208,Planet (P),False,False,False,False,False,,
395214388,Planet (P),False,False,False,False,False,,
395326816,EB,False,True,False,True,False,101.0,101.0
395385033,Planet (P),False,False,False,False,False,,
395393265,Planet (P),False,False,False,False,False,,
395425058,EB,False,True,False,True,False,102.0,102.0
395429720,EB,False,True,False,True,False,102.0,102.0
395465057,Junk (J),False,False,False,False,False,,
395491072,EB,False,True,False,True,False,101.0,101.0
395514100,Planet (P),False,True,False,True,False,100.0,100.0
395550570,Junk (J),False,False,False,False,False,,
395634740,Junk (J),False,False,False,False,False,,
395636975,Junk (J),False,False,False,False,False,,
395712299,Junk (J),False,False,False,False,False,,
395768366,Junk (J),False,False,False,False,False,,
395786221,Junk (J),False,False,False,False,False,,
395889507,Junk (J),False,False,False,False,False,,
395900571,Junk (J),False,False,False,False,False,,
395926728,Planet (P),False,True,False,True,False,101.0,101.0
396011513,Junk (J),False,False,False,False,False,,
396057595,EB,False,False,False,False,False,,
396059992,EB,False,False,False,False,False,,
396060104,Junk (J),False,False,False,False,False,,
396060345,Junk (J),False,False,False,False,False,,
396124070,Junk (J),True,True,True,True,True,103.0,103.0
396133015,Planet (P),False,False,False,False,False,,
396134775,EB,False,False,False,False,False,,
396170777,EB,True,True,True,True,True,103.0,103.0
396215041,EB,True,True,True,True,True,103.0,103.0
396234347,Planet (P),False,False,False,False,False,,
396246765,Planet (P),True,True,True,True,True,103.0,103.0
396262680,Junk (J),False,False,False,False,False,,
396316939,Planet (P),False,True,False,True,False,101.0,101.0
396355887,Junk (J),False,False,False,False,False,,
396356111,Planet (P),False,False,False,False,False,,
396368313,Planet (P),False,True,False,True,False,101.0,101.0
396378209,Planet (P),False,False,False,False,False,,
396429296,Junk (J),False,False,False,False,False,,
396556650,Planet (P),False,False,False,False,False,,
396562848,Planet (P),False,False,False,False,False,,
396611524,EB,False,False,False,False,False,,
396649769,Planet (P),False,True,False,True,False,101.0,101.0
396723346,Junk (J),True,True,True,True,True,98.0,98.0
396740648,Planet (P),False,False,False,False,False,,
396744124,Junk (J),False,True,False,True,False,100.0,100.0
396794358,Planet (P),False,True,False,True,False,100.0,100.0
396813816,Planet (P),False,False,False,False,False,,
396896334,Planet (P),False,False,False,False,False,,
396907792,EB,False,True,False,True,False,103.0,103.0
396915247,Junk (J),False,False,False,False,False,,
396932137,Planet (P),False,False,False,False,False,,
396935099,Planet (P),False,False,False,False,False,,
396950329,Planet (P),False,False,False,False,False,,
396957421,EB,False,True,False,True,False,103.0,103.0
396957480,Junk (J),False,True,False,True,True,103.0,103.0
396960552,Junk (J),False,True,False,True,False,103.0,103.0
397036665,Junk (J),False,True,False,True,False,103.0,103.0
397053253,Planet (P),False,False,False,False,False,,
397058826,Planet (P),False,False,False,False,False,,
397106731,Junk (J),False,True,False,True,False,103.0,103.0
397106960,EB,False,True,False,True,False,103.0,103.0
397149515,Junk (J),False,False,False,False,False,,
397151019,Junk (J),False,False,False,False,True,,
397155877,Junk (J),False,True,False,True,True,103.0,103.0
397164416,Junk (J),False,False,False,False,True,,
397221036,EB,False,True,False,True,False,102.0,102.0
397225622,EB,False,True,False,True,False,102.0,102.0
397231286,Junk (J),True,True,True,True,False,94.0,94.0
397231606,Junk (J),True,True,True,True,False,94.0,94.0
397245443,EB,False,False,False,False,False,,
397282745,Junk (J),False,False,False,False,False,,
397362481,Planet (P),False,True,False,True,False,101.0,100.0
397367667,Junk (J),False,False,False,False,False,,
397423462,Planet (P),False,True,False,True,False,101.0,101.0
397522142,Planet (P),False,False,False,False,False,,
397605563,Planet (P),False,False,False,False,False,,
397606844,EB,False,False,False,False,False,,
397657524,Junk (J),False,False,False,False,False,,
397763985,Planet (P),False,False,False,False,False,,
397852230,Junk (J),False,False,False,False,False,,
397888247,EB,False,True,False,True,False,102.0,102.0
397891491,EB,False,True,False,True,False,102.0,102.0
397924314,Planet (P),False,False,False,False,False,,
398012775,Junk (J),False,False,False,False,False,,
398038296,Planet (P),False,False,False,False,False,,
398266147,Junk (J),False,False,False,False,False,,
398299911,EB,False,False,False,False,False,,
398338077,Junk (J),False,False,False,False,False,,
398371628,Planet (P),False,False,False,False,False,,
398404609,EB,True,True,True,True,True,103.0,103.0
398466662,Planet (P),False,True,False,True,False,101.0,101.0
398473912,EB,False,True,False,True,False,101.0,101.0
398502253,Planet (P),False,False,False,False,False,,
398548197,EB,False,True,False,True,False,101.0,101.0
398572544,Planet (P),False,False,False,False,False,,
398725538,Planet (P),False,False,False,False,False,,
398736713,Planet (P),False,True,False,True,False,97.0,97.0
398828356,EB,False,True,False,True,False,101.0,101.0
398841826,Junk (J),False,True,False,True,False,98.0,98.0
398895470,Planet (P),False,False,False,False,False,,
398943781,Planet (P),False,True,False,True,False,101.0,101.0
398945279,Planet (P),False,True,False,True,False,101.0,101.0
398987598,EB,False,False,False,False,False,,
399058051,Planet (P),False,False,False,False,False,,
399066643,EB,False,False,False,False,False,,
399087266,Junk (J),False,False,False,False,False,,
399087412,Junk (J),False,False,False,False,False,,
399122292,Junk (J),False,False,False,False,False,,
399135590,Junk (J),False,False,False,False,False,,
399167691,Junk (J),False,False,False,False,False,,
399195246,Planet (P),False,False,False,False,False,,
399346877,Planet (P),False,False,False,False,False,,
399366938,EB,False,False,False,False,False,,
399367577,EB,False,False,False,False,False,,
399402994,Planet (P),False,False,False,False,False,,
399423753,EB,False,False,False,False,False,,
399490810,EB,False,False,False,False,False,,
399571743,Planet (P),True,True,True,True,True,96.0,96.0
399575849,Junk (J),False,False,False,False,False,,
399590151,Junk (J),False,False,False,False,False,,
399618982,Junk (J),False,True,False,True,False,98.0,98.0
399642071,Planet (P),False,False,False,False,False,,
399665409,Junk (J),False,True,False,True,False,98.0,98.0
399724238,Planet (P),False,False,False,False,False,,
399757537,Planet (P),False,True,False,True,False,98.0,98.0
399788681,Junk (J),False,False,False,False,False,,
399788684,Junk (J),False,False,False,False,False,,
399788819,Junk (J),False,False,False,False,False,,
399822840,EB,False,False,False,False,False,,
399825440,Junk (J),False,False,False,False,False,,
399847887,Planet (P),False,False,False,False,False,,
399860141,Junk (J),False,False,False,False,False,,
399860444,Planet (P),False,False,False,False,False,,
399864405,EB,False,False,False,False,False,,
399868187,Planet (P),False,True,False,True,False,98.0,98.0
399870368,Planet (P),False,True,False,True,False,98.0,98.0
399871011,Planet (P),False,True,False,True,False,98.0,98.0
399916844,Junk (J),False,False,False,False,False,,
399917000,EB,False,False,False,False,False,,
399954349,Planet (P),False,False,False,False,False,,
399957581,EB,False,False,False,False,False,,
399967279,Planet (P),False,False,False,False,False,,
399969067,EB,False,False,False,False,False,,
400073524,Planet (P),False,False,False,False,False,,
400093502,Planet (P),False,False,False,False,False,,
400093775,Planet (P),False,False,False,False,False,,
400103802,Planet (P),False,False,False,False,False,,
400183478,Junk (J),False,False,False,False,False,,
400233412,Junk (J),False,False,False,False,False,,
400235555,Planet (P),False,False,False,False,False,,
400265077,EB,False,True,False,True,False,99.0,99.0
400329089,Junk (J),False,False,False,False,False,,
400381085,Planet (P),False,False,False,False,False,,
400405066,Junk (J),False,False,False,False,False,,
400430915,Planet (P),False,False,False,False,False,,
400432230,Planet (P),False,False,False,False,False,,
400466395,Planet (P),False,False,False,False,False,,
400491269,Planet (P),False,False,False,False,False,,
400515645,Planet (P),False,False,False,False,False,,
400604819,Junk (J),False,False,False,False,False,,
400683848,Planet (P),False,False,False,False,False,,
400712525,Planet (P),False,False,False,False,False,,
400715918,EB,False,False,False,False,False,,
400734328,EB,True,True,True,True,True,94.0,94.0
400762242,Planet (P),False,False,False,False,False,,
400891744,Junk (J),False,False,False,False,False,,
400899926,Planet (P),False,False,False,False,False,,
400948009,Junk (J),False,False,False,False,False,,
400968492,Planet (P),False,False,False,False,False,,
400972123,Planet (P),False,False,False,False,False,,
401007302,Junk (J),False,False,False,False,False,,
401028336,Planet (P),False,True,False,True,False,102.0,102.0
401060152,EB,False,True,False,True,False,101.0,101.0
401080440,EB,False,False,False,False,False,,
401125028,Planet (P),False,False,False,False,False,,
401283491,Planet (P),False,True,False,True,False,101.0,101.0
401507450,EB,False,True,False,True,False,102.0,102.0
401509690,Planet (P),False,True,False,True,False,102.0,102.0
401529004,Junk (J),False,False,False,False,False,,
401572711,Junk (J),True,True,True,True,False,103.0,103.0
401590951,Planet (P),False,False,False,False,False,,
401604346,Planet (P),True,True,True,True,True,103.0,103.0
401606923,EB,True,True,True,True,True,102.0,102.0
401704685,Planet (P),True,True,True,True,True,102.0,102.0
401775244,Junk (J),True,True,True,True,True,94.0,94.0
401776459,Junk (J),True,True,False,False,True,94.0,
401776917,Junk (J),True,True,False,False,True,94.0,
401945857,Junk (J),False,False,False,False,False,,
401952328,Planet (P),False,True,False,True,False,102.0,102.0
401980624,Planet (P),False,True,False,True,False,102.0,102.0
402026209,Planet (P),True,True,True,True,True,103.0,103.0
402027382,Planet (P),True,True,True,True,True,103.0,103.0
402053027,Planet (P),False,False,False,False,False,,
402096687,EB,True,True,True,True,True,94.0,94.0
402103510,Junk (J),True,True,True,True,True,95.0,95.0
402104788,EB,True,True,True,True,True,95.0,95.0
402111216,EB,False,False,False,False,False,,
402112182,Junk (J),False,False,False,False,True,,
402219289,Planet (P),False,True,False,True,False,102.0,102.0
402319411,Planet (P),True,True,True,True,True,96.0,96.0
402391147,Planet (P),False,True,False,True,False,103.0,103.0
402586141,EB,False,True,False,True,False,102.0,102.0
402659317,EB,False,False,False,False,False,,
402740809,Planet (P),False,False,False,False,False,,
402828941,Planet (P),False,False,False,False,False,,
402848417,Planet (P),False,False,False,False,False,,
402894400,Junk (J),False,False,False,False,False,,
402898205,Junk (J),False,False,False,False,False,,
402898317,Planet (P),False,False,False,False,False,,
402912765,EB,False,False,False,False,False,,
402945769,Junk (J),False,True,False,True,False,103.0,103.0
402965460,Junk (J),False,True,False,True,False,102.0,102.0
403090580,EB,False,False,False,False,False,,
403113935,EB,False,False,False,False,False,,
403135192,Planet (P),True,True,True,True,True,103.0,103.0
403136415,Planet (P),True,True,True,True,True,103.0,103.0
403207877,Junk (J),False,True,False,True,False,103.0,103.0
403224672,Planet (P),True,True,True,True,True,103.0,103.0
403252169,EB,False,False,False,False,False,,
403317706,Junk (J),True,True,True,True,True,103.0,103.0
403332763,Junk (J),False,False,False,False,False,,
403340402,Planet (P),False,False,False,False,False,,
403347341,Planet (P),False,False,False,False,False,,
403355620,Junk (J),False,False,False,False,False,,
403368444,Planet (P),False,True,False,True,False,102.0,102.0
403403460,Junk (J),False,False,False,False,False,,
403405969,Planet (P),False,True,False,True,False,102.0,102.0
403432373,Junk (J),False,False,False,False,False,,
403436812,Junk (J),False,False,False,False,False,,
403493329,Junk (J),False,False,False,False,False,,
403507814,Planet (P),False,True,False,True,False,102.0,102.0
403532418,EB,False,False,False,False,False,,
403625625,EB,False,False,False,False,False,,
403625657,Junk (J),False,False,False,False,False,,
403693870,Planet (P),False,False,False,False,False,,
403753148,Junk (J),False,False,False,False,False,,
403765053,EB,False,True,False,True,False,102.0,102.0
403787892,EB,False,False,False,False,False,,
403911354,Planet (P),False,True,False,True,False,101.0,101.0
403915066,Junk (J),False,False,False,False,False,,
403943736,Junk (J),False,False,False,False,False,,
403997719,Junk (J),True,True,True,True,True,102.0,102.0
404057144,Junk (J),True,True,True,True,True,94.0,94.0
404089623,EB,False,True,False,True,False,101.0,101.0
404089811,EB,False,True,False,True,False,102.0,102.0
404089822,EB,False,True,False,True,False,102.0,102.0
404123632,EB,True,True,True,True,True,94.0,94.0
404124416,Junk (J),True,True,True,True,True,94.0,94.0
404126692,Junk (J),True,True,False,False,True,94.0,
404161337,Junk (J),True,True,True,True,True,94.0,94.0
404224560,Junk (J),True,True,True,True,True,94.0,94.0
404227343,Planet (P),False,True,False,True,False,100.0,100.0
404239463,Junk (J),True,True,False,True,True,103.0,103.0
404243877,Planet (P),False,False,False,False,False,,
404265608,Junk (J),True,True,True,True,True,103.0,103.0
404289153,Junk (J),True,True,True,True,False,103.0,103.0
404292984,Junk (J),True,True,False,False,False,103.0,
404340025,Planet (P),False,True,False,True,False,100.0,100.0
404355884,Junk (J),False,False,False,False,False,,
404421005,Planet (P),False,False,False,False,False,,
404456775,Planet (P),False,False,False,False,False,,
404467699,Planet (P),False,False,False,False,False,,
404483167,Junk (J),False,False,False,False,False,,
404488903,Planet (P),False,False,False,False,False,,
404505029,Planet (P),False,False,False,False,False,,
404506270,Planet (P),False,False,False,False,False,,
404516402,Planet (P),False,False,False,False,False,,
404518509,Planet (P),False,True,False,True,False,97.0,97.0
404707758,EB,True,True,True,True,True,94.0,94.0
404713783,Planet (P),False,False,False,False,False,,
404715325,Planet (P),False,False,False,False,False,,
404732598,EB,False,False,False,False,False,,
404768904,Junk (J),True,True,True,True,True,98.0,98.0
404771598,EB,False,False,False,False,False,,
404774891,EB,False,True,False,True,False,103.0,103.0
404774919,EB,False,True,False,True,False,103.0,103.0
404797784,EB,True,True,True,True,True,98.0,98.0
404799340,Junk (J),True,True,True,True,True,98.0,98.0
404842248,Junk (J),True,True,True,True,False,98.0,98.0
404850012,Junk (J),True,True,True,True,True,98.0,98.0
404850274,EB,True,True,True,True,True,98.0,98.0
404851552,Junk (J),True,True,True,True,True,98.0,98.0
404851658,Junk (J),True,True,True,True,True,98.0,98.0
404851966,Junk (J),True,True,True,True,False,98.0,98.0
404853708,Planet (P),True,True,True,True,True,98.0,98.0
404873085,Junk (J),True,True,True,True,True,94.0,94.0
404875128,Junk (J),True,True,False,False,False,94.0,
404898080,Planet (P),False,False,False,False,False,,
404931649,Junk (J),True,True,True,True,True,98.0,98.0
404934011,Junk (J),True,True,True,True,False,98.0,98.0
404975583,Junk (J),True,True,True,True,True,98.0,98.0
405075695,EB,True,True,True,True,True,94.0,94.0
405122173,Planet (P),False,False,False,False,False,,
405230669,Planet (P),False,False,False,False,False,,
405242681,EB,False,True,False,True,False,101.0,101.0
405269313,Planet (P),False,False,False,False,False,,
405425498,Planet (P),True,True,True,True,True,103.0,103.0
405428615,Junk (J),True,True,True,True,True,95.0,95.0
405428714,Planet (P),True,True,True,True,True,95.0,95.0
405454160,Planet (P),False,True,False,True,False,99.0,99.0
405459262,Junk (J),False,False,False,False,True,,
405460905,Junk (J),False,False,False,False,False,,
405479122,EB,True,True,False,False,True,94.0,
405485201,Planet (P),False,True,False,True,False,99.0,99.0
405488488,Planet (P),True,True,True,True,True,94.0,94.0
405503414,Junk (J),False,False,False,False,False,,
405525685,Junk (J),False,False,False,False,False,,
405526038,Junk (J),False,False,False,False,False,,
405526907,Junk (J),False,False,False,False,False,,
405532603,Planet (P),False,False,False,False,False,,
405542683,Planet (P),False,False,False,False,False,,
405559035,Planet (P),False,False,False,False,False,,
405571798,Planet (P),False,True,False,True,False,101.0,101.0
405582390,Junk (J),False,False,False,False,False,,
405620289,Planet (P),False,False,False,False,False,,
405687343,Junk (J),False,False,False,False,False,,
405700729,Planet (P),False,True,False,True,False,101.0,101.0
405717754,Planet (P),False,False,False,False,False,,
405717854,Junk (J),False,False,False,False,False,,
405736604,EB,False,False,False,False,False,,
405759365,Junk (J),False,False,False,False,False,,
405788729,Planet (P),False,False,False,False,False,,
405835950,Junk (J),False,False,False,False,False,,
405837291,Planet (P),False,False,False,False,False,,
405861888,EB,False,False,False,False,False,,
405897415,Planet (P),False,False,False,False,False,,
405904232,Planet (P),False,False,False,False,False,,
405930915,EB,False,False,False,False,False,,
405931203,EB,False,False,False,False,False,,
405932063,Planet (P),False,False,False,False,False,,
405935898,Junk (J),False,False,False,False,False,,
405952536,EB,False,False,False,False,False,,
405956578,Junk (J),False,False,False,False,True,,
406091286,Junk (J),True,True,True,True,True,94.0,94.0
406092887,Junk (J),True,True,True,True,True,94.0,94.0
406098924,EB,True,True,True,True,True,94.0,94.0
406106335,Planet (P),False,True,False,True,False,101.0,101.0
406117967,Junk (J),True,True,True,True,True,94.0,94.0
406140233,Planet (P),False,False,False,False,False,,
406190563,Planet (P),False,False,False,False,False,,
406236094,Planet (P),True,True,True,True,True,94.0,94.0
406241337,EB,True,True,True,True,True,94.0,94.0
406318573,Planet (P),True,True,True,True,True,103.0,103.0
406322391,Junk (J),True,True,True,True,True,103.0,103.0
406361982,Planet (P),False,False,False,False,False,,
406368175,Junk (J),False,False,False,False,False,,
406495245,Planet (P),False,False,False,False,False,,
406533529,Junk (J),False,False,False,False,False,,
406634633,Planet (P),False,False,False,False,False,,
406669566,EB,False,False,False,False,False,,
406672232,Planet (P),False,False,False,False,False,,
406684949,Planet (P),False,False,False,False,False,,
406726743,Planet (P),False,True,False,True,False,101.0,101.0
406732673,Junk (J),False,False,False,False,False,,
406758816,EB,False,False,False,False,False,,
406777175,Junk (J),False,True,False,True,False,101.0,101.0
406781465,Junk (J),False,False,False,False,False,,
406783172,Planet (P),False,False,False,False,False,,
406807194,EB,False,True,False,True,False,101.0,101.0
406856680,Junk (J),False,False,False,False,False,,
406861632,EB,False,True,False,True,False,102.0,102.0
406861922,Planet (P),False,True,False,True,False,102.0,102.0
406863699,EB,False,True,False,True,False,101.0,101.0
406872253,EB,False,True,False,True,False,101.0,101.0
406926040,Planet (P),False,False,False,False,False,,
406930371,Junk (J),False,False,False,False,False,,
406930782,Junk (J),False,False,False,False,False,,
406941612,Planet (P),False,True,False,True,False,101.0,101.0
406949643,EB,False,False,False,False,False,,
406976746,Planet (P),False,True,False,True,False,101.0,101.0
407013478,Junk (J),False,True,False,True,True,101.0,101.0
407035232,EB,False,False,False,False,False,,
407041492,Junk (J),False,True,False,True,True,102.0,102.0
407043005,Junk (J),False,True,False,True,True,101.0,101.0
407059875,Planet (P),False,False,False,False,False,,
407063129,Junk (J),False,True,False,True,True,101.0,101.0
407066449,EB,False,True,False,True,False,102.0,102.0
407077146,EB,False,False,False,False,False,,
407089973,Junk (J),False,True,False,True,False,102.0,102.0
407126408,Planet (P),False,True,False,True,False,102.0,102.0
407127579,Planet (P),False,True,False,True,False,101.0,101.0
407146536,Planet (P),False,True,False,True,False,102.0,102.0
407146538,Planet (P),False,True,False,True,False,102.0,102.0
407146714,EB,False,True,False,True,False,102.0,102.0
407146722,EB,False,True,False,True,False,102.0,102.0
407146723,EB,False,True,False,True,False,102.0,102.0
407147727,EB,False,True,False,True,False,101.0,101.0
407156755,Planet (P),False,False,False,False,False,,
407166076,Planet (P),False,True,False,True,False,102.0,102.0
407218394,Junk (J),False,True,False,True,False,102.0,102.0
407222000,EB,False,True,False,True,False,102.0,102.0
407243316,Planet (P),False,False,False,False,False,,
407313319,Planet (P),False,False,False,False,False,,
407394748,EB,False,False,False,False,False,,
407495930,Planet (P),False,False,False,False,False,,
407517154,Planet (P),False,False,False,False,False,,
407580995,EB,True,True,True,True,True,103.0,103.0
407581166,Junk (J),True,True,True,True,False,103.0,103.0
407585173,Junk (J),True,True,True,True,False,95.0,95.0
407589461,Junk (J),False,False,False,False,False,,
407591297,Planet (P),False,False,False,False,False,,
407615704,Junk (J),True,True,True,True,False,98.0,98.0
407615977,Junk (J),True,True,True,True,False,98.0,98.0
407621506,Junk (J),True,True,True,True,False,98.0,98.0
407621964,EB,True,True,True,True,True,98.0,98.0
407653728,Planet (P),False,False,False,False,False,,
407658979,Planet (P),False,False,False,False,False,,
407661994,EB,True,True,True,True,True,98.0,98.0
407694390,Planet (P),False,False,False,False,False,,
407772585,Planet (P),False,True,False,True,False,103.0,103.0
407824089,EB,True,True,True,True,True,102.0,102.0
407824105,EB,True,True,True,True,True,102.0,102.0
407827885,Planet (P),False,True,False,True,False,102.0,102.0
407837241,EB,False,True,False,True,False,102.0,102.0
407876993,EB,True,True,True,True,True,102.0,102.0
407878643,Junk (J),True,True,True,True,True,102.0,102.0
407905370,Planet (P),False,False,False,False,False,,
407908805,Junk (J),False,False,False,False,False,,
407922730,EB,True,True,True,True,True,103.0,103.0
407922734,Planet (P),True,True,False,True,True,103.0,103.0
407928406,Junk (J),False,False,False,False,False,,
407958640,Planet (P),False,False,False,False,False,,
407966340,Planet (P),False,False,False,False,False,,
407997410,Planet (P),False,False,False,False,False,,
408016570,Junk (J),False,True,False,True,False,97.0,97.0
408114363,Planet (P),False,True,False,True,False,98.0,98.0
408137826,Planet (P),False,True,False,True,False,98.0,98.0
408231638,Planet (P),False,True,False,True,False,98.0,98.0
408237375,Junk (J),False,False,False,False,False,,
408261725,Planet (P),False,False,False,False,False,,
408310006,Planet (P),False,True,False,True,False,99.0,99.0
408317165,Planet (P),False,False,False,False,False,,
408416746,Planet (P),False,True,False,True,False,99.0,99.0
408469564,Planet (P),False,False,False,False,False,,
408472042,Junk (J),False,False,False,False,False,,
408506314,Planet (P),False,False,False,False,False,,
408508003,Planet (P),False,False,False,False,False,,
408548144,Planet (P),False,False,False,False,False,,
408577162,Junk (J),False,False,False,False,False,,
408609355,Planet (P),True,True,True,True,True,94.0,94.0
408616523,Junk (J),False,False,False,False,False,,
408618999,Planet (P),False,False,False,False,False,,
408619844,Junk (J),False,False,False,False,False,,
408628413,Planet (P),False,False,False,False,False,,
408636441,Planet (P),False,False,False,False,False,,
408643099,Planet (P),False,False,False,False,False,,
408656366,Planet (P),False,False,False,False,False,,
408743161,Planet (P),False,False,False,False,False,,
408809625,Planet (P),False,False,False,False,False,,
408824640,Planet (P),False,False,False,False,False,,
408937625,EB,False,False,False,False,False,,
408939191,EB,False,False,False,False,False,,
409009431,Planet (P),False,False,False,False,False,,
409055269,EB,False,False,False,False,False,,
409183335,EB,False,False,False,False,False,,
409192118,EB,False,False,False,False,False,,
409207712,Planet (P),False,False,False,False,False,,
409264172,Planet (P),False,False,False,False,False,,
409306006,EB,False,True,False,True,False,103.0,103.0
409318512,Junk (J),False,False,False,False,False,,
409369549,EB,False,False,False,False,False,,
409455240,Junk (J),False,False,False,False,False,,
409455615,EB,False,False,False,False,False,,
409520860,EB,False,False,False,False,False,,
409525463,Junk (J),False,False,False,False,False,,
409594381,Planet (P),False,False,False,False,False,,
409614721,EB,False,False,False,False,False,,
409642024,Junk (J),False,True,False,True,True,103.0,103.0
409647205,Junk (J),False,True,False,True,True,103.0,103.0
409650437,EB,False,False,False,False,False,,
409651781,EB,False,False,False,False,False,,
409726763,EB,False,False,False,False,False,,
409763681,Junk (J),False,True,False,True,False,103.0,103.0
409764819,EB,False,True,False,True,False,103.0,103.0
409794137,Planet (P),False,True,False,True,False,99.0,99.0
409804755,Junk (J),False,True,False,True,True,103.0,103.0
409840799,EB,False,False,False,False,False,,
409847512,EB,True,True,True,True,True,103.0,103.0
409851100,EB,True,True,True,True,True,103.0,103.0
409883195,Junk (J),True,True,True,True,True,103.0,103.0
409896170,Planet (P),False,True,False,True,False,99.0,99.0
409910690,EB,False,False,False,False,False,,
409934687,EB,True,True,True,True,True,103.0,103.0
409935170,EB,True,True,True,True,True,103.0,103.0
409987035,EB,False,False,False,False,False,,
410002663,EB,True,True,True,True,True,103.0,103.0
410057499,Junk (J),True,True,False,True,True,103.0,103.0
410087746,Junk (J),True,True,True,True,True,103.0,103.0
410118164,Junk (J),True,True,True,True,True,103.0,103.0
410118189,Junk (J),True,True,True,True,True,103.0,103.0
410118760,Junk (J),True,True,True,True,True,103.0,103.0
410119093,Planet (P),True,True,True,True,True,103.0,103.0
410119941,Junk (J),True,True,True,True,True,103.0,103.0
410150109,Junk (J),True,True,True,True,True,103.0,103.0
410153553,Planet (P),True,True,True,True,True,103.0,103.0
410159011,Planet (P),False,True,False,True,False,99.0,99.0
410214778,Junk (J),True,True,True,True,True,103.0,103.0
410214986,Planet (P),True,True,True,True,True,103.0,103.0
410228822,Junk (J),True,True,True,True,True,103.0,103.0
410303247,Planet (P),False,True,False,True,False,99.0,99.0
410308760,Junk (J),True,True,True,True,True,94.0,94.0
410309657,EB,True,True,True,True,True,94.0,94.0
410310956,EB,True,True,True,True,True,103.0,103.0
410314178,Planet (P),True,True,True,True,True,95.0,95.0
410339458,Junk (J),True,True,True,True,True,94.0,94.0
410346480,EB,True,True,True,True,True,103.0,103.0
410354809,Junk (J),True,True,True,True,True,94.0,94.0
410358456,Planet (P),True,True,True,True,True,94.0,94.0
410368854,Junk (J),True,True,True,True,True,102.0,102.0
410372968,Planet (P),True,True,True,True,True,103.0,103.0
410373785,EB,True,True,True,True,True,103.0,103.0
410389255,Junk (J),True,True,True,True,True,94.0,94.0
410393612,Junk (J),False,True,False,True,False,100.0,100.0
410405352,Junk (J),True,True,True,True,True,94.0,94.0
410439376,EB,False,False,False,False,False,,
410450228,Planet (P),True,True,True,True,True,97.0,97.0
410464110,Junk (J),True,True,True,True,True,103.0,103.0
410469530,Junk (J),False,False,False,False,False,,
410477617,EB,False,False,False,False,False,,
410501351,Junk (J),False,False,False,False,False,,
410504627,Junk (J),False,False,False,False,False,,
410552165,Planet (P),False,False,False,False,False,,
410554986,Planet (P),False,True,False,True,False,102.0,102.0
410712205,EB,False,True,False,True,False,100.0,100.0
410812622,Junk (J),False,False,False,False,False,,
410901394,Planet (P),False,False,False,False,False,,
411217022,Junk (J),False,False,False,False,False,,
411262001,Junk (J),False,True,False,True,False,100.0,100.0
411343008,Planet (P),False,False,False,False,False,,
411463659,Planet (P),False,True,False,True,False,100.0,100.0
411531959,EB,False,False,False,False,False,,
411582260,EB,False,False,False,False,False,,
411582443,Junk (J),False,False,False,False,False,,
411595102,EB,False,True,False,True,False,102.0,102.0
411608801,Planet (P),False,False,False,False,False,,
411731278,Planet (P),False,True,False,True,False,102.0,102.0
411781649,Planet (P),False,True,False,False,False,98.0,
411796826,Planet (P),False,True,False,True,False,102.0,102.0
411839167,Planet (P),False,True,False,True,False,98.0,98.0
411868625,EB,False,True,False,True,False,103.0,103.0
411868946,Junk (J),False,True,False,True,True,103.0,103.0
411917726,Junk (J),False,True,False,True,True,102.0,102.0
411924206,EB,False,True,False,True,False,102.0,102.0
411924652,EB,False,True,False,True,False,102.0,102.0
411930845,Planet (P),False,False,False,False,False,,
411943564,Planet (P),False,True,False,True,False,101.0,101.0
411955845,Planet (P),True,True,True,True,True,103.0,103.0
411956010,Junk (J),True,True,True,True,True,103.0,103.0
412013522,Junk (J),True,True,True,True,True,103.0,103.0
412054152,Planet (P),False,True,False,True,False,98.0,98.0
412330557,EB,False,True,False,True,False,102.0,102.0
412371819,Planet (P),False,True,False,True,False,101.0,101.0
412377174,EB,False,True,False,True,False,101.0,101.0
412377282,EB,False,True,False,True,False,101.0,101.0
412471212,EB,False,True,False,True,False,103.0,103.0
412485680,Planet (P),False,True,False,True,False,101.0,101.0
412521892,Planet (P),False,False,False,False,False,,
412542159,EB,False,True,False,True,False,101.0,101.0
412612669,EB,False,True,False,True,False,102.0,102.0
412635642,Planet (P),False,True,False,True,False,101.0,101.0
412660244,EB,False,True,False,True,False,103.0,103.0
412666676,Planet (P),False,False,False,False,False,,
412721957,Junk (J),False,True,False,True,False,103.0,103.0
412806642,EB,False,True,False,True,False,101.0,101.0
412828754,Planet (P),False,True,False,True,False,103.0,103.0
412887082,Planet (P),False,False,False,False,False,,
412952660,EB,False,True,False,True,False,102.0,102.0
413084104,EB,False,True,False,True,False,102.0,102.0
413216924,EB,False,True,False,True,False,102.0,102.0
413248763,Planet (P),False,True,False,True,False,99.0,99.0
413343957,Planet (P),False,True,False,True,False,103.0,103.0
413372087,Planet (P),False,True,False,True,False,100.0,100.0
413376180,Planet (P),False,True,False,True,False,101.0,101.0
413525091,EB,False,True,False,True,False,99.0,99.0
414019147,Planet (P),False,False,False,False,False,,
414178073,EB,False,True,False,True,False,103.0,103.0
414258267,EB,False,True,False,True,False,103.0,103.0
414380191,Junk (J),False,True,False,True,False,102.0,102.0
414480242,EB,False,True,False,True,False,101.0,101.0
414586464,EB,False,False,False,False,False,,
414712404,EB,False,True,False,True,False,102.0,102.0
414870287,Junk (J),False,False,False,False,False,,
414897731,Junk (J),False,False,False,False,False,,
414922696,Planet (P),False,False,False,False,False,,
414929408,EB,False,True,False,True,False,101.0,101.0
414964484,Junk (J),False,False,False,False,False,,
415097486,EB,False,True,False,True,False,101.0,101.0
415143674,Planet (P),False,False,False,False,False,,
415191100,EB,False,True,False,True,False,101.0,101.0
415276070,Planet (P),False,False,False,False,False,,
415399713,Planet (P),False,False,False,False,False,,
415461195,Planet (P),False,False,False,False,False,,
415875608,Planet (P),False,False,False,False,False,,
415880858,Junk (J),False,False,False,False,False,,
415947396,Junk (J),False,True,False,True,False,102.0,102.0
415969908,Planet (P),True,True,True,True,True,96.0,96.0
415976665,Planet (P),False,False,False,False,False,,
416092809,Junk (J),False,False,False,False,False,,
416119170,Junk (J),False,False,False,False,False,,
416192955,Junk (J),False,False,False,False,False,,
416195843,Planet (P),False,False,False,False,False,,
416195870,Planet (P),False,False,False,False,False,,
416269246,Junk (J),False,False,False,False,False,,
416278758,Junk (J),False,False,False,False,False,,
416280326,Junk (J),False,False,False,False,False,,
416282724,Junk (J),False,False,False,False,False,,
416402484,Junk (J),False,False,False,False,False,,
416404269,Junk (J),False,False,False,False,False,,
416404380,Junk (J),False,False,False,False,False,,
416405200,Junk (J),False,False,False,False,False,,
416443644,EB,False,False,False,False,False,,
416457567,EB,False,False,False,False,False,,
416486384,Planet (P),False,False,False,False,False,,
416534875,Planet (P),False,False,False,False,False,,
416537915,EB,False,False,False,False,False,,
416537916,EB,False,False,False,False,False,,
416539317,Planet (P),False,False,False,False,False,,
416542079,Planet (P),False,False,False,False,False,,
416576220,Junk (J),False,False,False,False,False,,
416576383,Junk (J),False,False,False,False,False,,
416617720,Junk (J),False,False,False,False,False,,
416636585,EB,False,False,False,False,False,,
416672228,Junk (J),False,False,False,False,False,,
416674665,Junk (J),False,False,False,False,False,,
416739490,Planet (P),False,False,False,False,False,,
416934912,Junk (J),False,False,False,False,False,,
417047499,Planet (P),False,False,False,False,False,,
417066088,Junk (J),False,False,False,False,False,,
417126296,EB,False,False,False,False,False,,
417129824,Planet (P),False,False,False,False,False,,
417142999,Junk (J),False,False,False,False,False,,
417146817,EB,False,False,False,False,False,,
417175621,EB,False,False,False,False,False,,
417270886,Junk (J),False,False,False,False,False,,
417277202,Junk (J),False,False,False,False,False,,
417359444,EB,False,True,False,True,False,101.0,101.0
417362390,EB,False,True,False,True,False,102.0,102.0
417416329,Junk (J),False,False,False,False,False,,
417449677,Junk (J),False,False,False,False,False,,
417513400,Junk (J),False,False,False,False,False,,
417564823,Planet (P),False,False,False,False,False,,
417583197,EB,False,False,False,False,False,,
417642458,Junk (J),False,False,False,False,False,,
417644139,Junk (J),False,False,False,False,False,,
417644892,Junk (J),False,False,False,False,False,,
417646390,Planet (P),False,False,False,False,False,,
417650973,Junk (J),False,False,False,False,False,,
417660500,Junk (J),False,False,False,False,False,,
417676091,Planet (P),False,False,False,False,False,,
417676622,Planet (P),False,False,False,False,False,,
417678051,EB,False,False,False,False,False,,
417699430,Junk (J),False,False,False,False,False,,
417699915,Junk (J),False,False,False,False,False,,
417734853,EB,False,False,False,False,False,,
417743383,EB,False,False,False,False,False,,
417829082,Junk (J),False,False,False,False,False,,
417829193,Junk (J),False,False,False,False,False,,
417836969,Junk (J),False,False,False,False,False,,
417839473,Junk (J),False,False,False,False,False,,
417844678,Planet (P),False,False,False,False,False,,
417847904,Junk (J),False,False,False,False,False,,
417850234,Junk (J),False,False,False,False,False,,
417916452,Junk (J),False,False,False,False,False,,
417921531,Junk (J),False,False,False,False,False,,
417921545,Junk (J),False,False,False,False,False,,
417927806,Junk (J),False,False,False,False,False,,
417930930,Junk (J),False,False,False,False,False,,
417931033,Junk (J),False,False,False,False,False,,
417931300,Planet (P),False,False,False,False,False,,
417931607,Planet (P),False,False,False,False,False,,
417932984,Junk (J),False,False,False,False,False,,
417935524,Junk (J),False,False,False,False,False,,
417942201,Planet (P),False,False,False,False,False,,
417947353,Junk (J),False,False,False,False,False,,
417948359,Planet (P),False,False,False,False,False,,
418012030,Planet (P),False,False,False,False,False,,
418013928,Junk (J),False,False,False,False,False,,
418035797,Junk (J),False,False,False,False,False,,
418133917,Planet (P),False,False,False,False,False,,
418184767,Planet (P),False,False,False,False,False,,
418187845,EB,False,False,False,False,False,,
418255064,Planet (P),False,False,False,False,False,,
418256166,Junk (J),False,False,False,False,False,,
418297351,Junk (J),False,False,False,False,False,,
418298773,Planet (P),False,False,False,False,False,,
418301007,Junk (J),False,False,False,False,False,,
418301643,Planet (P),False,False,False,False,False,,
418343229,Planet (P),False,False,False,False,False,,
418385097,Junk (J),False,False,False,False,False,,
418471116,Planet (P),False,True,False,True,False,101.0,101.0
418471796,Planet (P),False,True,False,True,False,101.0,101.0
418567812,Planet (P),False,True,False,True,False,102.0,102.0
418604868,Planet (P),False,False,False,False,False,,
418619018,Junk (J),False,True,False,True,False,101.0,101.0
418645421,Junk (J),False,False,False,False,False,,
418659158,EB,False,False,False,False,False,,
418659523,EB,False,False,False,False,False,,
418720347,EB,False,False,False,False,False,,
418761354,Planet (P),False,False,False,False,False,,
418808871,Junk (J),False,True,False,True,False,101.0,101.0
418923679,Junk (J),False,False,False,False,False,,
418959198,Planet (P),False,False,False,False,False,,
418981325,Planet (P),False,False,False,False,False,,
418998975,Junk (J),False,False,False,False,False,,
419029830,Planet (P),False,False,False,False,False,,
419092044,Planet (P),False,False,False,False,False,,
419148828,Planet (P),False,False,False,False,False,,
419175047,EB,False,True,False,True,False,102.0,102.0
419354107,Junk (J),False,False,False,False,False,,
419411415,Planet (P),False,False,False,False,False,,
419419534,Planet (P),False,False,False,False,False,,
419503191,Planet (P),False,True,False,True,False,101.0,101.0
419523962,Planet (P),False,False,False,False,False,,
419524589,Planet (P),False,False,False,False,False,,
419540913,EB,True,True,True,True,True,103.0,103.0
419587655,EB,True,True,True,True,True,103.0,103.0
419611359,Junk (J),True,True,True,True,True,103.0,103.0
419611478,Junk (J),True,True,False,False,True,102.0,
419635397,Junk (J),True,True,True,True,True,103.0,103.0
419640243,EB,False,True,False,False,False,101.0,
419648095,EB,False,True,False,True,False,101.0,101.0
419649167,Planet (P),False,True,False,True,False,101.0,101.0
419713844,EB,False,False,False,False,False,,
419736622,Junk (J),True,True,True,True,True,103.0,103.0
419738713,Planet (P),True,True,True,True,True,103.0,103.0
419744996,EB,True,True,True,True,True,103.0,103.0
419840740,Planet (P),False,False,False,False,False,,
419858461,Planet (P),False,True,False,False,False,101.0,
419865067,EB,False,False,False,False,False,,
419877797,Planet (P),False,False,False,False,False,,
419878733,Planet (P),False,False,False,False,False,,
419878932,Planet (P),False,False,False,False,False,,
419924650,EB,False,False,False,False,False,,
419957314,Planet (P),False,True,False,True,False,97.0,97.0
419957393,Planet (P),False,True,False,True,False,97.0,97.0
420014358,Junk (J),False,False,False,False,False,,
420016507,Planet (P),False,False,False,False,False,,
420018238,Planet (P),False,False,False,False,False,,
420039758,Junk (J),False,False,False,False,False,,
420049884,Planet (P),False,False,False,False,False,,
420051632,Planet (P),False,False,False,False,False,,
420108587,Planet (P),False,False,False,False,False,,
420111755,Junk (J),False,False,False,False,False,,
420112217,Planet (P),False,False,False,False,False,,
420112589,Planet (P),False,False,False,False,False,,
420112610,Junk (J),False,False,False,False,False,,
420114036,Planet (P),False,False,False,False,False,,
420115946,EB,False,False,False,False,False,,
420116962,EB,False,False,False,False,False,,
420174131,Planet (P),False,False,False,False,False,,
420177051,Planet (P),False,False,False,False,False,,
420191136,Planet (P),False,False,False,False,False,,
420201615,Junk (J),False,True,False,True,False,101.0,101.0
420202798,Planet (P),False,True,False,True,False,101.0,101.0
420215263,EB,False,False,False,False,False,,
420230460,Junk (J),False,False,False,False,False,,
420268415,Planet (P),False,False,False,False,False,,
420288013,Junk (J),False,False,False,False,False,,
420369105,Planet (P),False,True,False,True,False,103.0,103.0
420383981,Planet (P),False,False,False,False,False,,
420394350,Junk (J),False,True,False,True,False,102.0,102.0
420458974,EB,False,True,False,True,False,102.0,102.0
420529106,Planet (P),False,True,False,True,False,102.0,102.0
420654021,Junk (J),False,False,False,False,False,,
420680343,Planet (P),False,False,False,False,False,,
420779000,Planet (P),False,False,False,False,False,,
420814525,Planet (P),False,False,False,False,False,,
420829332,Planet (P),False,True,False,True,False,103.0,103.0
420897571,Junk (J),False,False,False,False,False,,
420897608,Junk (J),False,False,False,False,False,,
420898665,Junk (J),False,False,False,False,False,,
420901243,Junk (J),False,False,False,False,False,,
420901397,Junk (J),False,False,False,False,False,,
420957957,EB,False,False,False,False,False,,
420962989,Planet (P),False,True,False,True,False,98.0,98.0
421005422,Planet (P),False,False,False,False,False,,
421006834,Planet (P),False,False,False,False,False,,
421056636,Planet (P),False,True,False,True,False,103.0,103.0
421154783,EB,False,False,False,False,False,,
421177421,EB,False,False,False,False,False,,
421256085,Junk (J),False,True,False,True,False,101.0,101.0
421257284,Junk (J),False,False,False,False,False,,
421262493,EB,False,True,False,True,False,101.0,101.0
421292965,Junk (J),False,True,False,True,False,103.0,103.0
421307009,Junk (J),False,False,False,False,False,,
421308357,EB,False,False,False,False,False,,
421309668,Junk (J),False,False,False,False,False,,
421331159,Junk (J),False,False,False,False,False,,
421332084,Junk (J),False,False,False,False,False,,
421333380,Junk (J),False,False,False,False,False,,
421336001,Planet (P),False,False,False,False,False,,
421371925,Junk (J),False,False,False,False,False,,
421449584,Junk (J),False,False,False,False,False,,
421560231,Junk (J),False,False,False,False,False,,
421562553,EB,False,True,False,True,False,103.0,103.0
421562694,Junk (J),False,True,False,True,False,103.0,103.0
421800851,Junk (J),True,True,True,True,True,102.0,102.0
421847679,EB,False,False,False,False,False,,
421893327,Junk (J),True,True,True,True,True,103.0,103.0
421894914,Planet (P),True,True,True,True,True,103.0,103.0
421903265,Junk (J),False,False,False,False,False,,
421920965,Junk (J),True,True,True,True,True,103.0,103.0
421925727,Junk (J),False,False,False,False,False,,
421937779,Junk (J),True,True,True,True,True,103.0,103.0
421943743,Junk (J),True,True,True,True,True,103.0,103.0
421948497,Junk (J),True,True,True,True,True,103.0,103.0
421951960,Planet (P),False,False,False,False,False,,
421973253,Planet (P),False,False,False,False,False,,
421984117,Junk (J),True,True,True,True,True,103.0,103.0
421990278,Planet (P),True,True,False,True,True,101.0,101.0
422031406,Planet (P),False,False,False,False,False,,
422037524,Planet (P),False,False,False,False,False,,
422040614,Junk (J),True,True,True,True,True,103.0,103.0
422041226,Junk (J),True,True,True,True,True,103.0,103.0
422108527,EB,False,False,False,False,False,,
422159302,Planet (P),False,False,False,False,False,,
422217860,Planet (P),False,False,False,False,False,,
422223456,Planet (P),False,False,False,False,False,,
422274647,Junk (J),False,False,False,False,False,,
422284689,EB,False,False,False,False,False,,
422290758,Junk (J),False,False,False,False,False,,
422322476,EB,False,False,False,False,False,,
422385684,Planet (P),False,False,False,False,False,,
422423972,Planet (P),False,False,False,False,False,,
422457210,Planet (P),False,False,False,False,False,,
422486295,Planet (P),False,False,False,False,False,,
422514153,Planet (P),False,False,False,False,False,,
422554579,Planet (P),False,False,False,False,False,,
422618449,Planet (P),False,False,False,False,False,,
422653398,Planet (P),False,True,False,True,False,97.0,97.0
422655579,Planet (P),False,True,False,True,False,97.0,97.0
422745687,Junk (J),False,False,False,False,False,,
422746188,EB,False,False,False,False,False,,
422756130,Planet (P),False,False,False,False,False,,
422881018,Planet (P),False,False,False,False,False,,
422884521,Planet (P),False,False,False,False,False,,
422914082,Planet (P),False,False,False,False,False,,
422923265,Planet (P),False,False,False,False,False,,
422963047,Junk (J),False,False,False,False,False,,
423138831,EB,False,True,False,True,False,103.0,103.0
423160564,Junk (J),True,True,True,True,True,94.0,94.0
423183487,Junk (J),True,True,True,True,True,94.0,94.0
423228465,EB,False,True,False,True,False,103.0,103.0
423237407,EB,True,True,True,True,True,102.0,102.0
423237945,Junk (J),False,True,False,True,False,103.0,103.0
423238309,Junk (J),True,True,True,True,True,103.0,103.0
423266608,EB,True,True,True,True,True,103.0,103.0
423275733,Planet (P),False,True,False,True,False,99.0,99.0
423278503,Junk (J),False,True,False,True,False,99.0,99.0
423360793,Planet (P),False,True,False,True,False,97.0,97.0
423393242,Planet (P),False,True,False,True,False,99.0,99.0
423445163,Planet (P),False,True,False,True,False,100.0,100.0
423455537,Junk (J),False,False,False,False,False,,
423455800,Junk (J),False,False,False,False,False,,
423666115,Planet (P),False,False,False,False,False,,
423672208,Planet (P),False,True,False,True,False,97.0,97.0
423745532,Junk (J),False,False,False,False,False,,
423768826,Junk (J),False,True,False,True,False,103.0,103.0
423926958,Junk (J),False,False,False,False,False,,
423927136,Junk (J),False,False,False,False,False,,
424002359,Junk (J),False,False,False,False,False,,
424112727,Planet (P),False,False,False,False,False,,
424118435,Junk (J),False,False,False,False,False,,
424196109,Planet (P),False,True,False,True,False,103.0,103.0
424277160,Junk (J),False,False,False,False,False,,
424340168,Junk (J),False,True,False,True,False,103.0,103.0
424387182,Junk (J),False,False,False,False,False,,
424388628,Planet (P),False,False,False,False,False,,
424391070,Junk (J),False,False,False,False,False,,
424391516,Planet (P),False,False,False,False,False,,
424434618,Junk (J),False,False,False,False,False,,
424435940,Planet (P),False,False,False,False,False,,
424437957,Junk (J),False,False,False,False,False,,
424438640,Junk (J),False,False,False,False,False,,
424462081,Junk (J),False,False,False,False,False,,
424463182,Junk (J),False,False,False,False,False,,
424565534,EB,False,False,False,False,False,,
424573075,Junk (J),False,False,False,False,False,,
424573214,Junk (J),False,False,False,False,False,,
424696909,Junk (J),False,False,False,False,False,,
424699452,EB,False,False,False,False,False,,
424719589,EB,False,False,False,False,False,,
424731804,Junk (J),False,False,False,False,False,,
424733642,Planet (P),False,False,False,False,False,,
424737690,Junk (J),False,False,False,False,False,,
424762064,Junk (J),True,True,True,True,True,94.0,94.0
424797128,EB,True,True,True,True,True,94.0,94.0
424798906,Junk (J),True,True,True,True,True,94.0,94.0
424849871,EB,True,True,True,True,True,94.0,94.0
424865156,Planet (P),False,False,False,False,False,,
424867674,Junk (J),False,False,False,False,False,,
424876542,EB,True,True,True,True,True,94.0,94.0
424877706,EB,True,True,True,True,True,94.0,94.0
424877713,EB,True,True,True,True,True,94.0,94.0
424881325,Junk (J),True,True,True,True,True,94.0,94.0
424881840,EB,True,True,True,True,True,94.0,94.0
424902813,Junk (J),False,False,False,False,False,,
424945309,Junk (J),True,True,True,True,True,94.0,94.0
424984597,EB,True,True,True,True,True,94.0,94.0
424986552,EB,True,True,True,True,True,94.0,94.0
424986665,Junk (J),True,True,True,True,True,94.0,94.0
424986927,EB,True,True,True,True,True,94.0,94.0
425064757,EB,True,True,True,True,True,98.0,98.0
425083216,Junk (J),True,True,True,True,True,98.0,98.0
425084025,EB,True,True,True,True,True,97.0,97.0
425084473,Junk (J),True,True,True,True,True,97.0,97.0
425086349,Junk (J),True,True,True,True,True,98.0,98.0
425163745,EB,False,False,False,False,False,,
425205770,EB,False,False,False,False,False,,
425206121,Planet (P),False,False,False,False,False,,
425206767,Junk (J),False,False,False,False,False,,
425316308,Planet (P),False,True,False,True,False,101.0,101.0
425505320,Junk (J),False,True,False,True,False,102.0,102.0
425505324,Junk (J),False,True,False,True,False,102.0,102.0
425508314,Planet (P),False,True,False,True,False,102.0,102.0
425511696,Junk (J),False,True,False,True,False,102.0,102.0
425538187,EB,False,True,False,True,False,102.0,102.0
425561347,Planet (P),True,True,True,True,True,94.0,94.0
425609239,Junk (J),True,True,True,True,True,94.0,94.0
425666866,Junk (J),True,True,True,True,True,94.0,94.0
425668314,Junk (J),True,True,True,True,True,94.0,94.0
425717329,Junk (J),True,True,True,True,True,94.0,94.0
425721385,EB,True,True,True,True,True,94.0,94.0
425802800,Junk (J),True,True,True,True,True,94.0,94.0
425817867,Planet (P),True,True,True,True,True,94.0,94.0
425826973,Junk (J),True,True,True,True,True,95.0,95.0
425934411,Planet (P),True,True,True,True,True,103.0,103.0
425997655,Planet (P),True,True,True,True,True,97.0,97.0
425999468,Junk (J),False,False,False,False,False,,
426015440,Junk (J),True,True,True,True,True,96.0,96.0
426032475,Planet (P),True,True,True,True,True,96.0,96.0
426122503,Planet (P),False,False,False,False,False,,
426134162,EB,False,True,False,True,False,102.0,102.0
426144112,Planet (P),False,False,False,False,False,,
426264684,EB,False,True,False,True,False,102.0,102.0
426319499,Planet (P),False,False,False,False,False,,
426332869,EB,False,False,False,False,False,,
426388995,EB,False,False,False,False,False,,
426389001,EB,False,False,False,False,False,,
426448042,Planet (P),False,False,False,False,False,,
426471754,Planet (P),False,False,False,False,False,,
426481193,Junk (J),False,True,False,True,False,102.0,102.0
426548419,Junk (J),False,True,False,True,False,102.0,102.0
426649664,Junk (J),False,False,False,False,False,,
426812143,EB,False,False,False,False,False,,
426901646,Planet (P),False,True,False,True,False,102.0,102.0
426904354,Planet (P),False,True,False,True,False,103.0,103.0
426956677,Planet (P),False,False,False,False,False,,
427041513,Planet (P),False,False,False,False,False,,
427153307,Planet (P),False,False,False,False,False,,
427237155,Junk (J),False,False,False,False,False,,
427295028,Junk (J),False,False,False,False,False,,
427320001,Planet (P),False,False,False,False,False,,
427332229,Planet (P),False,False,False,False,False,,
427352241,EB,False,True,False,True,False,98.0,98.0
427406031,EB,False,True,False,True,False,103.0,103.0
427654774,Planet (P),False,False,False,False,False,,
427685831,Planet (P),False,False,False,False,False,,
427730490,Planet (P),False,False,False,False,False,,
427740976,Planet (P),False,False,False,False,False,,
427761355,EB,False,False,False,False,False,,
427765233,Planet (P),False,False,False,False,False,,
427866520,Planet (P),False,False,False,False,False,,
427977514,Junk (J),False,False,False,False,False,,
427979435,Junk (J),False,False,False,False,False,,
428003305,Planet (P),False,False,False,False,False,,
428040448,Junk (J),False,False,False,False,False,,
428102518,EB,False,False,False,False,False,,
428117606,EB,False,False,False,False,False,,
428249301,EB,False,False,False,False,False,,
428251130,Planet (P),False,False,False,False,False,,
428253890,Junk (J),False,False,False,False,False,,
428254135,Junk (J),False,False,False,False,False,,
428317266,Planet (P),False,False,False,False,False,,
428396917,Junk (J),False,False,False,False,False,,
428404278,EB,False,False,False,False,False,,
428417567,EB,False,False,False,False,False,,
428515937,EB,False,False,False,False,False,,
428534573,Junk (J),False,False,False,False,False,,
428673146,Planet (P),False,True,False,True,False,101.0,101.0
428679607,Planet (P),False,False,False,False,False,,
428685938,EB,False,True,False,True,False,101.0,101.0
428699140,Planet (P),False,False,False,False,False,,
428703516,Planet (P),False,False,False,False,False,,
428724784,Junk (J),False,False,False,False,False,,
428767018,Planet (P),False,False,False,False,False,,
428767557,EB,False,False,False,False,False,,
428787891,Planet (P),False,False,False,False,False,,
428812049,Planet (P),False,False,False,False,False,,
428865461,Junk (J),False,False,False,False,False,,
428867906,Planet (P),False,False,False,False,False,,
428892437,Planet (P),False,False,False,False,False,,
428907381,Junk (J),False,False,False,False,False,,
428963229,Planet (P),False,False,False,False,False,,
428988981,Planet (P),False,False,False,False,False,,
429036977,Planet (P),False,False,False,False,False,,
429218084,Planet (P),False,False,False,False,False,,
429295277,EB,False,True,False,True,False,101.0,101.0
429302040,Planet (P),False,False,False,False,False,,
429304876,Planet (P),False,True,False,True,False,100.0,100.0
429358906,Planet (P),False,True,False,True,False,101.0,101.0
429446407,EB,False,True,False,True,False,102.0,102.0
429458843,EB,False,True,False,True,False,102.0,102.0
429501231,Planet (P),False,False,False,False,False,,
429684827,Junk (J),False,False,False,False,False,,
429791387,Planet (P),False,True,False,True,False,103.0,103.0
429966479,Junk (J),False,False,False,False,False,,
430093142,Planet (P),False,False,False,False,False,,
430099722,Planet (P),False,False,False,False,False,,
430378325,Junk (J),False,False,False,False,False,,
430380593,EB,False,False,False,False,False,,
430406538,Planet (P),False,False,False,False,False,,
430415564,Planet (P),False,False,False,False,False,,
430431091,Planet (P),False,False,False,False,False,,
430459005,EB,False,False,False,False,False,,
430528563,EB,False,False,False,False,False,,
430536175,Junk (J),False,False,False,False,False,,
430584093,Junk (J),False,False,False,False,False,,
430637893,Junk (J),False,False,False,False,False,,
430677414,Planet (P),False,False,False,False,False,,
430689541,EB,False,False,False,False,False,,
430751891,Planet (P),False,False,False,False,False,,
430755801,Junk (J),False,False,False,False,False,,
430797858,EB,False,False,False,False,False,,
430824936,EB,False,True,False,True,False,102.0,102.0
430845815,Planet (P),False,False,False,False,False,,
430930679,Planet (P),False,False,False,False,False,,
430935883,Junk (J),False,False,False,False,False,,
430965138,EB,False,False,False,False,False,,
431033767,Planet (P),False,False,False,False,False,,
431114892,Planet (P),False,False,False,False,False,,
431216437,Planet (P),False,False,False,False,False,,
431307905,EB,False,False,False,False,False,,
431375592,Junk (J),False,False,False,False,False,,
431380283,Junk (J),True,True,True,True,True,96.0,96.0
431416493,Junk (J),False,False,False,False,False,,
431479727,Junk (J),True,True,True,True,True,96.0,96.0
431481376,Junk (J),True,True,True,True,True,96.0,96.0
431514478,Planet (P),False,False,False,False,False,,
431518745,Junk (J),False,False,False,False,False,,
431523789,EB,False,False,False,False,False,,
431551960,EB,False,False,False,False,False,,
431589203,Junk (J),True,True,True,True,True,98.0,98.0
431589453,Junk (J),True,True,True,True,True,96.0,96.0
431591320,Junk (J),True,True,True,True,True,96.0,96.0
431632843,Junk (J),False,False,False,False,False,,
431660224,Planet (P),False,False,False,False,False,,
431693152,Planet (P),False,True,False,True,False,98.0,98.0
431701493,Planet (P),False,False,False,False,False,,
431711546,EB,False,False,False,False,False,,
431800989,EB,False,False,False,False,False,,
431810418,Planet (P),False,False,False,False,False,,
431899136,Planet (P),False,False,False,False,False,,
431899140,Planet (P),False,False,False,False,False,,
431981595,Planet (P),False,False,False,False,False,,
431991565,Junk (J),False,False,False,False,False,,
431999925,Planet (P),False,False,False,False,False,,
432008938,Planet (P),False,False,False,False,False,,
432078760,Planet (P),False,False,False,False,False,,
432114158,Planet (P),False,False,False,False,False,,
432132155,Planet (P),False,True,False,True,False,99.0,99.0
432280671,Planet (P),False,False,False,False,False,,
432365612,EB,False,True,False,True,False,99.0,99.0
432422552,Planet (P),False,False,False,False,False,,
432467894,Planet (P),False,True,False,True,False,99.0,99.0
432549364,Planet (P),False,False,False,False,False,,
432758245,Planet (P),False,False,False,False,False,,
432761635,Planet (P),False,False,False,False,False,,
433011610,Junk (J),False,True,False,True,False,100.0,100.0
433144048,Planet (P),False,False,False,False,False,,
433501941,Junk (J),False,False,False,False,False,,
433546798,EB,False,True,False,True,False,101.0,101.0
433546897,Planet (P),False,True,False,True,False,101.0,101.0
433554644,EB,False,True,False,True,False,101.0,101.0
433784313,EB,False,False,False,False,False,,
433852422,EB,False,True,False,True,False,101.0,101.0
434086605,Planet (P),False,False,False,False,False,,
434100688,EB,True,True,True,True,True,96.0,96.0
434105094,Planet (P),True,True,True,True,True,96.0,96.0
434110695,Planet (P),True,True,True,True,True,96.0,96.0
434116397,Planet (P),False,False,False,False,False,,
434171113,Planet (P),False,False,False,False,False,,
434171145,Planet (P),False,False,False,False,False,,
434186655,Planet (P),False,False,False,False,False,,
434212297,Junk (J),False,False,False,False,False,,
434225250,EB,False,False,False,False,False,,
434226736,Planet (P),False,False,False,False,False,,
434260570,Planet (P),False,True,False,True,False,98.0,98.0
434270112,Planet (P),False,False,False,False,False,,
434428836,Planet (P),False,True,False,True,False,99.0,99.0
434477274,Planet (P),False,True,False,True,False,100.0,100.0
434572424,EB,False,True,False,True,False,101.0,101.0
434718964,EB,False,False,False,False,False,,
434813314,Planet (P),False,False,False,False,False,,
435259601,Planet (P),False,False,False,False,False,,
435336785,Planet (P),False,False,False,False,False,,
435339558,Planet (P),False,False,False,False,False,,
435339847,Planet (P),False,False,False,False,False,,
435453317,Junk (J),False,False,False,False,False,,
435602412,EB,False,True,False,True,False,101.0,101.0
435680451,Planet (P),False,False,False,False,False,,
435684144,EB,False,True,False,True,False,101.0,101.0
435715608,EB,False,False,False,False,False,,
435719275,Planet (P),False,False,False,False,False,,
435740442,Planet (P),False,False,False,False,False,,
435851868,Planet (P),False,False,False,False,False,,
435855067,Junk (J),False,False,False,False,False,,
435859871,EB,False,False,False,False,False,,
435871546,Planet (P),False,False,False,False,False,,
435878153,Planet (P),False,False,False,False,False,,
435934762,Planet (P),False,True,False,True,False,98.0,98.0
435967002,Junk (J),False,False,False,False,False,,
435994957,EB,False,False,False,False,False,,
435995015,EB,False,False,False,False,False,,
435997807,Junk (J),False,False,False,False,False,,
436007113,Planet (P),False,False,False,False,False,,
436083994,Junk (J),False,False,False,False,False,,
436102447,Planet (P),False,True,False,True,False,98.0,98.0
436166416,Planet (P),False,False,False,False,False,,
436260983,EB,False,False,False,False,False,,
436314778,Planet (P),False,False,False,False,False,,
436319259,EB,False,False,False,False,False,,
436451838,Junk (J),False,False,False,False,False,,
436452714,Junk (J),False,False,False,False,False,,
436478932,Planet (P),False,False,False,False,False,,
436508469,Planet (P),False,False,False,False,False,,
436575927,Planet (P),False,False,False,False,False,,
436599296,EB,False,True,False,True,False,101.0,101.0
436602339,EB,False,True,False,True,False,101.0,101.0
436617542,Junk (J),False,True,False,True,False,98.0,98.0
436637677,Planet (P),False,True,False,True,False,98.0,98.0
436652523,Planet (P),False,True,False,True,False,98.0,98.0
436703420,Junk (J),False,True,False,False,False,98.0,
436764867,Planet (P),False,False,False,False,False,,
436843539,Planet (P),False,False,False,False,False,,
436857061,Junk (J),False,False,False,False,False,,
436867014,Junk (J),False,False,False,False,False,,
436872005,Junk (J),False,False,False,False,False,,
436873727,Planet (P),False,False,False,False,False,,
436875934,Planet (P),False,False,False,False,False,,
436926808,Junk (J),False,False,False,False,False,,
437011608,Planet (P),False,False,False,False,False,,
437054764,Planet (P),False,False,False,False,False,,
437144507,Planet (P),False,False,False,False,False,,
437156845,Planet (P),False,False,False,False,False,,
437203024,EB,False,True,False,True,False,101.0,101.0
437215469,Planet (P),False,False,False,False,False,,
437242640,Planet (P),False,True,False,True,False,100.0,100.0
437248515,Planet (P),False,True,False,True,False,100.0,100.0
437253811,Planet (P),False,True,False,True,False,100.0,100.0
437259571,Planet (P),False,True,False,False,False,100.0,
437261733,Planet (P),False,True,False,True,False,101.0,101.0
437329044,Planet (P),False,False,False,False,False,,
437333618,Planet (P),False,False,False,False,False,,
437560683,Planet (P),False,False,False,False,False,,
437704321,Planet (P),False,False,False,False,False,,
437736517,Planet (P),False,False,False,False,False,,
437740083,Planet (P),False,False,False,False,False,,
437756191,Planet (P),False,False,False,False,False,,
437774844,Planet (P),False,False,False,False,False,,
437786834,Planet (P),False,False,False,False,False,,
437827403,EB,False,True,False,True,False,101.0,101.0
437856897,Planet (P),False,False,False,False,False,,
437984134,Planet (P),False,False,False,False,False,,
438057373,Planet (P),False,False,False,False,False,,
438073782,Planet (P),False,False,False,False,False,,
438135575,EB,False,True,False,True,False,101.0,101.0
438149332,Planet (P),False,False,False,False,False,,
438152268,Junk (J),False,False,False,False,False,,
438170612,Planet (P),False,False,False,False,False,,
438248320,EB,False,True,False,True,False,101.0,101.0
438260486,Planet (P),False,False,False,False,False,,
438278301,Planet (P),False,False,False,False,False,,
438329568,Planet (P),False,False,False,False,False,,
438368981,Planet (P),False,False,False,False,False,,
438376091,Planet (P),False,False,False,False,False,,
438412198,Planet (P),False,False,False,False,False,,
438490744,Planet (P),False,False,False,False,False,,
438519486,Planet (P),False,False,False,False,False,,
438564421,EB,False,True,False,True,False,101.0,101.0
438629686,Planet (P),False,True,False,True,False,102.0,102.0
438740715,Junk (J),False,False,False,False,False,,
438777551,Planet (P),False,True,False,True,False,102.0,102.0
438799405,EB,False,True,False,True,False,102.0,102.0
438976273,EB,False,True,False,True,False,101.0,101.0
439230196,EB,False,False,False,False,False,,
439366538,Planet (P),False,False,False,False,False,,
439381274,Planet (P),False,True,False,True,False,101.0,101.0
439444938,Planet (P),True,True,True,True,True,94.0,94.0
439456714,Planet (P),False,True,False,True,False,97.0,97.0
439512298,Planet (P),False,False,False,False,False,,
439609289,EB,False,False,False,False,False,,
439617770,EB,False,False,False,False,False,,
439618305,Planet (P),False,False,False,False,False,,
439842788,Planet (P),False,False,False,False,False,,
439867639,Planet (P),False,False,False,False,False,,
439873430,Planet (P),False,False,False,False,False,,
439926641,Planet (P),False,False,False,False,False,,
439942982,Planet (P),False,False,False,False,False,,
439943973,Planet (P),False,False,False,False,False,,
439946040,Junk (J),False,False,False,False,False,,
439973468,EB,False,True,False,True,False,101.0,101.0
440100539,Planet (P),False,False,False,False,False,,
440113053,Planet (P),False,False,False,False,False,,
440150441,Planet (P),False,False,False,False,False,,
440186521,EB,False,False,False,False,False,,
440186528,Planet (P),False,False,False,False,False,,
440260433,EB,False,False,False,False,False,,
440277972,EB,False,False,False,False,False,,
440343443,EB,False,False,False,False,False,,
440388263,EB,False,False,False,False,False,,
440389201,Junk (J),False,False,False,False,False,,
440392691,Planet (P),False,False,False,False,False,,
440459327,Junk (J),False,False,False,False,False,,
440520741,EB,False,False,False,False,False,,
440562226,Planet (P),False,False,False,False,False,,
440607377,EB,False,True,False,True,False,101.0,101.0
440615611,EB,False,True,False,True,False,101.0,101.0
440624788,Planet (P),False,False,False,False,False,,
440636649,Planet (P),False,False,False,False,False,,
440662022,Junk (J),False,False,False,False,False,,
440676745,EB,False,False,False,False,False,,
440710516,EB,False,True,False,True,False,101.0,101.0
440715437,EB,False,True,False,True,False,101.0,101.0
440717050,EB,False,True,False,True,False,101.0,101.0
440775339,Planet (P),False,False,False,False,False,,
440777904,Planet (P),False,False,False,False,False,,
440849210,Planet (P),False,False,False,False,False,,
440872576,Planet (P),False,False,False,False,False,,
440878591,EB,False,False,False,False,False,,
440881267,EB,False,False,False,False,False,,
440887364,Planet (P),False,False,False,False,False,,
440926544,EB,False,False,False,False,False,,
440932830,Planet (P),False,False,False,False,False,,
440937096,Planet (P),False,False,False,False,False,,
440961809,EB,False,False,False,False,False,,
441076258,Planet (P),True,True,True,True,True,95.0,95.0
441131896,Junk (J),False,False,False,False,False,,
441135051,Planet (P),False,True,False,True,False,97.0,97.0
441155146,Planet (P),True,True,False,False,True,95.0,
441158994,Planet (P),True,True,True,True,True,95.0,95.0
441159680,Planet (P),True,True,True,True,True,95.0,95.0
441195007,Junk (J),True,True,True,True,True,96.0,96.0
441199678,Junk (J),True,True,True,True,True,95.0,95.0
441221559,Junk (J),True,True,True,True,True,94.0,94.0
441234277,Planet (P),False,False,False,False,False,,
441259631,Junk (J),True,True,True,True,True,94.0,94.0
441279024,Junk (J),False,False,False,False,False,,
441290368,Junk (J),False,False,False,False,False,,
441334829,Planet (P),False,False,False,False,False,,
441444262,Planet (P),False,False,False,False,False,,
441453629,Planet (P),True,True,True,True,True,95.0,95.0
441462736,Planet (P),True,True,True,True,True,96.0,96.0
441485133,EB,False,True,False,True,False,101.0,101.0
441546821,Planet (P),False,True,False,True,False,101.0,101.0
441566069,Junk (J),False,False,False,False,False,,
441572821,Planet (P),False,False,False,False,False,,
441580526,Planet (P),False,False,False,False,False,,
441587756,Planet (P),False,False,False,False,False,,
441589581,Planet (P),False,False,False,False,False,,
441590110,Planet (P),False,False,False,False,False,,
441600335,Planet (P),False,False,False,False,False,,
441614965,Planet (P),False,False,False,False,False,,
441641972,EB,False,False,False,False,False,,
441642457,Planet (P),False,False,False,False,False,,
441658213,Planet (P),False,False,False,False,False,,
441661319,Junk (J),False,False,False,False,False,,
441663441,Junk (J),False,False,False,False,False,,
441685638,Junk (J),False,False,False,False,False,,
441690822,Junk (J),False,False,False,False,False,,
441691246,Junk (J),False,False,False,False,False,,
441692864,EB,False,False,False,False,False,,
441697509,Planet (P),False,False,False,False,False,,
441698011,Junk (J),False,False,False,False,False,,
441702645,EB,False,False,False,False,False,,
441704810,Junk (J),False,False,False,False,False,,
441705496,Junk (J),False,False,False,False,False,,
441706139,Junk (J),False,False,False,False,False,,
441708734,Junk (J),False,False,False,False,False,,
441709021,Junk (J),False,False,False,False,False,,
441715039,Junk (J),False,False,False,False,False,,
441716374,Junk (J),False,False,False,False,False,,
441718956,Junk (J),False,False,False,False,False,,
441720643,Junk (J),False,False,False,False,False,,
441722026,Junk (J),False,False,False,False,False,,
441725988,Junk (J),False,False,False,False,False,,
441726485,Junk (J),False,False,False,False,False,,
441726910,Junk (J),False,False,False,False,False,,
441727645,Junk (J),False,False,False,False,False,,
441728026,Junk (J),False,False,False,False,False,,
441728870,Junk (J),False,False,False,False,False,,
441730540,Planet (P),False,False,False,False,False,,
441731865,Junk (J),False,False,False,False,False,,
441733140,Junk (J),False,False,False,False,False,,
441733141,Junk (J),False,False,False,False,False,,
441735063,Junk (J),False,False,False,False,False,,
441736986,Planet (P),False,False,False,False,False,,
441737206,Junk (J),False,False,False,False,False,,
441738827,Planet (P),False,False,False,False,False,,
441739020,Planet (P),False,False,False,False,False,,
441739871,Planet (P),False,False,False,False,False,,
441741415,Junk (J),False,False,False,False,False,,
441742503,Junk (J),False,False,False,False,False,,
441762631,Junk (J),False,False,False,False,False,,
441763252,Planet (P),False,False,False,False,False,,
441765914,Planet (P),False,False,False,False,False,,
441766928,Junk (J),False,False,False,False,False,,
441773651,EB,False,True,False,True,False,101.0,101.0
441789740,Junk (J),False,False,False,False,False,,
441793959,EB,False,False,False,False,False,,
441796724,Junk (J),False,False,False,False,False,,
441797394,Planet (P),False,False,False,False,False,,
441797803,Planet (P),False,False,False,False,False,,
441798995,Junk (J),False,False,False,False,False,,
441800221,Junk (J),False,False,False,False,False,,
441801208,Junk (J),False,False,False,False,False,,
441801393,Junk (J),False,False,False,False,False,,
441801702,Junk (J),False,False,False,False,False,,
441804533,Planet (P),False,False,False,False,False,,
441804568,Junk (J),False,False,False,False,False,,
441809619,Junk (J),False,False,False,False,False,,
441829693,EB,False,False,False,False,False,,
441837854,EB,False,False,False,False,False,,
441875362,EB,False,True,False,True,False,101.0,101.0
441936163,Planet (P),False,False,False,False,False,,
441979693,EB,False,True,False,True,False,101.0,101.0
442050698,Planet (P),False,False,False,False,False,,
442072081,EB,False,True,False,True,False,101.0,101.0
442382301,EB,False,True,False,True,False,101.0,101.0
442456453,Junk (J),False,False,False,False,False,,
442502815,EB,False,True,False,True,False,101.0,101.0
442590282,EB,False,True,False,True,False,101.0,101.0
442727960,EB,False,True,False,True,False,103.0,103.0
442833496,Junk (J),False,False,False,False,False,,
442857414,Junk (J),False,False,False,False,False,,
442867787,EB,False,True,False,True,False,103.0,103.0
442899616,EB,False,False,False,False,False,,
442908230,EB,False,False,False,False,False,,
442942829,EB,False,True,False,True,False,101.0,101.0
443019297,Junk (J),False,True,False,True,False,101.0,101.0
443042089,Planet (P),False,False,False,False,False,,
443102233,EB,False,True,False,True,False,101.0,101.0
443115574,Planet (P),False,False,False,False,False,,
443123866,Junk (J),False,False,False,False,False,,
443127052,Planet (P),False,False,False,False,False,,
443199889,Planet (P),False,True,False,True,False,101.0,101.0
443213925,Planet (P),False,False,False,False,False,,
443341002,Planet (P),False,False,False,False,False,,
443529773,EB,False,True,False,True,False,101.0,101.0
443534757,Planet (P),False,False,False,False,False,,
443556801,Planet (P),False,False,False,False,False,,
443561611,EB,False,True,False,True,False,101.0,101.0
443572900,EB,False,True,False,True,False,101.0,101.0
443581557,Junk (J),False,False,False,False,False,,
443582629,Planet (P),False,False,False,False,False,,
443607377,Planet (P),False,False,False,False,False,,
443616612,Planet (P),False,False,False,False,False,,
443666343,Planet (P),False,True,False,True,False,101.0,101.0
443823169,Planet (P),False,False,False,False,False,,
443970726,Junk (J),False,False,False,False,False,,
443999811,Junk (J),False,False,False,False,False,,
444013020,Planet (P),False,False,False,False,False,,
444043522,EB,False,False,False,False,False,,
444045137,Junk (J),False,False,False,False,False,,
444062991,Junk (J),False,False,False,False,False,,
444142791,EB,False,False,False,False,False,,
444159424,Planet (P),False,False,False,False,False,,
444209952,Planet (P),False,False,False,False,False,,
444290896,Planet (P),False,False,False,False,False,,
444335503,EB,False,False,False,False,False,,
444394183,Planet (P),False,False,False,False,False,,
444413256,Planet (P),False,False,False,False,False,,
444558604,Planet (P),False,False,False,False,False,,
444619148,Junk (J),False,False,False,False,False,,
444724127,Planet (P),False,False,False,False,False,,
444753130,Planet (P),False,False,False,False,False,,
444797718,Junk (J),False,False,False,False,False,,
444911333,EB,False,False,False,False,False,,
444977814,Planet (P),False,False,False,False,False,,
445144327,Planet (P),False,False,False,False,False,,
445145355,Planet (P),False,False,False,False,False,,
445181581,Junk (J),False,False,False,False,False,,
445274213,Junk (J),False,False,False,False,False,,
445284957,Junk (J),False,False,False,False,False,,
445298766,Junk (J),False,False,False,False,False,,
445370101,Planet (P),False,False,False,False,False,,
445380881,Junk (J),False,False,False,False,False,,
445392860,Planet (P),False,False,False,False,False,,
445407434,Planet (P),False,False,False,False,False,,
445456888,Planet (P),False,False,False,False,False,,
445496795,Planet (P),False,False,False,False,False,,
445522339,Planet (P),False,False,False,False,False,,
445545932,Junk (J),False,False,False,False,False,,
445582110,Planet (P),False,False,False,False,False,,
445605526,Junk (J),False,False,False,False,False,,
445605826,Junk (J),False,False,False,False,False,,
445624104,Junk (J),False,False,False,False,False,,
445632820,Junk (J),False,False,False,False,False,,
445646082,EB,False,False,False,False,False,,
445648583,EB,False,True,False,True,False,97.0,97.0
445661970,EB,False,False,False,False,False,,
445751830,Planet (P),False,False,False,False,False,,
445791323,EB,False,False,False,False,False,,
445795465,Planet (P),False,False,False,False,False,,
445805961,Planet (P),False,False,False,False,False,,
445807396,Planet (P),False,False,False,False,False,,
445831642,Junk (J),False,False,False,False,False,,
445836238,EB,False,False,False,False,False,,
445837596,Planet (P),False,False,False,False,False,,
445859383,Junk (J),False,False,False,False,False,,
445859771,Planet (P),False,False,False,False,False,,
445868922,Junk (J),False,False,False,False,False,,
445903569,EB,False,True,False,True,False,99.0,99.0
445946478,Planet (P),False,False,False,False,False,,
445990611,Planet (P),False,False,False,False,False,,
446118753,Junk (J),False,False,False,False,False,,
446127290,Junk (J),False,False,False,False,False,,
446135868,Planet (P),False,True,False,True,False,99.0,99.0
446157122,Planet (P),False,False,False,False,False,,
446158352,Planet (P),False,False,False,False,False,,
446166017,Planet (P),False,False,False,False,False,,
446172447,Junk (J),False,False,False,False,False,,
446331750,EB,False,True,False,True,False,102.0,102.0
446348045,Junk (J),False,True,False,True,False,101.0,101.0
446348261,EB,False,False,False,False,False,,
446370039,Planet (P),False,True,False,True,False,99.0,99.0
446463666,Planet (P),False,True,False,True,False,99.0,99.0
446463870,EB,False,True,False,True,False,99.0,99.0
446523110,EB,True,True,False,True,True,103.0,103.0
446524637,Planet (P),False,True,False,True,False,99.0,99.0
446546719,Junk (J),True,True,True,True,True,103.0,103.0
446546788,Junk (J),True,True,True,True,True,103.0,103.0
446549906,Planet (P),True,True,True,True,True,103.0,103.0
446684383,Planet (P),False,True,False,True,False,99.0,99.0
446754770,EB,False,True,False,True,False,102.0,102.0
446916793,EB,False,True,False,True,False,99.0,99.0
446918603,Planet (P),False,True,False,True,False,102.0,102.0
447054140,Planet (P),False,True,False,True,False,99.0,99.0
447061717,Planet (P),False,True,False,True,False,99.0,99.0
447088034,Planet (P),False,True,False,True,False,103.0,103.0
447137284,Junk (J),False,True,False,True,False,99.0,99.0
447188979,EB,False,True,False,True,False,103.0,103.0
447192619,Planet (P),False,True,False,True,False,103.0,103.0
447206604,EB,False,True,False,True,False,99.0,99.0
447585233,Planet (P),False,True,False,True,False,99.0,99.0
447593267,Planet (P),False,True,False,True,False,99.0,99.0
447891218,Planet (P),False,True,False,True,False,99.0,99.0
447936084,Junk (J),False,False,False,False,False,,
447976172,Planet (P),False,True,False,True,False,100.0,100.0
448098793,Planet (P),False,True,False,True,False,101.0,101.0
448132309,EB,False,True,False,True,False,102.0,102.0
448140384,EB,False,True,False,True,False,102.0,102.0
448358913,EB,False,True,False,True,False,99.0,99.0
448419342,EB,False,True,False,True,False,100.0,100.0
448435566,Planet (P),False,True,False,True,False,102.0,102.0
448447142,EB,False,True,False,True,False,102.0,102.0
448536355,Planet (P),False,True,False,False,False,100.0,
448589187,Planet (P),False,True,False,True,False,100.0,100.0
448616261,EB,False,True,False,True,False,102.0,102.0
448650100,EB,False,True,False,True,False,102.0,102.0
448688668,Planet (P),False,True,False,True,False,102.0,102.0
448719936,EB,False,True,False,True,False,102.0,102.0
448744179,Planet (P),False,True,False,True,False,101.0,101.0
448775221,Planet (P),False,True,False,True,False,102.0,102.0
448816348,EB,False,True,False,True,False,102.0,102.0
448820344,Planet (P),False,True,False,True,False,102.0,102.0
448853649,EB,False,True,False,True,False,102.0,102.0
448923766,Planet (P),False,True,False,True,False,102.0,102.0
449107129,Planet (P),False,True,False,True,False,102.0,102.0
449119021,EB,False,True,False,True,False,102.0,102.0
449197831,Planet (P),False,True,False,True,False,98.0,98.0
449257028,Planet (P),False,True,False,True,False,98.0,98.0
449356205,EB,False,True,False,True,False,101.0,101.0
449379391,EB,False,True,False,True,False,101.0,101.0
449464238,EB,False,True,False,True,False,101.0,101.0
449470573,EB,False,True,False,True,False,101.0,101.0
449491381,Planet (P),False,False,False,False,False,,
449549170,Planet (P),False,True,False,True,False,101.0,101.0
449569805,EB,False,True,False,True,False,101.0,101.0
449631685,EB,False,True,False,True,False,101.0,101.0
449637973,EB,False,True,False,True,False,101.0,101.0
449798828,EB,False,False,False,False,False,,
449951606,Planet (P),False,True,False,True,False,100.0,100.0
449951748,Junk (J),False,True,False,True,False,100.0,100.0
450164166,Junk (J),False,False,False,False,False,,
450178903,EB,False,False,False,False,False,,
450200861,EB,False,True,False,True,False,100.0,100.0
450276395,EB,False,True,False,True,False,100.0,100.0
450277258,EB,False,True,False,True,False,100.0,100.0
450285739,EB,False,True,False,True,False,100.0,100.0
450302084,Junk (J),False,False,False,False,False,,
450308271,Planet (P),False,False,False,False,False,,
450308346,Planet (P),False,False,False,False,False,,
450337675,Planet (P),False,False,False,False,False,,
450340995,Junk (J),False,False,False,False,False,,
450368173,EB,False,True,False,True,False,100.0,100.0
450395029,EB,False,True,False,True,False,101.0,101.0
450457660,EB,False,True,False,True,False,101.0,101.0
450559047,EB,False,True,False,True,False,100.0,100.0
450619932,EB,False,True,False,True,False,100.0,100.0
450631859,EB,False,True,False,True,False,100.0,100.0
450649506,EB,False,True,False,True,False,101.0,101.0
450679858,EB,False,True,False,True,False,100.0,100.0
450731673,EB,False,True,False,True,False,101.0,101.0
450823001,EB,False,True,False,True,False,101.0,101.0
450829879,EB,False,True,False,True,False,101.0,101.0
450845097,EB,False,True,False,True,False,100.0,100.0
450858093,EB,False,True,False,True,False,101.0,101.0
450949884,EB,False,True,False,True,False,101.0,101.0
450972335,Junk (J),False,True,False,True,False,100.0,100.0
450999224,EB,False,True,False,True,False,100.0,100.0
451084885,Planet (P),False,True,False,True,False,100.0,100.0
451094183,EB,False,True,False,True,False,101.0,101.0
451099774,EB,False,True,False,True,False,101.0,101.0
451254008,Planet (P),False,True,False,True,False,100.0,100.0
451314852,EB,False,True,False,True,False,100.0,100.0
451390982,Junk (J),False,True,False,True,False,100.0,100.0
451458394,EB,False,True,False,True,False,100.0,100.0
451507272,Junk (J),True,True,True,True,True,94.0,94.0
451508609,EB,True,True,True,True,True,101.0,101.0
451509232,Junk (J),True,True,True,True,True,94.0,94.0
451509897,Junk (J),True,True,True,True,True,94.0,94.0
451528233,Junk (J),True,True,True,True,True,101.0,101.0
451536266,Junk (J),True,True,True,True,True,94.0,94.0
451538240,Planet (P),True,True,True,True,True,94.0,94.0
451540232,Junk (J),True,True,False,False,True,94.0,
451540413,Junk (J),True,True,True,True,True,94.0,94.0
451562045,Junk (J),True,True,True,True,True,94.0,94.0
451566438,Planet (P),True,True,True,True,True,94.0,94.0
451568169,Junk (J),True,True,True,True,True,94.0,94.0
451573789,Junk (J),True,True,True,True,True,102.0,102.0
451578937,EB,False,True,False,True,False,100.0,100.0
451596415,EB,True,True,True,True,True,94.0,94.0
451599528,Planet (P),True,True,True,True,True,94.0,94.0
451605975,Junk (J),True,True,True,True,True,94.0,94.0
451606385,EB,True,True,True,True,True,94.0,94.0
451606970,Planet (P),True,True,True,True,True,101.0,101.0
451614364,EB,False,True,False,True,False,100.0,100.0
451645081,Planet (P),False,True,False,True,False,99.0,99.0
451682970,EB,False,True,False,True,False,100.0,100.0
451826702,EB,False,True,False,True,False,100.0,100.0
452006073,Planet (P),False,True,False,True,False,100.0,100.0
452049244,Planet (P),False,True,False,True,False,100.0,100.0
452117876,EB,False,True,False,True,False,100.0,100.0
452239214,Junk (J),False,True,False,True,False,100.0,100.0
452267394,EB,False,True,False,True,False,100.0,100.0
452268602,EB,False,True,False,True,False,100.0,100.0
452281203,Planet (P),False,True,False,True,False,100.0,100.0
452335793,EB,False,False,False,False,False,,
452355750,EB,False,True,False,True,False,100.0,100.0
452366964,EB,False,False,False,False,False,,
452375478,Planet (P),False,True,False,True,False,98.0,98.0
452386130,Junk (J),False,False,False,False,False,,
452388973,EB,False,False,False,False,False,,
452413880,Junk (J),False,False,False,False,False,,
452464529,Planet (P),False,False,False,False,False,,
452508760,Planet (P),False,False,False,False,False,,
452569823,Junk (J),False,False,False,False,False,,
452576848,Planet (P),False,False,False,False,False,,
452658846,Planet (P),False,False,False,False,False,,
452659443,EB,False,False,False,False,False,,
452688112,Junk (J),False,False,False,False,False,,
452689159,Junk (J),False,False,False,False,False,,
452700055,Junk (J),False,False,False,False,False,,
452710149,Junk (J),False,True,False,True,False,101.0,101.0
452743735,Planet (P),False,False,False,False,False,,
452754806,Junk (J),False,False,False,False,False,,
452758828,Junk (J),False,False,False,False,False,,
452774093,Junk (J),False,False,False,False,False,,
452808876,Planet (P),False,True,False,True,False,98.0,98.0
452810326,Planet (P),False,True,False,True,False,98.0,98.0
452864692,Planet (P),False,False,False,False,False,,
452866790,Planet (P),False,False,False,False,False,,
452867348,Planet (P),False,False,False,False,False,,
452893289,EB,False,False,False,False,False,,
452938965,Planet (P),False,False,False,False,False,,
452964680,Planet (P),False,False,False,False,False,,
452972453,Planet (P),False,False,False,False,False,,
452992107,Junk (J),False,False,False,False,False,,
453009027,Planet (P),False,False,False,False,False,,
453045897,Junk (J),False,False,False,False,False,,
453060368,Planet (P),False,False,False,False,False,,
453064665,Planet (P),False,False,False,False,False,,
453097744,Junk (J),True,True,True,True,True,98.0,98.0
453100296,Planet (P),True,True,True,True,True,98.0,98.0
453100658,EB,True,True,True,True,True,98.0,98.0
453101061,Junk (J),True,True,True,True,True,98.0,98.0
453105377,Planet (P),False,True,False,True,False,98.0,98.0
453157414,Junk (J),False,False,False,False,False,,
453211454,Planet (P),False,False,False,False,False,,
453231538,Junk (J),False,False,False,False,False,,
453259099,Junk (J),False,False,False,False,False,,
453260209,Planet (P),False,False,False,False,False,,
453319778,Junk (J),False,False,False,False,False,,
453330812,EB,False,False,False,False,False,,
453348525,Planet (P),False,False,False,False,False,,
453387619,Planet (P),False,False,False,False,False,,
453396346,Planet (P),False,False,False,False,False,,
453410966,Planet (P),False,False,False,False,False,,
453425267,Junk (J),False,False,False,False,False,,
453452264,Planet (P),False,True,False,True,False,100.0,100.0
453484274,Junk (J),False,True,False,True,False,102.0,102.0
453668803,Planet (P),False,True,False,True,False,102.0,102.0
453673727,EB,False,False,False,False,False,,
453677947,Planet (P),False,False,False,False,False,,
453789494,Planet (P),False,True,False,True,False,102.0,102.0
453942180,Planet (P),False,False,False,False,False,,
454038613,Planet (P),False,True,False,True,False,101.0,101.0
454069765,Planet (P),False,True,False,True,False,101.0,101.0
454248975,Planet (P),False,False,False,False,False,,
454361389,Planet (P),False,False,False,False,False,,
454422400,Junk (J),False,True,False,True,False,102.0,102.0
454428272,EB,False,False,False,False,False,,
454643296,EB,False,False,False,False,False,,
454747287,EB,False,False,False,False,False,,
454828937,Planet (P),False,False,False,False,False,,
454876465,Planet (P),False,False,False,False,False,,
454918388,Planet (P),False,False,False,False,False,,
455036659,Planet (P),False,True,False,True,False,98.0,98.0
455096220,Planet (P),False,False,False,False,False,,
455135327,Planet (P),False,False,False,False,False,,
455153906,Planet (P),False,False,False,False,False,,
455272393,Planet (P),False,False,False,False,False,,
455311320,EB,False,True,False,True,False,103.0,103.0
455318073,EB,False,True,False,True,False,103.0,103.0
455374178,EB,False,True,False,True,False,103.0,103.0
455387814,EB,False,True,False,True,False,103.0,103.0
455389013,EB,False,True,False,True,False,103.0,103.0
455416026,EB,False,True,False,True,False,103.0,103.0
455481912,EB,False,True,False,True,False,103.0,103.0
455588502,Junk (J),False,False,False,False,False,,
455588711,Junk (J),False,False,False,False,False,,
455667423,EB,False,True,False,True,False,103.0,103.0
455679223,Junk (J),False,False,False,False,False,,
455723057,Junk (J),False,False,False,False,False,,
455727012,Planet (P),False,False,False,False,False,,
455737331,Planet (P),False,False,False,False,False,,
455784423,Planet (P),False,False,False,False,False,,
455791689,Planet (P),False,False,False,False,False,,
455822064,Junk (J),False,False,False,False,False,,
455947620,Planet (P),False,False,False,False,False,,
456058602,EB,False,True,False,True,False,103.0,103.0
456130400,Junk (J),False,False,False,False,False,,
456137740,Junk (J),False,False,False,False,False,,
456163318,EB,False,False,False,False,False,,
456171328,Planet (P),False,False,False,False,False,,
456198813,Junk (J),False,False,False,False,False,,
456209329,Junk (J),False,False,False,False,False,,
456235787,EB,False,False,False,False,False,,
456260074,Planet (P),False,False,False,False,False,,
456306892,Planet (P),False,False,False,False,False,,
456335739,Planet (P),False,False,False,False,False,,
456337080,Junk (J),False,False,False,False,False,,
456367532,Planet (P),False,False,False,False,False,,
456482025,Planet (P),False,False,False,False,False,,
456556422,Junk (J),True,True,True,True,True,103.0,103.0
456560485,Planet (P),True,True,True,True,True,103.0,103.0
456568184,Junk (J),True,True,True,True,True,103.0,103.0
456574511,Planet (P),True,True,True,True,True,103.0,103.0
456588598,Junk (J),True,True,True,True,True,103.0,103.0
456783397,Planet (P),False,False,False,False,False,,
456844391,Planet (P),False,False,False,False,False,,
456862677,Planet (P),False,False,False,False,False,,
456903607,Junk (J),False,False,False,False,False,,
456904038,Junk (J),False,False,False,False,False,,
456905229,EB,False,False,False,False,False,,
456910600,Planet (P),False,False,False,False,False,,
456933650,Junk (J),False,False,False,False,False,,
456945304,Planet (P),False,False,False,False,False,,
456962262,Planet (P),False,True,False,False,False,102.0,
456971986,Planet (P),False,False,False,False,False,,
457018819,Planet (P),False,True,False,True,False,102.0,102.0
457039843,Planet (P),False,False,False,False,False,,
457104362,Planet (P),False,False,False,False,False,,
457138169,EB,False,False,False,False,False,,
457139941,Junk (J),False,False,False,False,False,,
457202957,Planet (P),False,True,False,True,False,98.0,98.0
457268255,Planet (P),False,True,False,True,False,100.0,100.0
457337619,Planet (P),False,True,False,True,False,99.0,99.0
457403658,Junk (J),False,True,False,True,False,99.0,99.0
457446242,Planet (P),False,True,False,True,False,102.0,102.0
457455011,EB,False,True,False,True,False,102.0,102.0
457462086,EB,False,True,False,True,False,102.0,102.0
457544563,EB,False,True,False,True,False,99.0,99.0
457591834,EB,False,True,False,True,False,99.0,99.0
457649900,Planet (P),False,True,False,True,False,101.0,101.0
457743020,Planet (P),False,True,False,True,False,99.0,99.0
457789844,Planet (P),False,True,False,True,False,99.0,99.0
457793051,Junk (J),False,True,False,True,False,99.0,99.0
457864221,EB,False,True,False,True,False,99.0,99.0
458027465,Planet (P),False,True,False,True,False,103.0,103.0
458051591,EB,False,False,False,False,False,,
458108252,Junk (J),False,True,False,True,False,99.0,99.0
458199018,Planet (P),False,True,False,True,False,99.0,99.0
458218716,EB,False,True,False,True,False,103.0,103.0
458300989,Planet (P),False,True,False,True,False,99.0,99.0
458331312,Planet (P),False,True,False,False,False,99.0,
458342769,Planet (P),False,True,False,True,False,99.0,99.0
458419328,Planet (P),False,False,False,False,False,,
458424950,Planet (P),False,False,False,False,False,,
458447610,Junk (J),False,False,False,False,False,,
458452568,Junk (J),False,False,False,False,False,,
458454524,Junk (J),False,False,False,False,False,,
458454607,Junk (J),False,False,False,False,False,,
458458156,Planet (P),False,False,False,False,False,,
458460656,Junk (J),False,False,False,False,False,,
458478250,Planet (P),False,False,False,False,False,,
458479530,EB,False,False,False,False,False,,
458481461,EB,False,False,False,False,False,,
458481474,EB,False,False,False,False,False,,
458481611,Planet (P),False,False,False,False,False,,
458482136,Junk (J),False,False,False,False,False,,
458581889,Junk (J),False,False,False,False,False,,
458587483,Junk (J),False,False,False,False,False,,
458641144,Planet (P),False,False,False,False,False,,
458647887,Planet (P),False,False,False,False,False,,
458686504,Planet (P),False,False,False,False,False,,
458686847,Planet (P),False,False,False,False,False,,
458686969,Planet (P),False,False,False,False,False,,
458689694,Junk (J),False,False,False,False,False,,
458794118,EB,False,False,False,False,False,,
458835698,EB,False,True,False,True,False,99.0,99.0
458836406,EB,False,True,False,True,False,99.0,99.0
458856474,EB,False,True,False,True,False,99.0,99.0
458890024,Planet (P),False,False,False,False,False,,
458968020,Junk (J),False,False,False,False,False,,
458987621,Planet (P),False,False,False,False,False,,
458995583,Planet (P),False,True,False,True,False,99.0,99.0
459007525,EB,False,True,False,True,False,99.0,99.0
459042543,EB,False,True,False,True,False,99.0,99.0
459042546,EB,False,True,False,True,False,99.0,99.0
459102737,Planet (P),False,False,False,False,False,,
459142134,Junk (J),False,False,False,False,False,,
459186259,Junk (J),False,False,False,False,False,,
459189798,Planet (P),False,False,False,False,False,,
459190726,EB,False,False,False,False,False,,
459214217,Junk (J),False,False,False,False,False,,
459215281,Planet (P),False,False,False,False,False,,
459216464,Junk (J),False,False,False,False,False,,
459217757,Junk (J),False,False,False,False,False,,
459222414,Junk (J),False,False,False,False,False,,
459236522,Junk (J),False,True,False,True,False,100.0,100.0
459323923,Planet (P),False,False,False,False,False,,
459437456,EB,False,True,False,True,False,100.0,100.0
459537996,Junk (J),False,True,False,True,False,99.0,99.0
459604398,Planet (P),False,True,False,True,False,100.0,100.0
459670193,EB,False,True,False,True,False,99.0,99.0
459713293,EB,False,True,False,True,False,100.0,100.0
459730973,Planet (P),False,False,False,False,False,,
459735346,Planet (P),False,False,False,False,False,,
459755750,Planet (P),False,False,False,False,False,,
459762279,Planet (P),False,False,False,False,False,,
459836041,Planet (P),False,False,False,False,False,,
459837008,Planet (P),False,False,False,False,False,,
459850897,Planet (P),False,True,False,True,False,100.0,100.0
459891002,Planet (P),False,False,False,False,False,,
459903429,Planet (P),False,False,False,False,False,,
459913687,Planet (P),False,False,False,False,False,,
459947163,Planet (P),False,False,False,False,False,,
459952217,Junk (J),False,True,False,True,False,98.0,98.0
459969365,EB,False,False,False,False,False,,
459969957,Planet (P),False,False,False,False,False,,
459970307,Planet (P),False,False,False,False,False,,
459976751,Junk (J),False,False,False,False,False,,
459977548,EB,False,False,False,False,False,,
459978312,Junk (J),False,False,False,False,False,,
459979764,Junk (J),False,False,False,False,False,,
459981342,Junk (J),False,False,False,False,False,,
459982234,Junk (J),False,False,False,False,False,,
459982699,Planet (P),False,False,False,False,False,,
459984491,Junk (J),False,False,False,False,False,,
459997974,EB,False,True,False,True,False,99.0,99.0
460002856,Junk (J),False,False,False,False,False,,
460002894,Junk (J),False,False,False,False,False,,
460047218,Planet (P),False,False,False,False,False,,
460058514,Junk (J),False,False,False,False,False,,
460091665,Junk (J),False,False,False,False,False,,
460140752,EB,False,True,False,True,False,99.0,99.0
460172517,Planet (P),False,False,False,False,False,,
460205581,Planet (P),False,False,False,False,False,,
460241334,EB,False,True,False,True,False,99.0,99.0
460298963,EB,False,True,False,True,False,99.0,99.0
460316238,Planet (P),False,True,False,True,False,103.0,103.0
460369513,EB,False,False,False,False,False,,
460369583,EB,False,False,False,False,False,,
460375357,EB,False,False,False,False,False,,
460396820,Planet (P),False,False,False,False,False,,
460468898,EB,False,False,False,False,False,,
460525576,EB,False,False,False,False,False,,
460557335,EB,False,True,False,True,False,101.0,101.0
460686828,Planet (P),False,True,False,True,False,99.0,99.0
460799587,EB,False,False,False,False,False,,
460943030,Planet (P),False,False,False,False,False,,
460950389,Planet (P),False,False,False,False,False,,
460953229,Junk (J),False,False,False,False,False,,
460984940,Planet (P),False,False,False,False,False,,
460994658,EB,False,True,False,False,False,99.0,
461022608,EB,False,True,False,True,False,99.0,99.0
461080504,EB,False,True,False,True,False,99.0,99.0
461136782,Planet (P),False,True,False,True,False,100.0,100.0
461239485,Planet (P),False,False,False,False,False,,
461272446,EB,False,True,False,True,False,102.0,102.0
461278438,EB,False,True,False,True,False,102.0,102.0
461314413,Junk (J),False,True,False,True,False,102.0,102.0
461491274,Planet (P),False,False,False,False,False,,
461523884,Junk (J),False,False,False,False,False,,
461591646,Planet (P),False,False,False,False,False,,
461635621,Planet (P),False,False,False,False,False,,
461662295,Planet (P),False,False,False,False,False,,
461927464,EB,False,True,False,True,False,103.0,103.0
461963757,EB,False,True,False,True,False,103.0,103.0
461968320,Planet (P),False,False,False,False,False,,
462072242,Planet (P),False,True,False,True,False,99.0,99.0
462135459,Planet (P),False,False,False,False,False,,
462162948,Planet (P),False,False,False,False,False,,
462206806,Planet (P),False,True,False,True,False,99.0,99.0
462227502,Junk (J),False,True,False,True,False,99.0,99.0
462507821,Planet (P),False,False,False,False,False,,
462544722,Junk (J),False,False,False,False,False,,
462546411,Junk (J),False,False,False,False,False,,
462553953,Planet (P),False,False,False,False,False,,
462555217,EB,False,False,False,False,False,,
462615350,Planet (P),False,False,False,False,False,,
462615600,Junk (J),False,False,False,False,False,,
462618795,Junk (J),False,False,False,False,False,,
462678041,Junk (J),False,False,False,False,False,,
462715015,Planet (P),False,False,False,False,False,,
462744526,EB,False,False,False,False,False,,
462774215,EB,False,False,False,False,False,,
462808933,Planet (P),False,False,False,False,False,,
462888664,EB,False,False,False,False,False,,
463011281,Planet (P),False,True,False,True,False,99.0,99.0
463070290,Planet (P),False,False,False,False,False,,
463103749,Planet (P),False,True,False,True,False,99.0,99.0
463178502,EB,False,True,False,True,False,99.0,99.0
463202584,EB,False,True,False,True,False,99.0,99.0
463203560,Planet (P),False,True,False,True,False,99.0,99.0
463210547,EB,False,False,False,False,False,,
463239707,EB,False,True,False,True,False,99.0,99.0
463343283,Planet (P),False,True,False,False,False,99.0,
463365347,Planet (P),False,True,False,True,False,99.0,99.0
463402815,Planet (P),False,True,False,True,False,99.0,99.0
463469906,Planet (P),False,True,False,False,False,99.0,
463508231,Planet (P),False,True,False,True,False,99.0,99.0
463525728,EB,False,False,False,False,False,,
463527373,EB,False,False,False,False,False,,
463527922,EB,False,False,False,False,False,,
463588146,EB,False,True,False,True,False,99.0,99.0
463590116,Planet (P),False,True,False,True,False,99.0,99.0
463610099,EB,False,False,False,False,False,,
463627281,EB,False,True,False,True,False,99.0,99.0
463637465,EB,False,True,False,True,False,99.0,99.0
463640655,EB,False,True,False,True,False,99.0,99.0
463681005,EB,False,False,False,False,False,,
463734469,EB,False,False,False,False,False,,
463754499,Planet (P),False,True,False,True,False,99.0,99.0
463781038,Planet (P),False,False,False,False,False,,
463868678,Planet (P),False,False,False,False,False,,
464067218,EB,False,True,False,True,False,99.0,99.0
464280516,Planet (P),True,True,True,True,True,103.0,103.0
464281481,EB,True,True,True,True,True,103.0,103.0
464286489,EB,True,True,True,True,True,103.0,103.0
464287543,EB,True,True,True,True,True,103.0,103.0
464300749,Planet (P),False,True,False,True,False,99.0,99.0
464315739,EB,False,True,False,True,False,103.0,103.0
464326872,Planet (P),False,True,False,True,False,99.0,99.0
464328419,Planet (P),False,True,False,True,False,99.0,99.0
464342159,Junk (J),True,True,True,True,True,103.0,103.0
464372813,Junk (J),True,True,True,True,True,103.0,103.0
464381846,Junk (J),True,True,True,True,True,103.0,103.0
464388115,Planet (P),False,True,False,True,False,99.0,99.0
464405237,Junk (J),True,True,True,True,True,103.0,103.0
464422047,EB,True,True,True,True,True,103.0,103.0
464442433,Junk (J),True,True,True,True,True,103.0,103.0
464442741,EB,True,True,True,True,True,103.0,103.0
464445045,Planet (P),True,True,True,True,True,103.0,103.0
464481637,Junk (J),True,True,False,False,True,103.0,
464481762,Planet (P),True,True,True,True,True,103.0,103.0
464482917,Junk (J),True,True,True,True,True,103.0,103.0
464488581,Junk (J),True,True,True,True,True,103.0,103.0
464522606,EB,True,True,True,True,True,103.0,103.0
464542805,Planet (P),False,False,False,False,False,,
464544047,Planet (P),False,False,False,False,False,,
464548710,EB,True,True,True,True,True,103.0,103.0
464561428,Junk (J),True,True,True,True,True,103.0,103.0
464561795,EB,True,True,True,True,True,103.0,103.0
464589896,EB,True,True,True,True,True,103.0,103.0
464592499,EB,False,True,False,True,False,103.0,103.0
464593883,Planet (P),True,True,True,True,True,103.0,103.0
464597067,EB,True,True,True,True,True,103.0,103.0
464646604,Planet (P),True,True,True,True,True,103.0,103.0
464648853,EB,True,True,True,True,True,103.0,103.0
464658144,Planet (P),True,True,True,True,True,103.0,103.0
464711858,Planet (P),False,True,False,True,False,99.0,99.0
464825418,EB,False,True,False,True,False,103.0,103.0
464832103,Junk (J),False,True,False,True,False,98.0,98.0
464853936,EB,False,True,False,True,False,103.0,103.0
464887100,EB,False,True,False,True,False,99.0,99.0
464889047,EB,False,True,False,True,False,99.0,99.0
464901115,EB,False,False,False,False,False,,
464937865,EB,False,True,False,True,False,99.0,99.0
464971546,EB,False,True,False,True,False,99.0,99.0
465013317,EB,False,True,False,True,False,99.0,99.0
465014168,EB,False,True,False,True,False,99.0,99.0
465019072,EB,False,True,False,True,False,99.0,99.0
465046271,EB,False,True,False,True,False,99.0,99.0
465050952,EB,False,True,False,True,False,99.0,99.0
465053247,EB,False,True,False,True,False,99.0,99.0
465055985,EB,False,True,False,True,False,99.0,99.0
465139437,EB,False,True,False,True,False,99.0,99.0
465176038,Planet (P),False,True,False,True,False,99.0,99.0
465179776,EB,False,True,False,True,False,99.0,99.0
465183119,EB,False,True,False,True,False,99.0,99.0
465221984,EB,False,True,False,False,False,99.0,
465249457,EB,False,True,False,True,False,99.0,99.0
465275307,Planet (P),False,True,False,True,False,99.0,99.0
465310562,EB,False,True,False,True,False,99.0,99.0
465353204,Planet (P),False,True,False,True,False,99.0,99.0
465377865,EB,False,True,False,True,False,99.0,99.0
465466788,EB,False,True,False,True,False,99.0,99.0
465511152,EB,False,True,False,True,False,99.0,99.0
465540915,Planet (P),False,True,False,True,False,99.0,99.0
465553919,Junk (J),False,True,False,True,False,99.0,99.0
465594558,EB,False,True,False,True,False,99.0,99.0
465617523,EB,False,True,False,True,False,99.0,99.0
465717173,EB,False,False,False,False,False,,
465727783,EB,False,True,False,True,False,99.0,99.0
465826247,EB,False,False,False,False,False,,
465894544,EB,False,True,False,True,False,99.0,99.0
465933345,EB,False,True,False,True,False,100.0,100.0
465933753,EB,False,True,False,True,False,100.0,100.0
465942387,EB,False,True,False,True,False,100.0,100.0
465989972,EB,False,False,False,False,False,,
466050403,EB,False,False,False,False,False,,
466055538,EB,False,True,False,True,False,99.0,99.0
466056926,EB,False,True,False,True,False,99.0,99.0
466058558,Junk (J),False,True,False,True,False,99.0,99.0
466097559,Junk (J),True,True,True,True,True,103.0,103.0
466108918,EB,False,True,False,True,False,100.0,100.0
466113537,Planet (P),False,True,False,True,False,100.0,100.0
466114922,Junk (J),False,True,False,True,False,100.0,100.0
466115813,EB,False,True,False,True,False,100.0,100.0
466120902,EB,False,True,False,True,False,100.0,100.0
466129604,Junk (J),True,True,True,True,True,103.0,103.0
466131056,EB,True,True,True,True,True,103.0,103.0
466139024,EB,False,True,False,True,False,100.0,100.0
466146444,EB,False,True,False,True,False,100.0,100.0
466158808,Junk (J),True,True,True,True,True,103.0,103.0
466162076,EB,True,True,True,True,True,103.0,103.0
466167563,Planet (P),True,True,False,True,True,103.0,103.0
466174355,Junk (J),True,True,True,True,True,103.0,103.0
466204759,Junk (J),True,True,True,True,True,103.0,103.0
466206311,Junk (J),True,True,True,True,True,103.0,103.0
466206508,Planet (P),True,True,True,True,True,103.0,103.0
466222485,Planet (P),True,True,True,True,True,103.0,103.0
466231029,Junk (J),False,True,False,True,False,103.0,103.0
466231033,Junk (J),False,True,False,True,False,103.0,103.0
466239544,Junk (J),True,True,True,True,True,103.0,103.0
466249712,EB,False,True,False,True,False,99.0,99.0
466259050,EB,False,True,False,True,False,100.0,100.0
466269416,Junk (J),False,True,False,True,False,103.0,103.0
466273082,EB,False,True,False,True,False,103.0,103.0
466273811,Junk (J),False,True,False,True,True,103.0,103.0
466276212,EB,False,True,False,True,False,103.0,103.0
466278362,Junk (J),True,True,True,True,True,103.0,103.0
466284608,EB,False,True,False,True,False,100.0,100.0
466288033,EB,False,True,False,True,False,100.0,100.0
466292385,EB,False,True,False,True,False,100.0,100.0
466301826,Junk (J),True,True,True,True,True,103.0,103.0
466301827,Junk (J),True,True,True,True,True,103.0,103.0
466305387,Junk (J),True,True,True,True,True,103.0,103.0
466310009,EB,True,True,True,True,True,103.0,103.0
466318137,EB,False,True,False,True,False,100.0,100.0
466318186,EB,False,True,False,True,False,100.0,100.0
466382581,Planet (P),False,False,False,False,False,,
466390120,Planet (P),False,False,False,False,False,,
466456655,EB,False,True,False,True,False,100.0,100.0
466458872,EB,False,True,False,True,False,100.0,100.0
466500235,EB,False,True,False,True,False,100.0,100.0
466500542,EB,False,True,False,True,False,100.0,100.0
466509525,EB,False,True,False,True,False,100.0,100.0
466524535,EB,False,True,False,True,False,100.0,100.0
466526396,EB,False,True,False,True,False,100.0,100.0
466539668,EB,False,True,False,True,False,100.0,100.0
466670216,EB,False,True,False,True,False,100.0,100.0
466682238,Planet (P),True,True,True,True,True,103.0,103.0
466682727,EB,True,True,True,True,True,103.0,103.0
466687151,Junk (J),True,True,True,True,True,103.0,103.0
466773926,Junk (J),False,True,False,True,False,99.0,99.0
466914134,EB,False,True,False,True,False,100.0,100.0
466920848,EB,False,True,False,True,False,100.0,100.0
466943891,EB,False,True,False,True,False,100.0,100.0
466944145,EB,False,True,False,True,False,100.0,100.0
467006627,Planet (P),False,False,False,False,False,,
467019224,EB,False,True,False,True,False,100.0,100.0
467026608,EB,False,True,False,True,False,100.0,100.0
467049618,Junk (J),False,True,False,True,False,100.0,100.0
467088799,EB,False,True,False,True,False,100.0,100.0
467088810,Junk (J),False,True,False,True,False,100.0,100.0
467096183,EB,False,True,False,True,False,100.0,100.0
467153319,Planet (P),False,False,False,False,False,,
467158766,Planet (P),False,False,False,False,False,,
467179528,Planet (P),False,False,False,False,False,,
467183071,Junk (J),False,False,False,False,False,,
467211520,Planet (P),False,False,False,False,False,,
467252619,Junk (J),False,False,False,False,False,,
467252757,Junk (J),False,False,False,False,False,,
467254237,Junk (J),False,False,False,False,False,,
467257971,Junk (J),False,False,False,False,False,,
467265105,Planet (P),False,False,False,False,False,,
467269236,Junk (J),False,False,False,False,False,,
467273161,EB,False,True,False,True,False,100.0,100.0
467279114,Junk (J),False,True,False,True,False,100.0,100.0
467281353,Junk (J),False,True,False,True,False,100.0,100.0
467316701,EB,False,True,False,True,False,100.0,100.0
467331291,Planet (P),False,False,False,False,False,,
467336723,Junk (J),False,False,False,False,False,,
467385443,Junk (J),False,False,False,False,False,,
467385824,Junk (J),False,False,False,False,False,,
467397106,EB,False,True,False,True,False,100.0,100.0
467451300,EB,False,True,False,True,False,100.0,100.0
467461269,EB,False,True,False,True,False,100.0,100.0
467484304,Planet (P),False,True,False,True,False,100.0,100.0
467518208,EB,False,True,False,True,False,100.0,100.0
467526565,EB,False,True,False,True,False,100.0,100.0
467568496,Junk (J),False,False,False,False,False,,
467574373,Junk (J),False,False,False,False,False,,
467576416,Junk (J),False,False,False,False,False,,
467580212,Junk (J),False,False,False,False,False,,
467580267,Planet (P),False,False,False,False,False,,
467615239,Planet (P),False,False,False,False,False,,
467623724,EB,False,True,False,True,False,100.0,100.0
467625517,EB,False,True,False,True,False,100.0,100.0
467637858,EB,False,True,False,True,False,100.0,100.0
467649533,Planet (P),False,False,False,False,False,,
467651916,Planet (P),False,False,False,False,False,,
467666275,Planet (P),False,True,False,True,False,100.0,100.0
467684543,Planet (P),False,False,False,False,False,,
467690903,Planet (P),False,False,False,False,False,,
467745656,EB,False,True,False,True,False,100.0,100.0
467805810,EB,False,True,False,True,False,100.0,100.0
467854919,Junk (J),False,True,False,True,False,100.0,100.0
467883607,EB,False,True,False,True,False,100.0,100.0
467902598,Junk (J),True,True,True,True,True,103.0,103.0
467904576,Junk (J),True,True,True,True,True,103.0,103.0
467918103,EB,False,True,False,True,False,100.0,100.0
467931774,Planet (P),True,True,True,True,True,103.0,103.0
467933176,Junk (J),True,True,True,True,True,103.0,103.0
467955232,Planet (P),False,True,False,True,False,100.0,100.0
467962480,Junk (J),True,True,True,True,True,103.0,103.0
467971286,Planet (P),True,True,True,True,True,103.0,103.0
467972182,Junk (J),True,True,True,True,True,103.0,103.0
467972250,Junk (J),True,True,True,True,True,103.0,103.0
468055102,Planet (P),True,True,True,True,True,94.0,94.0
468130429,EB,False,True,False,True,False,100.0,100.0
468133902,Junk (J),False,True,False,True,False,100.0,100.0
468148930,Planet (P),True,True,True,True,True,94.0,94.0
468150795,EB,True,True,True,True,True,94.0,94.0
468152329,Junk (J),True,True,True,True,True,94.0,94.0
468152423,Junk (J),True,True,True,True,True,94.0,94.0
468178519,Planet (P),True,True,True,True,True,94.0,94.0
468187378,Junk (J),True,True,True,True,True,94.0,94.0
468188532,Junk (J),True,True,True,True,True,94.0,94.0
468191285,Junk (J),True,True,True,True,True,94.0,94.0
468193718,Junk (J),True,True,True,True,True,94.0,94.0
468246097,EB,False,True,False,True,False,100.0,100.0
468329664,Planet (P),False,False,False,False,False,,
468350765,Planet (P),False,False,False,False,False,,
468371813,Junk (J),False,False,False,False,False,,
468396217,Planet (P),False,False,False,False,False,,
468433454,Planet (P),False,False,False,False,False,,
468465866,Junk (J),False,False,False,False,False,,
468491496,Junk (J),False,False,False,False,False,,
468501184,Planet (P),False,False,False,False,False,,
468513384,Junk (J),False,False,False,False,False,,
468574941,Planet (P),False,False,False,False,False,,
468611748,Junk (J),False,False,False,False,False,,
468692991,Planet (P),False,False,False,False,False,,
468710608,EB,False,False,False,False,False,,
468765355,Planet (P),False,False,False,False,False,,
468777766,Planet (P),False,False,False,False,False,,
468792279,EB,False,False,False,False,False,,
468812400,EB,False,False,False,False,False,,
468832904,Planet (P),False,False,False,False,False,,
468835288,Junk (J),False,False,False,False,False,,
468845640,EB,False,False,False,False,False,,
468880077,Planet (P),False,False,False,False,False,,
468889418,Planet (P),False,False,False,False,False,,
468911753,Planet (P),False,False,False,False,False,,
468977648,Planet (P),False,False,False,False,False,,
468979441,Planet (P),False,False,False,False,False,,
468983280,Planet (P),False,False,False,False,False,,
468983464,EB,False,False,False,False,False,,
468986262,Junk (J),False,False,False,False,False,,
468987719,Planet (P),False,False,False,False,False,,
468997317,EB,False,False,False,False,False,,
469008497,Planet (P),False,False,False,False,False,,
469097275,EB,False,False,False,False,False,,
469099392,EB,False,False,False,False,False,,
469162139,EB,False,False,False,False,False,,
469184909,Planet (P),False,False,False,False,False,,
469269031,Junk (J),False,False,False,False,True,,
469333534,Planet (P),False,False,False,False,False,,
469436001,Planet (P),False,False,False,False,False,,
469466858,Junk (J),False,False,False,False,False,,
469468338,EB,False,False,False,False,False,,
469502007,Junk (J),False,False,False,False,True,,
469523613,Planet (P),False,False,False,False,False,,
469523619,Planet (P),False,False,False,False,False,,
469533510,Junk (J),False,False,False,False,False,,
469694751,Junk (J),True,True,True,True,False,102.0,102.0
469702377,Planet (P),False,False,False,False,False,,
469775109,Junk (J),True,True,True,True,False,94.0,94.0
469778756,Junk (J),True,True,True,True,False,94.0,94.0
469782185,EB,True,True,True,True,True,94.0,94.0
469789118,Junk (J),True,True,True,True,False,94.0,94.0
469793972,Junk (J),False,False,False,False,False,,
469802778,Junk (J),False,False,False,False,False,,
469810663,Planet (P),True,True,True,True,True,103.0,103.0
469811655,Planet (P),True,True,True,True,True,103.0,103.0
469811846,EB,True,True,True,True,True,103.0,103.0
469813900,Junk (J),True,True,True,True,False,103.0,103.0
469813927,Planet (P),True,True,True,True,True,103.0,103.0
469815705,Junk (J),False,True,False,True,False,103.0,103.0
469815727,Junk (J),False,True,False,True,False,103.0,103.0
469817942,Junk (J),False,True,False,True,False,103.0,103.0
469821652,Planet (P),True,True,True,True,True,103.0,103.0
469825389,Junk (J),True,True,True,True,False,103.0,103.0
469872118,Junk (J),True,True,True,True,False,103.0,103.0
469877517,Junk (J),True,True,True,True,False,103.0,103.0
469882717,Junk (J),True,True,True,True,False,103.0,103.0
469882867,Junk (J),True,True,True,True,False,103.0,103.0
469884002,Junk (J),True,True,True,True,True,101.0,101.0
469946937,Junk (J),True,True,True,True,True,103.0,103.0
469967533,Planet (P),True,True,True,True,True,103.0,103.0
470127886,Planet (P),False,False,False,False,False,,
470156846,Planet (P),False,False,False,False,False,,
470169396,Planet (P),False,False,False,False,False,,
470171739,Planet (P),False,False,False,False,False,,
470205411,EB,False,False,False,False,False,,
470245545,Junk (J),False,False,False,False,False,,
470309381,Junk (J),False,False,False,False,False,,
470315428,EB,False,False,False,False,False,,
470318054,Junk (J),False,False,False,False,False,,
470381900,Planet (P),False,False,False,False,False,,
470448115,Junk (J),False,False,False,False,False,,
470450936,Planet (P),False,False,False,False,False,,
470584356,Junk (J),False,False,False,False,False,,
470616015,Junk (J),False,False,False,False,False,,
470642431,Junk (J),False,False,False,False,False,,
470653603,Planet (P),False,False,False,False,False,,
470678283,Planet (P),False,False,False,False,False,,
470724594,Planet (P),False,False,False,False,False,,
470749725,Planet (P),False,False,False,False,False,,
470783105,EB,False,False,False,False,False,,
470793353,Junk (J),False,False,False,False,False,,
470795607,EB,False,False,False,False,False,,
470803367,Junk (J),False,False,False,False,False,,
470816462,Junk (J),False,False,False,False,False,,
470822365,Junk (J),False,False,False,False,False,,
470822809,Planet (P),False,False,False,False,False,,
470824703,EB,False,False,False,False,False,,
470911286,Planet (P),False,False,False,False,False,,
470987100,Planet (P),False,False,False,False,False,,
470990157,Planet (P),False,False,False,False,False,,
471012022,Junk (J),False,False,False,False,False,,
471013493,Junk (J),True,True,False,False,False,103.0,
502170540,EB,False,False,False,False,False,,
504952284,EB,False,False,False,False,False,,
508380320,Junk (J),False,False,False,False,False,,
510156940,Junk (J),False,False,False,False,False,,
516457072,EB,False,False,False,False,False,,
518983696,Junk (J),False,False,False,False,False,,
520492853,EB,False,False,False,False,False,,
602309646,Junk (J),False,False,False,False,False,,
609551061,EB,False,False,False,False,False,,
609551066,EB,False,False,False,False,False,,
610976842,Planet (P),False,False,False,False,False,,
611807663,Junk (J),False,False,False,False,False,,
620612499,EB,False,False,False,False,False,,
620780629,Planet (P),False,False,False,False,False,,
621485565,Junk (J),False,False,False,False,False,,
624212597,Junk (J),False,False,False,False,False,,
624826996,EB,False,False,False,False,False,,
626023664,Junk (J),False,False,False,False,False,,
626310763,Junk (J),False,False,False,False,False,,
627323667,Planet (P),False,False,False,False,False,,
628103717,Planet (P),False,False,False,False,False,,
630318520,Junk (J),False,True,False,True,False,97.0,97.0
640763859,Planet (P),False,False,False,False,False,,
641078107,Junk (J),False,False,False,False,False,,
641539146,Junk (J),False,False,False,False,False,,
644425733,Junk (J),False,False,False,False,False,,
645119047,EB,False,False,False,False,False,,
645859163,Junk (J),False,False,False,False,False,,
645880033,Junk (J),False,False,False,False,False,,
646684138,Planet (P),False,False,False,False,False,,
647636934,Planet (P),False,False,False,False,False,,
648359612,Junk (J),False,False,False,False,False,,
648958344,Planet (P),False,False,False,False,False,,
661540044,Junk (J),False,False,False,False,False,,
664915372,EB,False,False,False,False,False,,
666098526,Junk (J),False,False,False,False,False,,
666567477,Planet (P),False,False,False,False,False,,
667962185,Junk (J),False,False,False,False,False,,
668056616,EB,False,False,False,False,False,,
684936227,Junk (J),True,True,True,True,True,98.0,98.0
700376729,EB,False,False,False,False,False,,
701926762,Planet (P),False,False,False,False,False,,
702895990,EB,False,False,False,False,False,,
704012376,Planet (P),False,False,False,False,False,,
705298863,EB,False,False,False,False,False,,
705298865,EB,False,False,False,False,False,,
723801891,EB,False,False,False,False,False,,
723801895,EB,False,False,False,False,False,,
742648307,Planet (P),False,False,False,False,False,,
801354155,Planet (P),False,False,False,False,False,,
801503544,Junk (J),False,False,False,False,False,,
801604587,EB,False,False,False,False,False,,
802070228,EB,False,False,False,False,False,,
802227190,Planet (P),False,False,False,False,False,,
841030789,EB,False,False,False,False,False,,
841226526,Planet (P),False,False,False,False,False,,
842442957,Junk (J),False,False,False,False,False,,
860207014,Planet (P),False,False,False,False,False,,
900085149,Junk (J),False,False,False,False,False,,
900158020,EB,False,False,False,False,False,,
900158021,EB,False,False,False,False,False,,
900206636,EB,False,False,False,False,False,,
900240532,Planet (P),False,False,False,False,False,,
900275773,Junk (J),False,False,False,False,False,,
900444914,Junk (J),False,False,False,False,False,,
900715901,Planet (P),False,False,False,False,False,,
941340744,Planet (P),False,True,False,True,False,100.0,100.0
950525831,Planet (P),False,False,False,False,False,,
950676499,EB,False,False,False,False,False,,
952046774,Planet (P),False,False,False,False,False,,
954270112,Junk (J),False,False,False,False,False,,
1001088799,Junk (J),False,False,False,False,False,,
1001173087,Junk (J),False,False,False,False,False,,
1001187300,Junk (J),False,False,False,False,False,,
1001230963,Junk (J),False,False,False,False,False,,
1002795169,Junk (J),False,False,False,False,False,,
1002819611,Junk (J),False,False,False,False,False,,
1003026859,Planet (P),False,False,False,False,False,,
1101855081,Planet (P),False,False,False,False,False,,
1101909431,Junk (J),False,False,False,False,False,,
1102463265,EB,False,False,False,False,False,,
1102480440,Junk (J),False,False,False,False,False,,
1102658110,Junk (J),False,False,False,False,False,,
1102660104,Junk (J),False,False,False,False,False,,
1102701768,Junk (J),False,False,False,False,False,,
1201208237,Junk (J),False,False,False,False,False,,
1201208375,Junk (J),False,False,False,False,False,,
1201222903,EB,False,False,False,False,False,,
1234810324,Planet (P),False,True,False,True,False,103.0,103.0
1270849416,Junk (J),False,False,False,False,False,,
1270885930,Junk (J),False,False,False,False,False,,
1271152446,Planet (P),False,False,False,False,False,,
1271279099,Junk (J),False,False,False,False,False,,
1400212743,Planet (P),False,False,False,False,False,,
1400370832,Junk (J),False,False,False,False,False,,
1400665261,Junk (J),False,False,False,False,False,,
1400891911,Junk (J),False,False,False,False,False,,
1400932254,Junk (J),False,False,False,False,False,,
1400932256,Junk (J),False,False,False,False,False,,
1405997635,Planet (P),False,False,False,False,False,,
1507395454,EB,False,False,False,False,False,,
1551277244,Junk (J),False,False,False,False,False,,
1551345500,Planet (P),False,False,False,False,False,,
1551387123,Junk (J),False,False,False,False,False,,
1551557658,Junk (J),False,False,False,False,False,,
1551775641,Junk (J),False,False,False,False,False,,
1685970000,EB,False,False,False,False,False,,
1685970004,EB,False,False,False,False,False,,
1686255259,EB,False,False,False,False,False,,
1687496434,EB,False,False,False,False,False,,
1710409293,Junk (J),False,False,False,False,False,,
1711759963,EB,False,False,False,False,False,,
1712954983,Planet (P),False,False,False,False,False,,
1715372738,EB,False,False,False,False,False,,
1715469662,Planet (P),False,False,False,False,False,,
1715469667,Planet (P),False,False,False,False,False,,
1716467085,Planet (P),False,False,False,False,False,,
1716562912,Junk (J),False,False,False,False,False,,
1717079071,Planet (P),False,False,False,False,False,,
1717399472,EB,False,False,False,False,False,,
1717732425,EB,False,False,False,False,False,,
1717732429,EB,False,False,False,False,False,,
1717792996,Junk (J),False,False,False,False,False,,
1717994248,Junk (J),False,False,False,False,False,,
1718033471,Junk (J),False,False,False,False,False,,
1718087846,Planet (P),False,False,False,False,False,,
1718177727,Junk (J),False,False,False,False,False,,
1718201850,Planet (P),False,False,False,False,False,,
1813844121,Planet (P),False,False,False,False,False,,
1870990135,Planet (P),False,False,False,False,False,,
1871138506,Junk (J),False,False,False,False,False,,
1874249679,EB,False,False,False,False,False,,
1878608085,Junk (J),False,False,False,False,False,,
1878931539,Junk (J),False,False,False,False,False,,
1878931545,Junk (J),False,False,False,False,False,,
1880194237,EB,False,False,False,False,False,,
1881273170,Planet (P),False,False,False,False,False,,
1881298619,Planet (P),False,False,False,False,False,,
1882197024,Junk (J),False,False,False,False,False,,
1883413829,EB,False,False,False,False,False,,
1883511917,EB,False,False,False,False,False,,
1883519478,EB,False,False,False,False,False,,
1884091865,Planet (P),False,False,False,False,False,,
1884151242,Junk (J),False,False,False,False,False,,
1884490464,Junk (J),False,False,False,False,False,,
1921248789,EB,False,False,False,False,False,,
1921248803,EB,False,False,False,False,False,,
1950056979,EB,False,False,False,False,False,,
1953905482,EB,False,False,False,False,False,,
1953905490,EB,False,False,False,False,False,,
1955064923,Junk (J),False,False,False,False,False,,
1955064928,Junk (J),False,False,False,False,False,,
1963523488,Planet (P),False,False,False,False,False,,
1969274810,EB,False,False,False,False,False,,
1969274812,EB,False,False,False,False,False,,
1969734426,Junk (J),False,False,False,False,False,,
1974149593,Junk (J),False,False,False,False,False,,
1976136850,Junk (J),False,False,False,False,False,,
1976136852,Junk (J),False,False,False,False,False,,
1976758687,EB,False,False,False,False,False,,
1976758694,EB,False,False,False,False,False,,
1979259482,Junk (J),False,False,False,False,False,,
1980725947,Planet (P),False,False,False,False,False,,
1981197074,Junk (J),False,False,False,False,False,,
1989628303,Planet (P),True,True,True,True,True,94.0,94.0
2001791220,Junk (J),False,False,False,False,False,,
2003022879,Planet (P),False,False,False,False,False,,
2003049638,EB,False,False,False,False,False,,
2005052873,Junk (J),False,False,False,False,False,,
2005933306,Junk (J),False,False,False,False,False,,
2006608398,Junk (J),False,False,False,False,False,,
2008877991,Junk (J),False,False,False,False,False,,
2010186093,Planet (P),False,False,False,False,False,,
2014876461,EB,False,False,False,False,False,,
2016376984,Planet (P),False,False,False,False,False,,
2017026305,Junk (J),False,False,False,False,False,,
2020355003,Junk (J),False,False,False,False,False,,
2023763781,Junk (J),False,False,False,False,False,,
2041563029,EB,False,False,False,False,False,,
2048920898,Junk (J),False,False,False,False,False,,
