tid,toi,pl_orbper,pl_tranmid,tfopwg_disp
50365310,1000.01,2.1713484,2459229.630046,FP
88863718,1001.01,1.9316462,2459987.948873,PC
124709665,1002.01,1.8675574,2459224.687802,FP
106997505,1003.01,2.74323,2458493.3957,FP
238597883,1004.01,3.5730141,2459987.047262,FP
169904935,1005.01,4.5505945,2459985.156855,FP
156115721,1006.01,2.5047918,2459229.984579,FP
65212867,1007.01,6.9989206,2459247.930695,PC
440801822,1008.01,2.0483755,2460258.236122,FP
107782586,1009.01,1.9600277,2459229.230924,PC
231663901,101.01,1.4303699,2458326.009117,KP
139853601,1010.01,0.6808702,2459228.878101,FP
114018671,1011.01,2.4705036,2460715.898893,PC
427508467,1012.01,0.884182,2459252.509595,APC
97700520,1013.01,5.4255548,2459232.248322,FP
96246348,1014.01,1.4095184,2459985.657041,FP
155044736,1015.01,1.3730466,2459963.610065,FP
175310067,1016.01,12.6889415,2459238.831138,FP
182943944,1017.01,1.10422,2458518.96536,FP
291555748,1018.01,4.95912,2458492.78078,FP
341420329,1019.01,5.2341008,2459232.446864,PC
149603524,102.01,4.4119372,2460982.065462,KP
140706664,1020.01,3.28892,2458521.29108,FP
143994283,1021.01,1.90879,2458492.90429,FP
47384844,1022.01,3.09574,2458547.448,FA
238374636,1023.01,1.3214483,2459303.303969,FP
141482386,1024.01,18.0157,2458339.72276,FP
297967252,1025.01,9.6837908,2460733.686688,FP
388624270,1026.01,14.2628757,2460720.807674,FP
20318757,1027.01,3.2834565,2460037.86905,PC
20318757,1027.02,11.02875,2460032.53325,PC
20318757,1027.03,5.0113292,2460032.57304,PC
447283466,1028.01,1.01606,2458544.48066,FP
374908020,1029.01,36.22214,2458365.89313,FP
336732616,103.01,3.547854,2458327.25256,KP
464296022,1030.01,12.1246519,2460054.783937,FP
304021498,1031.01,5.652623,2459304.837939,FP
146589986,1032.01,5.6643704,2459283.828685,PC
149601557,1033.01,29.0161646,2460717.39858,FP
400595342,1034.01,3.6404389,2460768.617427,FP
361413119,1035.01,6.0744477,2459286.872605,PC
146172354,1036.01,3.7795212,2460037.172273,PC
363260203,1037.01,1.2025238,2459331.124512,FP
90544017,1038.01,3.2235985,2459273.371643,FP
461867584,1039.01,4.420125,2460031.2166,APC
231670397,104.01,4.0872956,2460150.608677,KP
310483807,1040.01,2.55555,2460756.129789,FP
385624852,1041.01,8.30792,2459261.801216,FP
360286627,1042.01,0.758082,2459281.337956,FP
90448944,1043.01,1.4415577,2459985.770425,FP
463402815,1044.01,1.0085089,2460037.194672,PC
54044474,1045.01,3.7039994,2459301.544126,FP
309787037,1046.01,1.3042553,2460177.867195,FP
370745311,1047.01,0.62627,2458544.79061,FP
384549882,1048.01,0.30412,2458518.376,FP
16288184,1049.01,2.1805333,2458626.801546,KP
144065872,105.01,2.1846669,2460904.412675,KP
66818296,1050.01,3.7354838,2459355.54563,KP
259863352,1051.01,21.701669,2458657.736625,FA
317060587,1052.01,9.139804,2458332.941229,CP
112395568,1053.01,5.742625,2458657.999179,FP
366989877,1054.01,15.5077855,2460122.700139,CP
320004517,1055.01,17.4713078,2458661.062711,CP
421894914,1056.01,5.3079507,2458326.062424,PC
323132914,1057.01,51.1701501,2458607.350901,PC
31553893,1058.01,11.1296441,2458663.023129,PC
380783252,1059.01,9.4496506,2460106.337519,PC
38846515,106.01,2.8493827,2460988.068249,KP
101230735,1060.01,2.0685633,2460149.536226,APC
253990973,1061.01,0.540933,2458654.253249,FP
299799658,1062.01,4.1150576,2460177.200429,CP
406976746,1063.01,10.0665238,2458629.391681,PC
79748331,1064.01,6.4438657,2458656.668478,CP
79748331,1064.02,12.2265595,2458664.490132,CP
7088246,1065.01,2.1605155,2458654.345755,KP
201604954,1066.01,4.606184,2458657.832537,KP
201642601,1067.01,3.1316735,2458656.987874,KP
6663331,1068.01,3.180362,2458656.633231,KP
31858843,1069.01,2.9776446,2460147.378764,KP
92352620,107.01,3.9502008,2460176.993334,KP
31858844,1070.01,2.9776152,2458655.579241,FP
120247528,1071.01,3.5544026,2458655.394059,KP
140830390,1072.01,12.8379689,2459211.732146,FP
158297421,1073.01,3.9228016,2459036.472812,CP
327301957,1074.01,13.9428705,2458662.652685,PC
351601843,1075.01,0.6047392,2458654.249503,CP
360742636,1076.01,2.5495611,2458654.163257,KP
369960846,1077.01,1.6062693,2458654.102739,PC
370133522,1078.01,0.5182425,2458654.10332,CP
379240073,1079.01,3.1644075,2458656.380357,PC
289793076,108.01,3.0440495,2458328.085025,KP
161032923,1080.01,3.9652485,2458654.060577,CP
253728991,1081.01,2.9840866,2460858.623432,PC
261108236,1082.01,16.3469053,2458626.085696,PC
322270620,1083.01,12.9802953,2458627.915974,PC
380589029,1084.01,1.3484961,2458653.973305,KP
381979901,1085.01,3.2541181,2460041.175097,APC
468148930,1086.01,3.7178828,2458655.291499,PC
426077080,1087.01,9.30992,2458630.77194,FP
343648136,1088.01,1.15395,2458626.38955,FA
129319156,1089.01,4.73703,2458643.10264,FP
29344935,109.01,2.76676,2458326.127479,KP
361034196,1090.01,2.19296,2458628.96316,FP
193413306,1091.01,1.725841,2459359.55521,PC
387079085,1092.01,1.1923,2458601.38096,FP
382331352,1093.01,11.47606,2458601.33791,FP
136274063,1094.01,0.5971314,2459360.160536,APC
375223080,1095.01,1.4821386,2459307.385949,PC
375225453,1096.01,0.9209526,2459307.93577,FP
360630575,1097.01,9.188506,2459376.410518,CP
360630575,1097.02,13.9028391,2459344.461827,CP
383390264,1098.01,10.1826983,2458629.909082,CP
290348383,1099.01,6.441006,2460140.220927,CP
281459670,110.01,3.1743504,2458328.039934,KP
318608749,1100.01,20.0731588,2459044.494531,FP
271581073,1101.01,2.66903,2459058.79277,FP
311890977,1102.01,6.63371,2458627.80423,FP
351603103,1103.01,2.94308,2459037.655526,PC
451599528,1104.01,341.2791676,2458702.256022,FP
274151135,1105.01,10.8680523,2460086.979446,PC
384513078,1106.01,11.1149,2458630.71937,PC
394561119,1107.01,4.0782392,2459336.073646,CP
295599256,1108.01,7.14386,2458655.54872,FP
50309953,1109.01,7.04083,2459083.35168,FP
355703913,111.01,2.1061569,2458326.105486,KP
446549905,1110.01,2.4545635,2460146.990136,FP
412014494,1111.01,11.4756978,2460131.889805,FP
369864738,1112.01,2.78186,2458626.54168,FP
290348382,1113.01,6.4410082,2460140.221205,FP
409934330,1114.01,2.4887726,2460148.616195,APC
379286801,1115.01,4.45199,2458658.32747,APC
304100538,1116.01,5.0100708,2458325.661906,PC
295541511,1117.01,2.2281625,2459386.963814,PC
90919952,1118.01,4.13812,2458660.16316,FP
261369656,1119.01,10.95663,2458666.52199,APC
388104525,112.01,2.4997996,2460069.773646,KP
143257766,1120.01,1.66226,2458656.45082,FP
24094603,1121.01,4.07611,2458658.61052,FP
304774444,1122.01,3.6245513,2460115.852574,FP
469782185,1123.01,1.20928,2458658.04087,APC
128790976,1124.01,3.5187707,2460149.391758,APC
80166433,1125.01,0.7724825,2459036.495091,PC
405862830,1126.01,1.6268695,2460122.432108,FP
269450900,1127.01,2.32439,2458657.63073,FP
425721385,1128.01,13.5499,2458663.15245,FP
91576611,1129.01,4.43651,2458659.06927,FP
97409519,113.01,3.372877,2458327.053085,KP
254113311,1130.01,8.34998,2460144.137122,CP
254113311,1130.02,4.0686405,2460126.924264,CP
198213332,1131.01,0.5860366,2458711.595435,PC
267489265,1132.01,1.5502952,2460351.800169,FP
69997672,1133.01,1.80709,2458684.2349,FP
122220263,1134.01,18.6922101,2460333.437983,FP
154872375,1135.01,8.0277326,2460658.97426,CP
142276270,1136.01,12.5187279,2459612.447691,CP
142276270,1136.02,6.2586065,2460366.026514,CP
142276270,1136.03,26.3208756,2459594.183463,CP
142276270,1136.04,18.795547,2458697.755807,CP
89389197,1137.01,1.3206356,2459770.240602,PC
110428269,1138.01,0.64971,2458684.20504,FP
202563254,1139.01,4.4780798,2460549.445856,PC
25155310,114.01,3.2887898,2458327.519958,KP
320525204,1140.01,13.7431084,2460637.861679,FP
159510109,1141.01,16.9487087,2460289.874408,FP
284450803,1142.01,3.3686634,2460335.937572,FP
160268701,1143.01,11.2071839,2460352.734057,FP
28230919,1144.01,4.8878037,2460554.347022,KP
350995812,1145.01,2.97164,2458685.81643,FP
21755546,1146.01,0.660179,2459420.415267,FP
288391628,1147.01,10.9278415,2460331.315598,FP
349827430,1148.01,5.5514888,2460361.366521,KP
117789567,1149.01,2.3202418,2459770.330784,APC
281541555,115.01,4.7423709,2458329.903155,KP
16740101,1150.01,1.4810903,2458683.457596,KP
69679391,1151.01,3.4741012,2460337.986375,KP
237184773,1152.01,6.5011911,2459392.715052,FA
154840461,1153.01,6.0360758,2460472.256051,APC
459970307,1154.01,21.745537,2460339.328709,PC
161450762,1155.01,1.32003,2458683.92594,FP
117256577,1156.01,1.6865822,2459443.850453,FP
147576037,1157.01,13.0727479,2459603.765773,FP
379931600,1158.01,2.9258727,2459446.175877,FP
48188920,1159.01,0.73774,2458683.94707,FP
238176110,116.01,2.7985802,2458326.688916,KP
89510024,1160.01,2.3664127,2459446.146751,FP
158324245,1161.01,1.7635881,2460556.484069,KP
13419950,1162.01,7.3166682,2460544.815606,PC
375542276,1163.01,3.0771612,2459441.801256,PC
16102323,1164.01,3.2077145,2459822.312844,FP
458478250,1165.01,2.2552845,2460352.823449,KP
138361973,1166.01,1.8824539,2460556.103196,FP
232967666,1167.01,15.196,2458689.11633,FP
41330864,1168.01,2.1358631,2460363.632024,FP
302518439,1169.01,6.7075429,2460323.760513,PC
322307342,117.01,3.5862962,2459063.655791,KP
294176967,1170.01,1.8296155,2460556.995021,FP
101929303,1171.01,11.1876137,2460541.381489,FP
1717732429,1172.01,7.8513949,2460634.945689,FP
232967440,1173.01,7.0643978,2460341.784305,CP
154089169,1174.01,8.9534775,2460355.403307,CP
30329585,1175.01,7.5022708,2459437.549479,FP
230088370,1176.01,14.0077666,2458695.361762,PC
169177766,1177.01,1.692892,2460556.672243,FP
359496368,1178.01,2.6652007,2460646.783967,FP
148914726,1179.01,1.2615323,2460365.036662,APC
266980320,118.01,6.0344634,2460899.883842,CP
158002130,1180.01,9.6867516,2460473.411486,CP
229510866,1181.01,2.1031647,2460556.242383,CP
341544930,1182.01,7.6416041,2460386.22206,FP
258777137,1183.01,5.9294088,2460654.565628,FP
233087860,1184.01,5.7484439,2460558.350441,CP
83210867,1185.01,1.1967018,2460532.182655,FP
289539327,1186.01,11.2464616,2460649.2545,FP
372757221,1187.01,2.5941968,2460310.089156,PC
15247229,1188.01,8.5112,2458687.19253,FP
112026224,1189.01,3.9687994,2459441.286476,PC
278683844,119.01,5.5411113,2460987.348604,PC
278683844,119.02,10.69173,2460979.593803,PC
287196418,1190.01,3.6950015,2460553.884666,APC
237185205,1191.01,15.7335693,2459441.423236,FP
158276040,1192.01,45.9403293,2460524.90576,APC
89643259,1193.01,2.2219839,2460337.368138,FP
147950620,1194.01,2.3106428,2460367.07216,CP
24364065,1195.01,4.05135,2458686.84696,FP
69068526,1196.01,5.5376617,2459785.498161,PC
92677094,1197.01,4.5960377,2459787.132209,PC
203189770,1198.01,3.612771,2460551.040398,KP
99869022,1199.01,3.6714717,2460360.434669,CP
394137592,120.01,11.535076,2458332.082805,CP
288185138,1200.01,0.8352406,2460365.995576,FP
29960110,1201.01,2.4919771,2458411.670877,CP
327017634,1202.01,,2458614.434411,FP
23434737,1203.01,25.5195307,2458553.062116,CP
467666275,1204.01,1.3812115,2458569.940999,PC
287156968,1230.01,25.0571312,2458620.316686,CP
447061717,1231.01,24.2454967,2458563.890468,CP
364395234,1232.01,14.2545623,2460938.773643,CP
260647166,1233.01,14.1758947,2459308.481159,CP
260647166,1233.02,19.5901578,2459311.402774,CP
260647166,1233.03,6.2036219,2459310.632995,CP
260647166,1233.04,3.79589,2458572.107559,CP
90504905,1234.01,2.2645386,2458685.613152,FP
103633434,1235.01,3.4447015,2460333.631473,CP
120757718,1236.01,3.0300715,2459422.690639,KP
120960812,1237.01,12.72038,2459781.665928,KP
120960812,1237.02,6.238755,2458685.409943,KP
153951307,1238.01,3.2947689,2458684.28731,CP
153951307,1238.02,0.7645807,2458684.104681,CP
154716798,1239.01,12.6396982,2459604.095801,PC
29831208,124.01,1.8428078,2460042.199513,APC
287776397,1205.01,2.3922703,2458383.241223,PC
308034948,1206.01,0.831542,2458569.713498,FP
364393429,1207.01,2.6282553,2458325.539664,PC
273985865,1208.01,3.4239436,2458327.476703,PC
273985865,1208.02,10.983042,2458331.120311,PC
273985865,1208.03,17.726449,2458341.801726,PC
30037565,1209.01,40.7199388,2458337.088331,PC
207081058,121.01,14.7741056,2459074.32911,APC
33878688,1210.01,79.3739596,2459187.361317,FP
50312495,1211.01,18.1663644,2460180.146446,PC
389924075,1212.01,105.5850893,2458402.036518,PC
399144800,1213.01,27.2149622,2458576.189436,FP
451606970,1214.01,19.1807264,2458634.552482,PC
453260209,1215.01,1.2124493,2458570.395929,PC
141527965,1216.01,4.5541831,2458325.424166,PC
248092710,1217.01,41.4856125,2458574.940733,PC
294781547,1218.01,13.7739339,2460953.672515,PC
294981566,1219.01,1.9142544,2460121.561055,PC
231702397,122.01,5.0780325,2458329.118988,CP
319259194,1220.01,70.3607265,2458439.580138,APC
349095149,1221.01,91.6827832,2458404.181466,CP
374997123,1222.01,10.1944993,2458329.466254,PC
382437043,1223.01,14.64319,2458337.747012,FP
299798795,1224.01,4.1782656,2458327.705053,CP
299798795,1224.02,17.9453645,2458329.862603,CP
150428703,1225.01,13.896396,2458414.082856,PC
150428703,1225.02,8.1213102,2458414.548052,PC
177115354,1226.01,3.9287851,2458438.458273,PC
360156606,1227.01,27.3613778,2458617.479256,CP
300038935,1228.01,29.0496801,2460904.701871,CP
140760434,1229.01,31.8132264,2459970.491644,APC
290131778,123.01,3.3088922,2460175.035028,CP
158170594,1240.01,1.7208555,2459421.32991,KP
159107668,1241.01,4.7802597,2459421.236112,PC
198212955,1242.01,0.3814849,2459664.126568,PC
219698776,1243.01,4.6595169,2459598.143164,CP
219850915,1244.01,6.4002807,2459913.810947,CP
229781583,1245.01,4.8204512,2459764.329317,PC
230127302,1246.01,18.6548829,2459733.643821,CP
230127302,1246.02,4.3074513,2459737.587215,CP
230127302,1246.03,5.9041278,2459740.304262,CP
230127302,1246.04,37.9251983,2458700.697302,CP
232540264,1247.01,15.9234883,2460311.844914,CP
232612416,1248.01,4.3601536,2458687.1215,CP
232976128,1249.01,13.0791581,2460342.349121,CP
52368076,125.01,4.6517186,2460206.744249,CP
52368076,125.02,9.1549418,2460202.049893,CP
52368076,125.03,19.9815709,2460181.146579,CP
52368076,125.04,,2460188.729278,PC
233059608,1250.01,1.4415044,2458683.642967,FA
163539739,1278.01,14.4751062,2459826.540249,CP
224297258,1279.01,9.6141636,2459659.673503,CP
391949880,128.01,4.9404714,2460175.867159,CP
230017324,1280.01,9.6926392,2458691.302548,PC
232971294,1281.01,6.390888,2460351.314066,PC
236445129,1282.01,0.9689927,2459445.892853,KP
266593143,1283.01,10.338505,2460539.055031,KP
267561446,1284.01,1.283251,2458711.815604,FP
274662200,1285.01,1.2284388,2458712.3664,FP
277507814,1286.01,0.6166953,2460559.148579,APC
352764091,1287.01,9.6001126,2459828.256927,PC
365733349,1288.01,2.6998294,2460445.649979,CP
408203470,1289.01,0.581322,2458711.410631,FP
201248411,129.01,0.980972,2460205.646862,CP
233120979,1251.01,5.9630544,2459759.178675,APC
233211762,1252.01,1.1219715,2459662.042876,PC
233684822,1253.01,4.6756655,2460658.633557,FP
236714379,1254.01,1.0180114,2459716.011222,APC
237222864,1255.01,10.288886,2460646.544681,CP
274762761,1256.01,1.0332441,2458683.947476,FP
278348461,1257.01,5.4526479,2459820.977365,KP
288132261,1258.01,10.2613397,2460333.648786,PC
288735205,1259.01,3.4779776,2459764.874089,CP
70440470,126.01,3.0354017,2458326.730861,KP
355867695,1260.01,3.1274634,2459634.760516,CP
355867695,1260.02,7.4931613,2458686.119718,CP
355867695,1260.03,49.825166,2458879.323459,CP
356311210,1261.01,18.0574016,2459628.771413,PC
365938305,1262.01,20.8774413,2460322.358008,PC
406672232,1263.01,1.0214555,2460557.928454,PC
416195870,1264.01,2.7441672,2459765.819264,PC
424865156,1265.01,2.2047452,2460558.800568,KP
467179528,1266.01,10.8948421,2459649.751299,CP
467179528,1266.02,18.8016111,2459630.046434,CP
158561566,1267.01,6.7900981,2459425.412816,KP
142394656,1268.01,8.157721,2460359.607231,CP
198241702,1269.01,4.2529641,2458686.60881,CP
198241702,1269.02,9.2378703,2459739.097032,PC
234523599,127.01,3.7955178,2458325.650603,CP
237200747,1270.01,14.3034613,2459695.445887,FP
286923464,1271.01,6.1349783,2459657.449461,KP
417948359,1272.01,3.3159772,2459661.401357,CP
445859771,1273.01,4.6313014,2459684.920137,CP
459969957,1274.01,19.3203478,2459736.340774,PC
13499636,1275.01,11.3246821,2458714.596964,FA
43064903,1276.01,6.261169,2459770.682182,FA
153949511,1277.01,,2458729.542462,FA
153949511,1277.02,14.8559691,2460319.121018,PC
417676622,1290.01,5.3987355,2460551.373546,KP
198186769,1291.01,7.16199,2459734.427241,PC
199688472,1292.01,1.4412175,2460351.142333,FP
202504234,1293.01,1.6849938,2459689.485255,PC
219015370,1294.01,3.9152737,2459663.161776,CP
219852584,1295.01,3.1968838,2459913.379043,CP
219854185,1296.01,3.9443668,2459766.962599,CP
229536616,1297.01,3.93034,2458686.93866,FP
237104103,1298.01,4.5371361,2459764.419877,CP
258777134,1299.01,5.929405,2459599.130762,FP
263003176,130.01,14.3392144,2458336.557651,CP
293687315,1300.01,2.8716983,2460419.967332,KP
356867115,1301.01,6.0964074,2459710.294209,CP
356867115,1301.02,,2458999.462385,PC
441797803,1302.01,5.6666168,2459738.402777,PC
185405474,1303.01,1.56029,2458684.13635,FP
186000935,1304.01,8.8735214,2460552.790682,FP
232679662,1305.01,7.8513774,2460650.647652,FP
233735068,1306.01,7.6869063,2459852.045455,FP
236815160,1307.01,2.534612,2459764.134636,APC
277014266,1308.01,1.3797091,2459446.290468,FP
287190564,1309.01,1.49861,2458684.76284,FP
235037761,131.01,6.2407826,2460173.338551,APC
294179389,1310.01,2.6796,2458685.4705,FP
378159598,1311.01,6.1406417,2459392.644018,APC
405904232,1312.01,11.0765063,2460549.082741,FP
11111899,1313.01,0.6193401,2460557.800973,FP
136848581,1314.01,2.6400663,2460365.8222,FP
137284119,1315.01,2.5778717,2459820.409101,FP
15565627,1316.01,3.80509,2458684.06072,FP
165523947,1317.01,2.99041,2458711.85776,FP
167092385,1318.01,4.9865029,2460557.056579,PC
167098530,1319.01,0.890967,2459823.85374,FP
89020549,132.01,2.1096805,2458326.904918,CP
167403519,1320.01,3.9729429,2460556.464958,PC
195199644,1321.01,1.19888,2458712.25971,FP
240450679,1322.01,3.37644,2458711.44969,APC
256886630,1323.01,2.03905,2458713.20059,FP
266688542,1324.01,2.9424142,2460389.230214,FP
274942910,1325.01,1.0793011,2460393.552555,FP
275111900,1326.01,8.0428575,2459823.091016,FP
312083267,1327.01,3.9392211,2460553.891046,APC
330332501,1328.01,4.0157492,2459819.789519,FP
345996087,1329.01,2.01976,2458712.72322,FP
219338557,133.01,8.1995368,2458327.280273,PC
357457104,1330.01,1.748054,2459852.148977,FP
387664866,1331.01,2.65646,2458712.51758,FP
387664868,1332.01,2.65688,2458712.51369,FP
395171208,1333.01,4.7201912,2459847.968306,CP
42123111,1334.01,4.03349,2458686.4671,FP
89759617,1335.01,3.3295394,2459817.659426,FP
92783821,1336.01,3.8615978,2459442.068334,FP
160708862,1337.01,3.3448312,2460087.939719,KP
260128333,1338.01,95.174,2459238.21949,CP
269701147,1339.01,8.8803281,2460651.26694,CP
269701147,1339.02,28.580474,2460612.35145,CP
269701147,1339.03,38.3511223,2460661.127783,CP
234994474,134.01,1.4015183,2458326.034032,CP
233681149,1340.01,8.5865509,2458683.690471,FP
233390838,1341.01,6.4474918,2459820.572994,FP
256621916,1342.01,1.4136455,2460352.578093,FP
358631536,1343.01,3.4040139,2460552.940939,FP
1400770435,1344.01,13.7432169,2460637.867682,FP
160487753,1345.01,8.47134,2458715.45948,PC
219852882,1346.01,5.5025577,2459766.224945,CP
219852882,1346.02,1.7622537,2459741.887113,CP
229747848,1347.01,0.8474218,2459664.026959,CP
229747848,1347.02,4.8420438,2459656.582609,CP
229770036,1348.01,2.14056,2458684.50173,FP
272635712,1349.01,12.71672,2458693.57405,APC
267263253,135.01,4.1269046,2460174.637067,CP
233953967,1350.01,5.5402372,2459851.288394,PC
1718201850,1351.01,5.9294089,2460654.56565,APC
336740528,1352.01,5.2958813,2460604.777484,APC
279177746,1353.01,4.4350025,2460551.553803,FP
365683032,1354.01,1.4287976,2460556.601695,FP
372264750,1355.01,2.1702725,2459853.582179,PC
277566483,1356.01,24.2544697,2459849.242233,PC
357972447,1357.01,0.33759,2460393.796914,FP
275501623,1358.01,1.67346,2458739.59911,FP
416624606,1359.01,2.5152549,2459821.804188,FP
410153553,136.01,0.4629304,2458325.724125,CP
330468175,1360.01,0.70902,2458739.28,FP
277447970,1361.01,2.237462,2460608.708763,PC
395142888,1362.01,1.9173816,2460422.958913,PC
230017325,1363.01,9.6926509,2460649.216907,FP
26880783,1364.01,1.7753644,2460530.034744,PC
367099243,1365.01,1.8286961,2460421.898853,FP
120602501,1366.01,14.8626982,2459830.772785,FP
129539786,1367.01,2.0881134,2459850.248203,FP
136971594,1368.01,1.25562,2458711.81369,FP
155005217,1369.01,7.6047417,2459867.206961,FP
328750515,1403.01,2.3359622,2459825.344785,FP
352239069,1404.01,6.8674054,2459908.512546,PC
352239069,1404.02,14.431887,2459908.522961,PC
387834907,1405.01,12.64001,2458739.88011,FP
231736113,1406.01,10.5739824,2459218.231402,CP
69747919,1407.01,9.9783319,2459085.39112,KP
364186197,1408.01,4.4247042,2460661.181674,CP
364186197,1408.02,2.2222094,2460479.047419,KP
115771549,1409.01,4.7182888,2459844.125039,APC
403224672,141.01,1.0082361,2460178.671412,CP
199444169,1410.01,1.2168732,2459850.737058,CP
116483514,1411.01,1.4520486,2460447.085367,CP
116483734,1412.01,4.731977,2459714.075511,APC
119700084,1413.01,6.1182129,2459829.698976,PC
125442121,1414.01,3.0197807,2459853.583682,APC
148782377,1415.01,14.4204896,2458745.710132,PC
158025009,1416.01,1.0697621,2460423.263435,CP
176957796,137.01,4.8173797,2459199.440315,FA
155114483,1370.01,5.2651271,2459877.368408,FP
162130054,1371.01,5.0095595,2459848.525293,APC
164150539,1372.01,6.1600888,2459850.543759,FP
176899385,1373.01,3.8529998,2460605.038813,KP
190430205,1374.01,1.06884,2458712.06866,FP
190442486,1375.01,5.4561177,2459850.13104,FP
190743990,1376.01,1.7380504,2460582.487167,FP
240613164,1377.01,1.99143,2458712.05324,FP
249812036,1378.01,5.7785318,2460561.395306,FP
252490659,1379.01,1132.0244686,2459871.438619,APC
277683130,138.01,6.1982658,2460175.14238,APC
274170255,1380.01,1.41072,2458712.04951,FP
275722992,1381.01,6.5601782,2460552.174345,PC
276360911,1382.01,0.44482,2458738.89623,FA
313506357,1383.01,1.532703,2459880.029372,FP
328167090,1384.01,0.7131492,2459880.756663,FP
329864959,1385.01,4.52318,2458739.96744,FP
343019899,1386.01,25.8386422,2460561.017924,CP
343442463,1387.01,0.78381,2458739.5222,FP
346338552,1388.01,4.4652986,2460606.436882,KP
353038705,1389.01,3.062624,2459851.063533,PC
62483237,139.01,11.0708575,2458334.891563,CP
365389353,1390.01,2.6380089,2460605.160178,FP
389182138,1391.01,2.7260173,2460610.162144,FP
416987878,1392.01,2.86876,2458712.7665,FP
430528566,1393.01,0.5590256,2460405.442909,FP
431156009,1394.01,2.958148,2460403.663304,FP
468472950,1395.01,0.98736,2458712.35831,FP
468845640,1396.01,3.99307,2458741.72914,FP
64553698,1397.01,8.6795072,2458965.050909,FP
66445643,1398.01,6.5560604,2460420.937502,APC
66783360,1399.01,1.3812787,2459881.30632,FP
140068425,140.01,2.2813432,2458327.399828,APC
258801269,1400.01,5.48923,2458689.02568,FP
259126549,1401.01,7.3845072,2459658.948928,FP
259129875,1402.01,0.43889,2458684.09715,FP
259172391,1445.02,4.7842093,2459740.829189,PC
294471966,1446.01,6.3170657,2458689.364498,PC
294471966,1446.02,4.5057387,2458685.433408,PC
298073824,1447.01,1.2273079,2458684.362799,FA
343628284,1448.01,8.0970819,2459857.185608,CP
356158613,1449.01,,2458713.009359,FA
356158613,1449.02,2.3691849,2458683.580594,PC
265612438,145.01,5.13002,2459060.6424,PC
377293776,1450.01,2.0439268,2459662.335574,CP
417931607,1451.01,16.5379864,2460348.107581,CP
420112589,1452.01,11.0619937,2459731.359311,CP
198390247,1453.01,6.5886877,2460660.40937,CP
198390247,1453.02,4.3135263,2460583.434908,CP
294179385,1454.01,2.6794168,2459422.312812,PC
387259626,1455.01,3.6231364,2460656.395911,APC
199376584,1456.01,18.712253,2460544.753267,CP
176860064,1457.01,6.3768174,2460602.885963,APC
164173105,1417.01,3.0726434,2459827.0017,CP
224600500,1418.01,0.6763235,2458684.277966,FA
311035838,1419.01,2.8997405,2459661.5681,KP
425934411,142.01,0.8533534,2458325.485901,PC
321857016,1420.01,6.9561134,2459830.458192,CP
329277372,1421.01,2.8879675,2459854.509943,FP
333473672,1422.01,13.001789,2459864.063759,CP
346418409,1423.01,2.7556532,2458740.961818,FP
418959198,1424.01,4.8962484,2459827.504099,FP
350132371,1425.01,1.0318213,2460448.86278,APC
128501004,1426.01,0.78999,2458739.0012,FP
2041563029,1427.01,12.80758,2458747.00971,FP
377304435,1428.01,11.35626,2458691.56061,FP
138968089,1429.01,0.6412558,2458711.558151,FP
25375553,143.01,2.3109689,2460155.87081,KP
293954617,1430.01,7.4341456,2460549.311109,CP
375506058,1431.01,2.650232,2460554.58625,CP
256783784,1432.01,6.1095756,2459851.690817,PC
13684720,1433.01,12.4379715,2458695.011233,APC
138588540,1434.01,29.871853,2458703.408327,PC
153976959,1435.01,0.6858178,2458683.431524,PC
154383539,1436.01,0.8675883,2459690.565813,PC
198356533,1437.01,18.840891,2460660.183368,CP
229650439,1438.01,5.1396666,2460641.839847,CP
229650439,1438.02,9.4280902,2460632.101735,CP
232982558,1439.01,27.6438617,2460638.545561,CP
261136679,144.01,6.267832,2460011.550653,CP
233617847,1440.01,15.5174519,2459956.401035,PC
233617847,1440.02,4.6274206,2459656.057163,PC
233951353,1441.01,22.092974,2460418.661942,PC
235683377,1442.01,0.4090681,2459768.708421,CP
237232044,1443.01,23.5407467,2460623.584541,CP
258514800,1444.01,0.4702719,2458711.369295,CP
259172391,1445.01,9.8130697,2459767.018169,PC
191284318,1458.01,2.7759678,2460610.063622,KP
16920150,1459.01,9.155934,2458765.545981,FA
355636844,146.01,6.30556,2459080.90325,FP
17005768,1460.01,6.8424983,2458765.265116,FP
44631965,1461.01,3.5686777,2458767.317052,APC
188768068,1462.01,2.1779407,2460338.523071,CP
190998418,1463.01,2.8791023,2459856.144266,KP
229944666,1464.01,11.3125266,2459643.724417,PC
236887394,1465.01,1.4200248,2459717.423096,KP
237086564,1466.01,1.8718991,2459823.877249,PC
240968774,1467.01,5.9711357,2458766.989118,CP
243185500,1468.01,15.5324385,2459450.356025,CP
243185500,1468.02,1.880531,2459448.308156,CP
283722336,1469.01,3.0929386,2460606.251961,KP
283722336,1469.02,6.7650398,2460599.497252,KP
220435095,147.01,3.4231002,2460185.36556,FP
410528770,1502.01,2.7536237,2459847.780759,FP
428065977,1503.01,1.6534102,2459881.652761,FP
326114850,1504.01,1.2456423,2460406.048311,FP
331034236,1505.01,3.4272549,2459826.907985,FP
64836837,1506.01,10.9115374,2460423.070964,FP
430677414,1507.01,0.46741,2458738.93048,FP
415741431,1508.01,2.1575124,2459878.866866,FP
272828463,1509.01,1.577609,2460423.100949,FP
382302241,151.01,1.59782,2458326.05013,FP
377739433,1510.01,1.23852,2458764.82522,FP
376682699,1511.01,1.1025238,2460422.249162,FP
434718964,1512.01,1.597226,2459854.931268,FP
269509393,1513.01,1.76589,2458764.84417,FP
270238522,1514.01,1.36991,2458765.47636,FP
470709084,1515.01,3.66505,2458768.56858,FP
376637093,1516.01,2.0560153,2460449.201388,CP
455962313,1517.01,2.25505,2460418.994282,FP
427761355,1518.01,1.902606,2459854.41458,CP
272049972,1519.01,1.0960111,2458981.242084,FP
284441182,1470.01,2.5272822,2459883.443614,CP
306263608,1471.01,20.7724316,2460221.503439,CP
306263608,1471.02,52.5637056,2459462.51672,CP
306955329,1472.01,6.3634106,2459885.568784,CP
352413427,1473.01,5.2544884,2460608.852345,CP
427654774,1474.01,5.222621,2458765.042474,FP
431514478,1475.01,8.4953513,2458767.618296,PC
432549364,1476.01,1.2174936,2460610.036941,KP
240681314,1477.01,2.7324809,2459855.931978,KP
409794137,1478.01,10.1802014,2459982.236347,CP
421308357,1479.01,16.6828999,2460319.940069,FP
393940766,148.01,4.8670758,2459062.261122,CP
335483600,1480.01,3.354053,2459855.711367,FP
197650870,1481.01,2.1853174,2460422.845579,FP
252616865,1482.01,5.7121916,2459872.298444,PC
452803785,1483.01,5.0037857,2459844.552858,FP
67309890,1484.01,1.1623941,2460422.616427,FP
377191482,1485.01,2.9551881,2459673.206852,FA
233541860,1486.01,0.2666485,2459635.536646,FP
459978312,1487.01,23.28798,2458684.88739,FA
198457103,1488.01,0.4721054,2458683.442832,FA
219751469,1489.01,6.98301,2458690.04921,FA
260985861,149.01,3.3399432,2458597.939863,PC
283474780,1490.01,3.9943,2458765.91435,APC
53875855,1491.01,4.4902667,2459873.774209,PC
354594208,1492.01,0.86673,2458765.22813,FP
15692883,1493.01,5.147905,2460602.632371,CP
411608801,1494.01,5.0267996,2459856.416547,CP
431148743,1495.01,2.6277641,2459879.808473,FP
384045439,1496.01,10.82661,2458743.87066,FP
371673488,1497.01,0.8165295,2460422.205821,FP
316402246,1498.01,1.4014167,2459836.924148,FP
414870287,1499.01,4.95898,2458740.8589,FP
271893367,150.01,5.8574075,2459995.645628,CP
377420580,1500.01,1.4147363,2460422.256983,FP
329145325,1501.01,1.077774,2459882.024875,FP
403287048,152.01,7.00776,2458327.92337,FP
269238073,1520.01,6.1461734,2459878.512429,FP
366074069,1521.01,4.1812866,2459905.397712,FP
367102581,1522.01,2.9798592,2459739.798591,FP
387413037,1523.01,6.72694,2458738.95028,FP
314338017,1524.01,10.9554897,2459837.025075,FP
276380902,1525.01,0.6171788,2460421.693989,FP
313761775,1526.01,1.5309799,2460421.872558,FP
202375913,1527.01,5.0625809,2460600.889284,PC
285543785,1528.01,9.9385448,2460441.842967,APC
312259170,1529.01,0.8229,2458764.94054,FP
231081369,153.01,7.6316384,2460069.867358,APC
312469860,1530.01,0.50261,2458764.79362,FP
312678993,1531.01,0.5175204,2459882.497022,APC
327579226,1532.01,8.905407,2460446.002489,PC
345143460,1533.01,3.6458046,2460446.421805,CP
345143460,1533.02,8.0637954,2460442.544963,PC
354600221,1534.01,1.41853,2458764.81698,FP
420288086,1535.01,6.5344463,2459906.577796,FP
445137888,1536.01,2.013653,2459882.951315,FP
173612049,1537.01,6.4902646,2459874.874599,PC
177244357,1538.01,6.54692,2458768.84707,PC
252636888,1539.01,2.590266,2459880.28094,FP
389525208,154.01,6.74657,2458329.36085,FP
318746829,1540.01,5.2273176,2460421.233495,FP
319068154,1541.01,3.7983639,2460423.401581,FP
367607434,1542.01,8.2916,2458744.44353,FA
431585347,1543.01,5.13664,2458766.20793,FP
455791689,1544.01,1.2918334,2460609.88165,PC
127425841,1545.01,1.5166573,2459880.31948,FP
194203348,1546.01,1.13345,2458764.83324,PC
409520860,1547.01,0.71933,2458765.11416,FP
440100539,1548.01,12.6017,2458769.32363,FA
191146556,1549.01,2.5798051,2459881.330991,FP
129637892,155.01,5.4499753,2460168.813769,PC
241065596,1550.01,1.6256942,2459907.94901,FP
288348498,1551.01,1.67546,2458765.11138,PC
326919774,1552.01,7.57193,2458771.77219,FP
327341626,1553.01,5.9382163,2460633.005956,APC
299158887,1554.01,9.4341589,2459444.896746,KP
441732151,1555.01,2.09989,2458712.08879,FP
405794804,1556.01,1.44127,2458740.21873,FP
320506985,1557.01,1.08697,2458765.31897,FP
117322779,1558.01,0.68601,2458791.07301,FP
241040309,1559.01,3.4648951,2459904.889359,PC
220518305,156.01,14.1520377,2460968.40875,FP
241076290,1560.01,0.2580006,2459882.378835,PC
245462406,1561.01,2.27456,2458791.81704,FP
249862365,1562.01,0.98999,2458791.5299,FP
249945230,1563.01,1098.2258586,2458805.455547,PC
250724252,1564.01,0.5596691,2460635.87017,APC
251384275,1565.01,1099.2560385,2459907.730268,PC
256414077,1566.01,3.01106,2458793.38207,FP
259151170,1567.01,,2458808.52242,FP
284050395,1568.01,1.35932,2458765.47569,FP
285666479,1569.01,1.71614,2458791.98363,FP
140691463,157.01,2.0845434,2458543.338324,CP
285674856,1570.01,1.74626,2458790.81038,FP
285677945,1571.01,1.2427,2458791.56106,FP
292321872,1572.01,8.66698,2458794.15217,FP
302773669,1573.01,21.216464,2460463.952965,KP
307111282,1574.01,,2458804.60057,FP
316254876,1575.01,2.4611008,2459935.126364,FP
327011842,1576.01,0.783879,2459883.106456,FP
332154944,1577.01,0.99837,2458791.36882,FP
348135793,1578.01,1.97741,2458791.58678,FP
354400186,1579.01,9.07768,2458794.28172,FP
403136413,158.01,2.51266,2458326.37811,FP
354469661,1580.01,4.7947749,2460633.665722,KP
370759867,1581.01,,2458810.30671,FP
374400599,1582.01,1.8932775,2460649.11744,FP
403256331,1583.01,3.77188,2458765.82123,FP
418987806,1584.01,0.88654,2460633.085787,FP
444415148,1585.01,1.83641,2458764.8746,FP
445144327,1586.01,1.80794,2458765.67889,PC
458914949,1587.01,12.5343031,2459924.681114,FP
50120414,1588.01,3.581083,2459932.266567,PC
52041724,1589.01,35.4028219,2458942.422274,FP
394657039,159.01,3.7628372,2459382.232709,CP
71854745,1590.01,3.10315,2458793.51014,FP
82010657,1591.01,,2458807.93693,FP
186599508,1592.01,5.6318074,2458794.89641,FP
192372961,1593.01,2.06313,2458792.29644,FP
201154493,1594.01,1.51233,2458792.1989,FP
385105624,1595.01,1.7498117,2460662.169629,FP
431899140,1596.01,1.9734615,2459928.934925,FP
68152139,1597.01,0.73772,2458792.46525,FP
67418624,1598.01,1.1020719,2459908.034555,PC
129979528,1599.01,1.2198382,2459883.198788,KP
253917293,160.01,4.608,2458327.37627,FP
187029841,1600.01,0.361112,2459909.805131,FP
139375960,1601.01,5.33155,2458793.27728,CP
129991079,1602.01,6.15952,2458792.50412,FA
269892793,1636.01,1.7729239,2459882.483425,FP
286355915,1637.01,4.076684,2459885.666366,FP
312862941,1638.01,0.9150623,2459908.44105,PC
348673213,1639.01,0.901465,2458791.468047,FP
79395355,164.01,7.31898,2458328.33733,FP
396562848,1640.01,1.9495403,2459767.373106,CP
422923265,1641.01,1.8646725,2459906.863602,PC
229940491,1642.01,37.4590076,2459747.914171,APC
298647682,1643.01,20.0795217,2459815.953155,PC
22843856,1644.01,1.8497201,2459521.618633,FP
184679932,1645.01,2.1721416,2458791.425546,FP
387527558,1646.01,3.623909,2458794.103356,FA
154927364,1647.01,6.9744232,2460334.944097,FP
376353509,1648.01,7.3315684,2460467.880926,CP
116608612,1649.01,3.4557863,2460310.718475,FP
350743714,165.01,7.757643,2460746.619767,FP
122485078,1650.01,9.1505,2458822.09874,FP
73448352,1603.01,4.7321735,2460630.419608,KP
118301361,1604.01,3.46608,2458793.39828,FP
101037590,1605.01,8.7094632,2459896.132645,CP
125735470,1606.01,4.7126743,2460228.527139,APC
26433869,1607.01,1.0357235,2459471.339568,FP
138017750,1608.01,2.4727425,2460632.178917,FP
229951289,1609.01,13.3118,2458692.73536,FA
348770361,161.01,2.7684331,2459388.787312,PC
219776325,1610.01,2.5287981,2460556.667508,PC
264678534,1611.01,16.2016817,2460643.486453,CP
268403451,1612.01,2.8641388,2460334.805905,KP
272625214,1613.01,5.2469991,2458979.490719,FP
317397615,1614.01,0.7438074,2460479.137922,FP
317507345,1615.01,3.9401791,2460473.279498,FP
322054600,1616.01,1.3433022,2460449.28819,PC
322202434,1617.01,1.4013505,2460420.948154,FP
376838000,1618.01,2.1679,2458765.05965,FP
377144784,1619.01,2.3866952,2460447.12743,FP
99493790,162.01,7.764691,2459078.393053,APC
378291076,1620.01,1.5982014,2460422.2511,PC
387260717,1621.01,6.453624,2459659.579362,PC
388076005,1622.01,1.7126115,2459880.690181,FP
407394748,1623.01,0.7522775,2460311.882875,FP
461387302,1624.01,5.8089284,2460630.611572,FP
470852531,1625.01,1.49446,2458765.53404,FP
157586003,1626.01,3.3326189,2459391.184996,KP
424435940,1627.01,5.0172146,2459393.375248,KP
284475976,1628.01,2.1436364,2459825.459527,KP
310003988,1629.01,4.5421594,2459686.204782,KP
179317684,163.01,4.2311173,2458544.670293,CP
317597583,1630.01,12.0557353,2460654.567185,CP
29054413,1631.01,15.2521892,2458795.511502,APC
51024887,1632.01,8.2491871,2458797.344998,FP
165551882,1633.01,12.1582804,2458798.104217,FA
201186294,1634.01,0.98933,2458791.515001,CP
230086768,1635.01,34.9270483,2458736.130762,FP
58542531,1683.01,3.057524,2458816.411524,CP
85031598,1684.01,1.1549925,2460662.089606,PC
28900646,1685.01,0.6691449,2459910.938093,CP
102672709,1686.01,6.7053949,2458818.59873,PC
103448870,1687.01,10.2596322,2458816.843505,PC
121966220,1688.01,6.7171913,2459914.901064,FP
198384408,1689.01,9.1238101,2458823.255936,FA
183120439,169.01,2.2554459,2459062.718052,CP
267574918,1690.01,1.4079369,2459419.987351,CP
268334473,1691.01,16.7368995,2460458.306487,CP
288636342,1692.01,17.7286608,2459725.018258,PC
288636342,1692.02,32.2079698,2459717.485849,PC
353475866,1693.01,1.766692,2458817.684965,CP
396740648,1694.01,3.7701296,2458843.657627,CP
422756130,1695.01,3.1342946,2458791.519137,CP
470381900,1696.01,2.5005291,2459911.832125,CP
138168780,1651.01,3.7649949,2460474.181987,KP
154867950,1652.01,0.6664948,2458870.507719,FP
156724719,1653.01,10.9568722,2460658.881015,PC
258829450,1654.01,1.8347892,2460556.910025,PC
266500992,1655.01,3.2786617,2460662.313228,PC
267694283,1656.01,1112.7562924,2459935.313412,APC
27677846,1657.01,5.6309047,2459936.359525,FP
286561122,1658.01,0.6803433,2459910.5579,FP
288631580,1659.01,5.8775548,2459757.356321,CP
288631580,1659.02,3.3985674,2459907.339882,PC
147203645,166.01,5.0611315,2459065.316593,PC
311121985,1660.01,1.3561596,2460309.854705,FP
312122956,1661.01,2.0492064,2459547.065465,FP
339538183,1662.01,2.6093167,2459935.390685,FP
353367071,1663.01,2.37532,2458819.39874,FP
353782445,1664.01,11.835079,2460653.815299,PC
354006740,1665.01,1.76406,2458819.00417,FP
368536386,1666.01,1.69433,2458818.74012,FP
409183335,1667.01,3.32125,2458818.22815,FP
417705690,1668.01,2.363311,2460311.61688,FP
428679607,1669.01,2.6800536,2460660.823683,CP
149990841,167.01,4.4531846,2459387.893848,PC
441739020,1670.01,40.7501028,2460503.136603,CP
441739020,1670.02,10.9836724,2460468.361028,CP
441739020,1670.03,123.0586028,2458822.89838,PC
459903429,1671.01,8.13664,2458821.04876,FA
468828873,1672.01,3.8954139,2459957.440794,FP
470315428,1673.01,1.08625,2458818.19746,FP
73104318,1674.01,7.45494,2458822.59324,FP
81831095,1675.01,3.133084,2459935.218205,PC
8400842,1676.01,3.1915257,2460657.382557,KP
87090944,1677.01,0.6435807,2459910.373493,PC
96291218,1678.01,13.7058173,2459917.090821,FP
9837861,1679.01,0.6565741,2460312.310541,FP
369457671,168.01,2.31446,2458326.4928,PC
259168516,1680.01,4.8026561,2459657.394071,CP
321041369,1681.01,1.5379237,2460309.854007,PC
367366318,1682.01,2.7347651,2460662.485202,KP
1884091865,1697.01,10.716524,2459755.174741,PC
190223929,1698.01,17.04198,2458847.69726,PC
22705558,1699.01,4.5470055,2459606.910667,PC
394698182,170.01,3.7115129,2459387.008657,PC
23650642,1700.01,1.12355,2458843.38029,FP
274215536,1701.01,1.3341738,2459937.389746,PC
371210825,1702.01,0.40312,2458842.74962,FP
453387619,1703.01,1.2016105,2459605.526737,PC
95129101,1704.01,3.929983,2459575.195833,FP
137500798,1705.01,13.2054538,2460328.287633,FP
230377505,1706.01,4.5156072,2460654.274794,PC
230377505,1706.02,7.4057777,2460660.042173,PC
240148934,1707.01,2.02365,2458843.26677,FP
241173474,1708.01,11.44192,2458853.1211,APC
29119552,1709.01,7.6288424,2459597.198308,PC
309257814,171.01,1.238601,2458570.408133,PC
309257814,171.02,1.8135767,2458569.773308,FP
445805961,1710.01,24.2833782,2460439.666809,CP
461662295,1711.01,10.2558,2458844.85466,FP
67926921,1712.01,3.566276,2459606.849596,FP
15863518,1713.01,0.5572565,2458842.70969,PC
239154970,1714.01,3.4744763,2459603.425538,KP
142090065,1715.01,2.8269356,2459738.517459,FP
14336130,1716.01,8.082354,2460298.678071,CP
149833117,1717.01,4.052389,2460310.509106,PC
257241363,1718.01,5.5870396,2460278.309588,PC
293617835,1719.01,2.7552586,2460337.550728,PC
29857954,172.01,9.47686,2458326.92242,CP
356473034,1720.01,2.6158597,2459957.574412,KP
51234631,1721.01,4.1250429,2460339.400472,KP
85242435,1722.01,9.6052235,2460323.319677,PC
71431780,1723.01,13.7270395,2460307.768558,CP
81212286,1724.01,0.6850808,2458843.027821,FP
86396382,1725.01,1.0914304,2458842.997159,KP
130181866,1726.01,7.107934,2458845.373051,CP
130181866,1726.02,20.5438153,2459583.637103,CP
241225337,1727.01,1.8308782,2458842.784934,PC
285048486,1728.01,3.4913952,2459604.399093,CP
298666530,1729.01,0.5732797,2458738.738252,FP
270341214,173.01,29.7537451,2458333.410136,PC
270341214,173.02,9.1702265,2458329.295582,PC
318022259,1730.01,6.2262315,2459952.635271,CP
318022259,1730.02,2.1555232,2459961.132517,CP
318022259,1730.03,12.5739572,2459598.372283,CP
371234684,1731.01,3.9228042,2459603.86508,KP
470987100,1732.01,4.1192231,2459601.239901,PC
53427308,1733.01,5.80322,2458844.7654,FP
224596152,1734.01,28.8745078,2458688.866362,PC
365673804,1735.01,10.3857602,2460395.941454,PC
408618999,1736.01,7.0731057,2460660.093314,CP
233009109,1737.01,14.4479828,2460653.042568,PC
104208182,1738.01,3.6985817,2458792.656633,PC
159418353,1739.01,8.3033493,2460661.435023,CP
425997655,174.01,17.6671735,2460957.73363,CP
425997655,174.02,29.7975386,2460932.688545,CP
425997655,174.03,12.1623046,2460987.123543,CP
425997655,174.04,3.9766833,2460203.017928,CP
425997655,174.05,7.9076301,2460987.803312,CP
174041208,1740.01,19.428419,2458741.058614,PC
198206613,1741.01,10.9406641,2459852.091929,PC
219857012,1742.01,21.2690422,2460660.830697,CP
219860288,1743.01,4.2660553,2459660.494212,CP
229455001,1744.01,22.3417286,2460623.320439,CP
232635922,1745.01,5.984871,2459653.478364,PC
232650365,1746.01,2.5253323,2458684.784378,PC
232650365,1746.02,3.8776815,2459660.640991,PC
233071822,1747.01,2.7546548,2460657.306569,PC
233071926,1748.01,1.8318623,2459662.449114,PC
233602827,1749.01,4.4891367,2459763.323055,CP
233602827,1749.02,9.0447039,2459647.515197,CP
233602827,1749.03,2.3889051,2458684.354953,KP
307210830,175.01,3.6906759,2460688.70837,CP
307210830,175.02,7.4507305,2460039.154503,CP
307210830,175.03,2.2531062,2458354.907237,CP
237099296,1750.01,11.3373614,2459663.822557,PC
287080092,1751.01,37.4685042,2460607.061003,CP
287139872,1752.01,0.9351891,2459662.731174,CP
287139872,1752.02,32.7135406,2458704.636574,CP
289580577,1753.01,5.3846239,2459653.733754,CP
332477926,1754.01,16.2143217,2459662.802223,PC
356978132,1755.01,60.1848926,2460644.817094,APC
364074068,1756.01,2.7830114,2458764.851874,PC
367753709,1757.01,2.125687,2459633.261116,PC
367753709,1757.02,5.0097113,2458685.759866,PC
367858035,1758.01,20.7051499,2460421.696841,CP
408636441,1759.01,18.8500438,2460404.266149,CP
272086159,176.01,16.155373,2458649.291373,FP
420112587,1760.01,11.062666,2458691.531496,FP
424391516,1761.01,11.5922513,2459714.913736,PC
435680451,1762.01,24.141229,2458810.921261,PC
441739871,1763.01,3.797872,2458684.788007,PC
1551345500,1764.01,47.3860753,2459744.020242,PC
272672133,1765.01,3.493958,2459690.102516,PC
67666096,1766.01,2.7033942,2459635.207263,KP
8767448,1767.01,4.3532339,2458892.510627,KP
137906197,1768.01,7.3377236,2460331.444718,CP
287225295,1769.01,0.6097554,2460338.470141,APC
262530407,177.01,2.8531016,2460204.963281,CP
457138169,1770.01,1.0924536,2459605.893177,FP
252479260,1771.01,3.2122302,2460362.105227,KP
85293053,1772.01,8.0542207,2459628.849872,CP
85293053,1772.02,,2459618.707643,PC
332064670,1773.01,0.7365463,2458870.692828,KP
4897275,1774.01,16.7100422,2458872.341155,CP
9348006,1775.01,10.2405483,2459635.364326,CP
21535395,1776.01,2.8009915,2458871.488566,CP
29191624,1777.01,14.6503935,2459635.116524,CP
39699648,1778.01,6.5273884,2458875.997532,CP
67646988,1779.01,1.8817191,2459633.119867,KP
251848941,178.01,6.5578513,2460196.437088,CP
251848941,178.02,20.708504,2458354.55219,CP
251848941,178.03,9.9616347,2458362.954199,CP
251848941,178.04,3.2384253,2458356.107512,KP
251848941,178.05,15.2321843,2458364.914977,KP
99834717,1780.01,1.7063264,2459632.745042,KP
137881699,1781.01,2.9720774,2459633.496924,KP
160045097,1782.01,4.9877056,2459635.737444,CP
160045097,1782.02,1.8290294,2459632.816808,CP
160045097,1782.03,18.7559765,2459625.059505,PC
229938290,1783.01,1.4198659,2458871.091166,PC
241196395,1784.01,2.0937563,2459633.75904,APC
230386259,1785.01,11.0023133,2459944.890087,PC
86280613,1786.01,9.573548,2460325.905001,FP
372730331,1787.01,8.7046669,2459627.995561,PC
450327768,1788.01,5.34326,2458875.04671,FP
172518755,1789.01,3.2087149,2460279.071213,CP
207141131,179.01,4.1374403,2460985.999063,CP
310981412,1790.01,9.62517,2458684.16048,FA
233684293,1791.01,48.4808217,2459755.574206,FA
29191596,1792.01,8.8164887,2459629.386516,PC
304142124,1793.01,55.087,2460017.429225,CP
286916251,1794.01,8.7655468,2458715.310896,CP
135083444,1795.01,2.7917911,2458899.610227,FP
138819293,1796.01,2.6438856,2459639.963332,KP
368435330,1797.01,3.6451549,2459631.901476,CP
368435330,1797.02,1.0376109,2459635.926283,CP
198153540,1798.01,8.0214735,2458741.600395,CP
198153540,1798.02,0.4378083,2458739.074846,CP
8967242,1799.01,7.093853,2458904.815773,CP
51912829,180.01,0.8353899,2458325.896392,APC
17993892,1800.01,4.1244833,2459632.338336,KP
119584412,1801.01,10.6439385,2459648.619735,CP
138762614,1802.01,16.7961107,2458904.154502,PC
144401492,1803.01,12.8858629,2459659.055645,PC
144401492,1803.02,6.2932111,2459659.815411,PC
148679712,1804.01,4.9246365,2460364.133409,PC
165763244,1805.01,24.0510453,2458757.207853,PC
166648874,1806.01,15.1512051,2458909.543414,CP
166648874,1806.02,8.1960758,2458905.228249,PC
166648874,1806.03,0.5019031,2458899.698659,PC
180695581,1807.01,0.54937,2459664.070547,CP
307734817,1808.01,2.1075001,2458900.910995,FP
347329162,1809.01,4.6170519,2459659.915254,KP
76923707,181.01,4.5320502,2458358.118263,CP
373693175,1810.01,1.3273482,2459662.70189,KP
376524552,1811.01,3.7130701,2459661.050292,CP
207425167,1812.01,,2458924.593048,PC
207425167,1812.02,11.6098182,2458902.48287,PC
207425167,1812.03,48.3320223,2458909.510365,PC
377290815,1813.01,0.798,2458684.12719,FP
160440924,1814.01,6.3684627,2459653.488784,PC
233720539,1815.01,2.555332,2460559.904763,FP
237108272,1816.01,22.7873,2458688.28857,FA
285094173,1817.01,13.3983724,2459645.227114,PC
330799746,1818.01,5.5115114,2459639.827662,PC
341815767,1819.01,3.09374,2458685.5559,FA
76989773,182.01,1.7691703,2458355.082741,APC
393831507,1820.01,4.860673,2459661.328325,CP
82308728,1821.01,9.4893231,2459664.085255,KP
9392421,1822.01,9.6136615,2459623.129601,APC
142381532,1823.01,38.8135498,2460345.348566,CP
142387023,1824.01,22.8085719,2460362.103539,CP
229750058,1825.01,10.1824299,2459752.123396,PC
229400092,1826.01,4.1419805,2459761.726499,CP
390651552,1827.01,1.467119,2459691.149337,CP
232982938,1828.01,9.0941239,2459918.438376,CP
235905185,1829.01,6.2895835,2459775.884516,PC
183979262,183.01,3.4307565,2459063.727306,FP
20182165,1830.01,9.7815625,2459680.305818,FP
27194429,1831.01,0.5553244,2459665.464633,APC
307956397,1832.01,4.1508569,2459765.040315,PC
61098812,1833.01,3.6935997,2459684.730994,KP
71612483,1834.01,1.2164402,2459689.763585,APC
347332255,1835.01,5.6419598,2458932.763635,PC
347332255,1835.02,,2458937.873023,PC
207468071,1836.01,20.3807824,2458933.167227,CP
207468071,1836.02,1.7727505,2460477.136269,FP
144441148,1837.01,5.8182239,2458931.250769,APC
162689341,1838.01,2.1747062,2459717.232201,KP
381714186,1839.01,1.4238067,2459690.241643,PC
300871545,184.01,4.8170684,2460186.764732,FP
165987272,1840.01,7.8456075,2459658.642419,KP
168699373,1841.01,4.3011975,2459688.443452,KP
404505029,1842.01,9.5739531,2459680.103432,CP
258871793,1843.01,9.1469122,2458931.120722,FP
198108326,1844.01,3.2130578,2459685.398095,KP
272758199,1845.01,3.6610026,2459666.132177,PC
198385543,1846.01,3.9306746,2459884.349803,CP
54002556,1847.01,35.4557945,2459099.821541,KP
54002556,1847.02,12.7645811,2459130.150082,PC
219824469,1848.01,5.4809161,2459661.07431,FP
31943299,2619.01,12.4724734,2459331.034865,PC
70513361,262.01,11.1452784,2459136.576258,CP
394346647,2620.01,10.3558635,2459370.156605,PC
388202128,2621.01,2.4125012,2459387.772477,PC
382259755,2622.01,1.2207037,2459199.804071,PC
403288821,2623.01,0.5474737,2459085.611785,FP
349410350,2624.01,3.0235362,2459384.356179,PC
308396509,2625.01,2.1481182,2459963.148107,PC
300604770,2626.01,3.4562767,2459963.894598,PC
262829328,2627.01,1.0649771,2460882.402484,PC
260541432,2628.01,0.8715953,2459387.884973,PC
259901731,2629.01,11.4856846,2460134.412089,PC
120916706,263.01,0.5568212,2460934.124059,CP
391900348,2630.01,9.7130596,2460070.810197,PC
140067837,2631.01,6.6314357,2459065.405366,PC
231703293,2632.01,0.907105,2459085.547175,FP
386131764,2633.01,18.1960491,2459229.361575,PC
318812447,2634.01,,2459147.133574,PC
325172035,1939.01,2.8970202,2459308.612847,FP
211438925,194.01,4.8996461,2460198.831716,KP
7413227,1940.01,3.4158668,2459335.645193,APC
167009792,1941.01,1.133052,2460932.531044,FP
308919449,1942.01,1.6563738,2460012.02774,FP
382980571,1943.01,1.742573,2460091.697304,PC
461080504,1944.01,6.0988471,2459285.44868,FP
357536526,1945.01,1.57363,2458545.66094,FP
127315102,1946.01,10.8458712,2459338.849888,FP
460140752,1947.01,12.0077462,2460066.821944,FP
31268146,1948.01,3.6473383,2460013.457382,FP
334125713,1949.01,4.6211026,2459331.900044,PC
230982885,195.01,2.0727598,2458355.490424,KP
327663613,1950.01,1.41144,2458599.56984,FP
356590734,1951.01,4.829406,2459362.084735,PC
394509844,1952.01,6.89132,2458599.31398,FP
242536549,1953.01,0.6923563,2459359.132432,FP
466113537,1954.01,4.9064175,2460015.194354,PC
43429656,2163.01,5.2132496,2460474.956612,PC
49967354,2164.01,1.09333,2459010.86112,FP
73560357,2165.01,0.9499997,2459417.644616,APC
233680651,2166.01,5.1354577,2460555.594031,PC
160162987,2167.01,23.0531698,2459441.746048,FP
364075352,2168.01,37.83633,2458772.93351,FP
8516795,2169.01,8.2148505,2459773.747945,PC
260043723,217.01,3.1385856,2460982.315462,FP
154741689,2170.01,9.2786686,2460469.2444,PC
75656058,2171.01,1.78166,2459011.83317,FA
76197937,2172.01,1.78252,2459011.82925,FA
293567206,2173.01,0.6856225,2460311.597247,FP
159815224,2174.01,2.9601848,2459765.95946,PC
405717754,2175.01,4.4379727,2459770.377734,KP
123495874,2176.01,7.8914271,2459776.680872,KP
123233041,2177.01,3.5224751,2459445.304166,KP
164892194,2178.01,3.024111,2459392.686784,KP
237913194,2179.01,15.1689723,2459062.422964,CP
144124187,2395.01,7.8686762,2460014.603848,PC
333734769,2396.01,1.5099302,2459303.511289,APC
306337838,2397.01,6.00327,2459136.96686,PC
322807675,2398.01,19.4061437,2459285.441427,PC
219701535,2399.01,5.4681892,2459302.317644,PC
101948569,240.01,19.4723016,2458360.114761,PC
260849386,2400.01,1.0339,2458568.22176,FP
11521555,2401.01,5.8681984,2460012.073961,PC
1525480,2402.01,5.5094951,2459276.117338,PC
293435336,2403.01,1.8098811,2460985.484461,KP
142087638,2404.01,20.362741,2458509.255951,PC
142087638,2404.02,74.6068965,2458558.995549,FP
142087638,2404.03,74.6065192,2458512.163146,FP
231297123,2405.01,1.9792573,2459117.319524,PC
212957629,2406.01,3.0766835,2459115.976073,CP
153078576,2407.01,2.7029187,2459116.620626,CP
67630845,2408.01,9.4636148,2459128.296253,PC
358557578,2635.01,7.4547813,2459287.993926,PC
119925436,2636.01,3.1054901,2459280.998023,PC
349408306,2637.01,0.152076,2460014.399459,APC
458342769,2638.01,3.9299344,2459282.149063,PC
98753307,2639.01,15.3281169,2458584.385994,PC
122612091,264.01,2.2167436,2460988.072434,KP
135036669,2640.01,0.9112206,2459307.40102,PC
162802770,2641.01,4.880964,2459283.404103,CP
448589187,2642.01,3.0652926,2459304.823271,KP
152852327,2643.01,9.1720535,2459562.250418,KP
385332171,2644.01,9.7439744,2459300.317115,APC
372818426,2645.01,1.4436706,2460014.422616,PC
349966879,2646.01,0.3125737,2460933.755183,APC
234527228,2647.01,0.5136096,2460155.040725,PC
231833236,2648.01,4.773751,2460157.433427,PC
230980206,2649.01,3.375591,2458377.753706,PC
159951311,265.01,5.9242661,2459169.574874,KP
166184426,1955.01,16.3152,2458600.45092,FP
334911765,1956.01,0.88958,2458600.59694,FP
302659412,1957.01,14.5187891,2460083.974882,FP
356747847,1958.01,14.6483913,2459336.491983,PC
400323948,1959.01,3.2242808,2459336.010178,FP
234519192,196.01,1.1630372,2458354.303731,PC
318828309,1960.01,5.3418199,2459330.051424,PC
179319057,1961.01,6.7018963,2459352.079496,PC
141663464,1962.01,1.76447,2458601.34368,FP
190271688,1963.01,12.6534664,2459341.024374,FP
242083025,1964.01,0.6466988,2459307.492086,FP
295354126,1965.01,2.2778177,2459357.403106,FP
242120884,1966.01,0.6227257,2459334.47608,PC
320079492,1967.01,0.4262223,2459307.334625,APC
210445631,1968.01,3.97195,2458601.95696,APC
293708935,1969.01,2.6855915,2458597.350807,FP
441462736,197.01,14.2811731,2460927.616153,CP
32090583,218.01,0.4384814,2458325.547997,PC
32090583,218.02,8.3522143,2458328.408317,PC
298663873,2180.01,260.1740061,2459611.445537,CP
233068569,2181.01,8.379057,2459843.189547,PC
268823307,2182.01,3.5484481,2459444.706868,KP
1715469662,2183.01,6.5011256,2459789.284328,PC
176956893,2184.01,6.9067868,2459036.618741,CP
355096431,2185.01,7.2147718,2459036.889768,PC
238171173,2186.01,4.476922,2459040.677411,PC
270472265,2187.01,2.7492277,2460016.915327,PC
260797169,2188.01,3.735051,2459037.586804,PC
270342589,2189.01,4.4343277,2459037.695286,PC
260609205,219.01,4.4617755,2460184.852236,FP
389421473,2190.01,5.3160704,2459041.219803,PC
262471759,2191.01,4.0115394,2459037.349685,PC
277890574,2192.01,6.2643442,2459039.462278,PC
321068176,2409.01,12.9696927,2459121.065867,FA
77031414,241.01,1.3866519,2458355.195919,KP
248391319,2410.01,0.7988525,2459497.629903,APC
10837041,2411.01,0.7827075,2460987.464436,CP
10837041,2411.02,13.0512115,2460968.503799,PC
10837041,2411.03,19.8889892,2460972.243371,PC
684936227,2412.01,15.29859,2459134.75391,FA
206498307,2413.01,13.4190392,2459066.937927,FP
237320326,2414.01,1.7771109,2459062.739359,KP
161223358,2415.01,0.5153654,2459062.019708,PC
237922465,2416.01,8.2754608,2459352.544159,CP
49617263,2417.01,4.83266,2459139.2966,FP
65347776,2418.01,25.86696,2459133.37121,FP
358248442,2419.01,18.8812961,2460169.793147,PC
120585579,242.01,6.340315,2458357.778211,FP
268532343,2420.01,5.84259,2459136.26698,CP
70524163,2421.01,4.3474,2459139.61885,CP
453100296,2650.01,2.229735,2459964.818691,PC
29830212,2651.01,7.3164282,2459349.974976,FP
372852036,2652.01,2.484912,2459963.693795,PC
149394317,2653.01,0.9270535,2460934.300658,APC
200805484,2654.01,2.967599,2459168.071986,PC
166851829,2655.01,4.7277153,2459132.354491,PC
231065398,2656.01,7.7898378,2458392.685508,PC
160004025,2657.01,2.7985528,2459164.312459,PC
31634579,2658.01,8.8759249,2460135.330861,PC
147456499,2659.01,1.2558789,2459140.202044,PC
164767175,266.01,10.7511248,2460973.354682,CP
164767175,266.02,19.6050966,2460986.17995,CP
372817671,2660.01,5.0183771,2460936.704349,PC
144125079,2661.01,3.6257584,2459168.639577,PC
423672208,2662.01,3.790687,2458401.914156,PC
423666115,2663.01,0.58228,2459140.932852,APC
277871306,2664.01,3.9602774,2460277.924101,FP
186936449,2665.01,2.8456505,2460009.765012,PC
162695785,1970.01,2.5599667,2459308.323706,PC
253132689,1971.01,3.217824,2460062.383323,FP
267414551,1972.01,4.7631,2458571.46158,PC
47617161,1973.01,3.9194856,2459335.074889,PC
295562522,1974.01,5.438218,2459354.324182,APC
467281353,1975.01,2.8319354,2459332.170832,FP
329888006,1976.01,7.6943096,2459360.021406,APC
383531859,1977.01,17.0614756,2459352.185799,FP
458856474,1978.01,6.081043,2460751.695956,FP
458857720,1979.01,1.30924,2458571.79697,FP
12421862,198.01,10.2152025,2458356.371864,CP
127793615,1980.01,9.27898,2458604.91156,FP
378613125,1981.01,2.4763492,2460063.136243,PC
437329044,1982.01,17.1725007,2459323.825798,PC
89535068,1983.01,6.1110945,2459288.09218,FP
162246865,1984.01,0.5646193,2459331.916143,FP
469212332,1985.01,30.7864669,2460027.634922,APC
468997317,1986.01,7.5043829,2459256.974533,APC
401604346,2193.01,2.1223673,2459037.564542,CP
271478281,2194.01,15.3419095,2460141.982191,CP
24695044,2195.01,4.164514,2459039.461004,PC
372172128,2196.01,1.1953968,2459036.508778,CP
389352124,2197.01,4.954648,2460148.5999,KP
100566492,2198.01,4.9549631,2459040.905327,KP
369455629,2199.01,3.3771114,2459038.510574,KP
150098860,220.01,10.6953065,2460966.946848,CP
142105158,2200.01,2.9360281,2459384.869876,PC
219306934,2201.01,1.3477642,2460150.788041,PC
358107516,2202.01,11.9124942,2459041.912359,CP
355600246,2203.01,3.05631,2459038.655122,APC
467971286,2204.01,2.2250514,2459037.141234,KP
260298958,2205.01,0.8891483,2459036.525582,FP
381856447,2206.01,1.7690121,2459037.77354,KP
90850770,2207.01,8.000489,2459043.770189,CP
29919341,2422.01,18.23603,2459131.39396,APC
197807043,2423.01,,2459097.062,PC
313891529,2424.01,12.3750537,2459092.273962,FP
248387177,2425.01,50.6939885,2459436.979806,PC
97486178,2426.01,4.08165,2459168.00914,PC
142937186,2427.01,1.30613,2459169.61994,CP
274193763,2428.01,7.57017,2459168.03367,APC
420051632,2429.01,7.0846492,2458410.991988,PC
149010208,243.01,3.4373093,2458356.617596,APC
23170835,2430.01,1.10071,2459168.8759,PC
258804746,2431.01,0.224195,2460258.868869,CP
347553438,2432.01,1.82738,2459168.25205,PC
405763009,2433.01,,2458746.356236,PC
155001079,2434.01,1.3808138,2458739.678081,APC
298164705,2435.01,,2458743.374055,PC
154568734,2436.01,,2458722.393707,PC
251094370,2437.01,5.1660127,2459147.885503,PC
686072378,2438.01,1.9426003,2459175.406024,FP
170889511,2666.01,,2459259.141383,APC
348684813,2667.01,7.7517472,2459976.896634,FP
192076548,2668.01,1.1159326,2459279.678391,PC
348835438,2669.01,6.203496,2459985.604157,CP
166836920,267.01,5.7525804,2460988.126499,KP
190721237,2670.01,12.9281223,2459994.198115,PC
190081497,2671.01,3.1630387,2459991.730295,FP
129372561,2672.01,10.7189647,2460698.460263,APC
1018843,2673.01,1.9126596,2460011.626285,PC
434496663,2674.01,7.2972359,2459291.690613,APC
179033846,2675.01,1.476869,2459197.208589,FP
420016507,2676.01,3.4082154,2459168.078836,PC
398736713,2677.01,6.4967452,2458429.573362,PC
354517490,2678.01,3.4523955,2459221.389847,PC
323295908,2679.01,3.8539027,2459169.162947,PC
219253008,268.01,5.0661803,2460979.011377,PC
219366908,2680.01,0.6293198,2459199.016708,FP
209408136,2681.01,3.1292868,2459164.002226,PC
349088467,1987.01,2.5861562,2459283.07354,APC
161156159,1988.01,2.2818488,2460064.293216,FP
324395151,1989.01,3.4551479,2459309.575644,FP
309792357,199.01,104.8724252,2460877.951041,CP
457939414,1990.01,3.7899524,2459281.710853,FP
82707763,1991.01,6.6570835,2460065.075037,FP
147340931,1992.01,4.3114812,2459331.540551,FP
453464017,1993.01,3.9416903,2459352.660686,FP
445903569,1994.01,4.0337201,2460032.218521,CP
299023386,1995.01,3.1056464,2459327.827796,PC
275384718,1996.01,7.72433,2458576.4335,FP
142378043,1997.01,1.8359766,2460038.14653,PC
429295277,1998.01,1.10833,2458572.20786,FP
447206604,1999.01,7.2133579,2460033.285881,APC
410214986,200.01,8.1382222,2458332.308323,CP
371188886,2000.01,9.1270519,2460086.660775,CP
371188886,2000.02,3.098367,2460038.819877,CP
118084044,2001.01,2.7435213,2459256.141134,PC
38680052,2208.01,0.6743453,2459362.153557,PC
271806353,2209.01,3.4391152,2459362.84393,PC
316937670,221.01,0.62425,2458325.342966,FP
317089588,2210.01,12.7846809,2459042.902673,PC
212253390,2211.01,3.0926858,2459038.102648,CP
280803917,2212.01,5.1293855,2459039.726913,PC
406318573,2213.01,5.179282,2459036.45897,PC
272236017,2214.01,2.4156482,2460041.314701,PC
425561347,2215.01,5.7772122,2459040.86632,CP
39018923,2216.01,5.6807412,2459037.730148,PC
234330672,2217.01,3.8300359,2459039.604534,PC
348995212,2218.01,0.3456911,2460014.455131,APC
278138619,2219.01,10.1688722,2460074.804023,PC
144440290,222.01,,2458376.544,FP
150437346,2220.01,1.3926549,2459363.006828,PC
441420236,2221.01,8.4536777,2459041.281746,CP
274194927,2439.01,14.3614789,2459152.817497,PC
118327550,244.01,7.397216,2458357.364688,CP
129839175,2440.01,0.6461571,2459144.977997,APC
219175972,2441.01,12.8900899,2458335.504214,PC
219175972,2441.02,5.5514857,2458325.908591,PC
168871868,2442.01,17.1217196,2459183.305376,FP
318753380,2443.01,15.6692322,2459148.098617,CP
29959760,2444.01,1.6473887,2459145.041127,APC
439867639,2445.01,0.3711334,2458411.217326,CP
142868621,2446.01,18.685862,2458418.91465,PC
1167538,2447.01,,2459168.988935,CP
231721005,2448.01,9.0182016,2460121.423199,FP
231721005,2448.02,19.757918,2460966.234013,PC
170729775,2449.01,16.6542431,2459186.901539,CP
154618248,245.01,8.7709021,2460203.438659,PC
408114363,2450.01,17.8832414,2459179.177363,PC
200803270,2682.01,2.5981987,2459139.377363,PC
200320748,2683.01,1.5292851,2459197.662315,PC
161568891,2684.01,2.4756487,2459195.18388,PC
161479081,2685.01,3.4711465,2459197.748783,PC
159989004,2686.01,3.5746058,2459169.865852,PC
155993822,2687.01,4.0944492,2459164.974049,PC
98728690,2688.01,2.1415519,2459165.769957,PC
167714124,2721.01,4.162733,2459222.321706,PC
153725446,2722.01,0.708548,2459199.496171,PC
152477897,2723.01,3.3843865,2459165.376298,PC
119290630,2724.01,1.4875055,2459227.337401,PC
100780304,2725.01,0.1846924,2459227.295588,APC
100589633,2726.01,3.9471513,2459221.101893,PC
51830822,2727.01,0.6711626,2459227.430602,PC
42763678,2728.01,1.7246234,2459227.292219,PC
39724477,2729.01,4.0350169,2459211.895505,PC
279740441,273.01,0.7418594,2458386.095087,FP
37240067,2730.01,2.5082498,2459212.952234,PC
34729329,2731.01,0.9953936,2459227.225976,PC
356453768,2002.01,2.3330349,2460011.151332,FP
58463434,2003.01,,2458579.36532,PC
439610306,2004.01,1.79988,2458545.26565,FP
147660886,2005.01,17.3057923,2459293.9977,PC
41173048,2006.01,6.40938,2459194.004177,FA
219466784,2007.01,,2458872.68991,PC
70887357,2008.01,723.8345008,2458454.33261,FP
243187830,2009.01,1071.0898448,2458783.768755,PC
350618622,201.01,52.9787392,2460972.002829,CP
350618622,201.02,5.8492379,2460175.602477,PC
26547036,2010.01,1134.6723963,2459846.977285,CP
136916387,2011.01,11.5778362,2458631.767617,KP
136916387,2011.02,27.5920718,2458650.89757,KP
136916387,2011.03,,2460081.126376,KP
138294130,2012.01,3.0565259,2459716.992394,KP
188589164,2013.01,2.6162769,2458956.396322,CP
198588220,2014.01,4.8099755,2460497.317355,KP
306510653,2222.01,2.245686,2460933.69782,PC
273695332,2223.01,6.9309657,2459365.146877,PC
388198242,2224.01,0.5055105,2459988.772614,PC
271891552,2225.01,3.5775562,2460015.034505,PC
403135192,2226.01,0.9017685,2460179.543072,PC
405425498,2227.01,4.2217717,2460177.65724,APC
405425498,2227.02,11.5472009,2458335.051334,APC
61733521,2228.01,3.36296,2458655.87771,FP
143410850,2229.01,4.98668,2458660.25609,PC
326453034,223.01,14.445918,2458355.95751,FA
129432342,2230.01,1.79217,2459037.29826,FP
100504381,2231.01,5.46278,2460143.110815,FA
439444938,2232.01,11.45959,2459046.54248,PC
421455387,2233.01,2.50876,2460127.292119,APC
271491157,2234.01,2.91615,2459036.73041,APC
267093376,2235.01,17.14012,2460108.680976,APC
394722182,2236.01,3.5315897,2459389.337457,CP
389238529,2237.01,0.49642,2459036.5003,FP
4294779,2451.01,0.3438892,2459174.475148,FP
219208037,2452.01,0.9776805,2459229.062884,FP
59128183,2453.01,4.4414275,2458441.995227,PC
67782629,2454.01,8.5063687,2459174.855266,PC
434260570,2455.01,4.720489,2459177.19495,PC
311271011,2456.01,,2459178.894556,PC
117799904,2457.01,14.1993538,2459175.255066,PC
449197831,2458.01,3.7369689,2459177.402573,CP
192790476,2459.01,19.1047019,2458452.334564,CP
158623531,246.01,7.8728937,2458355.73229,KP
454224694,2460.01,0.515461,2459174.385712,APC
411839167,2461.01,6.1802614,2459175.327301,KP
248434780,2462.01,12.8643168,2459183.651187,APC
452375478,2463.01,10.6079445,2459179.182044,PC
32949762,2464.01,3.7684981,2459222.681031,KP
146523262,2465.01,3.759205,2459174.839411,PC
373844472,275.01,0.9195617,2460041.96466,APC
235300016,2750.01,6.8204309,2459223.251021,PC
231157209,2751.01,7.4710819,2459219.086064,PC
170367033,2752.01,4.9197461,2459248.958026,PC
168191686,2753.01,1.6281719,2459224.244649,PC
148233571,2754.01,0.9422588,2459226.37606,FP
148004811,2755.01,3.3187528,2459225.436514,PC
147437399,2756.01,1.5622382,2459224.754225,APC
147125706,2757.01,3.4813976,2459221.43807,PC
147034452,2758.01,4.5302876,2459222.921639,PC
134315574,2759.01,1.5971584,2459963.61295,FP
382188882,276.01,4.8000953,2459328.579795,FP
130611752,2760.01,0.4405893,2459963.18538,FP
96736412,2761.01,6.1214801,2459219.398202,PC
79431527,2762.01,3.9072351,2459220.661425,APC
78441371,2763.01,3.9980153,2459221.156105,PC
53122063,2764.01,2.276734,2459224.72084,PC
52976395,2765.01,1.0191022,2459226.689311,PC
284288093,2766.01,7.2748135,2459301.36904,APC
368287008,2015.01,3.3491408,2459712.928909,CP
219508169,2016.01,6.8161105,2460470.798919,PC
219508169,2016.02,2.4590369,2460477.432216,PC
219508169,2016.03,25.3369848,2459735.445738,PC
357416482,2017.01,5.49826,2460434.940249,FP
357501308,2018.01,7.4355709,2458958.257962,CP
159781361,2019.01,15.3468182,2460431.584231,CP
355509914,202.01,1.7386695,2458326.110175,PC
39903405,2020.01,5.633477,2460477.275907,KP
236312126,2021.01,3.9415041,2459713.291648,KP
11996814,2022.01,0.4487349,2458790.849435,FP
16884216,2023.01,11.1900486,2458964.128568,APC
255930614,2024.01,2.8758831,2460476.023499,KP
394050135,2025.01,8.8720542,2459754.939635,CP
407059875,2026.01,7.1925327,2459904.708769,PC
335996558,2027.01,1.46329,2458739.50775,FP
336456596,2028.01,0.77871,2458739.62994,FP
445254275,2029.01,2.57134,2458767.19721,FP
231077395,2238.01,3.3904897,2459965.35036,PC
388130235,2239.01,92.1950921,2459323.834757,FP
70797900,224.01,705.5844658,2458365.843684,APC
98494121,2240.01,3.06555,2458659.34688,FP
96973930,2241.01,3.3243,2458657.36252,PC
92562123,2242.01,6.53144,2459041.75877,PC
1990842033,2243.01,5.41418,2459040.094,APC
1989628303,2244.01,5.46377,2459039.62778,PC
278415929,2245.01,3.7981107,2459389.180943,PC
349786918,2246.01,2.9663389,2460772.168476,FP
376168473,2247.01,5.41402,2459040.0943,FA
179580045,2248.01,62.1624516,2460077.706461,PC
152714791,2249.01,1.27349,2459036.88269,FP
47525799,225.01,,2458355.118626,PC
264303333,2250.01,0.8153098,2460367.057256,FP
229715760,2251.01,11.5743561,2459945.371277,PC
233066156,2252.01,12.379649,2458844.736633,PC
367855829,2253.01,85.4244796,2458714.619721,FA
293612446,2466.01,2.6266983,2459493.9445,KP
71013298,2467.01,1.7556616,2458438.600908,PC
31114545,2468.01,24.4232697,2459196.87342,FP
117843067,2469.01,2.3767548,2459198.809559,FP
160148385,247.01,3.4252563,2458354.319774,KP
298981199,2470.01,7.1853092,2459199.511667,PC
71088556,2471.01,6.5857043,2459194.286421,PC
248650906,2472.01,,2459198.852539,PC
399868187,2473.01,1.2311781,2459199.202773,PC
449257028,2474.01,4.278752,2459197.576453,PC
373453507,2475.01,15.7925628,2459197.39928,FP
43868600,2476.01,3.8865992,2459196.637234,APC
412054152,2477.01,34.7769296,2460218.772868,PC
262435954,2478.01,2.6473916,2459174.685986,PC
167661160,2479.01,36.8382429,2458442.074601,PC
201793781,248.01,5.9910773,2460978.928981,PC
1449756,2480.01,11.3543085,2459199.593066,FP
262258341,2481.01,11.994832,2459193.255797,PC
92363023,2689.01,3.4180406,2459164.871015,PC
220479565,269.01,3.6977167,2458381.845549,CP
92359852,2690.01,4.1549988,2459167.712302,PC
71345362,2691.01,3.8821916,2459167.794838,PC
38399060,2692.01,3.6506781,2459163.769215,PC
30016082,2693.01,1.3225635,2459167.861473,PC
146467673,2694.01,1.6375324,2459198.068832,APC
140284353,2695.01,0.5566811,2459226.435976,APC
139445621,2696.01,6.409365,2459199.897242,PC
139445453,2697.01,4.3169755,2459199.867115,PC
100683605,2698.01,3.270563,2459223.847344,PC
77958378,2699.01,5.8259928,2459198.336939,PC
259377017,270.01,5.6604773,2460982.004741,CP
259377017,270.02,11.3796991,2460984.247091,CP
259377017,270.03,3.3601671,2460987.858405,CP
56096837,2700.01,4.6636858,2459196.570296,PC
44791617,2701.01,2.169466,2459166.358806,PC
43604949,2702.01,1.9422802,2459196.429516,PC
43475220,2703.01,6.1735306,2459193.235438,PC
259962054,203.01,51.94509,2459106.86029,FA
422656370,2030.01,1.3254567,2459880.870498,APC
470127886,2031.01,5.7156075,2459886.04634,PC
470159478,2032.01,17.0096703,2459737.544901,APC
53617134,2033.01,18.8243063,2459886.4891,PC
427279997,2034.01,2.89453,2458768.72753,FP
53709089,2035.01,8.51226,2458793.50485,PC
368320811,2036.01,1.261045,2460449.232339,PC
405559035,2037.01,11.1516668,2459639.813076,PC
405559035,2037.02,5.5470937,2459637.780899,PC
235937532,2038.01,3.7321195,2459913.435645,APC
237071229,2039.01,11.2479927,2460539.786844,PC
281781375,204.01,43.8297863,2458328.034407,PC
427730490,2040.01,3.8608551,2459740.365261,PC
54364414,2041.01,1.37477,2458792.09451,FP
269424395,2042.01,2.41872,2458768.14945,FP
346929661,2043.01,12.0135752,2460428.035206,PC
270333769,2044.01,4.1207509,2460418.367886,FP
233688779,2254.01,26.4579842,2460539.925232,PC
265146266,2255.01,11.9526103,2459727.117395,PC
262880065,2256.01,13.9631929,2458938.822446,PC
198485881,2257.01,35.1896444,2459606.202888,CP
219821826,2258.01,9.6799809,2459659.732563,FP
219501568,2259.01,16.5899263,2458961.789439,PC
47484268,226.01,,2458358.500535,FP
232568235,2260.01,0.3524597,2460423.375669,CP
229787062,2261.01,1.9011452,2458983.8672,PC
165530380,2262.01,1.4937342,2458684.016321,PC
159400561,2263.01,,2458708.384365,PC
235943205,2264.01,121.3342908,2458827.02652,PC
310231275,2265.01,0.8294084,2458956.331721,PC
8348911,2266.01,2.326343,2458957.9252,CP
459837008,2267.01,3.4950422,2458816.152459,CP
459837008,2267.02,2.0344366,2458817.092481,PC
459837008,2267.03,2.2891027,2458818.073212,CP
117938087,2482.01,14.9315582,2459187.828181,PC
219151731,2483.01,1.4853364,2459249.973749,FP
68035559,2484.01,8.3272872,2459686.111638,PC
328934463,2485.01,11.2347982,2459658.812257,CP
369376388,2486.01,1.5411764,2459167.655279,PC
394346745,2487.01,3.4024655,2459382.603668,PC
139251123,2488.01,10.7668398,2459066.14339,PC
279327604,2489.01,1.426951,2459062.945311,APC
179985715,249.01,6.6153188,2458359.541515,PC
77437543,2490.01,,2459180.691467,PC
80567842,2491.01,5.92777,2459205.124526,APC
282498590,2492.01,10.1004307,2459222.255014,FP
123664207,2493.01,,2459225.823327,PC
282576340,2494.01,8.3761316,2459210.732023,PC
282576340,2494.02,2.4087648,2459224.849091,PC
33091590,2495.01,7.795385,2459208.384505,PC
160328683,2496.01,1.5746828,2459175.520632,PC
34466256,2732.01,0.7029205,2459198.602275,FP
34266522,2733.01,3.7170532,2459222.295382,PC
21505121,2734.01,4.5879078,2459219.30652,PC
20069685,2735.01,1.9663653,2459226.43746,PC
91869778,2736.01,3.4771921,2460235.294959,FP
445946478,2737.01,3.3328544,2459549.813277,PC
445145355,2738.01,1.5174038,2458487.027945,PC
319473643,2739.01,3.1474843,2459965.536406,PC
281979481,274.01,0.5417947,2459362.157241,FP
301281965,2740.01,0.5348968,2459212.462934,APC
283303192,2741.01,2.9884191,2459210.246781,PC
282102605,2742.01,1.2541679,2458489.737849,PC
280212554,2743.01,1.1472535,2459212.045265,FP
279989567,2744.01,0.787177,2459226.18852,FP
237770757,2745.01,1.7932884,2459211.945554,APC
237736186,2746.01,4.9208778,2459209.392384,PC
237632488,2747.01,0.5209929,2459212.781596,APC
237552878,2748.01,4.7838171,2459205.662435,PC
235448190,2749.01,6.9724832,2459225.835075,PC
347013211,2045.01,9.07763,2459873.067934,PC
468574941,2046.01,1.4971447,2459882.348171,CP
363761216,2047.01,7.4072602,2460651.832302,FP
159873822,2048.01,13.7905315,2459704.448013,CP
314835525,2049.01,5.30329,2458768.86655,PC
281575427,205.01,4.2529857,2460929.161155,PC
316468545,2050.01,13.5970194,2460427.434017,PC
375850439,2051.01,1.1633325,2459854.289501,PC
1100766816,2052.01,1.62263,2458957.04205,FP
315755496,2053.01,4.27808,2459394.643317,FP
378355116,2054.01,3.5684459,2459875.429386,FP
322062001,2055.01,4.6981739,2459876.086576,APC
396356111,2056.01,10.2207,2458771.6773,APC
229888286,2057.01,5.5986337,2459668.434278,PC
326732851,2058.01,1.51567,2458766.42257,FP
403308915,2059.01,3.7543552,2459878.778991,FP
55650590,206.01,0.7363132,2458325.542536,CP
285542903,2060.01,2.2657506,2460448.014024,FP
20203297,2268.01,7.1566025,2458932.627916,PC
441798995,2269.01,1.4206036,2458683.350647,FA
441798995,2269.02,2.8411415,2459849.641958,PC
441798995,2269.03,10.4029111,2458686.456214,PC
2760710,227.01,,2458364.102069,FA
198178505,2270.01,,2458962.984125,PC
258389327,2271.01,26.5456672,2459753.691039,APC
265460043,2272.01,32.8236817,2458773.807867,APC
142117976,2273.01,46.5710978,2458845.707797,PC
289164482,2274.01,2.6796164,2458685.367259,CP
289164482,2274.02,1.1188024,2460337.873035,PC
272679240,2275.01,20.1546939,2458684.152198,PC
198456933,2276.01,76.8663962,2458725.707722,PC
288516853,2277.01,,2458998.981604,PC
243313296,2278.01,1.4663344,2459690.583683,PC
115623434,2279.01,3.1434463,2460473.945213,PC
97568467,2497.01,10.655694,2459205.098381,CP
263179590,2498.01,3.7382381,2459204.417815,CP
67196573,2499.01,2.5574812,2459226.410197,APC
184240683,250.01,1.6284288,2458355.508611,KP
206785987,2500.01,2.955314,2459225.954047,PC
134471108,2501.01,5.3262922,2459203.653227,PC
52689469,2502.01,3.1413825,2459202.042637,KP
124778445,2503.01,1.6751568,2459203.395868,KP
206906112,2504.01,13.5853506,2459212.614454,PC
443127052,2505.01,2.8972041,2459222.132135,PC
393298446,2506.01,14.9695925,2459211.074562,APC
354519019,2507.01,17.3051476,2458444.78902,PC
147430118,2508.01,1.6951056,2459226.246477,PC
143282930,2509.01,1.5339665,2459224.689855,APC
224225541,251.01,4.9377227,2458357.305138,CP
170103435,2510.01,1.9785151,2459984.552667,FP
124702477,2511.01,0.7951534,2459226.722059,FP
48806546,2767.01,0.934057,2459227.247759,PC
443556801,2768.01,1.5080197,2459225.646634,CP
443534757,2769.01,3.08858,2459224.451567,PC
439456714,277.01,3.9934418,2458385.036312,CP
438057373,2770.01,4.5697688,2459541.3175,PC
437893926,2771.01,3.8454384,2459548.185346,FP
435934762,2772.01,2.8504334,2459199.30433,PC
420962989,2773.01,0.5993364,2459199.858678,APC
388934707,2774.01,4.4430866,2459192.072276,PC
36574157,2775.01,3.7804749,2459210.630135,FP
35636165,2776.01,3.4590552,2459224.383812,PC
35483319,2777.01,1.9297769,2459225.1723,PC
332860211,2778.01,4.4445101,2459198.536737,PC
319735319,2779.01,2.9038027,2459224.225903,FP
244161191,278.01,0.299039,2458381.910527,PC
317546777,2780.01,4.9062135,2459217.923867,PC
317417916,2781.01,2.7636665,2459226.428052,PC
306903715,2782.01,4.8680805,2460234.255467,PC
302976834,2783.01,2.3044132,2459547.674708,PC
327577308,2061.01,1.45655,2458766.42545,FP
373785851,2062.01,4.04163,2458795.9996,FP
334811204,2063.01,21.07626,2458743.99764,PC
115524421,2064.01,8.8036803,2459735.852814,KP
356710041,2065.01,,2458932.291437,APC
141663460,2066.01,1.76442,2458601.34368,FP
147951030,2067.01,8.8128067,2460366.21096,PC
417931300,2068.01,7.7690887,2458683.416826,CP
198187049,2069.01,5.9214229,2458688.473496,PC
260271203,207.01,5.6492853,2458330.097007,FP
233182695,2070.01,6.3839247,2458684.428217,PC
198360694,2071.01,5.6739336,2459659.620814,PC
900715901,2072.01,3.167981,2459635.550895,PC
441642457,2073.01,53.1991439,2458745.519019,PC
158075010,2074.01,177.5830512,2458754.149159,PC
23814735,2075.01,4.7981694,2459690.292318,PC
27491137,2076.01,10.3563596,2459675.695029,CP
77044471,228.01,2.6865064,2458356.100116,KP
115583726,2280.01,18.6016754,2458959.940081,PC
264171144,2281.01,210.668358,2458765.860515,PC
237211410,2282.01,12.5520766,2458691.469822,PC
198211976,2283.01,0.4018586,2458683.724447,FA
115446313,2284.01,4.9707023,2460471.356355,FP
329148988,2285.01,27.2672016,2458747.184629,CP
237201858,2286.01,179.4031712,2458811.504844,PC
160077104,2287.01,11.8120707,2458688.985794,PC
462615350,2288.01,8.9172211,2458740.42419,PC
82452140,2289.01,63.39545,2458964.279078,PC
120610833,229.01,3.1260751,2458354.77371,KP
321688498,2290.01,0.3862197,2458764.986586,PC
236934937,2291.01,9.405877,2459620.204224,PC
236934268,2292.01,7.0767314,2459704.906266,PC
71347873,2293.01,6.0683318,2459600.314533,PC
124491883,2512.01,2.3933087,2459226.885867,PC
59842822,2513.01,2.5577037,2459225.861283,PC
317134140,2514.01,6.3951381,2459215.084143,PC
123627908,2515.01,5.9016526,2459227.261848,PC
295947393,2516.01,5.4927168,2459252.875826,APC
48178229,2517.01,2.6788253,2459225.683785,FP
96925186,2518.01,6.8979432,2459976.018757,PC
47720259,2519.01,6.9551242,2460687.147019,PC
237924601,252.01,1.0021853,2460041.401591,APC
177414713,2520.01,2.0944084,2459225.974236,PC
72556406,2521.01,5.563087,2459227.249446,APC
148883384,2522.01,2.0988541,2459223.890954,PC
443213925,2523.01,4.6410823,2459225.084837,PC
169249234,2524.01,7.1858029,2459527.431854,CP
149601126,2525.01,23.3418536,2459174.013303,CP
149601126,2525.02,49.2445599,2459074.030906,CP
380836882,2526.01,8.011385,2459381.86834,PC
126572546,2527.01,2.3018922,2459989.812252,PC
32677675,2704.01,3.6364993,2459225.757456,PC
169448771,2705.01,18.010652,2459165.598824,PC
457202957,2706.01,1.8851834,2458461.885377,PC
455036659,2707.01,4.007232,2459194.067914,KP
452810327,2708.01,2.3540172,2459197.357111,FP
452810326,2709.01,2.3540163,2459197.356321,PC
259511357,271.01,2.475987,2460984.491087,APC
408231638,2710.01,10.7448417,2459196.318036,PC
396896334,2711.01,5.7604868,2459190.700563,PC
362026280,2712.01,3.078479,2459195.831917,PC
332660287,2713.01,1.2434016,2459197.326471,FP
332534326,2714.01,2.4993895,2459168.948798,CP
311239796,2715.01,4.9640641,2459515.126171,PC
284859630,2716.01,7.5420435,2459194.254825,PC
269077474,2717.01,1.3164901,2459197.192883,FP
248655096,2718.01,2.7625084,2459196.564554,PC
176314383,2719.01,3.3759446,2459197.636818,CP
268766053,272.01,3.3098458,2459140.875701,KP
169448297,2720.01,2.1473577,2459199.697082,PC
27491137,2076.02,35.1257472,2459675.93251,CP
27491137,2076.03,21.0153047,2459673.364369,CP
230075227,2077.01,6.1155829,2460348.12211,PC
159244568,2078.01,6.2772478,2458820.249587,FA
224298134,2079.01,1.4923179,2458711.967129,PC
224298134,2079.02,9.3174113,2458720.556268,PC
314865962,208.01,22.4586196,2458335.989204,PC
367739494,2080.01,63.5809449,2458689.532084,PC
321669174,2081.01,10.5054362,2459757.444606,CP
321669174,2081.02,5.1097197,2458686.965949,PC
160039081,2082.01,30.2004765,2460444.153514,PC
233633993,2083.01,17.969639,2458695.867578,PC
441738827,2084.01,6.0784031,2459652.834382,CP
441738827,2084.02,8.1490285,2458745.410754,FP
103633672,2085.01,,2458850.32085,PC
230387153,2086.01,41.7540004,2459772.489982,PC
284361752,2294.01,340.3877311,2458691.694075,PC
48018596,2295.01,60.06632,2458713.454918,PC
165554103,2296.01,139.2632286,2458720.261652,PC
233500935,2297.01,22.048775,2459623.756729,PC
229608594,2298.01,,2458960.029434,PC
362220495,2299.01,165.0031583,2458798.44781,FA
160074939,230.01,13.340145,2458366.329788,FA
280031353,2300.01,4.8566656,2459445.193065,PC
280031353,2300.02,15.4432661,2459646.961969,PC
280031353,2300.03,,2459398.739519,PC
283829553,2301.01,6.0541622,2460414.841007,PC
144000801,2302.01,1.3103832,2459063.140785,APC
197959526,2303.01,0.7196291,2459061.885478,FP
70420766,2304.01,9.4070515,2459063.308262,PC
232079930,2305.01,0.918902,2459062.290253,APC
147284470,2306.01,2.9905745,2459064.314222,PC
83154030,2528.01,11.7248927,2459331.4467,PC
269333648,2529.01,64.5947,2460734.735653,CP
322063810,253.01,3.5104148,2458355.622789,PC
52059926,2530.01,,2458350.181,PC
262843259,2531.01,8.1484094,2460158.3149,PC
20579360,2532.01,16.7224532,2459311.204445,PC
418012030,2533.01,6.6857865,2459682.185785,PC
219332978,2534.01,,2458346.575296,PC
204698337,2535.01,16.4452725,2458576.764481,PC
20299658,2536.01,31.9919595,2459191.600297,PC
399967279,2537.01,94.0997954,2459475.467243,CP
443115574,2538.01,2.9103781,2459226.24224,PC
201508515,2539.01,0.985586,2459202.613025,PC
49687222,254.01,20.186539,2458360.073308,FA
354518617,2540.01,12.7187255,2458480.943804,PC
354518617,2540.02,22.0819969,2459223.145597,APC
31054498,2541.01,1.4118418,2459199.006353,PC
431971818,2542.01,4.1133928,2459963.882685,PC
23740089,1849.01,9.862756,2460412.030494,APC
100100827,185.01,0.9414525,2460205.353322,KP
149577217,1850.01,7.39143,2458931.03559,APC
378976682,1851.01,6.0179742,2459688.751118,APC
219728669,1852.01,2.3601883,2459690.342687,PC
73540072,1853.01,1.2436239,2459690.743436,CP
157225097,1854.01,2.5267353,2459667.101712,PC
81247740,1855.01,1.3641482,2459690.637842,CP
224313733,1856.01,197.0336254,2459517.338757,FP
180652891,1857.01,0.7759895,2459663.219189,APC
424733642,1858.01,2.0912089,2459691.122281,PC
229742722,1859.01,63.4839358,2460503.687053,CP
279741379,186.01,35.6133889,2460985.704053,CP
279741379,186.02,7.7897886,2460980.806574,CP
202426247,1860.01,1.0662082,2460367.147621,CP
323295479,1861.01,742.5142746,2458622.92527,PC
321668398,1862.01,5.6442112,2459768.446771,CP
356919658,1863.01,1.42611,2458683.89879,FP
230387153,2086.02,20.261655,2459662.482575,PC
219462190,2087.01,,2458709.129054,PC
441765914,2088.01,124.72987,2459517.9957,CP
341815197,2089.01,49.9950015,2459790.282263,PC
52204645,209.01,4.3794298,2458325.884839,APC
233721037,2090.01,230.92212,2458715.333688,PC
219778329,2091.01,177.2188871,2458742.87474,PC
393965778,2092.01,4.3032642,2458740.668245,PC
402898317,2093.01,53.8108713,2458751.624048,CP
356016119,2094.01,18.7931749,2458691.319362,PC
235678745,2095.01,17.664866,2458692.799727,CP
235678745,2095.02,28.1722501,2458704.29023,CP
142748283,2096.01,3.1190716,2459601.846172,CP
142748283,2096.02,6.3878202,2458687.53823,CP
279982557,2097.01,1.7890217,2458712.393015,FP
356700488,2098.01,,2458756.674319,PC
270219048,2307.01,2.6820061,2459062.612091,PC
234489976,2308.01,3.86866,2459063.02134,PC
328012209,2309.01,20.2656358,2459044.333033,PC
204376737,231.01,3.3610013,2458357.394744,KP
38467100,2310.01,2.9432073,2459357.895903,PC
25139786,2311.01,1.5933772,2459062.770201,APC
147425389,2312.01,3.1856867,2459063.37533,PC
325468685,2313.01,1.8905304,2459063.002235,PC
355446093,2314.01,15.937546,2459063.240033,PC
302333151,2315.01,1.440707,2459062.373149,APC
61980227,2316.01,3.0958985,2459064.594292,FP
274599700,2317.01,,2459002.081234,FP
88840705,2318.01,,2459026.647613,APC
349488688,2319.01,,2459002.765265,CP
349488688,2319.02,11.6207544,2458994.287456,KP
402026209,232.01,1.3382314,2458355.184421,KP
207501148,2320.01,,2459007.727293,FP
270604417,2543.01,7.5427509,2459233.347042,CP
341419787,2544.01,21.0689935,2459230.852582,FP
149845414,2545.01,7.9940367,2458522.513973,CP
388089437,2546.01,2.1811989,2459578.592429,APC
444013020,2547.01,2.3114203,2459228.794258,KP
350293646,2548.01,8.5234958,2459985.304174,KP
350293646,2548.02,1.4468993,2459985.331564,CP
80711765,2549.01,4.8580501,2459230.288533,PC
204317710,255.01,2.8126485,2459090.083321,KP
294500964,2550.01,9.0702531,2459966.572012,FP
6276559,2551.01,5.436841,2459244.80572,PC
31515092,2552.01,2.3701119,2459230.693395,PC
238542895,2553.01,8.3848067,2459232.131956,PC
144043410,2554.01,6.2636501,2459230.661673,FP
155491828,2555.01,16.0475029,2459233.496293,FP
468981993,2556.01,8.0149323,2459966.962573,APC
229791084,1864.01,1.6453265,2459766.543741,KP
207425203,1865.01,1.2239134,2459742.663844,APC
400430915,1866.01,2.1863095,2459797.900124,PC
400476523,1867.01,18.10671,2458700.97371,FP
230087585,1868.01,8.8263579,2459940.409366,PC
299780329,1869.01,1.6024387,2459362.742783,PC
260304296,187.01,0.5125807,2459962.995091,APC
230375747,1870.01,2.7633917,2459694.209214,PC
233503636,1871.01,3.40612,2458685.82187,FP
229490898,1872.01,2.2349708,2459765.196316,PC
328933398,1873.01,24.9341884,2459753.685026,PC
328933398,1873.02,900.1930987,2458848.638767,PC
328933398,1873.03,7.0056805,2459583.708287,PC
232641326,1874.01,17.8683999,2459756.864289,APC
233047097,1875.01,11.3091849,2459857.086857,PC
233078665,1876.01,6.4827647,2459945.349797,PC
233497719,1877.01,3.801591,2460534.067363,FP
230386397,2099.01,19.5078657,2459626.670376,FP
141608198,210.01,9.0105414,2459338.99312,PC
219436394,2100.01,23.6573994,2459605.640236,PC
165527918,2101.01,9.0753271,2458690.4168,PC
289590465,2102.01,6.7060238,2458687.583784,PC
289590465,2102.02,,2459958.470839,PC
160491359,2103.01,2.6620728,2459663.746739,PC
160491359,2103.02,20.2926468,2458697.682402,PC
367630162,2104.01,3.2723118,2460336.160755,PC
367630162,2104.02,5.904369,2460329.870632,PC
367630162,2104.03,15.1808746,2460335.884786,PC
367630162,2104.04,1.9803146,2460336.943627,PC
367630162,2104.05,9.56111,2458687.794321,PC
156199502,2105.01,15.9152686,2459422.272665,PC
393911494,2106.01,0.6332593,2458899.861702,FP
446549906,2107.01,2.45457,2458654.61467,CP
138126035,2321.01,716.3497402,2458954.324139,PC
300812741,2322.01,20.2254946,2459037.417539,CP
300812741,2322.02,11.3071786,2460160.451337,CP
293527670,2323.01,0.98656,2459086.60982,FP
69819610,2324.01,1.0371672,2460933.032738,PC
152800085,2325.01,4.26991,2460155.146047,APC
175456679,2326.01,58.9970907,2460201.334015,PC
177308364,2327.01,82.7899763,2458396.537731,PC
394287035,2328.01,17.1019622,2459356.607647,CP
238920875,2329.01,6.5346715,2459966.265304,PC
415969908,233.01,11.6700285,2458365.261451,PC
415969908,233.02,7.2011383,2458359.471437,PC
180991313,2330.01,2.2088214,2459329.30801,KP
168751223,2331.01,4.7150942,2459167.334911,PC
286000547,2332.01,7.4972297,2459273.75932,PC
358579111,2333.01,14.2197641,2459169.298095,PC
200743403,2334.01,7.9980831,2459169.12445,PC
160003961,2335.01,1.4492052,2459169.502915,APC
269400980,2557.01,9.8302309,2459238.558507,PC
283307274,2558.01,17.7859152,2459233.127609,PC
441453629,2559.01,4.2002507,2459060.081876,PC
92226327,256.01,24.7373412,2458399.928643,KP
92226327,256.02,3.7779418,2459141.100488,KP
441155146,2560.01,3.5511203,2458348.918997,PC
422385684,2561.01,2.7754004,2459852.046181,PC
420177051,2562.01,4.0483695,2459770.738717,PC
387409975,2563.01,5.0182311,2459828.802298,PC
334482103,2564.01,3.7257237,2459501.939674,PC
321086563,2565.01,3.9704457,2459966.257472,PC
284679064,2566.01,4.2102425,2459609.378383,PC
258920431,2567.01,5.9839451,2459390.75286,CP
257067559,2568.01,3.4843271,2459251.583946,PC
248655556,2569.01,13.1147744,2459174.659675,PC
200723869,257.01,18.3877081,2459121.270086,CP
239816546,2570.01,2.9887654,2459500.741002,CP
219762508,1878.01,3.2351013,2459911.907728,PC
243335710,1879.01,13.7045951,2459703.289921,PC
280830734,188.01,1.1619531,2458325.775309,APC
359357695,1880.01,1.7263781,2459333.898275,PC
59859387,1881.01,1.1203828,2459987.207387,FP
396368313,1882.01,3.0898836,2459334.446718,PC
348755728,1883.01,4.5063838,2459256.846553,CP
219879302,1884.01,6.7822781,2458928.3396,PC
258510872,1885.01,6.5440665,2459736.999544,CP
403136415,1886.01,2.5128483,2459062.639615,PC
229586455,1887.01,2.2001583,2459884.269522,PC
459997997,1888.01,5.547485,2459328.032732,FP
139771134,1889.01,0.9134495,2459036.732943,APC
278866211,189.01,2.1940616,2460876.857996,FP
288636599,1890.01,19.9676936,2459884.073661,PC
139198430,1891.01,15.3617729,2460176.504188,APC
347538174,2108.01,6.8019625,2459719.380198,APC
392476080,2109.01,0.67249,2458984.38888,CP
300293197,211.01,6.5638651,2460981.057077,APC
394029948,2110.01,32.76639,2458687.55509,FA
356235833,2111.01,1.2680452,2460479.42095,FP
427320001,2112.01,14.0120582,2459729.804553,PC
427320001,2112.02,155.8237,2459856.006624,PC
1400212743,2113.01,5.24612,2458984.22398,FP
9828416,2114.01,6.2099619,2460476.661598,PC
54464870,2115.01,3.6944323,2460447.794803,FP
422838133,2116.01,5.3089937,2460644.06098,FP
279212407,2117.01,28.6620782,2458971.41863,FP
17416749,2118.01,2.34483,2458956.56894,FP
236387002,2119.01,7.2008611,2460442.055186,CP
206609630,212.01,0.3352715,2458325.490344,APC
389900760,2120.01,5.7998189,2458795.822874,CP
88996391,2121.01,2.3195654,2459718.98744,APC
88902249,2336.01,7.7119842,2460083.976548,CP
230001847,2337.01,2.994263,2459769.981102,CP
24358417,2338.01,22.6539607,2459183.68068,CP
279514271,2339.01,9.7728388,2459964.335411,PC
12423815,234.01,2.8392793,2458356.087715,PC
29959761,2340.01,1.6471574,2459169.749893,FP
100267480,2341.01,0.87741,2458681.75145,FP
100589632,2342.01,3.9471567,2459221.101551,FP
166834768,2343.01,3.2553185,2459169.676986,PC
311179742,2344.01,8.3129806,2459380.743164,PC
91555165,2345.01,1.0526157,2459116.731575,CP
91555165,2345.02,42.1289893,2459120.29967,CP
317483660,2346.01,3.3311975,2459224.055885,PC
301343785,2347.01,1.1736318,2459169.738716,APC
317019074,2348.01,1.2043785,2459225.439688,PC
405452527,2349.01,11.5738497,2459997.913355,APC
280095254,235.01,10.090259,2458357.283835,PC
47601197,2350.01,8.6251769,2458476.588785,PC
239638934,2571.01,6.0027375,2458760.818232,FP
234489133,2572.01,3.5985851,2459247.433122,PC
160037058,2573.01,4.5815438,2459080.877819,PC
159332859,2574.01,4.4817684,2459760.398697,PC
142784687,2575.01,3.1711207,2459603.650328,PC
115453244,2576.01,3.8229149,2459544.238408,PC
112316665,2577.01,3.7494409,2459252.521548,PC
104986789,2578.01,3.4580018,2459911.4801,PC
103751498,2579.01,3.7146478,2459600.117319,KP
350445771,258.01,3.1901569,2458326.804271,FP
102713734,2580.01,3.397862,2458839.453257,CP
37862966,2581.01,3.5838508,2459192.543648,PC
21279791,2582.01,3.0183134,2459772.286216,PC
7548817,2583.01,4.52074,2459735.896093,CP
458641144,2584.01,4.6965638,2459245.2948,PC
62530991,2585.01,4.0266483,2459986.942214,FP
458647887,2586.01,9.5835608,2459242.410211,PC
68007716,2587.01,5.4566563,2459244.752232,CP
63698669,1892.01,1837.8897313,2458364.629487,PC
264544388,1893.01,,2458824.861486,PC
280865159,1894.01,739.2389832,2458387.072971,PC
384159646,1895.01,748.0739416,2459362.934319,PC
174302697,1896.01,,2458743.727014,PC
420645189,1897.01,48.5340395,2459000.999918,FP
420645189,1897.02,48.5338626,2458837.476698,FP
91987762,1898.01,45.5221456,2459531.564033,CP
172370679,1899.01,29.0902271,2459439.215254,CP
166739520,190.01,10.0205932,2460982.967362,KP
178879588,1900.01,3.0566277,2459145.468004,KP
19684256,1901.01,1.3666563,2459278.312088,KP
272212970,1902.01,1.6091845,2459332.042845,KP
77156657,1903.01,3.8404319,2459196.572151,KP
272213425,1904.01,4.3247708,2459327.622593,KP
429302040,1905.01,5.72226,2458574.14194,KP
308098254,1906.01,9.6246665,2459299.07674,KP
311408969,2122.01,3.5852284,2459767.525934,KP
105840719,2123.01,10.3088514,2458990.815776,PC
159742538,2124.01,3.5539283,2459767.927156,KP
116242971,2125.01,5.0316347,2460505.171214,KP
116264089,2126.01,1.306188,2459391.063502,KP
21744120,2127.01,5.5080682,2458983.744992,KP
21832928,2128.01,16.3413889,2458987.266354,CP
101721385,2129.01,4.627664,2459762.100336,KP
234345288,213.01,23.5199045,2460177.887219,PC
234345288,213.02,7.7565534,2458328.442759,PC
320798691,2130.01,5.0052605,2459010.827728,KP
27848472,2131.01,1.8468345,2460338.136034,KP
358516596,2132.01,3.2440454,2459391.154184,KP
39200363,2133.01,3.8266587,2458985.882828,PC
75878355,2134.01,9.2292078,2460496.590963,CP
75878355,2134.02,95.8531625,2460485.79438,CP
47601197,2350.02,4.8714085,2458480.358848,PC
290036495,2351.01,5.2524809,2459552.675285,APC
32925763,2352.01,1.6804461,2459226.279737,PC
177079323,2353.01,5.7517969,2458544.487802,PC
219766989,2354.01,0.5109902,2459332.152874,FP
124515764,2355.01,1.2709769,2459332.174614,PC
30947715,2356.01,3.66275,2458489.40504,PC
124206468,2357.01,7.0924883,2459329.732281,PC
124095888,2358.01,1.1258127,2459331.195756,FP
436102447,2359.01,5.1858,2458486.39266,PC
9727392,236.01,4.534451,2458355.325711,FP
31656385,2360.01,22.84518,2459073.99562,FP
204671232,2361.01,8.71546,2458595.20891,PC
302924206,2362.01,6.9444047,2460157.921115,PC
445456888,2363.01,5.5436298,2459968.015542,PC
39414571,2364.01,4.0197555,2459227.044447,CP
344085117,2365.01,0.659752,2459962.920417,FP
39218269,2366.01,17.1869882,2459224.966718,APC
284418751,2588.01,3.587158,2459962.850922,PC
157698565,2589.01,61.6277,2459973.640012,CP
12862099,259.01,2.4238226,2458386.578118,KP
234832821,2590.01,0.7460577,2459226.458235,PC
229285649,2591.01,8.493027,2459544.881796,FP
284122875,2592.01,3.4559382,2459226.215173,PC
258983679,2593.01,1.4711386,2459226.380017,PC
229167359,2594.01,2.682814,2459227.018066,PC
151284882,2595.01,3.817421,2459547.608503,APC
37089434,2596.01,16.2709828,2459220.286778,APC
220139435,2597.01,3.6039259,2459221.281298,PC
12036590,2598.01,5.73436,2459226.801169,FP
235333495,2599.01,4.1554362,2459219.625683,PC
37749396,260.01,13.4758478,2458392.294018,CP
234160911,2600.01,5.3376282,2459216.749879,PC
456844391,2601.01,6.0210332,2459246.20878,PC
191928543,2602.01,7.234064,2459991.062533,APC
176772671,2603.01,1.3326579,2460719.073071,FP
453789494,1907.01,5.4774433,2459354.693899,KP
37718056,1908.01,3.65688,2458384.09392,KP
232038798,1909.01,4.1536624,2459252.138447,KP
183532609,191.01,8.1587261,2460202.792714,KP
437261733,1910.01,5.4161129,2459296.222791,KP
44745133,1911.01,7.8181434,2459166.297772,KP
50712784,1912.01,5.4053583,2459249.035676,KP
53458803,1913.01,3.3489038,2459252.258036,KP
53750200,1914.01,4.1933422,2459232.244495,KP
98283926,1915.01,2.2920348,2459253.248463,KP
98545929,1916.01,1.888231,2459251.405758,KP
339522221,1917.01,1.82069,2458655.29768,KP
308425348,1918.01,3.39829,2458571.7908,FP
102192004,1919.01,4.2337078,2459328.761216,KP
183537452,192.01,3.9227113,2460929.713786,KP
363851359,1920.01,2.5441537,2459331.95356,KP
112099249,1921.01,5.17958,2458604.17084,KP
112604564,1922.01,4.5768651,2459233.316814,KP
76419763,2135.01,2.7884723,2459414.394742,KP
336128819,2136.01,7.8519082,2459394.593726,CP
23059280,2137.01,14.1502269,2459393.08477,APC
336267424,2138.01,1.4821845,2458684.221959,FP
308172249,2139.01,1.4013784,2459768.65359,KP
167415965,214.01,18.5536802,2460971.30662,PC
167415965,214.02,9.6959841,2460678.903484,PC
399860444,2140.01,2.4706114,2459012.510963,KP
287256467,2141.01,18.2616878,2460453.432236,CP
44313455,2142.01,9.3004351,2459014.835542,PC
103195323,2143.01,5.5899401,2460470.992666,PC
428988981,2144.01,37.3415931,2460584.029269,PC
88992642,2145.01,10.2611329,2460470.361827,CP
158916431,2146.01,5.8924856,2459765.039868,FP
341630071,2147.01,26.2049782,2459599.176807,CP
233569098,2148.01,23.48522,2458693.42328,FP
441159680,2367.01,5.74984,2459084.78676,PC
401125028,2368.01,5.1750108,2459990.646884,CP
220068921,2369.01,3.3651586,2460989.763421,PC
305048087,237.01,5.4361667,2458355.241753,CP
347357977,2370.01,12.6826724,2459262.512418,PC
432132155,2371.01,4.8984239,2459275.495126,PC
189620016,2372.01,1.1793395,2460718.288102,FP
332558858,2373.01,13.3368173,2459168.5071,CP
439366538,2374.01,4.3135917,2459064.195632,CP
164150537,2375.01,6.1600755,2459850.541356,PC
326522874,2376.01,3.1821969,2459091.168424,PC
146165619,2377.01,1.6766686,2459088.7876,APC
231063955,2378.01,3.4972769,2459090.745961,PC
201177276,2379.01,5.4693888,2459062.464298,CP
9006668,238.01,1.2730965,2460205.747992,CP
176220787,2380.01,5.2153618,2459092.524257,KP
39080923,2381.01,5.0451188,2459039.751951,PC
189625051,2604.01,4.9088819,2460720.074783,KP
146776480,2605.01,20.6006151,2459978.593736,APC
355800238,2606.01,1.4509175,2459330.683649,PC
149539158,2607.01,2.2338786,2459256.970786,FA
269850928,2608.01,4.724665,2459965.829329,PC
308883808,2609.01,1.1645141,2459988.5342,APC
63898957,261.01,3.3639254,2458383.915624,CP
63898957,261.02,13.0393586,2458389.727185,CP
268914377,2610.01,2.1538959,2459229.716478,FP
234282389,2611.01,0.7320175,2458352.484922,FA
149572298,2612.01,13.3572104,2459379.018087,PC
52315301,2613.01,15.2010859,2460155.218217,PC
263075864,2614.01,4.8103214,2459037.589401,PC
38965512,2615.01,2.2687617,2460156.176169,PC
273850708,2616.01,1.8531628,2460154.915572,PC
260537454,2617.01,6.3187442,2460935.687846,PC
231076038,2618.01,8.2500143,2459382.783301,PC
114299824,1923.01,4.2042078,2459229.337707,KP
371443216,1924.01,2.8240691,2459358.688506,KP
118956453,1925.01,2.3447752,2459279.602393,KP
143143769,1926.01,1.3372349,2459175.372553,KP
14344979,1927.01,4.1117731,2459255.860453,KP
207077681,1928.01,2.278575,2459061.944577,KP
157266693,1929.01,3.8537616,2459329.357403,KP
183985250,193.01,0.7920645,2460933.175839,CP
160578764,1930.01,2.8786641,2459355.488108,KP
162922904,1931.01,3.8186276,2459331.431765,KP
386259537,1932.01,5.6107737,2459228.937203,KP
172598832,1933.01,3.2633165,2459201.975798,KP
125739286,1934.01,4.5111234,2459351.553003,KP
176685457,1935.01,4.4352884,2459272.947539,KP
178289267,1936.01,2.3506186,2459167.711102,KP
268301217,1937.01,0.9466787,2459989.041517,CP
128449971,1938.01,12.7060866,2459346.073496,APC
1716467085,2149.01,0.5842495,2460367.227586,PC
231912935,215.01,26.2851404,2458334.396978,PC
230267547,2150.01,2.2263798,2459768.269102,FP
23389848,2151.01,15.64643,2459014.36854,FP
395393265,2152.01,3.3772835,2459883.441847,CP
406855039,2153.01,2.7180835,2459391.951972,FP
428787891,2154.01,3.8240826,2459768.102761,CP
461591646,2155.01,3.7246883,2459913.983994,CP
258402425,2156.01,0.67554,2459011.05035,FP
298495970,2157.01,8.4249043,2459764.110052,FP
342642208,2158.01,8.6007557,2459758.586312,CP
270515566,2159.01,10.0509704,2459755.898401,APC
55652896,216.01,34.5059318,2458331.488563,CP
55652896,216.02,17.3890454,2459340.904719,CP
284477310,2160.01,2.2390502,2459688.464287,PC
366563452,2161.01,1.5873866,2459767.160908,FP
284564230,2162.01,12.9773004,2460656.816106,FP
2760219,2382.01,4.6612025,2459089.606813,PC
20897611,2383.01,3.1353643,2460927.102808,APC
382602147,2384.01,2.1357026,2459062.34163,CP
231850364,2385.01,3.1581288,2459063.974699,PC
32487566,2386.01,2.7567395,2459090.383107,KP
237885040,2387.01,5.6601098,2459063.229447,APC
382625239,2388.01,1.3442724,2458355.267785,PC
89544985,2389.01,2.3372423,2459089.046683,PC
9725627,239.01,4.1567834,2458356.962228,KP
369965258,2390.01,2.1192866,2459063.928335,PC
299897516,2391.01,7.8369842,2459064.337666,PC
149349867,2392.01,5.9123565,2460977.121495,PC
149349867,2392.02,3.4072162,2460984.946786,PC
149349867,2392.03,9.1696498,2459038.613755,PC
231071138,2393.01,18.84184,2459128.42966,PC
144297844,2394.01,3.4978002,2459551.890828,PC
250803548,3687.01,4.4543921,2459907.561404,PC
245509452,3688.01,3.246208,2459883.864179,CP
241135327,3689.01,2.4145007,2459909.291498,PC
175482273,369.01,5.4640119,2459108.378801,PC
240989628,3690.01,10.0755592,2459896.942964,PC
240959810,3691.01,3.3411398,2459904.568451,PC
240864953,3692.01,3.3210331,2459908.609958,PC
240823272,3693.01,9.0881638,2459888.212325,CP
470822809,3694.01,2.5400911,2458812.951218,PC
203096531,3695.01,0.6041576,2459909.754431,APC
202872757,3696.01,4.4236103,2459907.22551,PC
470783598,3697.01,9.9441709,2459894.131358,APC
266425782,3698.01,2.3467263,2459911.943119,PC
266401846,3699.01,3.0423931,2459912.279232,PC
251855940,370.01,4.0463709,2459090.735093,PC
417676091,3700.01,4.4184429,2460286.353547,PC
266213232,3701.01,4.2605739,2459911.332792,PC
385400633,3702.01,2.2842184,2459907.09847,PC
344140617,2880.01,4.7799716,2459988.872071,PC
320541238,2881.01,2.9301843,2459225.47669,PC
142405475,2882.01,2.0083269,2459224.056067,PC
319932686,2883.01,3.7064049,2459249.371429,PC
318413374,2884.01,2.935886,2459226.630661,PC
140019355,2885.01,6.3350651,2459241.058065,PC
318796593,2886.01,1.6020002,2459251.740462,PC
134183038,2887.01,4.9182798,2459966.387883,PC
80713983,2888.01,4.218652,2459966.507331,PC
355796887,2889.01,3.6579148,2459325.238907,PC
201292545,289.01,,2458326.64586,PC
355655412,2890.01,3.1958886,2459299.679583,PC
342167886,2891.01,17.3076615,2460015.954935,PC
340559155,2892.01,14.9502738,2460045.077222,PC
340144218,2893.01,10.3629429,2459295.960835,PC
315120585,2894.01,7.4190257,2459265.55968,PC
315117300,2895.01,8.7858955,2459275.535658,PC
310537530,2896.01,1.3475728,2460042.380749,PC
308987429,2897.01,12.0040505,2459310.429548,PC
449549170,3159.01,1.4753526,2460068.914155,FP
8988289,316.01,13.32379,2458365.98759,APC
440872576,3160.01,3.9712794,2459355.823345,PC
438777551,3161.01,1.4010338,2460041.774002,PC
433546897,3162.01,1.5755252,2460041.729716,PC
425316308,3163.01,3.0749168,2459357.894877,PC
419946164,3164.01,1.7765395,2458623.343394,FP
419858461,3165.01,2.5433707,2460041.975735,FP
412371819,3166.01,1.87502,2459358.687433,PC
411796826,3167.01,3.0959309,2459355.198773,PC
410554986,3168.01,5.1745185,2459354.56787,PC
403911354,3169.01,4.4814049,2459325.552168,PC
402319411,317.01,3.3262977,2459090.203596,PC
400712525,3170.01,1.8923031,2459356.723854,PC
399058051,3171.01,1.5706704,2460041.247652,PC
398502253,3172.01,3.0031058,2460043.480963,PC
398466662,3173.01,8.7719993,2459347.157497,PC
392112968,3174.01,1.1960086,2460041.592817,FP
270457662,3434.01,3.1510024,2459249.549067,PC
238162973,3435.01,11.8885643,2459260.035982,FP
132320310,3436.01,1.3955317,2459277.091098,FP
132313173,3437.01,4.9873145,2459967.078218,PC
455272393,3438.01,1.6660179,2459990.042782,PC
394338713,3439.01,5.9349921,2459385.974629,PC
13023378,344.01,6.0672187,2459092.388012,PC
208030798,3440.01,1.7167587,2458650.326066,FP
393196631,3441.01,4.2594558,2459384.846313,PC
207981861,3442.01,3.4569274,2459380.445712,PC
392995938,3443.01,1.0078907,2459358.707236,PC
161299119,3444.01,2.7188122,2459384.53548,PC
364431259,3445.01,2.9866836,2459382.37766,PC
149022647,3446.01,1.8528946,2459359.702516,PC
363749415,3447.01,3.6562554,2459382.731966,PC
143934343,3448.01,2.1642912,2459357.709395,PC
363083571,3449.01,3.8249546,2459385.434401,PC
308208458,345.01,11.2237372,2459091.71607,PC
126125073,3450.01,3.6387748,2459353.647517,PC
260962960,3703.01,3.8901335,2460286.817556,PC
367616146,3704.01,1.3944879,2459911.348741,PC
259506033,3705.01,1.9025032,2460286.170903,KP
252430813,3706.01,4.3701795,2460286.769995,PC
366311757,3707.01,4.9107194,2459914.257661,PC
251652214,3708.01,7.27299,2459902.98183,PC
356322454,3709.01,3.2509846,2460288.729263,PC
156016136,371.01,3.4813814,2459088.526738,PC
174826170,3710.01,2.4802272,2458838.338784,PC
355008856,3711.01,3.0108217,2458836.56062,PC
354442783,3712.01,1.5224706,2459910.690161,FP
171160885,3713.01,10.4401778,2459918.987409,PC
155867025,3714.01,2.1547472,2459911.46982,CP
354293303,3715.01,2.4713543,2459912.37098,PC
155351556,3716.01,6.0985856,2458832.542018,PC
348099535,3717.01,10.1182835,2458823.030985,APC
417942201,3718.01,4.230596,2458834.649331,PC
150074121,3719.01,1.2222265,2459911.031517,PC
308612785,2898.01,3.6128161,2459990.91546,PC
307366709,2899.01,4.0874138,2459386.403025,PC
201233610,290.01,21.05271,2459097.43463,FP
298206077,2900.01,1.317173,2459303.692092,PC
295093397,2901.01,4.6086828,2459303.994531,PC
290302097,2902.01,2.9918201,2460042.800347,FP
268125229,2903.01,3.5947639,2459964.220375,PC
267536225,2904.01,7.5010022,2459292.3431,PC
260120451,2905.01,11.8790678,2459998.015443,PC
192259856,2906.01,3.7062792,2459277.553272,PC
192003741,2907.01,3.168632,2459274.76139,PC
191671884,2908.01,5.4631023,2459275.14257,PC
191496430,2909.01,3.0688259,2459275.206618,PC
49710555,291.01,12.08837,2459109.092,FP
141574742,2910.01,3.3080662,2459965.450862,PC
141141249,2911.01,1.7701321,2459963.857775,PC
118406995,2912.01,8.7614828,2460019.659941,PC
101588793,2913.01,7.0317936,2459304.456496,PC
90127880,2914.01,3.0515894,2459964.763408,PC
391510223,3175.01,1.6546269,2460014.685722,PC
389999924,3176.01,4.7606207,2460015.719284,FP
383410746,3177.01,2.114655,2459359.633994,PC
381996371,3178.01,2.9331094,2459359.115509,PC
378227267,3179.01,4.7076648,2459327.565755,PC
206352378,318.01,3.7463765,2459065.374875,PC
372960748,3180.01,2.0963263,2459359.742247,PC
372596796,3181.01,3.5366743,2458617.031866,FP
372448111,3182.01,5.0700956,2459357.042103,PC
370385007,3183.01,4.2174286,2459360.251174,PC
366248595,3184.01,3.6071588,2459358.969705,PC
363661031,3185.01,3.5601365,2459355.303805,PC
363632843,3186.01,3.6130857,2460014.449976,PC
245027119,3187.01,2.0084283,2459359.079526,PC
363202582,3188.01,1.5659063,2459359.2727,PC
361998994,3189.01,1.84996,2458622.189194,FP
389753172,319.01,0.7135373,2459086.530897,APC
344745774,3190.01,2.669856,2460070.208572,PC
342375120,3191.01,4.4367891,2459355.803726,PC
361710792,3451.01,8.7234738,2459380.11405,PC
360475034,3452.01,2.8372178,2459388.622437,PC
360473750,3453.01,4.3618031,2460071.43278,PC
359426909,3454.01,3.9415006,2459357.82988,PC
358938714,3455.01,0.422425,2458651.744921,APC
357661805,3456.01,17.0298529,2459361.087389,PC
357312511,3457.01,32.6012979,2459335.587765,PC
340228388,3458.01,3.1726875,2459354.400233,PC
335860261,3459.01,8.4893234,2459354.893919,PC
118327533,346.01,16.56308,2460192.019645,PC
39858507,3460.01,4.6288384,2459378.7784,PC
334080358,3461.01,11.4483792,2459357.927622,PC
324116813,3462.01,6.3885628,2459379.364186,PC
292889298,3463.01,2.2538878,2458651.559857,PC
290504044,3464.01,3.6515704,2459360.318976,PC
454361389,3465.01,3.9563671,2460045.054533,PC
284254253,3466.01,1.862908,2458651.973815,FP
453289469,3467.01,0.7799194,2458652.436812,FP
282091493,3468.01,3.3789946,2458647.685514,FP
441075486,372.01,1.1202752,2459112.07285,APC
347051112,3720.01,4.7378265,2459913.32114,PC
143687316,3721.01,3.5411235,2460287.522921,PC
346015394,3722.01,1.0788649,2459910.394452,PC
3027681,3723.01,3.9442027,2459544.669393,PC
143642240,3724.01,,2458838.121011,PC
339250695,3725.01,4.7262208,2460287.858395,FP
122695048,3726.01,4.8404431,2460290.432392,PC
339207847,3727.01,13.3988634,2459919.63975,PC
116257066,3728.01,6.5019596,2459545.961039,FP
322160664,3729.01,8.1744382,2460290.926859,PC
9032368,373.01,1.632,2458355.67942,FP
417844678,3730.01,2.5404529,2459910.634543,PC
115457180,3731.01,5.6619072,2459911.966229,APC
321894059,3732.01,2.9594651,2458837.443197,PC
321436679,3733.01,2.1263167,2460286.361991,FP
105135774,3734.01,2.141186,2460287.307924,PC
317252733,3735.01,3.3526843,2459912.078486,PC
89617284,2915.01,5.1304425,2459297.972286,PC
76663549,2916.01,3.9216762,2459303.128643,PC
75744886,2917.01,7.9018734,2459294.120029,PC
74881311,2918.01,9.5680636,2459288.040612,PC
74274839,2919.01,4.6957057,2459298.680353,PC
180285396,292.01,10.3688702,2459088.963421,PC
48210046,2920.01,3.2003149,2459300.972897,PC
45896295,2921.01,3.0044799,2459331.505693,PC
45492609,2922.01,1.3605223,2459303.736827,PC
45299834,2923.01,4.3226285,2460015.622952,PC
45048546,2924.01,7.3498345,2459966.861078,PC
44510874,2925.01,1.5720089,2459302.564351,PC
34499178,2926.01,2.4249041,2459303.198309,PC
33651215,2927.01,1.3868302,2459304.991277,PC
33159936,2928.01,2.8457134,2459302.165051,PC
31975443,2929.01,2.0391352,2459302.03511,PC
355637190,293.01,0.8054361,2459109.911388,APC
30300445,2930.01,7.2041454,2459297.414276,PC
29505837,2931.01,8.6681997,2459996.684641,PC
336613507,3192.01,2.2350331,2459356.6909,PC
334757798,3193.01,2.3019268,2458623.315569,PC
333511802,3194.01,3.6179419,2459353.903239,PC
332880327,3195.01,0.6676722,2459360.096224,PC
331297805,3196.01,4.9816829,2459351.787159,PC
331160996,3197.01,2.1972485,2458623.463783,PC
121625070,3198.01,2.1271199,2459359.016777,PC
330885564,3199.01,0.6756067,2459359.835275,PC
188593930,320.01,1.46503,2458354.27607,FP
330014070,3200.01,6.3087809,2459356.723741,PC
329921262,3201.01,2.3631898,2460042.549876,PC
329691586,3202.01,1.5169786,2459358.004096,PC
329609449,3203.01,4.2442882,2459358.542026,PC
326662822,3204.01,4.0446543,2459353.157913,PC
322862882,3205.01,1.2361087,2459359.464532,FP
321802774,3206.01,1.9405161,2459357.915255,PC
320994166,3207.01,4.0996864,2460070.130593,PC
319949055,3208.01,2.3577049,2459356.016126,PC
319806044,3209.01,1.3509356,2459358.066273,PC
175476629,321.01,1.14057,2458354.27156,FP
447192619,3469.01,2.6566986,2459382.834181,PC
224271611,347.01,4.040003,2459090.464588,PC
277538491,3470.01,3.2404614,2459357.021986,PC
407166076,3471.01,8.7520247,2459380.384701,PC
275562670,3472.01,1.5810556,2458651.449273,FP
406861922,3473.01,4.0358074,2459384.816539,PC
274367763,3474.01,3.8795023,2459358.663246,PC
403507814,3475.01,2.7812908,2459383.8426,PC
272983172,3476.01,4.3205081,2459385.89681,PC
402391147,3477.01,3.3626798,2459387.781424,PC
255909950,3478.01,1.82856,2459385.423634,PC
402219289,3479.01,2.1970052,2459386.482274,PC
70785910,348.01,0.4947938,2459088.639473,PC
254909777,3480.01,2.1301227,2458650.197309,PC
396316939,3481.01,4.9214799,2459386.301953,PC
254629854,3482.01,0.9714298,2459359.54722,FP
395926728,3483.01,1.4466788,2459388.853133,PC
221882319,3484.01,5.1890769,2459386.556413,PC
394672497,3485.01,11.8413467,2459382.714016,PC
98620619,3736.01,2.2091186,2460286.244876,PC
96074951,3737.01,5.5609997,2459912.415649,PC
312689217,3738.01,4.3847594,2459474.306264,PC
311441461,3739.01,3.4471559,2459911.354239,PC
183675732,374.01,5.4820954,2459091.224648,PC
87597187,3740.01,2.0449361,2458838.028588,FA
701926762,3741.01,2.0449545,2458838.028865,PC
286696848,3742.01,8.9279009,2458835.622721,FP
87091417,3743.01,2.1186344,2458840.233156,PC
86075481,3744.01,3.9010509,2459911.429374,PC
666567477,3745.01,1.6883103,2458838.180464,PC
284747017,3746.01,1.8012697,2458839.923433,FP
647636934,3747.01,1.5503072,2459911.552961,PC
82622707,3748.01,2.3753009,2459911.985168,PC
284174392,3749.01,1.8751894,2459911.346754,PC
280097543,375.01,9.4546478,2458660.207682,PC
468777766,3750.01,12.4844641,2458826.425862,PC
284173938,3751.01,2.9157041,2459910.877562,PC
29418536,2932.01,3.2569118,2459990.683405,PC
29336129,2933.01,1.6363822,2459989.636228,FP
28945511,2934.01,1.1239749,2459278.683684,PC
24837152,2935.01,5.5698287,2459278.943232,PC
22020459,2936.01,1.3328042,2459988.479583,FP
18794442,2937.01,2.0139493,2459990.422761,PC
11417087,2938.01,4.942456,2459272.923559,PC
5485318,2939.01,4.8306667,2459273.922515,PC
188570092,294.01,7.327945,2459457.973621,CP
5224772,2940.01,4.5991516,2459301.079391,PC
4729001,2941.01,0.7127815,2459988.563332,APC
3840990,2942.01,3.525723,2459303.833626,PC
3233861,2943.01,0.7123317,2459279.092125,PC
340700241,2944.01,7.7925448,2459967.138723,FP
286152207,2945.01,3.2006677,2459299.330191,PC
302798365,2946.01,4.9186433,2459331.56416,PC
374847873,2947.01,2.0391741,2459332.080551,FP
357896777,2948.01,2.7557652,2460042.540975,PC
357299852,2949.01,2.8652288,2459359.14632,PC
318668441,3210.01,2.2364485,2459359.908764,PC
323002911,3211.01,3.5949457,2459384.246737,PC
316236118,3212.01,4.1943867,2459353.453378,PC
314013231,3213.01,2.5395579,2459357.529536,APC
312508092,3214.01,5.7759952,2459355.374217,PC
307888842,3215.01,1.2008331,2459359.494759,PC
306547699,3216.01,2.6985136,2459356.241304,FP
309436531,3217.01,3.2136333,2459383.966929,FP
305739565,3218.01,3.3704313,2459329.334304,CP
305492348,3219.01,3.2969977,2459358.273636,PC
198077394,322.01,3.990533,2459089.946422,PC
304950588,3220.01,7.4316274,2459350.857352,FP
303883880,3221.01,0.8970184,2459359.59881,FP
303686889,3222.01,5.6320791,2459359.939605,PC
297668572,3223.01,4.633735,2459358.775725,PC
297457992,3224.01,2.8317721,2459358.053478,PC
401952328,3225.01,9.1509453,2459357.363999,PC
295233473,3226.01,2.3720554,2460069.345358,PC
294385899,3227.01,8.9522767,2459342.94518,PC
294365631,3228.01,1.8118703,2459358.150133,PC
394672497,3485.02,6.0379203,2460087.812294,PC
221861843,3486.01,2.217782,2459382.517413,PC
301160638,3487.01,16.0085751,2459378.988034,APC
394570569,3488.01,6.9625419,2459379.699385,PC
221785300,3489.01,3.7833369,2459385.904563,PC
382474101,349.01,2.6520851,2460184.497818,FP
394492339,3490.01,9.1317488,2459374.125286,PC
208719443,3491.01,2.4038651,2459383.386266,PC
81077799,3492.01,9.2224171,2459314.521155,PC
203377303,3493.01,8.159487,2459313.043598,PC
165827520,3494.01,7.748612,2459310.020628,PC
272167060,3495.01,8.4130034,2459347.161831,PC
448358913,3496.01,1.5505494,2460067.735126,PC
21113347,3497.01,4.218076,2459310.816804,KP
310294189,3498.01,4.8768783,2459353.243502,PC
446370039,3499.01,4.5992844,2459307.961687,PC
199731190,350.01,2.5130547,2459109.819661,APC
81597356,3752.01,2.8054221,2459883.538733,PC
467783290,3753.01,3.6502527,2459521.512909,FP
81593515,3754.01,2.5312823,2458839.285714,PC
281196902,3755.01,5.5455798,2460291.216212,CP
67300566,3756.01,4.4236732,2459912.449974,APC
445751830,3757.01,3.4391954,2459911.667339,CP
280254984,3758.01,3.4177514,2459736.687477,PC
27244707,3759.01,1.6882863,2458838.180194,FP
144301273,376.01,2.7509863,2459062.452226,PC
440186528,3760.01,0.5318566,2458840.868452,APC
275703182,3761.01,25.8944827,2458812.228444,PC
9833284,3762.01,0.6843601,2458839.718032,PC
432114158,3763.01,2.0042661,2459910.768255,PC
275702126,3764.01,6.5718534,2459911.460385,PC
432078760,3765.01,3.1479532,2459913.047807,PC
9830791,3766.01,3.5414573,2458835.348947,FP
274545328,3767.01,2.3907751,2460287.763305,PC
268172361,3768.01,2.1803154,2460286.372607,PC
327952677,295.01,3.3969441,2459090.143839,KP
356206412,2950.01,3.2690486,2459358.147763,PC
304025075,2951.01,3.0290563,2460016.529835,FP
302527524,2952.01,10.7844934,2459351.667704,PC
469184909,2953.01,1.2926975,2460042.142618,FP
464328419,2954.01,4.8401948,2459323.567576,PC
464326872,2955.01,0.5542332,2459331.663991,PC
463508231,2956.01,4.127728,2459332.120551,PC
463469906,2957.01,1.5314941,2460014.569549,PC
463203560,2958.01,1.9905105,2460014.553417,FP
462162963,2959.01,1.3550447,2458593.752907,FP
382463648,296.01,25.2580075,2459062.764146,PC
462072242,2960.01,2.0916623,2459332.140887,PC
446684383,2961.01,4.6259138,2459325.992412,PC
444394183,2962.01,4.0211797,2459326.444536,PC
441334829,2963.01,4.4433921,2459991.660646,FP
439512298,2964.01,3.8331282,2459329.670307,PC
146841337,2965.01,4.2672965,2459324.019017,PC
136504576,2966.01,1.5252473,2459304.992295,PC
290263093,3229.01,5.21228,2459355.167116,PC
251852984,323.01,2.7723915,2458355.57459,PC
289445553,3230.01,1.8200065,2459357.488406,PC
280857321,3231.01,2.1738256,2460042.803664,PC
269439355,3232.01,3.3898234,2458621.03022,PC
265633507,3233.01,0.9787891,2459331.769405,APC
260776145,3234.01,10.7012764,2459321.376877,PC
243641947,3235.01,2.5926199,2459355.554021,CP
242460075,3236.01,2.9098435,2459356.489051,FP
242389810,3237.01,3.0271374,2459357.130531,PC
241752370,3238.01,3.224746,2458619.089332,PC
241569046,3239.01,2.2310803,2460043.084473,PC
156002449,324.01,5.2848691,2459092.324667,PC
241514551,3240.01,3.8600722,2459357.914411,PC
241326434,3241.01,6.8380862,2459351.726265,PC
209923610,3242.01,3.0001627,2459356.230477,PC
209707800,3243.01,2.0519085,2459359.347516,PC
208091447,3244.01,4.6606892,2458620.951574,PC
203476998,3245.01,2.8977031,2459354.766143,PC
443666343,3500.01,7.3436151,2459315.357469,PC
443666343,3500.02,,2460056.706283,PC
98957720,3501.01,15.3502505,2459313.471423,APC
452281203,3502.01,3.4468018,2459307.38881,PC
459850897,3503.01,1.1882681,2460772.766105,FP
117689799,3504.01,2.1570462,2459771.874948,FP
390988385,3505.01,2.9151556,2459793.534385,PC
102159710,3506.01,4.4961387,2460313.531349,PC
86451883,3507.01,1.7561019,2458708.663596,FP
278968371,3508.01,1.2997811,2458707.691822,FP
244912396,3509.01,5.1108509,2459773.020297,PC
228381868,351.01,3.4654953,2459091.364241,KP
57753734,3510.01,2.8724894,2459772.035438,PC
416368336,3511.01,1.0848133,2459794.669721,APC
40779013,3512.01,1.7113115,2458708.891857,FP
244487927,3513.01,2.9817237,2459772.815413,PC
1870990135,3514.01,1.5039495,2459445.482548,PC
198725468,3515.01,3.0415724,2459771.614539,PC
99572130,3817.01,4.8504819,2460287.706913,PC
99097200,3818.01,3.2371501,2459601.148849,PC
95660472,3819.01,3.244299,2459502.744728,CP
229091748,382.01,0.4568,2458354.59152,FP
95234976,3820.01,5.4290781,2459503.092356,PC
88485645,3821.01,2.5972551,2459602.180529,PC
88385463,3822.01,3.1235179,2459601.358946,PC
81212289,3823.01,0.6848358,2459605.942792,APC
71134735,3824.01,2.3378945,2459580.850929,FA
39077574,3825.01,7.1404043,2459629.957296,FP
9346507,3826.01,4.9807125,2459632.217096,APC
8677530,3827.01,2.91463,2458897.512084,FA
841226526,3828.01,19.5105608,2459585.919343,PC
801354155,3829.01,2.9150294,2459632.099977,PC
167418898,383.01,10.9803025,2459367.920446,FP
445807396,3830.01,3.2493152,2459631.561236,PC
393853275,3831.01,1.7088305,2459635.338271,PC
356736743,3832.01,24.0819851,2459604.064414,PC
103245940,2967.01,3.2517862,2459301.699712,FP
103183399,2968.01,0.7327757,2459304.35095,PC
36452991,2969.01,1.8237148,2459303.300083,PC
115242351,297.01,5.6748327,2459093.605469,FP
461136782,2970.01,4.420983,2459299.827995,PC
453452264,2971.01,4.8405428,2459301.075311,PC
448536355,2972.01,2.8371201,2458563.518154,PC
437259571,2973.01,2.7519326,2458563.638612,PC
437253811,2974.01,0.689421,2458567.86166,PC
423393242,2975.01,0.426988,2459304.54834,PC
413372087,2976.01,3.4859402,2459300.513933,PC
361343239,2977.01,2.3505698,2459331.527877,CP
315096343,2978.01,4.3497551,2459275.540633,PC
311252710,2979.01,5.4913314,2459993.758177,PC
206686292,298.01,1.3287182,2459062.561712,APC
289931756,2980.01,3.5910692,2459302.235646,PC
287145649,2981.01,3.6015056,2459302.719029,CP
211446495,2982.01,4.8701613,2459296.191341,PC
168449943,2983.01,3.4287311,2458567.831511,PC
179715231,3246.01,4.319754,2459351.899577,PC
167597352,3247.01,5.3305676,2459350.579902,PC
165667705,3248.01,3.2782956,2459329.066407,PC
159262969,3249.01,3.2420704,2459360.094698,PC
66413476,325.01,4.36907,2458357.72126,PC
125424836,3250.01,3.2806578,2459330.610153,PC
121194926,3251.01,2.0694143,2459357.470311,PC
112037211,3252.01,4.3636327,2459352.703569,PC
112037203,3253.01,4.3622356,2458619.606193,FP
107506563,3254.01,1.6832809,2459357.815759,PC
83395136,3255.01,2.2458338,2459359.36326,PC
322901324,3256.01,6.3096313,2459379.229157,PC
76505260,3257.01,2.5336422,2459356.441741,FP
369789627,3258.01,1.227961,2459360.104827,PC
68523365,3259.01,3.4470312,2459359.440143,PC
144336525,326.01,0.247325,2459061.896703,APC
370138999,3260.01,11.4520097,2459365.448337,PC
358070912,3261.01,0.8831279,2460014.96281,CP
280096473,3262.01,12.8770845,2460018.710113,PC
30254887,3516.01,2.501531,2459794.639759,PC
123007594,3517.01,3.3687307,2459772.477975,PC
1712954983,3518.01,2.9661661,2458710.180785,PC
417129824,3519.01,3.500869,2459818.762814,PC
47423120,352.01,11.6235,2458356.83006,APC
120101789,3520.01,3.0086349,2459744.308684,PC
429036977,3521.01,3.2440387,2459798.461592,PC
106224627,3522.01,3.3412415,2459820.543866,PC
417047499,3523.01,2.304583,2459444.920543,PC
106224626,3524.01,3.3418892,2458731.298955,FP
373576942,3525.01,0.8912218,2458731.568477,FP
89876424,3526.01,1.5380702,2458733.088312,FP
355748785,3527.01,1.755115,2459770.662859,PC
67247610,3528.01,1.9740614,2460340.791704,FP
326203952,3529.01,2.5850398,2459851.01373,PC
100099031,353.01,1.2979921,2459088.397582,PC
64214215,3530.01,1.3570332,2459823.602847,APC
316038054,3531.01,3.8099858,2459825.332652,APC
42484503,3532.01,2.4563456,2459770.134703,PC
428251130,3769.01,10.3380912,2458821.027915,PC
139285736,377.01,1.55028,2458326.05107,FP
8621049,3770.01,0.9183768,2458840.119677,APC
3364732,3771.01,3.6238662,2459476.041428,PC
426319499,3772.01,4.1689145,2460287.542966,PC
266772500,3773.01,2.9508097,2459912.938613,PC
704012376,3774.01,1.5970752,2458865.318987,PC
68850908,3775.01,5.3868381,2459598.37887,PC
68388114,3776.01,1.3312309,2459548.392348,APC
802227190,3777.01,2.3365744,2458867.780707,PC
53307409,3778.01,5.6089886,2459596.981243,PC
742648307,3779.01,1.6180578,2459937.958248,PC
20892672,378.01,3.10926,2458356.50088,FP
468832904,3780.01,1.4005308,2459391.613431,PC
470974162,3781.01,3.2583798,2459603.239373,FP
396813816,3782.01,10.3918699,2458864.19712,APC
459755750,3783.01,6.1080224,2459604.198616,PC
339503267,3784.01,4.9386676,2459912.026871,PC
168405330,2984.01,9.162268,2459303.209992,APC
168384845,2985.01,3.8996784,2458563.068798,PC
148497855,2986.01,3.2783445,2459301.580236,PC
141631253,2987.01,1.6709011,2459963.201995,FP
105759569,2988.01,1.8865581,2459303.174166,PC
97825640,2989.01,3.1228396,2459302.224996,PC
156075294,299.01,5.7217124,2459092.786742,PC
73433128,2990.01,7.4659746,2459298.339468,PC
49046332,2991.01,5.5809252,2459304.800483,PC
49045066,2992.01,3.00782,2459305.044879,PC
48768158,2993.01,2.3378096,2458564.219716,PC
36718161,2994.01,4.0257967,2459303.302287,PC
36381058,2995.01,1.6566182,2460015.453891,PC
35855047,2996.01,2.3627442,2459300.796358,PC
35652085,2997.01,2.2060441,2459989.32359,PC
34737413,2998.01,1.5297119,2459303.240519,PC
34505005,2999.01,5.1627718,2459302.434183,FP
166697854,300.01,2.75753,2458354.42965,FP
469821652,3263.01,5.6155837,2460101.903547,PC
468055102,3264.01,3.3133491,2459057.259668,PC
466167563,3265.01,3.3792968,2459060.244413,PC
451566438,3266.01,3.7462806,2459383.430313,PC
410372968,3267.01,2.7674682,2460098.317233,PC
410358456,3268.01,1.8641295,2459387.334771,PC
410314178,3269.01,4.132031,2459385.660727,PC
206669860,327.01,10.0550764,2459066.81665,PC
407922734,3270.01,6.4751256,2459384.723497,PC
406236094,3271.01,4.1394473,2459052.565337,PC
388280249,3272.01,3.146714,2459387.057454,PC
372443687,3273.01,4.2955192,2459052.958371,PC
360822008,3274.01,2.9075077,2459056.460855,PC
325275736,3275.01,20.5020769,2459027.740647,PC
320327056,3276.01,7.0327412,2459048.053516,PC
319568619,3277.01,1.5265889,2459058.439281,PC
304130406,3278.01,3.2464257,2458680.814641,PC
179987678,3279.01,0.4191451,2460126.929466,PC
139357541,328.01,4.4781603,2459063.3541,PC
313408643,3533.01,4.3167817,2459823.894332,PC
27916356,3534.01,3.2346944,2459421.606981,KP
304514922,3535.01,1.9115371,2459820.907597,PC
27844066,3536.01,1.8532983,2458732.821053,FP
294599100,3537.01,5.6133922,2459440.870522,FP
27459498,3538.01,7.3105415,2459845.016892,PC
294594423,3539.01,6.0978165,2459801.238913,PC
100097716,354.01,3.0002084,2459140.430589,APC
17865622,3540.01,3.1198404,2459826.736428,CP
291147951,3541.01,2.5313956,2459444.951847,FP
16187321,3542.01,4.2021893,2459813.403681,FP
275887811,3543.01,6.481666,2459815.576298,PC
15460993,3544.01,2.2020405,2459821.701525,PC
274641986,3545.01,3.1872086,2459772.933012,PC
13424053,3546.01,5.2019364,2459437.706427,PC
274075364,3547.01,4.1632657,2459817.867916,PC
271167979,3548.01,0.3093954,2458733.079623,FP
269269740,3549.01,1.8639309,2459770.360298,FP
183593642,355.01,1.0372587,2459088.429624,APC
373612558,3801.01,5.8677921,2459606.426277,PC
190250689,3802.01,1.4658218,2458866.749372,PC
353498819,3803.01,2.5492773,2459603.238059,PC
312991501,3804.01,3.2905683,2460313.036448,PC
189852832,3805.01,3.8960447,2458860.700619,PC
16076354,3806.01,2.9859012,2459601.456963,APC
289661991,3807.01,2.8989758,2459937.078969,CP
138497780,3808.01,3.6754815,2459549.76003,FP
252876117,3809.01,3.6346303,2458867.346917,PC
207084429,381.01,4.89577,2458356.07068,FP
239136269,3810.01,1.0590994,2459501.092732,FP
138475192,3811.01,2.9594596,2459912.976233,PC
239134248,3812.01,3.8850001,2459602.230996,PC
4605846,3813.01,3.7178656,2459500.95423,PC
155873992,3814.01,4.9513106,2459606.149028,PC
149995163,3815.01,4.8709815,2459604.923601,PC
102848207,3816.01,1.0358225,2459744.766228,PC
23435610,3000.01,5.20807,2459296.646475,PC
468977648,3001.01,2.090218,2459302.296976,FP
402053027,3002.01,7.7971071,2459303.577592,PC
400762242,3003.01,1.6224281,2460015.392125,PC
400395395,3004.01,3.2891219,2459303.809966,FP
386297468,3005.01,2.0958074,2459329.676949,FP
386161311,3006.01,8.61346,2459989.197536,PC
384034837,3007.01,4.2768515,2459331.090728,PC
383666033,3008.01,3.9678136,2459328.097691,FP
357634632,3009.01,3.365343,2459332.074941,PC
144301052,301.01,3.7440143,2459090.755451,PC
357202877,3010.01,9.5537684,2459318.200838,PC
356461227,3011.01,1.8418712,2460747.587467,FP
437560683,3012.01,3.0920297,2459991.459725,PC
383949205,3013.01,5.4722557,2459322.275501,PC
383806208,3014.01,1.7946783,2459330.933872,PC
357801293,3015.01,4.2745762,2460015.034186,PC
356200601,3016.01,5.1139634,2459325.929305,PC
122418622,3017.01,3.052529,2459300.699564,PC
290302491,3280.01,3.8348994,2459054.049655,PC
254142310,3281.01,9.3108074,2459052.424376,PC
219924802,3282.01,2.9478339,2459056.306599,APC
201660996,3283.01,3.502221,2459055.629482,PC
166220082,3284.01,0.8102219,2459059.423389,PC
114181798,3285.01,2.7022764,2459058.994886,PC
113648563,3286.01,2.0325685,2459060.316071,PC
113117112,3287.01,2.7176413,2459055.33599,PC
79920467,3288.01,1.4338615,2459057.730758,PC
31786438,3289.01,1.4259934,2459059.527698,PC
169765334,329.01,5.7042858,2459090.797418,CP
31697707,3290.01,3.910946,2459059.767349,FP
464593883,3291.01,9.0653768,2458672.602312,PC
464481762,3292.01,4.2545208,2460099.805391,PC
464445045,3293.01,2.589659,2458679.954272,PC
464280516,3294.01,2.5658729,2458680.360821,PC
456574511,3295.01,3.4379994,2458676.059685,PC
456560485,3296.01,5.9493696,2458678.204613,PC
451538240,3297.01,3.9349141,2459382.02803,PC
248058363,3550.01,1.1239202,2459851.638856,PC
247283596,3551.01,3.1940809,2459818.96021,PC
247283054,3552.01,0.9277787,2459823.79589,APC
239628993,3553.01,1.9410635,2459825.770794,PC
239585909,3554.01,1.6127665,2459822.431304,PC
233415701,3555.01,5.271813,2459822.708049,PC
230840853,3556.01,4.118418,2459823.668611,APC
271042173,3557.01,0.476873,2458733.141437,FP
195750008,3558.01,2.5650361,2459820.541191,PC
184468386,3559.01,2.5402287,2459770.25382,PC
369336146,356.01,5.7694373,2459090.758499,PC
184295571,3560.01,1.9804293,2459771.820972,PC
172754786,3561.01,4.1273472,2459771.049138,FP
193708920,3562.01,1.3298469,2458732.453924,FP
169461816,3563.01,17.8552322,2459800.506508,KP
193482096,3564.01,4.0875563,2459820.105064,PC
1965256662,3565.01,4.3170598,2458727.428216,FP
169187982,3566.01,1.764534,2459446.399559,FP
356539624,3833.01,0.4399856,2459635.915521,APC
355953198,3834.01,3.3952015,2459631.909611,PC
330795142,3835.01,1.3460633,2459633.636146,PC
900240532,3836.01,2.5733766,2459633.448417,PC
308073360,3837.01,11.8886495,2459613.379817,CP
307915084,3838.01,0.8275646,2459635.460006,APC
298074043,3839.01,3.0193545,2459632.828449,PC
155995204,384.01,9.30734,2458357.58381,FP
287231664,3840.01,3.6217624,2459633.530048,PC
252474634,3841.01,4.1124956,2459629.928738,PC
165985431,3842.01,3.6566206,2458895.099104,PC
841226527,3843.01,19.5112506,2458883.544637,FP
165885558,3844.01,0.896271,2459606.766668,APC
156816238,3845.01,2.1461672,2459632.687208,FP
149918151,3846.01,1.540776,2459632.94338,KP
149917086,3847.01,11.0783748,2459616.654357,PC
147994863,3848.01,15.9544918,2459592.007861,PC
147890655,3849.01,1.2220437,2459938.035061,PC
300810086,385.01,0.6680065,2460192.472902,FP
45684223,3018.01,6.5832019,2459323.340464,FP
45296362,3019.01,5.9594909,2459329.12965,PC
229111835,302.01,6.70145,2458356.68237,PC
45191604,3020.01,3.0327366,2459332.14556,PC
45054849,3021.01,11.2645152,2459998.8981,PC
287721202,3022.01,8.990904,2459375.196367,PC
454248975,3023.01,3.9014904,2459359.902982,CP
452576848,3024.01,2.5071775,2460042.964459,PC
452464529,3025.01,3.6794732,2460044.692878,PC
449491381,3026.01,4.8206566,2459323.785149,PC
282091492,3027.01,3.3794034,2459384.399471,PC
467955232,3028.01,3.0525705,2459359.563809,PC
465540915,3029.01,2.0252285,2460014.567621,PC
145750719,303.01,3.5608112,2459468.532701,KP
465275307,3030.01,2.1510781,2459360.048392,PC
460686828,3031.01,3.9935853,2459330.952451,PC
401283491,3032.01,3.4677103,2458622.183163,PC
398725538,3033.01,3.9982381,2458622.814434,APC
391645374,3034.01,1.4032876,2459329.792314,PC
390444761,3035.01,5.2803048,2459353.344487,PC
407772585,3298.01,3.0537856,2459388.724951,PC
390723664,3299.01,2.9264345,2458676.816169,PC
27966179,330.01,4.2794669,2459091.763748,PC
384299730,3300.01,6.6926834,2459381.701217,PC
384016413,3301.01,5.451593,2459380.942313,PC
383299778,3302.01,1.5570251,2460069.672142,APC
381982417,3303.01,8.6187455,2459384.919206,PC
381789320,3304.01,3.4930546,2459384.958497,PC
380775661,3305.01,2.025289,2459388.22904,PC
369861731,3306.01,3.8780401,2459387.095741,FP
369861728,3307.01,3.8784358,2458681.293828,PC
365554300,3308.01,0.7614693,2459388.727307,APC
365021641,3309.01,7.4832824,2459382.076495,PC
262531275,331.01,2.4843369,2459141.054998,FP
364072092,3310.01,1.3828196,2459387.229823,PC
337274055,3311.01,4.8435717,2459383.590441,FP
332314607,3312.01,5.3890264,2458672.498932,PC
327210623,3313.01,2.128423,2459384.957213,FP
315398848,3314.01,1.3677581,2458679.63516,PC
452658846,3567.01,1.9990323,2459816.833156,PC
160390955,3568.01,4.4178042,2459799.383297,CP
436314778,3569.01,4.5956692,2459823.59407,PC
220016044,357.01,0.9399664,2459088.390424,FP
136122328,3570.01,2.1083693,2459823.35262,PC
2010186093,3571.01,3.007925,2459847.742507,PC
1976308113,3572.01,2.7568649,2458761.60297,FP
407905370,3573.01,9.8170028,2458747.792229,PC
407694390,3574.01,3.6691817,2459850.561122,PC
407658979,3575.01,8.084554,2459830.439116,PC
405897415,3576.01,4.6387689,2459845.232047,PC
396133015,3577.01,5.2667367,2459847.67339,CP
358186451,3578.01,1.3176767,2459851.521255,FP
316606244,3579.01,3.310636,2458762.172026,FP
321982642,358.01,9.10326,2459102.79626,PC
305478010,3580.01,3.121339,2458762.231266,FP
295413003,3581.01,3.0373017,2458757.57084,FP
290308758,3582.01,4.4168832,2459816.901929,PC
289895191,3583.01,5.2462501,2460369.887951,PC
458419328,3785.01,4.6747218,2459604.77275,CP
321250206,3786.01,2.1040634,2458865.144467,APC
457104362,3787.01,4.8163162,2459604.335042,PC
312811620,3788.01,3.0923729,2458863.845509,PC
453410966,3789.01,4.120004,2459602.973528,PC
220396259,379.01,0.91677,2458355.6259,FP
29117085,3790.01,13.247777,2458846.993395,FP
400432230,3791.01,3.1833919,2459827.042109,PC
453348525,3792.01,0.7729066,2458867.809578,APC
29105766,3793.01,3.2551315,2459606.578007,PC
416539317,3794.01,2.2019606,2459604.715425,FA
253030300,3795.01,2.8300213,2458865.943138,FP
393251073,3796.01,14.9857436,2458849.115258,FP
252912175,3797.01,17.6229161,2459586.242515,PC
22683951,3798.01,2.6797436,2459604.436695,PC
373614579,3799.01,8.2064867,2459605.774678,FP
100014359,380.01,0.5045539,2459088.500323,PC
21291176,3800.01,1.6667559,2458866.227324,PC
390157607,3036.01,0.3859142,2458623.662171,FP
376209245,3037.01,2.1357662,2459328.686851,PC
376036292,3038.01,2.9677851,2460014.515582,PC
373033374,3039.01,3.412893,2459357.446143,PC
262530873,304.01,2.24172,2458356.28606,FP
372596795,3040.01,3.5366051,2459359.718789,PC
371864043,3041.01,2.9599541,2459359.135206,PC
361219651,3042.01,2.7559464,2459356.477444,PC
360706000,3043.01,2.3725483,2459357.129097,PC
357538688,3044.01,13.2681095,2459315.913002,FP
344568128,3045.01,2.3304358,2459356.117814,PC
323966987,3046.01,4.1343989,2459357.033335,PC
316652224,3047.01,2.7020875,2459355.467947,PC
304426002,3048.01,5.7672677,2459358.750411,PC
303867090,3049.01,1.3168344,2459359.446834,FP
102030574,305.01,9.94915,2458364.10083,PC
302003748,3050.01,5.939725,2459991.651287,PC
288224503,3051.01,2.9489639,2459327.160731,PC
287584141,3052.01,2.3097953,2459330.914728,PC
312030014,3315.01,5.2330803,2459386.216984,PC
311565540,3316.01,4.0668012,2459385.08853,PC
311292015,3317.01,2.9519989,2459385.043204,PC
310854881,3318.01,12.8777188,2459374.800402,PC
310267134,3319.01,0.5438807,2458681.71335,FP
139285832,332.01,0.77685,2459062.446886,CP
307320565,3320.01,2.625748,2459387.964411,PC
306648160,3321.01,3.6525305,2458681.48892,CP
306357884,3322.01,1.0571733,2459387.911246,APC
305512837,3323.01,3.0223957,2459386.357734,FP
304695574,3324.01,2.8090597,2459386.640201,PC
303617735,3325.01,4.2732096,2459382.585819,PC
301455423,3326.01,1.0664194,2459387.102253,PC
292477426,3327.01,4.1794516,2459382.156519,PC
276647494,3328.01,10.1923252,2459369.72302,PC
256158543,3329.01,5.0648278,2459386.788351,PC
224245334,333.01,3.7852328,2459089.918368,CP
255768108,3330.01,1.0815202,2459387.736148,PC
194795551,3331.01,2.0180196,2459383.760485,CP
289100911,3584.01,2.7567478,2459847.761197,PC
287591638,3585.01,3.5410781,2459851.89853,PC
286080865,3586.01,11.3201226,2459810.521522,PC
267373896,3587.01,4.1584817,2459823.921779,PC
265242905,3588.01,3.7037478,2459849.099143,PC
260761464,3589.01,3.0827487,2459847.255364,PC
80432617,359.01,16.45209,2458360.67423,PC
236638487,3590.01,4.4064273,2459848.889625,APC
190479710,3591.01,8.4843917,2459849.845852,PC
162387333,3592.01,5.5280331,2459851.477825,PC
162289289,3593.01,3.8212977,2459826.449559,PC
162179096,3594.01,9.3236885,2459849.694456,PC
440113053,3595.01,1.805376,2459854.762356,KP
352690548,3596.01,4.9056578,2459876.910435,PC
267650535,3597.01,4.0088245,2459853.969135,KP
352469839,3598.01,3.7026941,2459822.38349,PC
194461202,3599.01,3.2523102,2458784.821961,PC
13023738,360.01,8.0635,2459104.87232,FP
343726435,3600.01,5.016641,2459880.047725,PC
302766000,2784.01,0.2573207,2459550.344183,FP
300204369,2785.01,11.5054399,2459221.348058,PC
281987399,2786.01,3.7576217,2459219.995187,PC
270677031,2787.01,4.3217658,2460042.218733,PC
255756918,2788.01,4.0646554,2459251.646067,PC
251209368,2789.01,3.0071496,2459209.022223,FP
122613513,279.01,11.4707838,2459168.429762,PC
247518629,2790.01,2.3341583,2459547.210084,PC
237406657,2791.01,3.7482756,2458515.618118,PC
237362186,2792.01,7.1185659,2459213.998862,PC
235077268,2793.01,0.3559702,2459227.071677,PC
232139628,2794.01,4.7654865,2459222.329758,PC
232052748,2795.01,3.6337247,2459225.009211,PC
220076110,2796.01,4.808498,2459189.97794,CP
206897186,2797.01,4.2380604,2459225.127962,PC
160347548,2798.01,3.994474,2459221.167853,PC
156887426,2799.01,1.4367914,2459227.328418,PC
42054565,280.01,10.1843061,2458383.488609,PC
147804034,2800.01,7.7538288,2459218.177975,PC
269859655,3053.01,2.9919962,2459358.507515,PC
267712001,3054.01,2.8281656,2459330.02963,PC
160522555,3055.01,1.3071566,2458621.988687,PC
67798337,3056.01,1.8092906,2459357.557317,PC
67622702,3057.01,0.58007,2459332.096631,APC
464711858,3058.01,2.3483946,2460042.04604,PC
464067218,3059.01,1.3934565,2460015.013078,FP
114749636,306.01,4.6027498,2459089.500823,KP
463681005,3060.01,0.5465391,2460014.80407,FP
463590116,3061.01,1.3185787,2460015.416594,PC
463343283,3062.01,4.865928,2460015.137099,PC
463103749,3063.01,1.9512921,2460014.401537,PC
463070290,3064.01,0.6771668,2460067.257704,PC
462135459,3065.01,1.6995805,2459330.553847,PC
461968320,3066.01,12.2027867,2459310.392373,PC
459157691,3067.01,7.4365725,2459317.659383,APC
458995583,3068.01,1.5959199,2459331.451714,PC
457268255,3069.01,3.8277062,2459303.646732,PC
9100874,307.01,6.1668344,2459091.687062,PC
194179013,3332.01,3.1785277,2459384.151235,FP
193782529,3333.01,3.9823479,2458674.781485,PC
160930264,3334.01,1.9242952,2458680.862806,PC
120033290,3335.01,2.265394,2458682.073691,PC
119950057,3336.01,10.1822686,2458681.503016,PC
119089245,3337.01,1.2436504,2459388.953701,PC
86419190,3338.01,1.4893582,2459385.193619,PC
86021841,3339.01,3.7465541,2459386.458653,PC
233964642,334.01,17.9160113,2460188.713023,APC
76761591,3340.01,11.968028,2459376.818774,APC
75919790,3341.01,8.6369598,2459386.224917,PC
75076261,3342.01,5.9709305,2459383.417373,PC
58046864,3343.01,2.3651663,2458680.4761,FP
57093805,3344.01,3.2229781,2458678.653544,PC
21997420,3345.01,2.1917701,2459386.770681,PC
6404965,3346.01,4.8692603,2458681.381272,PC
131581531,3347.01,3.0591641,2459251.478562,FP
131347421,3348.01,2.6156239,2459250.961281,PC
50909831,3349.01,2.0272642,2459225.652172,APC
41865539,335.01,1.26092,2458354.86627,FP
191202679,3601.01,4.0517972,2459879.372447,PC
331146317,3602.01,2.3874731,2459827.140919,PC
13961554,3603.01,1.2678043,2459880.567107,PC
330135981,3604.01,1.0666963,2459825.95299,PC
329373799,3605.01,3.6554335,2459851.820734,PC
315907220,3606.01,9.312167,2459866.950313,PC
277505161,3607.01,3.5884855,2459821.520901,PC
267867517,3608.01,2.6816329,2458787.3585,FP
267861788,3609.01,6.3854622,2459814.534903,PC
144276942,361.01,1.5351652,2459062.236399,APC
267484653,3610.01,1.7384809,2459853.828611,FP
252549844,3611.01,3.0789699,2459879.645338,PC
233948455,3612.01,1.4822451,2459854.418388,KP
233795794,3613.01,3.1493729,2459819.325302,PC
233831759,3614.01,2.9708603,2458785.269757,FA
173711153,3615.01,3.1315583,2459879.183744,PC
173298412,3616.01,2.4188647,2459877.451671,PC
173176491,3617.01,3.2337884,2459879.842983,PC
65981892,3618.01,3.4898546,2459878.722216,PC
140287227,2801.01,5.4139736,2459221.426139,PC
139444326,2802.01,3.5266608,2459195.405441,PC
124379043,2803.01,1.962292,2459227.308665,CP
44764338,2804.01,4.8033954,2459991.190122,PC
5024743,2805.01,12.4498835,2459990.141393,FP
193220940,2806.01,11.4045112,2459298.619279,PC
11936042,2807.01,3.9919157,2460009.04565,PC
192988021,2808.01,9.4453763,2460000.058846,PC
45655786,2809.01,3.1660849,2459989.98865,PC
38696105,281.01,5.5765364,2458381.883169,PC
80682484,2810.01,8.4035706,2460024.286607,PC
78775584,2811.01,5.5553784,2459302.160259,FP
105801221,2812.01,3.0750728,2459302.065555,FP
133427311,2813.01,4.5654898,2459965.212727,PC
268187322,2814.01,5.479335,2459964.94392,PC
306663205,2815.01,3.4044402,2459220.937894,PC
131581522,2816.01,3.059168,2459964.260816,FP
285526706,2817.01,6.2804387,2459247.298936,PC
452049244,3070.01,0.6587178,2459332.070023,PC
452006073,3071.01,1.2669382,2459331.967282,CP
451084885,3072.01,2.9828061,2459329.822031,PC
448744179,3073.01,3.1420872,2459328.306157,PC
447976172,3074.01,5.3583725,2459327.920394,PC
447891218,3075.01,1.8030565,2459331.553005,PC
447593267,3076.01,7.8595931,2459331.762318,PC
443341002,3077.01,6.3599636,2459325.080291,PC
443042089,3078.01,0.5496848,2460014.890217,FP
441444262,3079.01,1.9892499,2459989.066665,PC
281710229,308.01,8.3092965,2459108.717597,APC
439926641,3080.01,4.5744909,2459331.47792,PC
432467894,3081.01,3.4365075,2459301.966886,PC
428699140,3082.01,1.9268037,2459332.242276,CP
405620289,3083.01,2.1532179,2459576.125706,PC
397423462,3084.01,5.1057571,2459300.597866,PC
376740324,3085.01,4.5300175,2459327.095663,FP
374158843,3086.01,10.9506335,2459320.535229,PC
364427226,3087.01,4.1414861,2459327.06657,PC
362607799,3088.01,2.6337971,2459990.863723,PC
4959676,3350.01,2.2358979,2459988.846054,PC
941340744,3351.01,4.311529,2459327.23565,PC
33840683,3352.01,13.8198966,2460952.992272,PC
391903064,3353.01,4.6658007,2460174.14998,CP
391903064,3353.02,8.8176457,2460167.789582,PC
260367888,3354.01,46.3810093,2459983.752735,PC
382045742,3355.01,15.6600896,2459362.14905,PC
229138584,3356.01,2.9122454,2459136.464144,PC
412259468,3357.01,2.6535777,2459229.684104,FP
146244533,3358.01,8.8088443,2459296.556389,FP
360714300,3359.01,15.8118347,2460013.996804,PC
55452495,336.01,17.7082945,2460108.108861,FP
342343963,3360.01,16.7375044,2459296.79959,APC
440324561,3361.01,10.5634342,2459293.124687,APC
464300749,3362.01,18.0953159,2460031.240934,CP
385858569,3363.01,9.7433732,2460007.793273,PC
280655495,3364.01,5.8769438,2459990.15956,CP
64938667,3619.01,3.1988858,2460396.419995,PC
305048116,362.01,14.2337615,2459090.893499,PC
620780629,3620.01,4.8893985,2459875.808716,PC
435861696,3621.01,5.6902814,2458779.819452,FP
432761635,3622.01,3.2131823,2459879.077421,PC
422881018,3623.01,5.7456862,2459881.183645,PC
414922696,3624.01,7.6460931,2459872.028059,PC
1980725947,3625.01,2.9708659,2459798.327927,PC
398912927,3626.01,19.8875338,2458766.790402,FP
1979500576,3627.01,2.6342729,2458784.456622,FP
238624131,3628.01,3.4945148,2459879.231564,PC
455784423,3629.01,3.9365629,2459878.618825,CP
262530780,363.01,8.22388,2458361.87743,APC
189380158,3630.01,1.9617969,2460611.886686,KP
429414530,3631.01,2.6340964,2458784.455915,FP
186292194,3632.01,3.2403602,2459876.908195,PC
429218084,3633.01,2.5266409,2459823.48709,PC
80478272,3634.01,5.0859432,2459878.348748,FP
428003305,3635.01,1.8048106,2459853.65581,PC
151483286,2818.01,4.0397189,2459245.632019,CP
387275908,2819.01,4.3905983,2460236.732778,APC
29781292,282.01,56.0045056,2460129.286313,CP
29781292,282.02,31.32312,2459044.82593,FA
29781292,282.03,84.2607645,2458355.648726,CP
29781292,282.04,22.8909897,2460954.388955,CP
130948731,2820.01,13.3454771,2459970.526577,PC
281489322,2821.01,0.2856701,2459251.944079,PC
130349701,2822.01,2.8798613,2459248.445126,PC
271035369,2823.01,4.7962078,2459244.237438,PC
128135100,2824.01,2.2087864,2459963.59828,PC
268496304,2825.01,5.9492615,2459245.075624,PC
123462119,2826.01,1.9275568,2459224.572139,PC
440775339,2827.01,5.3393042,2459572.199906,PC
268042363,2828.01,4.6141256,2459990.605838,FP
114103134,2829.01,1.1468708,2459963.68315,FP
382626661,283.01,17.6174716,2460940.862484,CP
347715478,3089.01,9.3096136,2459564.484168,PC
228507250,309.01,6.15733,2459092.738679,PC
309913305,3090.01,6.3272169,2459331.296092,PC
306255021,3091.01,2.7499877,2459331.050205,PC
274911536,3092.01,4.4163989,2459331.270289,PC
272885406,3093.01,4.3653308,2459325.460586,PC
272645619,3094.01,2.8396238,2459327.804479,PC
270075071,3095.01,4.2839945,2459326.634102,PC
229465678,3096.01,4.4282303,2459325.615815,PC
163262555,3097.01,1.3683875,2460041.53506,PC
163260812,3098.01,4.7323433,2460015.103725,PC
163030461,3099.01,2.5543095,2459330.064618,PC
175477257,310.01,4.2695675,2459090.953132,PC
162620529,3100.01,3.2907468,2459330.083468,PC
157213708,3101.01,4.0467915,2459301.392172,PC
147092818,3102.01,3.8769776,2459329.105771,PC
133129971,3103.01,4.3437796,2459303.206061,PC
132963419,3104.01,10.3069451,2458588.299206,PC
124454726,3105.01,5.3332571,2459329.829974,PC
34297761,3365.01,5.3928876,2459992.694528,PC
220547837,3366.01,8.4562659,2459328.32233,PC
131730580,3367.01,3.7493233,2459991.794306,PC
131419624,3368.01,7.2611991,2459276.067282,PC
190981760,3369.01,3.5463582,2459278.824926,FP
155986102,337.01,6.87168,2458360.61731,FP
131250246,3370.01,2.3506831,2459990.539613,PC
186470510,3371.01,3.5071842,2459963.843356,PC
131036011,3372.01,11.0701242,2459273.404704,FP
186459119,3373.01,6.534605,2459968.501117,PC
131025778,3374.01,2.6543295,2459251.491473,PC
185482513,3375.01,1.2368321,2459279.83151,FP
130797885,3376.01,4.7260751,2459271.005292,PC
184670625,3377.01,0.5241284,2459278.383405,FP
133655284,3378.01,2.6101478,2459964.540864,PC
130191319,3379.01,1.6117444,2459250.615192,FP
116156517,338.01,5.36777,2459108.86073,KP
176148945,3380.01,2.0086823,2459249.847236,APC
129881395,3381.01,3.3630421,2459252.696743,FP
61205803,3636.01,4.2186625,2459855.36278,KP
370981403,3637.01,3.7330471,2459847.572572,PC
47094691,3638.01,4.9276886,2459450.529162,PC
365447203,3639.01,5.7208592,2459851.117615,PC
47425697,364.01,0.4941631,2460206.585637,PC
200917197,3640.01,1.2205315,2459907.629957,PC
192878624,3641.01,5.7361495,2459908.641154,PC
186614891,3642.01,4.084447,2459902.81919,PC
453230066,3643.01,1.5492212,2458813.485731,FP
445496795,3644.01,1.831733,2459906.75843,PC
184733148,3645.01,2.959842,2459907.47233,PC
445407434,3646.01,2.1795448,2459908.958083,PC
149855074,3647.01,3.1116107,2458813.248651,PC
433144048,3648.01,2.923461,2459909.262666,PC
139559780,3649.01,3.2637419,2458814.11323,PC
118586896,365.01,12.11028,2459104.69905,APC
139507260,3650.01,1.7556768,2458814.194955,PC
415976665,3651.01,1.5244603,2459908.081854,PC
116848450,3652.01,3.4796904,2459906.291184,PC
307456716,2830.01,4.2555436,2459251.243306,APC
259165246,2831.01,2.6926692,2459251.16632,PC
107340585,2832.01,2.6889686,2459251.837973,PC
238335094,2833.01,4.3897272,2459967.203114,PC
238335094,2833.02,1.8947564,2459964.103479,PC
156172268,2834.01,4.6391531,2459245.466695,PC
98286422,2835.01,2.9646096,2459252.308895,FP
144628120,2836.01,3.2379325,2459251.668032,PC
238020894,2837.01,0.8602467,2459963.650509,APC
81231810,2838.01,5.4521068,2459223.264644,FP
182470056,2839.01,0.879268,2459252.298703,FP
277103955,284.01,1.3090665,2460206.239013,FP
178577607,2840.01,1.532427,2459212.235792,PC
79930628,2841.01,2.1663502,2459964.500359,PC
178162579,2842.01,3.5514016,2459225.449603,CP
79030066,2843.01,1.8882882,2459224.597973,PC
387342052,2844.01,3.5524144,2459574.31635,CP
177612321,2845.01,3.145502,2459223.653303,FP
66151343,2846.01,2.6792695,2459248.642948,PC
124453339,3106.01,1.485163,2459331.915405,PC
124174267,3107.01,4.7343852,2459330.174264,PC
124146529,3108.01,6.900352,2459331.223545,PC
120723776,3109.01,2.8831285,2460749.273502,FP
434105231,311.01,0.7963207,2459448.318374,APC
104022675,3110.01,0.7428708,2459331.223979,FP
103832313,3111.01,4.640636,2458591.97575,PC
98662211,3112.01,4.2842284,2459576.21659,PC
94346376,3113.01,3.1339232,2458591.779066,PC
94011343,3114.01,4.407111,2459331.60796,PC
93093765,3115.01,2.7961137,2459327.015901,PC
80778619,3116.01,1.6484941,2460014.721588,PC
73082014,3117.01,3.2689953,2459332.173033,PC
58461209,3118.01,3.8098324,2458594.480161,PC
57793060,3119.01,8.907516,2459289.297783,PC
180145006,312.01,3.541231,2459090.600097,APC
22384839,3120.01,7.0235956,2458588.106211,PC
14715294,3121.01,5.5167527,2459304.265389,PC
61117473,3122.01,6.1836211,2460073.821503,FP
13737885,3382.01,4.4575332,2459252.368103,PC
175317833,3383.01,9.7325799,2459988.840025,PC
118603213,3384.01,1.8592079,2459277.023695,PC
175079720,3385.01,2.2623261,2459274.96923,FP
174426662,3386.01,0.8855539,2458540.32689,PC
118072143,3387.01,2.7678404,2459962.824938,PC
173860688,3388.01,0.845657,2458541.414379,FP
419419534,3389.01,1.680148,2459278.794388,FP
69838258,339.01,6.73069,2458354.57336,FP
96055535,3390.01,5.4033373,2459278.561159,APC
173824688,3391.01,4.7131119,2459963.254463,PC
80174172,3392.01,1.1104301,2459278.729272,FP
173260345,3393.01,5.2059716,2458538.389463,PC
59536337,3394.01,7.8373997,2459966.08383,PC
170405772,3395.01,3.2730247,2459248.380542,PC
56630436,3396.01,6.4700007,2459968.456564,PC
154616309,3397.01,3.6250244,2459248.508703,PC
46999289,3398.01,6.2088405,2459993.668188,PC
153197346,3399.01,2.642447,2458540.491991,FP
410552165,3653.01,4.6017262,2459909.350822,PC
396556650,3654.01,2.277182,2458814.364165,APC
94609570,3655.01,3.3325651,2459519.849061,APC
77258279,3656.01,5.5122277,2459906.227504,PC
381544766,3657.01,4.0898871,2459906.54207,PC
71854732,3658.01,3.1004285,2459909.663353,FP
374778982,3659.01,2.3882776,2459906.847676,FP
251878904,366.01,1.7025848,2459088.314332,PC
67517533,3660.01,3.9497635,2459884.206655,PC
370123525,3661.01,2.6480838,2459906.755964,PC
65446983,3662.01,9.9908116,2458813.713584,PC
354151219,3663.01,3.5639862,2459907.512799,FP
348437470,3664.01,3.2975093,2459906.709615,PC
65440953,3665.01,0.8746494,2458812.783914,PC
346626688,3666.01,4.4085194,2459886.331856,KP
63717709,3667.01,5.4439776,2459884.185008,PC
467580267,3668.01,0.7415247,2459908.643175,PC
63470437,3669.01,1.2126653,2459909.846648,PC
9033144,367.01,4.7150255,2460202.579344,FP
175604949,2847.01,2.648845,2459250.187809,PC
285524410,2848.01,3.0244222,2459964.898137,FP
61687533,2849.01,2.9510628,2459208.275086,PC
220459976,285.01,,2458393.996453,PC
453105377,2850.01,6.6329154,2459222.134753,PC
174206540,2851.01,4.8257226,2459247.745314,PC
52869977,2852.01,0.400777,2459253.167438,PC
173818213,2853.01,3.2923881,2459966.276658,PC
50989813,2854.01,0.9008643,2459227.231333,PC
437156845,2855.01,3.4906402,2459246.599677,FP
172630205,2856.01,0.599092,2459226.23093,FP
419148828,2857.01,0.6216031,2459962.905816,APC
47587394,2858.01,2.4181961,2459225.080496,PC
157655504,2859.01,3.9589903,2459253.079498,PC
150030205,286.01,4.5117295,2460980.715227,CP
150030205,286.02,39.361947,2460155.028402,CP
419029830,2860.01,4.1849602,2459245.824803,PC
157572174,2861.01,6.6269971,2459967.674019,PC
231937059,2862.01,11.4874782,2459243.08619,PC
60768923,3123.01,1.8703411,2459359.165583,APC
454918388,3124.01,2.2545904,2459388.230262,PC
160023,3125.01,6.7565519,2459358.443291,PC
454876465,3126.01,1.8246123,2459386.793853,PC
17361,3127.01,3.606557,2459357.945764,APC
453677947,3128.01,2.3155132,2459386.588498,PC
4711,3129.01,2.3348152,2459358.079233,PC
9102327,313.01,3.2615,2458354.54332,FP
453396346,3130.01,0.4415174,2460041.173091,PC
2876,3131.01,2.6274574,2459357.047021,PC
448923766,3132.01,2.2664085,2459385.110624,PC
448775221,3133.01,4.0902788,2459388.723127,PC
448688668,3134.01,2.2308431,2458649.589138,PC
448098793,3135.01,3.7065603,2459357.945093,PC
418471796,3136.01,2.6841894,2459388.272114,PC
395514100,3137.01,1.8823821,2460069.638625,PC
270347814,3138.01,2.8740048,2458623.063561,PC
48661942,3139.01,3.9628496,2459354.840766,PC
316769613,314.01,10.18108,2458355.59503,PC
80439101,340.01,14.8499717,2459088.695472,PC
437215469,3400.01,3.8036198,2459252.997055,PC
26051436,3401.01,3.6689529,2459275.591697,PC
152685831,3402.01,3.4714171,2459250.856372,FP
133107143,3403.01,11.2205176,2459968.985157,PC
18795429,3404.01,2.5087868,2459276.822863,PC
152326573,3405.01,6.1458884,2459244.497961,PC
410159011,3406.01,2.623354,2459279.359536,PC
152005053,3407.01,1.3847905,2459251.753886,PC
7904580,3408.01,15.8346011,2459249.62041,FP
405485201,3409.01,7.7605254,2459278.415912,PC
33911302,341.01,1.81383,2458355.75117,PC
238012337,3410.01,3.9791023,2459273.339931,PC
150424946,3411.01,7.0628019,2459242.489293,PC
396794358,3412.01,3.1405783,2459278.640462,PC
149745822,3413.01,4.7114264,2459245.869732,PC
131348451,3414.01,9.7355768,2459272.510411,PC
386456916,3415.01,3.5714448,2459965.694601,PC
145910571,3416.01,2.3626917,2459277.156063,PC
331854794,3670.01,2.1947767,2459882.986355,PC
312345863,3671.01,1.7266138,2459909.44404,PC
50943163,3672.01,2.4254068,2458810.750472,FP
452964680,3673.01,2.2390796,2459909.495737,PC
308613965,3674.01,4.4619426,2459909.403907,PC
34646336,3675.01,5.9577768,2459479.09838,PC
302470965,3676.01,1.9341469,2459906.383384,PC
458876004,3677.01,3.6923071,2458814.425212,FP
34551972,3678.01,4.8542148,2459885.446229,FP
285354178,3679.01,5.9664078,2459903.742163,PC
77031413,368.01,1.38665,2459110.92156,FP
311703724,3680.01,1.7054246,2459909.677229,APC
285272237,3681.01,4.6401269,2459886.284961,KP
28961316,3682.01,3.3462671,2459522.002571,PC
264912889,3683.01,1.3697115,2459907.842783,PC
28873762,3684.01,3.105654,2459518.690795,FP
252118701,3685.01,4.9777448,2459903.636558,PC
13533330,3686.01,5.0778064,2459884.347294,PC
412257781,2863.01,1.1894812,2459253.364143,FP
157011920,2864.01,0.4777885,2459963.053193,PC
231337271,2865.01,0.451685,2459226.716429,PC
409896170,2866.01,1.5728416,2459251.0301,PC
156949982,2867.01,5.6392638,2459965.827646,PC
147857396,2868.01,9.3803217,2459222.277749,PC
409264172,2869.01,1.7198076,2459249.109041,PC
2758565,287.01,3.7815683,2459089.65573,PC
14709225,2870.01,5.7655904,2459577.909729,PC
155807906,2871.01,0.4057204,2459253.168845,FP
151930063,2872.01,5.2201338,2459963.999386,FP
119448220,2873.01,1.252025,2459252.913566,PC
123106490,2874.01,3.3004862,2459963.591728,FP
385658469,2875.01,3.4142143,2459245.620362,PC
10827386,2876.01,6.2996307,2459248.364238,PC
348477542,2877.01,3.4074188,2459248.400362,PC
4999813,2878.01,2.0849517,2459226.726213,FP
146836153,2879.01,2.3252878,2459964.82553,FP
47316976,288.01,711.7473963,2458364.461822,PC
394900138,3140.01,3.0932735,2459386.579249,PC
394443982,3141.01,4.4338805,2459382.058438,PC
387791274,3142.01,1.1536561,2459360.085141,PC
384244834,3143.01,2.9902369,2459354.834136,PC
361176558,3144.01,3.7724947,2459383.264338,PC
360816296,3145.01,3.5505931,2459382.328839,PC
360816293,3146.01,3.5506084,2458650.905593,FP
359572563,3147.01,1.5256634,2459386.392509,PC
323980895,3148.01,4.2814436,2459387.985248,PC
296670796,3149.01,1.1542402,2459359.710881,PC
66356824,315.01,3.55562,2459109.39216,FP
195256633,3150.01,5.3430663,2459357.83131,PC
36607746,3151.01,1.7257597,2459358.412233,PC
467484304,3152.01,0.7815064,2459359.018335,PC
466318137,3153.01,1.1216021,2460014.80544,FP
465176038,3154.01,4.0333818,2460014.877238,PC
457272901,3155.01,4.6492201,2459355.282092,APC
457110913,3156.01,0.7463239,2459359.101067,APC
456962262,3157.01,2.8823183,2460043.13808,PC
451254008,3158.01,6.8561604,2459329.466826,PC
332710679,3417.01,2.7194615,2459279.352082,PC
437144507,3418.01,7.3039869,2459963.751971,PC
145904365,3419.01,7.9969538,2459265.19095,PC
415969574,342.01,10.45776,2458362.57199,FP
293978434,3420.01,1.5971426,2458540.862165,FP
145023816,3421.01,2.8389301,2459963.780552,PC
286099128,3422.01,3.7788779,2459964.344071,KP
144970275,3423.01,2.5313424,2459248.478713,FP
283702603,3424.01,0.6691882,2459279.471354,FP
144682439,3425.01,0.765415,2459963.115871,PC
277833423,3426.01,6.1786733,2459570.358029,PC
144467913,3427.01,2.9526508,2459248.8939,PC
271486001,3428.01,5.3945125,2459964.814156,PC
134551640,3429.01,13.9311096,2459251.254791,PC
66497310,343.01,1.7563116,2459089.671576,PC
118329434,3430.01,5.0949767,2459243.222963,APC
270649648,3431.01,3.919695,2459247.431756,PC
133849258,3432.01,9.148074,2459969.264588,PC
270471065,3433.01,2.7765784,2459246.89512,PC
434110695,4657.01,8.115667,2460183.111585,PC
224279091,4658.01,6.0142432,2459103.831934,PC
178215634,4659.01,1.0451165,2459167.858358,PC
4616072,466.01,4.1876154,2459201.891355,KP
435259601,4660.01,1.5090806,2459523.062741,PC
441135051,4661.01,8.8085782,2459156.854569,PC
166778944,4662.01,4.7034187,2459165.007854,PC
237358490,4663.01,5.2916448,2459159.619518,PC
299551666,4664.01,3.0002713,2459165.08637,PC
165201455,4665.01,3.6831574,2459165.067431,PC
165202476,4666.01,2.9093856,2459168.476368,CP
422884521,4667.01,17.9450925,2459165.819787,PC
142938659,4668.01,1.0049552,2459169.299411,FP
71401634,4669.01,0.2476684,2459169.548716,FP
20178111,467.01,1.734422,2459198.7024,FP
404506270,4670.01,15.5014296,2459150.617565,PC
439873430,4671.01,17.1470323,2459167.096077,PC
332911893,4672.01,6.6132132,2459168.770633,PC
118573065,4673.01,4.8667353,2459164.646167,PC
320503729,3953.01,2.9873441,2459711.899052,PC
316453500,3954.01,3.4043154,2459878.252241,PC
314375831,3955.01,3.1274951,2460396.977733,PC
309849817,3956.01,2.6686464,2459716.708724,PC
305550963,3957.01,1.5891628,2459850.65687,FP
279383896,3958.01,12.0031646,2459864.071397,PC
275421144,3959.01,3.8426038,2459848.264998,PC
178155732,396.01,5.9739124,2459120.537697,CP
178155732,396.02,3.58529,2459169.27128,CP
178155732,396.03,11.2304605,2459117.261055,CP
272785423,3960.01,3.2399875,2459716.189621,PC
272219353,3961.01,3.5434689,2459880.628277,PC
271761420,3962.01,3.3501179,2459879.600582,PC
271439193,3963.01,6.2329571,2459876.941322,FP
270435047,3964.01,1.8011961,2458979.203279,FA
269043098,3965.01,4.7253516,2459903.350719,PC
262880826,3966.01,3.9967263,2459684.28561,APC
256867493,3967.01,4.6709424,2459817.727215,PC
252071095,3968.01,2.2171904,2459879.247689,APC
409315469,4210.01,1.0754208,2459251.255943,APC
385654601,4211.01,2.2715616,2459250.468953,PC
126864892,4212.01,2.3485025,2459252.978961,APC
32408928,4213.01,1.0435229,2459252.322453,FP
409594381,4214.01,3.491383,2459248.541475,PC
7274938,4215.01,1.0994412,2459251.093808,PC
187861378,4216.01,2.1816809,2459251.531855,FP
108939482,4217.01,1.1870337,2459963.592775,FP
142628514,4218.01,2.6269521,2458514.633837,PC
114103136,4219.01,1.1471548,2458515.145173,FP
117979455,422.01,0.6333372,2458438.292151,APC
346995484,4220.01,1.9138779,2459251.118701,PC
334252687,4221.01,2.8395663,2459249.304348,PC
318054782,4222.01,0.8335712,2459226.922752,FP
157088184,4223.01,7.2654708,2459244.780823,PC
148667071,4224.01,1.161347,2459963.721518,PC
141405814,4225.01,1.1355457,2460717.457076,FP
127328218,4226.01,2.9628955,2459963.356258,PC
99081059,4227.01,3.4169475,2459250.439665,PC
137899948,4446.01,2.4552388,2459420.803667,KP
153937417,4447.01,4.1596197,2459392.183721,PC
138359318,4448.01,1.0186989,2459769.924018,KP
322046084,4449.01,2.7519172,2460338.433851,PC
14091704,445.01,0.7649571,2459199.549231,PC
373017346,4450.01,10.6925011,2459759.877559,PC
23229805,4451.01,8.8517354,2459778.550072,PC
229581160,4452.01,3.4149091,2459911.846148,PC
243333538,4453.01,2.9985667,2459772.753949,FP
48217457,4454.01,3.1208396,2459422.76782,KP
138644215,4455.01,1.5449334,2459420.580429,KP
27774415,4456.01,4.9427985,2459422.773399,KP
299220166,4457.01,3.2175184,2459770.385346,KP
229671380,4458.01,3.939371,2459392.576251,PC
230129753,4459.01,5.7475343,2459840.458684,PC
1449640,446.01,3.5018023,2458440.43161,APC
461635621,4460.01,28.6648749,2460437.031199,PC
89062142,4674.01,4.2430633,2459161.883903,PC
279095914,4675.01,3.5779775,2459165.52615,PC
219225319,4676.01,13.291966,2459163.082504,PC
100974694,4677.01,4.0589926,2459166.440518,PC
206717400,4678.01,4.7743169,2459168.253288,PC
283605976,4679.01,6.8170909,2460211.223411,PC
33521996,468.01,3.3252703,2459220.820401,KP
31258738,4680.01,17.4314043,2459173.504974,PC
248689510,4681.01,3.0421828,2459194.880219,PC
449197624,4682.01,6.7934811,2459187.795987,FP
264460005,4683.01,3.0929206,2459194.816461,FP
399757537,4684.01,6.4879123,2459194.248543,PC
431693152,4685.01,7.0308254,2459188.98641,PC
316875094,4686.01,7.9461192,2459190.957776,PC
302759417,4687.01,3.313358,2459548.927537,PC
245793479,4688.01,7.7688831,2460211.622844,PC
396935099,4689.01,2.4337374,2459198.970846,PC
33692729,469.01,13.6308024,2458474.569581,CP
455033897,4690.01,11.5341529,2459180.689567,APC
252049912,3969.01,3.8522402,2459876.29526,PC
219379012,397.01,1.5464949,2459168.724537,FP
237221436,3970.01,10.6001229,2459894.325894,PC
237077180,3971.01,3.2292942,2459823.782533,PC
284206913,3972.01,10.511362,2459903.238824,PC
233654042,3973.01,2.0615575,2459716.388509,PC
156007004,3974.01,1.7922888,2459715.060453,PC
155947004,3975.01,9.4258906,2458973.711868,FP
154293917,3976.01,6.6080989,2458978.133817,CP
116382006,3977.01,23.2547644,2459679.942181,PC
468329664,3978.01,3.5472157,2459736.354717,PC
444523623,3979.01,2.041659,2458979.93011,FP
1129033,398.01,1.3600283,2459168.520849,KP
312548829,3980.01,3.6089193,2459907.83037,PC
312548415,3981.01,2.2437501,2458981.5001,FP
25773352,3982.01,5.3438948,2459881.803399,PC
20303110,3983.01,3.8961515,2458975.507347,FA
20182780,3984.01,4.3533211,2459715.022491,CP
604863428,3985.01,3.2358535,2458981.690526,FP
415143674,4228.01,6.0219203,2459965.252097,PC
319282294,4229.01,1.1385671,2458514.968282,FP
43647325,423.01,3.1615697,2459176.768453,KP
128127712,4230.01,1.9401022,2459963.157918,PC
127895118,4231.01,3.2970252,2459965.923212,PC
126357909,4232.01,1.2247985,2458513.957617,FP
113295476,4233.01,1.820443,2458514.824342,FP
81055189,4234.01,0.908232,2458515.925371,PC
157528286,4235.01,1.6562803,2459251.03979,FP
36227841,4236.01,0.4021401,2459988.448188,PC
30825828,4237.01,3.0482015,2459275.547041,PC
24615998,4238.01,1.2732245,2459277.637194,PC
22121296,4239.01,2.8123314,2459989.224549,PC
117979694,424.01,1.9784257,2459199.447226,FP
19547831,4240.01,10.1238604,2459996.457379,PC
4102368,4241.01,3.1118943,2459990.965135,PC
445582110,4242.01,3.0579913,2459963.111842,PC
400683848,4243.01,1.0886286,2459988.504447,PC
149282072,4461.01,3.7006742,2459761.942759,FP
76420654,4462.01,4.9133022,2459789.419251,CP
8599009,4463.01,2.88069,2459766.955834,CP
441589581,4464.01,8.0379975,2459602.566546,PC
157236902,4465.01,,2459395.124979,CP
268604331,4466.01,5.0141991,2459799.901292,KP
48506505,4467.01,7.7942155,2459420.812052,KP
441763252,4468.01,2.7708596,2459848.554322,PC
441763252,4468.02,7.014001,2459424.229778,PC
75262942,4469.01,2.6634154,2459421.462837,KP
14091633,447.01,5.5292743,2459176.31925,APC
256364928,4470.01,2.2185748,2459770.410421,KP
27318774,4471.01,3.2432488,2459422.907793,KP
63211674,4472.01,8.6004516,2459422.501343,KP
122441491,4473.01,3.7970076,2459420.412953,KP
264508014,4474.01,3.3119026,2459422.509996,KP
159098316,4475.01,3.578757,2459422.607769,KP
200321577,4691.01,8.5725884,2459185.213746,PC
153723304,4692.01,4.0519584,2459198.541053,PC
117843365,4693.01,1.9113216,2459198.727602,APC
50745119,4694.01,5.629318,2459193.698371,PC
139550876,4695.01,35.7861915,2459155.04089,PC
243011228,4696.01,4.1249095,2459521.210956,PC
250189842,4697.01,5.0274739,2459195.473718,PC
411781649,4698.01,4.2333233,2459191.579713,PC
34395020,4699.01,10.1766089,2459186.707588,PC
37770169,470.01,12.1914558,2458474.494915,CP
468911753,4700.01,2.2964514,2459197.315409,APC
9344899,4701.01,8.5821795,2459197.981561,PC
248690688,4702.01,3.121702,2459194.134783,PC
293514367,4703.01,5.1155806,2459517.108882,PC
455030519,4704.01,2.6875966,2459197.724648,APC
436637677,4705.01,11.9140328,2459519.126558,PC
37117064,4706.01,735.982363,2458483.114646,PC
322825139,4707.01,0.4709937,2459226.690709,PC
232194097,4708.01,3.3560085,2459223.248135,PC
470911286,3986.01,1.6212474,2458981.484997,FP
452972453,3987.01,3.2358247,2458981.689588,FA
452938965,3988.01,2.8744227,2459904.651667,PC
444413256,3989.01,4.0104917,2459905.714944,FP
219388773,399.01,1.5716819,2458412.383444,FP
420446142,3990.01,5.8423636,2458980.604616,FP
418133917,3991.01,2.2774846,2458981.868452,PC
403347341,3992.01,6.397886,2459906.078021,PC
403340402,3993.01,2.2237067,2459853.946215,PC
372505528,3994.01,3.8974136,2458977.165523,FP
347210614,3995.01,6.4219775,2459870.688806,APC
347011522,3996.01,17.2045725,2458973.929734,FP
327004130,3997.01,3.4600026,2459908.19918,PC
320281287,3998.01,1.81451,2459880.386105,PC
284528889,3999.01,4.112385,2458981.890738,FP
35857242,400.01,3.6344447,2459169.279248,KP
283015592,4000.01,3.7027104,2459879.948933,FP
83148519,4001.01,4.8982659,2459904.236518,PC
83053699,4002.01,3.3378852,2459876.382409,FP
393340920,4244.01,1.8665254,2459990.230842,PC
52928939,4245.01,3.1527177,2459963.826493,PC
291465998,4246.01,12.8860009,2459966.426061,PC
286153328,4247.01,4.3539599,2460718.856842,PC
190986054,4248.01,5.1442317,2458561.897544,PC
269568703,4249.01,6.772626,2459964.150498,PC
169532369,425.01,3.60364,2458440.31143,FP
269249506,4250.01,4.0185922,2459272.138098,PC
192520375,4251.01,0.9109508,2459278.486338,FP
145038729,4252.01,2.6085023,2459989.705326,PC
145249556,4253.01,3.4192373,2459990.501406,PC
92744152,4254.01,1.1462769,2459963.44296,PC
82302240,4255.01,2.5057108,2459964.80591,FP
77102895,4256.01,1.0962372,2459303.475037,FP
75208638,4257.01,4.6512523,2459990.712909,FP
74484886,4258.01,3.8505662,2459298.033322,FP
268643535,4259.01,8.9612626,2459963.456678,PC
399794420,4476.01,1.5947535,2459421.077646,KP
64531556,4477.01,7.8127906,2459813.939921,FP
233823679,4478.01,2.7586362,2459819.787515,PC
126606859,4479.01,1.1589013,2459797.406342,CP
1528696,448.01,0.8820624,2458438.402842,CP
377873569,4480.01,3.8493846,2459771.442186,KP
239332587,4481.01,0.9263237,2460559.015552,CP
27990610,4482.01,2.8164979,2459772.312716,KP
209752908,4483.01,1.752217,2459420.283409,KP
272707711,4484.01,2.6890703,2459420.963218,PC
137903329,4485.01,7.3405675,2459423.155978,KP
99224131,4486.01,2.6915408,2460558.071975,KP
193754373,4487.01,3.9540617,2459818.051018,PC
269269546,4488.01,4.45417,2459798.529256,KP
267572272,4489.01,2.7974757,2459911.038989,KP
139528693,449.01,2.1751729,2459175.58961,KP
317328621,4709.01,6.2397532,2459220.512929,APC
47911178,471.01,3.5857076,2459223.302264,KP
144486060,4710.01,1.4798437,2459226.526882,PC
177718896,4711.01,3.7081082,2459221.348914,PC
317089770,4712.01,8.8720052,2459221.840496,PC
102542376,4713.01,2.9532479,2459224.623802,APC
251111783,4714.01,7.9144674,2459219.562126,PC
268372005,4715.01,6.4274159,2459214.764692,FP
268689126,4716.01,5.2376102,2459218.398096,PC
269190305,4717.01,4.1583367,2459219.329857,PC
234958949,4718.01,5.1409029,2459220.398799,PC
306363166,4719.01,14.3953055,2459201.745874,PC
52280468,472.01,0.5682596,2459226.783631,APC
124322274,4720.01,3.7810832,2459225.607183,PC
229210014,4721.01,4.0086493,2460237.323707,PC
142530031,4722.01,10.8910909,2459219.500661,PC
322824542,4723.01,3.6590997,2459226.361286,PC
119638424,4724.01,3.572359,2459221.311524,PC
26587613,4725.01,2.0763072,2459546.99513,PC
399346877,4003.01,3.9606593,2459718.824292,PC
397924314,4004.01,5.3798996,2459882.88297,PC
395773226,4005.01,3.8471662,2459008.270987,FP
390048041,4006.01,3.0491667,2459720.303663,FA
389910188,4007.01,4.5432349,2459901.436833,PC
379629854,4008.01,2.8278059,2459008.075403,FP
368734712,4009.01,4.3271416,2459882.41759,PC
259701242,401.01,2.4854887,2460984.002776,FP
352682207,4010.01,5.4146235,2459720.20187,CP
352682207,4010.02,14.7091662,2459721.424279,CP
352682207,4010.03,1.3483075,2459741.038966,CP
289264348,4011.01,4.3359117,2459740.018427,PC
280315875,4012.01,1.82544,2459883.126997,PC
279265701,4013.01,2.6325313,2459740.947451,PC
85791385,4014.01,2.8067423,2459738.792333,PC
85429139,4015.01,4.7427131,2459738.474297,PC
461491274,4016.01,1.8137851,2459909.097876,PC
461491274,4016.02,4.3962009,2459886.075235,PC
189013224,426.01,1.3205037,2458438.524066,PC
74967390,4260.01,5.4588359,2459297.736102,PC
74197917,4261.01,1.5040804,2460015.834821,FP
53365065,4262.01,5.9977892,2459966.035655,PC
48276576,4263.01,0.8334976,2459989.054751,FP
45996325,4264.01,3.1580472,2459989.671183,PC
118308828,4265.01,3.7353995,2459301.93331,FP
442050698,4266.01,0.8118585,2459332.149876,APC
80783538,4267.01,1.2125595,2460014.85385,APC
341272282,4268.01,0.8133123,2459304.022578,FP
178657161,4269.01,4.5766182,2459323.331883,PC
70914192,427.01,0.6090253,2459199.009699,APC
151920165,4270.01,3.4671474,2459303.974235,CP
146842334,4271.01,4.5016988,2459329.602172,PC
146664561,4272.01,2.7302636,2459305.560437,PC
133331642,4273.01,2.9346956,2459302.62352,PC
290388627,4274.01,0.4459299,2459359.93453,PC
363635669,4275.01,0.7617828,2460015.058745,FP
469811655,4276.01,11.851162,2460098.730356,PC
268924036,4490.01,2.0523417,2459421.60304,KP
193336820,4491.01,5.006622,2460550.715057,CP
298297931,4492.01,4.4331838,2460555.320385,PC
263218688,4493.01,1.5076298,2459794.386139,PC
40466976,4494.01,32.535016,2460318.212526,PC
120826158,4495.01,5.1830043,2459765.914829,CP
120826158,4495.02,2.5693728,2459770.010155,PC
275758701,4496.01,1.18803,2460559.123436,PC
436166416,4497.01,3.6001959,2459440.840426,PC
305943739,4498.01,5.3073459,2459441.270166,FP
120183168,4499.01,3.4902115,2460338.925724,PC
120183168,4499.02,5.5387718,2460335.262371,PC
77951245,450.01,10.7148661,2459182.487384,APC
406190563,4500.01,1.773346,2459446.222222,FP
22069559,4501.01,2.0348789,2460337.772433,PC
239372503,4502.01,0.8560277,2460366.918358,FP
167719618,4503.01,710.6982018,2459234.617058,PC
349972412,4504.01,82.9294114,2460059.618864,CP
409009431,4726.01,4.2971136,2459223.153269,PC
39824732,4727.01,7.151653,2459214.055371,PC
270716565,4728.01,6.0879495,2459223.951267,PC
52738649,4729.01,6.9279673,2459220.206779,PC
52640302,473.01,1.5732848,2459229.48943,KP
97866515,4730.01,4.0681112,2459545.314424,PC
438368981,4731.01,1.4553693,2459548.375865,PC
78489364,4732.01,1.8911553,2459225.157456,PC
108940329,4768.01,7.2644599,2459979.776645,PC
333814134,4769.01,2.8636452,2459249.745957,PC
170102285,477.01,2.9444273,2458470.661116,KP
112110888,4770.01,1.9491813,2459963.442749,PC
266441563,4771.01,6.0049484,2459249.632763,APC
455153906,4772.01,2.8894603,2459248.942017,PC
415276070,4773.01,1.7454828,2459963.256136,PC
148129139,4774.01,8.6000244,2459243.036813,PC
412521892,4775.01,2.4732088,2459248.828614,PC
196286578,4776.01,10.4137997,2459245.97102,PC
170368805,4777.01,2.9588764,2459250.950635,PC
407313319,4017.01,7.0423707,2459741.999561,PC
407243316,4018.01,3.0755983,2459905.413879,PC
284305328,4019.01,2.2963814,2459883.460104,FP
120896927,402.01,4.7559995,2460984.453442,CP
120896927,402.02,17.1796673,2460974.324328,CP
10974783,4020.01,3.2174446,2459719.596851,FA
10507330,4021.01,5.1175439,2459737.995607,PC
1271152446,4022.01,7.2089041,2459652.598161,PC
470678283,4023.01,2.7991658,2459768.045481,PC
470169396,4024.01,6.3262148,2459909.262917,PC
441730540,4025.01,16.2840915,2459826.494303,PC
428963229,4026.01,3.1239771,2459719.845178,PC
427866520,4027.01,3.6074546,2459907.148211,PC
406634633,4028.01,3.9589142,2459884.285896,PC
393633044,4029.01,5.8850401,2459711.649348,PC
257567854,403.01,3.532822,2458411.901592,KP
390021939,4030.01,2.5089892,2459764.28652,PC
389968080,4031.01,10.0462596,2459588.254771,PC
387603144,4032.01,2.4567112,2459007.401949,FP
466682238,4277.01,3.2738129,2460100.006815,PC
466222485,4278.01,1.7519943,2459058.678662,PC
407146536,4279.01,2.0976705,2459385.924603,FP
117979850,428.01,0.6333315,2459198.925652,APC
387193925,4280.01,3.518972,2459055.690823,PC
384386061,4281.01,5.7626055,2459380.93326,FP
374348168,4282.01,13.5098037,2459045.476307,PC
343952976,4283.01,3.0131053,2459385.636462,PC
280726137,4284.01,3.5008785,2460099.511735,PC
310105752,4285.01,1.1703152,2459386.666789,APC
294097592,4286.01,1.0268508,2458682.235801,PC
290407621,4287.01,4.2337624,2459381.865757,PC
278821913,4288.01,6.0597,2459965.283094,PC
278540265,4289.01,2.9757428,2459385.628111,PC
259592689,429.01,,2458439.648711,PC
278196907,4290.01,1.1771655,2459388.733133,PC
257520272,4291.01,12.1525595,2459383.47146,PC
255918903,4292.01,1.7201092,2460098.853045,FP
101696403,4293.01,1.6242109,2459059.497032,PC
349972412,4504.02,2.4261538,2459038.460359,CP
150299840,4505.01,19.4723789,2459068.264739,PC
434105094,4506.01,5.4107024,2458357.518293,PC
179582003,4507.01,104.6162557,2458413.850483,CP
170789802,4508.01,3.4672779,2458438.012099,PC
319610598,4509.01,,2459231.763893,PC
257605131,451.01,16.364873,2458416.634939,CP
257605131,451.02,1.8586624,2458410.999327,CP
257605131,451.03,9.1910792,2458411.806253,CP
340458804,4510.01,194.2432864,2459039.762461,PC
333674399,4511.01,20.9040576,2460243.483965,PC
333674399,4511.02,10.9776867,2460258.713478,PC
243014114,4512.01,19.5620458,2459450.83655,KP
408261725,4513.01,9.7607632,2459488.218864,PC
436875934,4514.01,2.7535993,2459883.369678,KP
456862677,4515.01,15.2664658,2459451.62303,CP
107090327,4795.01,2.7431176,2459250.177227,PC
65905621,4796.01,3.5775958,2459250.341527,PC
265011923,4797.01,2.9922495,2459248.080834,PC
274137295,4798.01,5.5261155,2459248.758205,PC
65805840,4799.01,4.0234634,2459250.007806,PC
317548889,480.01,6.8659582,2458469.562003,CP
280307604,4800.01,4.3229915,2459244.040521,FP
419092044,4801.01,3.251269,2459964.586749,PC
50575306,4802.01,1.7131374,2459249.153752,PC
19117967,4803.01,8.4516737,2459540.496396,PC
320341952,4804.01,5.0648401,2459982.488346,PC
7976072,4805.01,8.9981735,2459239.289015,PC
96317115,4806.01,8.4476983,2459248.293164,PC
174546820,4807.01,17.6868627,2459245.196258,PC
126772538,4808.01,1.4700596,2459251.604328,FP
143724857,4809.01,4.4722598,2459964.285192,PC
339672028,481.01,10.3311621,2460970.45735,CP
281225729,4810.01,2.4162514,2459251.905341,PC
334414389,4811.01,0.9828259,2459963.071494,PC
387330895,4033.01,3.6142971,2459905.03388,PC
375654303,4034.01,1.8020923,2459853.880406,PC
372392226,4035.01,3.0295916,2459907.065594,PC
367913453,4036.01,2.7761628,2459008.757118,FP
367287018,4037.01,4.7257129,2459740.358181,FP
366580825,4038.01,4.2989288,2459765.009444,PC
366120401,4039.01,4.7308142,2459733.900505,PC
166833457,404.01,2.9626402,2459168.63923,KP
356786657,4040.01,7.1357259,2459658.460639,PC
345645749,4041.01,7.8808589,2459731.3788,PC
332393279,4042.01,2.3238426,2459008.333798,PC
322262448,4043.01,5.1191172,2459906.072719,PC
307956396,4044.01,4.1508803,2459001.28404,FP
298264260,4045.01,7.9927894,2459672.862005,PC
284760740,4046.01,0.7583741,2459716.464024,PC
279769094,4047.01,4.5029619,2459003.440869,PC
279605855,4048.01,1.972401,2459007.051404,FP
259274960,4049.01,31.4001189,2459590.894466,PC
176984236,405.01,1.7560902,2459199.325641,FP
30499203,4294.01,2.4330551,2458677.763801,FP
325527653,4295.01,11.3929129,2459380.285734,PC
72668830,4296.01,19.9706574,2458399.48997,FA
72668830,4296.02,5.0959342,2460983.116943,PC
72668830,4296.03,12.4911003,2460967.091646,PC
28116365,4297.01,16.5272651,2458391.647306,PC
146282666,4298.01,722.2619756,2458398.395589,PC
67535663,4299.01,6.6019866,2459329.652372,PC
459942762,430.01,0.58644,2458438.83761,FP
266843799,4300.01,0.8062768,2459331.490509,FP
307079330,4301.01,6.5445251,2460028.65432,PC
182078202,4302.01,38.7619532,2458347.763724,PC
200296137,4303.01,8.6110844,2458438.485322,PC
366443426,4304.01,15.5718552,2460266.657375,KP
366443426,4304.03,31.7180208,2458494.909195,KP
372068780,4305.01,183.0019106,2458679.490787,PC
85593751,4516.01,3.7224626,2459885.541633,KP
301289516,4517.01,1.2089755,2460231.733831,KP
398572544,4518.01,3.408833,2460229.806391,KP
419957393,4519.01,5.8903558,2459448.624749,PC
139733308,452.01,4.7633952,2459174.695544,KP
404243877,4520.01,3.2047072,2460227.357032,KP
439842788,4521.01,3.0717182,2459450.367505,KP
369480087,4522.01,0.3643225,2459447.841312,FP
427332229,4523.01,2.7186256,2459498.195167,KP
333657795,4524.01,0.9260632,2460233.36735,CP
36592530,4525.01,2.4841975,2460229.465961,KP
39926974,4526.01,2.2604346,2459448.652065,KP
380887434,4527.01,0.3994445,2459474.200243,CP
376981340,4528.01,4.0249712,2459448.108233,FA
384888319,4529.01,5.8795752,2459448.511683,CP
452808876,453.01,2.70582,2458438.96587,KP
35022727,4530.01,3.6528112,2459450.646766,KP
438149332,4733.01,5.3054422,2459544.58483,PC
97714451,4734.01,6.2356356,2459541.87525,PC
280292434,4735.01,3.541053,2459221.109539,PC
265619984,4736.01,2.8564778,2459222.792459,PC
142532090,4737.01,9.3202467,2459222.401832,CP
247873937,4738.01,4.6498719,2459549.304788,FP
281716779,4739.01,8.1703609,2459223.200936,APC
59843967,474.01,2.5167257,2459226.05544,KP
72097808,4740.01,5.7728793,2459226.154086,PC
291198795,4741.01,2.4849639,2459223.677938,PC
237637903,4742.01,4.1034672,2459226.761013,PC
23725901,4743.01,6.2185453,2459217.210283,PC
293931909,4744.01,4.8013522,2459220.296088,PC
269278156,4745.01,4.413935,2459220.372965,PC
160180298,4746.01,7.5395871,2459213.185298,PC
235078021,4747.01,5.2192426,2459222.486906,PC
59770954,4748.01,4.1018859,2459544.135431,PC
153412485,4749.01,1.3832999,2459226.693605,PC
100608026,475.01,8.2617663,2458442.486555,PC
255865833,4050.01,4.6546139,2459662.394947,PC
237101326,4051.01,1.5373948,2459849.641184,FP
236775063,4052.01,0.7409429,2459008.383184,FP
235684392,4053.01,21.7894491,2459743.50843,FP
233719215,4054.01,17.356719,2459657.554147,PC
233053554,4055.01,4.567925,2459853.406756,PC
232567319,4056.01,5.0518907,2459741.743989,PC
230388132,4057.01,2.4076941,2459854.89776,PC
229639351,4058.01,2.8668029,2459716.280498,PC
229605891,4059.01,2.0381761,2459768.585993,PC
153065527,406.01,13.1757294,2458388.56746,CP
153065527,406.02,6.614911,2458385.38837,CP
229508727,4060.01,23.1315739,2459755.068432,PC
224601047,4061.01,7.2087245,2459003.792406,FA
219866209,4062.01,6.7473822,2459857.967075,PC
219499488,4063.01,1.6323062,2459666.271065,APC
219489550,4064.01,3.8823511,2459667.343435,PC
219485050,4065.01,3.5908038,2459740.847953,PC
193556520,4066.01,6.7201811,2459736.642282,PC
372068780,4305.02,374.3644315,2458670.445038,PC
44898913,4306.01,2.7299049,2458413.191882,CP
141186075,4307.01,32.696666,2458349.759358,PC
141186075,4307.02,4.6545798,2458328.004126,PC
144193715,4308.01,9.1512776,2460163.674868,CP
56662591,4309.01,,2458564.610546,PC
31374837,431.01,12.4610086,2458440.630295,CP
31374837,431.02,0.4900589,2458438.375965,CP
303317324,4310.01,29.5667355,2458365.1788,PC
122617317,4311.01,15.0700779,2458394.738879,CP
122617317,4311.02,0.9902892,2458382.635952,CP
251086776,4312.01,726.1175225,2458434.864936,FA
294324819,4313.01,6.8227645,2458498.277436,PC
459952217,4314.01,73.580982,2458448.205642,FA
139148528,4315.01,8.2861614,2458326.328277,PC
7020254,4316.01,20.2730282,2460238.657358,KP
262662119,4531.01,4.53347,2459450.126596,KP
376939759,4532.01,5.8176452,2460231.88252,KP
418761354,4533.01,2.1747824,2459494.881247,KP
437704321,4534.01,2.8492802,2459448.05066,KP
26017005,4535.01,4.0984741,2459449.120055,KP
380907135,4536.01,4.0460644,2460226.955884,KP
251039147,4537.01,6.6629951,2459450.837437,PC
262715204,4538.01,7.1385672,2460228.758602,KP
262715204,4538.02,3.4715644,2459447.897021,KP
262715204,4538.03,10.4534748,2459449.16923,KP
102264230,4539.01,4.1591512,2459449.352847,KP
153077621,454.01,18.082622,2460981.953505,APC
388816604,4540.01,2.5048178,2460230.91969,PC
293432942,4541.01,1.1339769,2459496.050413,APC
4464022,4542.01,5.9167681,2459453.208413,PC
435336785,4543.01,5.7740318,2460212.247805,PC
435339847,4544.01,8.2000875,2458440.219543,KP
145163386,4778.01,3.8074213,2459966.545076,PC
170221808,4779.01,10.7490194,2459249.337732,PC
172464366,478.01,2.921685,2458470.046418,FP
231937828,4780.01,4.6942884,2459247.48951,PC
176242778,4781.01,1.9055614,2459250.822205,PC
423128096,4782.01,3.7244324,2459247.428982,APC
218988652,4783.01,6.7519508,2459252.171087,APC
409207712,4784.01,3.3583921,2459246.338861,PC
50751260,4785.01,6.4311106,2459242.498402,PC
127012328,4786.01,5.6984189,2459245.419299,PC
431981595,4787.01,3.5037708,2459251.312378,PC
156999527,4788.01,4.3930669,2459244.550352,PC
134221850,4789.01,7.5002702,2459251.273628,PC
306362738,479.01,2.7817379,2459221.888774,KP
452903647,4790.01,1.6102435,2459964.406443,APC
100389539,4791.01,4.2809767,2459246.158055,CP
265350422,4792.01,8.4481666,2459235.815084,APC
65949719,4793.01,3.4658629,2459248.821949,PC
95589845,4794.01,3.5658043,2459249.835617,PC
162577466,4067.01,3.6772391,2459666.709157,FP
159334269,4068.01,1.1578392,2459008.761746,FP
143009290,4069.01,2.7240303,2459739.127083,PC
349518800,407.01,2.1654694,2460015.729011,APC
115270627,4070.01,3.1504798,2459739.132188,PC
115182469,4071.01,6.5169955,2459001.307881,PC
85459171,4072.01,2.1390271,2459005.303452,PC
648958344,4073.01,2.3079651,2459004.435589,PC
628103717,4074.01,3.2175013,2459906.211599,PC
627323667,4075.01,3.0492435,2459909.355739,PC
57193198,4076.01,4.3965758,2459003.614842,PC
57159675,4077.01,5.5679111,2459694.838172,PC
444724127,4078.01,3.1639309,2459736.714045,PC
444558604,4079.01,1.9872259,2459882.628132,PC
176778112,408.01,1.33679,2459169.52007,FP
428892437,4080.01,3.7519831,2459764.98286,PC
421973253,4081.01,9.2584055,2460439.965544,PC
400899926,4082.01,4.625568,2459884.621763,PC
399444057,4083.01,2.0714803,2459008.356209,FP
422914082,4317.01,358.2825093,2458431.555433,PC
311130133,4318.01,1.1343824,2458438.114877,PC
157115010,4319.01,,2459231.757702,PC
38686737,432.01,2.24704,2458439.97961,FP
404518509,4320.01,25.1290153,2459160.014156,CP
404518509,4320.02,46.4093732,2458417.466332,FA
325081244,4321.01,,2458679.442502,PC
13883872,4322.01,13.4190972,2458417.282799,PC
143022742,4323.01,14.6762658,2458416.548124,FA
143022742,4323.02,21.9692578,2458412.896474,FA
408416746,4324.01,6.2509468,2458518.997987,PC
202185707,4325.01,1.6500673,2458469.368876,PC
303586471,4326.01,1826.0790324,2458363.771288,PC
140687214,4327.01,0.8303285,2459387.017748,PC
77175217,4328.01,703.79367,2458459.446061,PC
256722647,4329.01,2.9224661,2459855.156794,CP
610976842,4545.01,4.0248735,2460228.933083,KP
25911962,4546.01,0.745637,2460232.738875,PC
206284139,4547.01,3.0026495,2460825.442997,KP
21130820,4548.01,4.6003967,2460229.837135,PC
9030119,4549.01,3.3129214,2460231.218276,PC
98796344,455.01,5.358776,2459168.295274,CP
400972123,4550.01,1.8868756,2460093.051522,PC
204650483,4551.01,9.956296,2459312.392162,CP
248250955,4552.01,0.3011506,2459361.882335,CP
383721338,4553.01,20.3129649,2459422.817477,PC
369768787,4554.01,703.9376608,2458644.136953,PC
141770198,4555.01,522.6272677,2458523.844604,PC
107018378,4556.01,3.792456,2458570.930851,PC
258917846,4557.01,32.291901,2458605.104346,PC
220414682,4558.01,6.5812768,2458325.445967,PC
271169413,4559.01,3.9649053,2458597.872164,CP
77228304,456.01,0.336826,2458410.95064,FP
81744640,4812.01,3.3138453,2459250.009543,PC
333810741,4813.01,4.0492184,2459247.778467,PC
32004914,4814.01,5.545745,2459246.539025,PC
19447218,4815.01,8.9727235,2459966.449361,PC
156990000,4816.01,11.2473628,2459967.174765,PC
60074373,4817.01,3.190373,2459276.406959,FP
181422954,4818.01,2.6006996,2459963.060609,PC
82739585,4819.01,1.5889429,2459277.359548,PC
365639282,482.01,10.8717,2458472.41279,FP
394223845,4820.01,27.1358856,2459979.053397,PC
354937825,4821.01,5.469359,2459965.307736,PC
52936161,4822.01,4.4712213,2459278.328014,PC
348756659,4823.01,3.7260939,2459964.280868,PC
179687771,4824.01,5.124162,2459278.833839,PC
53047383,4825.01,2.8183053,2459963.644232,PC
17683158,4826.01,5.9730504,2459271.205436,PC
332630868,4827.01,736.5601487,2458525.417575,FP
291469139,4828.01,19.0286016,2459265.674593,PC
268439377,4829.01,0.9855374,2459279.259801,FP
346673534,4084.01,15.634183,2459751.832931,PC
336840314,4085.01,2.8285323,2459744.048457,PC
328814605,4086.01,5.6917579,2459392.549508,PC
310002617,4087.01,3.1774814,2459765.673618,CP
302381397,4088.01,2.7284428,2459912.553706,PC
298752252,4089.01,3.2462849,2459765.985547,PC
167754523,409.01,6.7992776,2459193.22371,FP
289373041,4090.01,3.177514,2459771.717799,PC
289316336,4091.01,3.0038696,2459033.693724,FP
288242606,4092.01,7.495973,2459739.321322,PC
284454822,4093.01,10.4722034,2459902.906585,PC
284454822,4093.02,17.7046155,2459580.625318,PC
280035202,4094.01,4.9111786,2459715.956315,PC
274974693,4095.01,4.1539244,2459762.415394,PC
272782321,4096.01,10.1045108,2459836.287468,PC
264295655,4097.01,2.7741864,2459768.767188,PC
264223828,4098.01,1.1789842,2459766.922193,PC
264173803,4099.01,4.3954123,2459663.677409,PC
188989177,433.01,1.17409,2458438.29916,FP
47617038,4330.01,3.3513304,2459358.397242,FP
148833828,4331.01,2.9034242,2459360.395379,PC
178959058,4332.01,5.4468377,2460061.842391,FP
144645881,4333.01,8.9021443,2459338.908839,PC
128531633,4334.01,8.2197647,2459358.587889,PC
443658196,4335.01,4.5006638,2459351.741023,FP
166184428,4336.01,16.3363665,2459335.573188,CP
399642071,4337.01,2.2887763,2459307.924432,FP
253434221,4338.01,7.4997158,2459335.809605,APC
7439481,4339.01,1.2540806,2459333.969005,FP
78055054,434.01,4.3888516,2459198.519993,KP
454038613,4340.01,2.6680587,2459330.281814,PC
62301521,4341.01,18.4043334,2458661.048552,FA
354944123,4342.01,5.538329,2458654.532426,CP
354944123,4342.02,10.6886084,2458659.348023,CP
307716123,4560.01,3.7634028,2458441.155609,PC
33716474,4561.01,8.9356558,2458330.062409,PC
349576261,4562.01,225.1037885,2459132.225854,CP
418255064,4563.01,743.4843888,2458629.331333,PC
400786146,4564.01,22.1536777,2459323.079936,FP
381897917,4565.01,692.5150646,2458676.610066,PC
269728501,4566.01,2.0844882,2459036.380129,PC
307849973,4567.01,0.8409429,2458543.862361,PC
307849973,4567.02,23.5422422,2458548.589493,PC
447088034,4568.01,14.0063765,2460121.465283,PC
149126400,4569.01,1.2253159,2459036.84286,FP
89256802,457.01,1.1759834,2458411.560535,PC
137402055,4570.01,1.9737719,2459391.459891,KP
48451130,4571.01,30.3599812,2459413.718798,KP
154940895,4572.01,13.4755461,2458822.701914,PC
317189702,4750.01,3.2141617,2459222.777563,PC
291580615,4751.01,3.6014534,2459227.341639,PC
237700098,4752.01,5.0467874,2459218.934935,PC
306604742,4753.01,5.3970484,2459541.712722,PC
61344769,4754.01,3.6307276,2459226.014665,PC
267197567,4755.01,22.7273078,2459216.543014,PC
119556803,4756.01,8.0823172,2459216.307194,PC
53744258,4757.01,2.0804611,2459227.260198,PC
34524670,4758.01,5.7627112,2459222.180238,PC
49705089,4759.01,9.6578504,2459226.011756,CP
156987351,476.01,3.0629783,2460687.473242,PC
291332861,4760.01,7.7223185,2459226.580412,PC
440849210,4761.01,3.7863767,2459575.895584,PC
119069946,4762.01,4.3591525,2459220.411888,PC
143072696,4763.01,5.8679992,2459223.399542,PC
268456052,4764.01,1.6025971,2459224.633627,PC
21747057,4765.01,16.3734954,2459206.230052,PC
271307949,4766.01,1.9326573,2459963.946425,PC
157127081,4767.01,2.7319222,2459252.112384,PC
206466531,410.01,1.42744,2459139.77204,FP
243297296,4100.01,3.585982,2459766.756399,PC
243280335,4101.01,4.3202706,2459689.642764,PC
237235093,4102.01,2.6834113,2459034.03138,FP
235902467,4103.01,12.2740928,2459754.903759,PC
235664497,4104.01,2.3757662,2459766.722246,PC
233576159,4105.01,5.7152049,2459658.130221,PC
233535738,4106.01,16.3558787,2459738.567408,APC
232632239,4107.01,3.5322939,2459660.461464,PC
232603560,4108.01,14.4348737,2459762.974572,PC
230084146,4109.01,12.320331,2459746.880654,PC
100990000,411.01,9.5730787,2460970.919817,CP
100990000,411.02,4.0403007,2460987.681578,CP
230075120,4110.01,0.7676706,2459663.9541,FP
230006888,4111.01,12.2788421,2459768.205231,PC
229976631,4112.01,10.7166249,2459390.813098,FA
229786610,4113.01,22.1575175,2459839.07625,PC
229408913,4114.01,4.8038539,2459657.535697,PC
278988097,4343.01,11.5418525,2458411.639191,PC
38939275,4344.01,731.4808779,2458507.586416,PC
469791892,4345.01,12.8910022,2458657.983826,PC
389371332,4346.01,3.9077116,2458494.060524,FP
32498058,4347.01,35.3573239,2458449.129982,PC
350299588,4348.01,602.2450921,2458507.657689,PC
313889049,4349.01,749.1605231,2458355.68965,PC
44647437,435.01,3.352907,2458411.844766,PC
50379036,4350.01,4.8759656,2458328.385359,PC
358253047,4351.01,20.1459438,2458362.731781,PC
237332812,4352.01,11.8918633,2458333.456166,PC
176797879,4353.01,718.1809317,2458427.019739,PC
332715376,4354.01,10.6306165,2458417.574247,PC
260655847,4355.01,,2458507.585878,PC
149389419,4356.01,579.6472035,2458538.746544,PC
362103298,4573.01,10.7155521,2458693.433927,PC
298428237,4574.01,0.768988,2459823.526701,PC
372759746,4575.01,27.9815639,2460317.227192,PC
157667414,4576.01,10.4834062,2459010.844549,PC
138364831,4577.01,1.6255124,2459391.112176,KP
154474036,4578.01,8.6239097,2459634.198599,PC
27769688,4579.01,88.495683,2458733.312542,KP
64071894,458.01,17.5288347,2458414.165631,PC
219742885,4580.01,0.9167992,2458684.084719,PC
273231214,4581.01,22.3428773,2458719.361769,KP
273231214,4581.02,,2459774.45043,KP
219854519,4582.01,31.0343214,2459394.937884,CP
103604037,4583.01,19.5202386,2459390.798699,FA
120255950,4584.01,31.5786847,2459399.639202,KP
233529335,4585.01,,2458915.989125,PC
416534875,4586.01,5.3909915,2459632.557861,PC
143008050,3850.01,14.4832964,2459614.177984,PC
142739544,3851.01,3.383466,2459762.517731,PC
142635225,3852.01,16.1020097,2459945.476803,PC
142618165,3853.01,5.6922342,2459633.20849,PC
142562395,3854.01,3.2693612,2459940.223533,PC
126325149,3855.01,3.4952497,2459574.053318,PC
125552076,3856.01,2.0436029,2459631.884549,PC
105379013,3857.01,3.2956376,2458894.492951,PC
86273567,3858.01,16.5968329,2459606.486129,PC
1122079,3859.01,1.8460997,2458924.770085,APC
238059180,386.01,5.1119781,2460196.532698,PC
416542079,3860.01,3.0012386,2459661.296287,PC
396950329,3861.01,1.7763987,2459663.904525,PC
141205978,3862.01,1.5574603,2459662.738608,CP
383531543,3863.01,10.9543562,2459633.270394,PC
1001477809,3864.01,7.6605425,2458904.350933,FP
376688393,3865.01,3.011593,2459662.921724,PC
376632626,3866.01,2.1371195,2459660.52553,PC
320208949,3867.01,5.7310859,2459653.142376,PC
199610140,4115.01,2.9855843,2459912.623191,PC
198616607,4116.01,3.6311186,2459417.473162,FP
198189972,4117.01,25.0930011,2459602.5846,PC
193773468,4118.01,2.5551882,2459767.000877,PC
160618074,4119.01,5.201975,2459911.749689,PC
7624182,412.01,1.1096992,2459199.670069,FP
159438097,4120.01,4.8952783,2459914.077004,PC
157218656,4121.01,2.8622679,2459768.021818,PC
156215204,4122.01,2.4307782,2459443.029994,APC
153896150,4123.01,2.787945,2460314.561034,PC
150761163,4124.01,3.4138019,2459762.989003,PC
147761049,4125.01,4.7155974,2460316.849484,PC
141616639,4126.01,3.2428744,2459032.680649,FP
141488193,4127.01,56.4043748,2459031.931632,CP
137420801,4128.01,1.9795413,2459911.959304,PC
123357034,4129.01,3.2724973,2459744.308725,PC
170634116,413.01,3.6623918,2459174.669346,KP
71396541,4130.01,6.269716,2459031.311744,FP
300011941,4357.01,1.8141215,2458327.104401,FP
273418421,4358.01,97.6087634,2458388.764324,PC
133505138,4359.01,2.4360845,2459330.394075,FP
44745077,436.01,1.8756,2458411.70271,FP
52307802,4360.01,3.0749507,2458328.291306,PC
334632624,4361.01,741.4238314,2458520.648063,PC
238164799,4362.01,7.5480709,2458470.495852,PC
325682877,4363.01,2.118659,2458412.27724,PC
4070275,4364.01,5.4240691,2458439.340243,CP
413343957,4365.01,3.3784364,2460093.008961,PC
297361900,4366.01,2.6374449,2460092.634307,PC
313675203,4367.01,2.5025812,2460091.74954,FP
314724818,4368.01,4.4518604,2459337.012838,FP
278862750,4369.01,13.576858,2460172.848858,PC
32499655,437.01,2.7439029,2459197.575826,KP
335040423,4370.01,2.5610662,2459330.970789,PC
450649506,4371.01,1.0604139,2459359.873486,PC
137683938,4587.01,3.2903136,2459393.659836,KP
48031665,4588.01,13.1187746,2458689.149116,PC
164458714,4589.01,17.8335899,2460364.345637,KP
38603673,459.01,4.4291257,2460986.366561,APC
154923406,4590.01,25.9213509,2458703.264605,PC
356868487,4591.01,27.9102929,2459692.968529,FP
122785299,4592.01,8.8849511,2459392.140389,KP
399954349,4593.01,7.8344688,2458689.578278,KP
399954349,4593.02,3.0051929,2458684.471974,KP
158555987,4594.01,5.5460893,2458687.926051,FP
159725995,4595.01,3.7705865,2459394.278533,KP
86951294,4596.01,4.1194175,2460283.324345,PC
68573534,4597.01,4.6663795,2459523.197223,PC
29017001,4598.01,8.2003748,2460251.524106,PC
307809773,4599.01,2.7694936,2460284.446332,CP
307809773,4599.02,5.7060868,2460277.804123,CP
310994622,3868.01,18.565813,2459660.902382,PC
253044312,3869.01,11.2005651,2459648.92653,APC
92359850,387.01,4.155,2459167.71222,FP
165989915,3870.01,2.6292572,2459662.837468,PC
165468291,3871.01,4.754432,2459662.673642,PC
165431806,3872.01,4.4100654,2459635.328178,PC
154126149,3873.01,3.8951475,2459657.89795,PC
154105890,3874.01,5.5822739,2459659.349904,PC
153978165,3875.01,6.0835972,2459662.383448,PC
150388393,3876.01,6.5846694,2459659.91131,PC
144310492,3877.01,4.1225477,2458920.968885,PC
141275395,3878.01,0.8377576,2459662.612281,PC
139086171,3879.01,4.8104679,2459656.345154,PC
422655579,388.01,2.9036858,2460985.806844,KP
138973825,3880.01,2.1614819,2458925.516992,PC
136998882,3881.01,3.3401814,2459658.750228,PC
101643582,3882.01,2.071333,2458924.543804,APC
99330090,3883.01,7.0080817,2459443.719241,FP
47937361,4131.01,2.3382502,2459797.858796,PC
335655755,4132.01,11.7647926,2459395.937372,PC
468396217,4133.01,4.1571604,2459768.396961,PC
420803693,4134.01,0.9135968,2459033.325227,FP
288471040,4135.01,2.5139764,2459766.355421,FP
420680343,4136.01,3.7630305,2459763.053546,PC
417646390,4137.01,3.8016217,2459762.195685,CP
257060897,4138.01,3.660032,2459660.607824,CP
408729765,4139.01,4.6200781,2459026.64911,FP
325680697,414.01,1.82488,2459168.84301,FP
400103802,4140.01,4.2511214,2459910.467019,PC
400093775,4141.01,3.6022715,2459763.847708,PC
39573090,4142.01,3.6593967,2459767.777771,PC
371711170,4143.01,9.8482192,2459015.247898,FP
313194972,4144.01,16.9020565,2459744.991419,PC
279947414,4145.01,4.0664446,2459767.636557,CP
23124038,4146.01,0.7011578,2459768.295468,APC
138329479,4147.01,2.3745416,2459767.712267,PC
401980624,4372.01,3.2751914,2460089.735837,PC
315350812,4373.01,5.9422824,2460089.108718,PC
308191940,4374.01,13.2689495,2459343.366967,PC
343708863,4375.01,5.9685742,2459379.13132,FP
250306572,4376.01,1.6089592,2459359.388606,PC
394918211,4377.01,4.3780194,2459337.638207,CP
394721720,4378.01,1.0690665,2459362.616226,PC
97766057,4379.01,3.2535299,2459363.367887,CP
468880077,438.01,5.8123508,2458441.048516,PC
169958952,4380.01,1.3290008,2459362.799086,PC
305767364,4381.01,1.4974223,2459362.92619,PC
32460142,4382.01,10.6895417,2459363.823865,PC
384744828,4383.01,3.0421334,2459363.498874,FP
259230140,4384.01,14.3171998,2460070.251938,PC
22186226,4385.01,9.2172172,2459369.101784,PC
350575997,4386.01,2.0134389,2460122.32263,PC
33350443,4387.01,3.562038,2459364.141922,PC
9804616,460.01,0.5168347,2458411.065871,FP
232608943,4600.01,82.6901439,2459419.383357,CP
232608943,4600.02,482.8191,2459751.598569,CP
349071261,4601.01,2.7875233,2459501.2671,PC
467651916,4602.01,3.9813082,2460655.201888,CP
437856897,4603.01,7.2455997,2460273.680601,CP
27039476,4604.01,2.2251639,2460257.717716,KP
19155785,4605.01,3.1442556,2460254.350652,FP
68577662,4606.01,11.1684037,2459522.948827,KP
28294709,4607.01,5.5109534,2459498.183252,PC
427740976,4608.01,2.3494903,2460256.015853,PC
118820486,4609.01,2.6921752,2460229.446917,PC
4646810,461.01,10.9245478,2458416.351956,CP
1950736,4610.01,3.1129681,2460307.729373,FP
68646526,4611.01,5.2289874,2459520.906327,PC
97735908,4612.01,4.1137862,2460257.044778,KP
436652523,4613.01,4.5461685,2460251.01417,APC
408809625,4614.01,13.8338893,2459448.534256,PC
86263325,3884.01,4.5445569,2459656.499824,CP
55748194,3885.01,2.5227786,2458923.581192,FA
48220826,3886.01,3.0215428,2460454.788418,PC
21549805,3887.01,4.2441117,2459658.34288,PC
18067025,3888.01,5.3298577,2459661.932316,PC
950525831,3889.01,2.5228506,2459635.025563,PC
271900960,389.01,13.45913,2458330.37074,FP
18017227,3890.01,0.6203033,2459634.770884,FP
459215281,3891.01,2.7694074,2459659.435404,PC
3896759,3892.01,4.5808535,2459663.101417,PC
458424950,3893.01,9.0576962,2459655.552232,PC
165464482,3894.01,4.3345378,2459657.9546,CP
3808740,3895.01,6.6713748,2459664.070543,PC
445837596,3896.01,4.3773113,2459634.322384,PC
154181821,3897.01,7.6607094,2459655.100154,PC
450337675,3898.01,8.6789911,2459678.057054,PC
441697509,3899.01,5.2077671,2458951.991759,PC
250386181,390.01,1.470258,2459138.72305,FP
366755319,3900.01,14.7802661,2458932.910253,PC
137157546,4148.01,3.6841446,2459721.117312,FP
103096524,4149.01,3.2928068,2459768.675673,PC
152476657,415.01,3.6112621,2459166.483051,KP
102719996,4150.01,9.7938352,2459726.067196,PC
406926040,4151.01,11.6999152,2459910.920229,PC
1813844121,4152.01,1.5822588,2459744.512198,PC
470171739,4153.01,4.6174254,2460452.837662,CP
470156846,4154.01,7.3446285,2459764.089651,PC
467331291,4155.01,3.3207642,2459913.520622,CP
462553953,4156.01,4.461878,2459660.594644,PC
462553953,4156.02,12.822639,2458844.820135,PC
461538935,4157.01,5.289835,2459767.361077,FP
441797394,4158.01,13.4167713,2459846.562281,PC
441600335,4159.01,0.8659846,2459768.139016,APC
49899799,416.01,7.0114,2459163.41477,FP
441580526,4160.01,4.4427146,2459598.996838,PC
441572821,4161.01,4.2607797,2459603.737866,PC
420114036,4162.01,4.3744258,2459737.85419,PC
313554509,4388.01,4.4742339,2459364.302212,PC
41387532,4389.01,11.4041935,2459367.619383,APC
13021029,439.01,3.85589,2459175.599762,KP
369345064,4390.01,4.3954444,2460117.072051,PC
66620917,4391.01,5.2910096,2459377.163409,PC
429791387,4392.01,3.9693722,2459379.961551,PC
107440797,4393.01,2.2676081,2459386.167504,PC
341805908,4394.01,1.491916,2460069.037538,FP
218483943,4395.01,3.7590079,2460119.138338,PC
379723086,4396.01,7.4398211,2460120.660517,FP
107728509,4397.01,2.6646183,2459385.728999,FP
214243287,4398.01,5.7525195,2460116.043368,APC
464646604,4399.01,7.7121208,2459037.871491,CP
143350972,440.01,1.0817,2458439.13519,FP
231630147,4400.01,7.0642486,2459038.949915,PC
178170828,4401.01,0.450264,2459116.209945,PC
197807778,4402.01,3.6989939,2458355.49119,PC
84599716,4615.01,5.3193755,2459550.580295,PC
258796169,4616.01,1.5538188,2458765.025928,CP
18373995,4617.01,3.4878754,2459474.422251,PC
284326455,4618.01,3.7998536,2459475.981707,KP
238586172,4619.01,3.4732399,2459528.34243,PC
420049884,462.01,4.1074291,2458414.822983,PC
171160243,4620.01,1.3887494,2459933.972235,PC
293457754,4621.01,4.5195089,2459451.521141,KP
94727308,4622.01,1.2969404,2459474.773371,APC
56399553,4623.01,3.2588316,2459475.969231,KP
84339983,4624.01,2.7908285,2459475.610373,KP
58472992,4625.01,2.191342,2459475.637804,PC
241442273,4626.01,17.4756122,2459338.399136,PC
89702406,4627.01,23.1438551,2459264.71217,FP
404421005,4628.01,6.32668,2458575.158194,KP
304339227,4629.01,714.6970956,2458673.333796,PC
357373216,3901.01,9.546972,2459681.957257,PC
310094771,3902.01,2.9406027,2459690.091621,PC
288434231,3903.01,14.8496574,2459660.241436,PC
233462817,3904.01,10.1614815,2459675.336571,APC
180672438,3905.01,5.3599361,2459664.128775,PC
180607846,3906.01,0.6451059,2459662.977476,APC
165723070,3907.01,1.7213564,2459714.521101,PC
165412561,3908.01,1.4680992,2459637.989586,APC
161003569,3909.01,3.5115357,2459688.544439,PC
382391899,391.01,1.9550932,2459169.669461,KP
158617175,3910.01,5.7158895,2459686.227148,PC
158497525,3911.01,9.3517097,2459677.077572,PC
156648452,3912.01,3.4936188,2459687.370442,CP
155898758,3913.01,4.0384773,2459687.087393,PC
139118482,3914.01,6.7136512,2458946.965104,FP
81247877,3915.01,2.2012625,2459688.491692,PC
68074302,3916.01,3.4014954,2459685.744404,PC
68035558,3917.01,8.3289771,2458953.314052,FA
23815847,3918.01,3.0654283,2459691.328329,PC
420112217,4163.01,21.5615248,2459736.717051,PC
420108587,4164.01,3.522843,2459849.162648,PC
398371628,4165.01,7.1406422,2459913.360441,PC
389777651,4166.01,5.236124,2459606.707073,PC
377165123,4167.01,14.793901,2459845.365372,FP
372758077,4168.01,29.3821476,2459394.256621,PC
372747949,4169.01,3.4026932,2459763.167593,PC
339733013,417.01,5.62162,2458328.37843,FP
366972162,4170.01,2.190225,2459738.853306,PC
362223355,4171.01,3.7453991,2459885.746921,PC
359388309,4172.01,4.1915095,2459850.557908,PC
358613376,4173.01,8.2713274,2459942.653105,PC
356822426,4174.01,1.5569519,2459714.79482,PC
952046774,4175.01,2.1632835,2459578.454185,PC
58533991,4176.01,3.2089372,2459328.306387,APC
130981260,4177.01,3.6928289,2460065.35254,APC
289988797,4178.01,2.2042212,2459576.857352,FP
297148017,4179.01,2.5485772,2459330.92687,PC
350931281,4403.01,4.4620528,2459036.762645,PC
342314656,4404.01,39.6251926,2459248.473551,PC
177254988,4405.01,5.9214231,2459039.641828,PC
177254988,4405.02,1.0929203,2459036.823688,PC
206541859,4406.01,30.083503,2459064.11893,CP
207238953,4407.01,7.1366507,2459089.90229,PC
260189643,4408.01,2.054238,2459036.341758,PC
382200986,4409.01,92.4918048,2459076.347685,PC
316916655,441.01,2.87436,2458440.19448,FP
280803800,4410.01,26.0179101,2458335.665026,PC
366484980,4411.01,13.7748361,2460236.627901,KP
35315453,4412.01,2.0340967,2460119.031104,FP
142019343,4413.01,4.4719815,2460986.078477,PC
1405997635,4414.01,1.8697825,2459385.39488,FP
1234810324,4415.01,1.830108,2460121.396626,APC
79605791,4416.01,9.3305377,2459378.525751,PC
208297760,4417.01,5.2574854,2459382.714035,PC
176831592,463.01,2.53405,2459169.21814,FP
292202337,4630.01,721.5621758,2458619.207652,PC
313006381,4631.01,33.6356252,2458705.690981,PC
336075472,4632.01,63.1448519,2458712.448605,PC
307958020,4633.01,271.938639,2458864.835181,CP
17150865,4634.01,0.8706763,2460232.412765,FP
337129672,4635.01,49.1077047,2460209.918841,FP
405484221,4636.01,42.8289152,2459454.50904,FP
306485267,4637.01,14.3540583,2459451.613,PC
58824746,4638.01,10.2829583,2459449.353563,CP
91251292,4639.01,3.990679,2459451.091261,PC
91251292,4639.02,13.0780555,2459456.765509,PC
398733009,464.01,0.8185672,2459116.382318,FP
337216118,4640.01,2.6857229,2459447.755126,PC
436873727,4641.01,22.0933922,2460239.908686,CP
336961891,4642.01,3.6022377,2459449.129554,PC
23769326,3919.01,7.4332642,2459682.83197,CP
328350926,392.01,0.8490674,2458411.598258,APC
2016376984,3920.01,2.317939,2458981.334869,FA
1101909431,3921.01,23.2556119,2458935.789582,FP
1101855081,3922.01,3.8960617,2459715.758828,PC
467265105,3923.01,4.1377886,2460397.501635,PC
456042145,3924.01,2.0474832,2458980.246552,FP
435167167,3925.01,3.0330919,2458979.233689,FP
434171145,3926.01,2.7873223,2459877.813437,PC
434171113,3927.01,4.4921154,2459902.273403,PC
427153307,3928.01,2.2035349,2459851.197608,PC
422554579,3929.01,3.4608812,2459909.656029,PC
29960109,393.01,2.49221,2458411.66942,FP
422514153,3930.01,2.9284231,2459876.498062,PC
421336001,3931.01,7.6644,2460396.485355,PC
408094424,3932.01,2.4892754,2459849.877536,APC
388393034,3933.01,1.97549,2459881.419784,PC
375981105,3934.01,11.7512673,2459885.575468,PC
372207084,3935.01,1.2257683,2459908.987824,PC
178284730,418.01,2.2359865,2459146.100495,KP
126737992,4180.01,1.5954319,2459989.161676,APC
426017070,4181.01,0.5992533,2458354.57189,FP
31637479,4182.01,27.848697,2460184.893103,PC
421951960,4183.01,11.7915574,2458332.496296,PC
394357918,4184.01,4.9019938,2458326.789691,CP
152563846,4185.01,16.5414219,2460064.26053,PC
300579472,4186.01,12.7503356,2460168.355054,PC
176780257,4187.01,30.8812601,2458425.23933,PC
424747720,4188.01,10.2813284,2458655.604161,FP
7422496,4189.01,46.9621053,2458470.361615,PC
279251651,419.01,0.4038426,2458654.122394,FP
65416038,4190.01,15.6062307,2458388.816262,PC
167905035,4191.01,742.8561164,2458548.668852,PC
41995709,4192.01,4.2300182,2458403.421558,PC
382419744,4193.01,6.5081212,2458397.745101,PC
295593712,4418.01,7.6247217,2460120.337143,PC
295593712,4418.02,25.7086236,2460108.646864,PC
352229268,4419.01,16.155134,2459365.246873,PC
70899085,442.01,4.0520368,2459196.115341,CP
362709886,4420.01,4.7259317,2459363.151122,PC
141412823,4421.01,21.7004042,2460151.66684,FP
263748033,4422.01,4.90826,2460119.519989,PC
344600402,4423.01,1.3875331,2460123.887716,FP
326386495,4424.01,17.7424733,2459383.797001,PC
106940971,4425.01,5.412802,2460100.181,PC
271354351,4426.01,3.905126,2459422.126663,KP
207339000,4427.01,4.6182631,2459940.464211,PC
271042217,4428.01,1.8555745,2459770.501306,KP
233188747,4429.01,3.4505658,2459939.613796,PC
117979897,443.01,3.3106692,2459174.840517,KP
362222177,4430.01,6.6363577,2459884.031242,PC
121660904,4431.01,4.8854844,2459422.843797,KP
270355392,4643.01,5.0256637,2458411.393075,PC
270355392,4643.02,10.7387039,2458415.854932,PC
387423096,4644.01,0.3181853,2459524.090945,PC
46698351,4645.01,5.0872348,2460084.812644,PC
286696849,4646.01,8.9299483,2459915.972155,PC
303204165,4647.01,8.8346147,2459451.542506,PC
303204165,4647.02,11.0696104,2459451.391313,PC
257774438,4648.01,15.3886607,2459461.181123,KP
404713783,4649.01,15.0758735,2460233.687026,PC
270380593,465.01,3.8361623,2458414.135893,KP
60646268,4650.01,2.6672418,2459084.536102,PC
147302550,4651.01,11.1878978,2459071.960195,PC
139877968,4652.01,18.6224802,2459078.330446,PC
238854767,4653.01,16.3764188,2460128.431989,PC
99648579,4654.01,10.6936683,2459084.090632,PC
209310912,4655.01,3.6749802,2459085.462981,PC
120523488,4656.01,3.439221,2459110.795172,PC
371676181,3936.01,1.4858906,2459881.848754,PC
367425982,3937.01,1.6923573,2460435.855669,PC
367333043,3938.01,2.8778095,2458979.960331,FP
366115856,3939.01,2.3466472,2459908.695489,PC
9858404,394.01,0.39149,2458411.26947,APC
346081845,3940.01,3.4895723,2459879.893471,PC
345697569,3941.01,2.8817718,2459880.907454,PC
345329200,3942.01,3.1082514,2459854.068815,PC
343330330,3943.01,5.5613023,2459850.550846,PC
338065029,3944.01,2.3151015,2459879.299141,PC
336824844,3945.01,4.4638411,2459885.028959,PC
336399144,3946.01,5.7033411,2458972.76106,PC
336092760,3947.01,6.7716021,2459905.727594,PC
335489455,3948.01,2.1176601,2458978.435452,FP
334493051,3949.01,2.2297524,2459881.384085,PC
38541473,395.01,6.0613441,2458415.515103,APC
334394274,3950.01,3.4488281,2459851.55939,PC
334385701,3951.01,2.1861455,2459849.974225,PC
321861405,3952.01,2.9897732,2459907.76999,PC
299176311,4194.01,1.0432995,2458404.822816,APC
67598139,4195.01,5.4447698,2458399.818502,PC
67566164,4196.01,3.125924,2458404.326719,PC
332579116,4197.01,3.9017499,2458456.806385,PC
459913687,4198.01,4.746318,2458458.49423,PC
220144363,4199.01,4.4466179,2458487.70703,PC
408159788,420.01,2.300698,2459199.050071,FP
53593542,4200.01,1.027641,2458489.557328,PC
95057860,4201.01,3.5809733,2458485.286309,CP
237603062,4202.01,2.6689906,2458485.594249,PC
72494421,4203.01,2.9531039,2458488.940223,PC
158697949,4204.01,3.9592516,2458484.978133,PC
280645209,4205.01,5.9056572,2459217.815236,PC
281242007,4206.01,2.4170503,2458489.048222,PC
37242226,4207.01,1.0681394,2458488.379945,FP
280304556,4208.01,1.72328,2458489.275982,PC
200090347,4209.01,0.8631737,2458489.686771,PC
94986319,421.01,16.067522,2459195.308114,CP
94986319,421.02,5.1976858,2458441.280669,CP
198610218,4432.01,3.0413391,2459771.229475,APC
158551257,4433.01,0.9023951,2459797.231728,FP
63452790,4434.01,2.6843081,2459392.813554,KP
122596693,4435.01,3.5256535,2459420.667731,KP
420268415,4436.01,1.7590566,2459767.611028,PC
237205154,4437.01,5.8929985,2459915.163041,PC
22233480,4438.01,7.4463034,2459396.409578,CP
267545252,4439.01,3.3792358,2459420.207144,PC
179034327,444.01,17.9635083,2458417.605025,CP
164786087,4440.01,4.0822894,2459391.084226,KP
23982469,4441.01,4.3745757,2459391.449451,PC
446158352,4442.01,4.0434287,2459910.394832,PC
158241252,4443.01,1.8498567,2459415.15198,CP
158241252,4443.02,10.3088724,2459393.257825,PC
158167408,4444.01,5.2410659,2459423.780179,PC
158388163,4445.01,4.2253498,2459394.539688,KP
287959034,5677.01,3.8480524,2460776.120808,APC
209464063,5678.01,119.3355264,2459140.665271,CP
143257768,5679.01,1.6622263,2459058.716872,PC
37575651,568.01,9.5971977,2458521.909289,FP
368739874,5680.01,3.3575477,2459714.264611,CP
207439380,5681.01,1.1041295,2459743.020121,APC
17538423,5682.01,3.1159994,2459716.773324,PC
155949264,5683.01,0.7748443,2459716.685508,PC
32260988,5684.01,1.1000285,2459716.552601,PC
460396820,5685.01,2.3409909,2459714.654156,KP
255928426,5686.01,4.2366102,2459738.845604,PC
281100535,5687.01,2.924439,2459716.984797,APC
193634953,5688.01,2.9479689,2459750.623008,CP
323250919,5689.01,3.3299795,2459713.34968,PC
123482865,569.01,6.5562078,2459270.500253,CP
115508409,5690.01,10.4995545,2459733.445085,PC
17652022,5691.01,3.3894889,2459742.60535,PC
37150278,5692.01,1.6929628,2459717.172631,PC
272519426,5693.01,2.8900249,2459712.634476,PC
148772620,4932.01,3.9417247,2459358.598278,PC
35106764,4933.01,5.3861006,2459354.560435,PC
292797572,4934.01,2.8013515,2459355.677383,FP
412635642,4935.01,17.4219809,2460047.58184,PC
68030406,4936.01,4.7750178,2459358.593442,PC
241638905,4937.01,5.0414219,2459358.244091,PC
457018819,4938.01,2.913692,2459357.454607,PC
149109125,4939.01,9.1717558,2459342.285554,PC
19519368,494.01,1.7018818,2459987.549589,PC
237929468,4940.01,25.8663869,2459963.745719,CP
77680373,4941.01,3.5569996,2459354.639335,PC
166242494,4942.01,7.9248476,2459349.600449,PC
418567812,4943.01,8.0176705,2459352.427425,PC
242190195,4944.01,4.075051,2459359.477756,PC
332017079,4945.01,1.6500255,2459357.969995,PC
319783554,4946.01,1.819376,2459357.232388,FP
382975217,4947.01,4.1400273,2459353.765428,PC
160476088,4948.01,0.4722347,2459360.065225,PC
401028336,4949.01,1.7819156,2459356.989907,PC
141677268,5188.01,22.43341,2459918.195827,PC
408549705,5189.01,9.5064017,2459753.52285,FP
218795833,519.01,1.2652338,2458491.877056,CP
289574465,5190.01,5.7488688,2459413.172126,PC
359469754,5191.01,3.0278609,2459417.858614,PC
336125492,5192.01,4.7271324,2459416.096484,PC
336126253,5193.01,18.9972068,2459408.15505,PC
288612903,5194.01,7.0485133,2459408.106913,PC
357145112,5195.01,3.1523405,2459416.086326,PC
383828887,5196.01,2.5677096,2459418.347453,PC
219431828,5197.01,20.5773388,2459588.291193,APC
193628179,5198.01,3.2623468,2459415.348922,FP
298049015,5199.01,3.9131371,2459438.721301,FP
148479278,520.01,0.523613,2458468.652117,PC
21101556,5200.01,17.4372954,2459887.497008,PC
267810289,5201.01,3.8558229,2459686.760358,PC
320324079,5202.01,34.6141657,2459684.507843,PC
158323182,5203.01,15.1255732,2459423.366212,PC
101569583,5452.01,0.9907914,2460234.666189,PC
58997701,5453.01,8.3762443,2460241.06545,PC
26406123,5454.01,3.7196227,2459547.086573,PC
75171363,5455.01,4.267781,2459545.639101,PC
87044036,5456.01,1.0711292,2459550.184214,FP
456971986,5457.01,1.2452975,2460234.435805,PC
367434266,5458.01,22.0632969,2459940.781377,PC
1942969,5459.01,2.8078585,2459912.805476,PC
36440357,546.01,9.2016496,2459211.46641,KP
445990611,5460.01,6.2987919,2459547.690911,PC
118963720,5461.01,7.4603194,2459535.991914,PC
79971247,5462.01,3.5533716,2459547.439961,PC
437786834,5463.01,1.100804,2460234.836257,PC
171646471,5464.01,1.1606902,2459635.559804,PC
87827371,5465.01,4.3983492,2460237.819448,APC
45368525,5466.01,2.8066134,2459548.180924,PC
83275782,5467.01,2.6570006,2459545.353155,CP
172222885,5468.01,20.9233666,2460245.609282,PC
23638678,5694.01,1.1544795,2459717.468321,APC
103865797,5695.01,2.2232698,2459740.631465,FP
393546540,5696.01,1637.265104,2457925.865418,PC
393546540,5696.02,32.429738,2460250.964538,PC
393546540,5696.03,,2460284.714061,PC
416739490,5697.01,6.2183322,2458439.346135,PC
264052454,5698.01,2.346931,2459907.39037,PC
224328450,5699.01,22.0183163,2459704.151933,PC
126733133,570.01,1.4687098,2460774.858936,FP
76193403,5700.01,1.7812778,2459742.169976,PC
43276438,5701.01,15.0764899,2460466.662908,PC
141985686,5702.01,3.1291319,2459738.417473,FA
10792081,5703.01,10.1694553,2460650.613081,PC
148673433,5704.01,3.7711066,2458901.78789,CP
165625229,5705.01,10.5998647,2460418.025369,PC
137843225,5706.01,0.3576555,2459637.749066,PC
441614965,5707.01,2.0364271,2460339.436824,PC
22529346,495.01,1.2749246,2459986.21062,KP
245341495,4950.01,3.9358604,2459355.717367,PC
448435566,4951.01,4.1042587,2459357.872468,PC
400073524,4952.01,0.6534841,2460041.454595,PC
405571798,4953.01,2.9590176,2459357.455769,PC
147723246,4954.01,6.6819653,2459352.202579,PC
188865842,4955.01,3.1409607,2459359.920886,PC
8005485,4956.01,5.1087099,2459356.229775,PC
412485680,4957.01,4.6622996,2459358.370512,PC
457649900,4958.01,748.8277169,2458606.970698,PC
290337456,4959.01,4.6011828,2459357.533033,PC
88977253,496.01,2.767691,2458492.708311,APC
329672278,4960.01,4.0557174,2459357.496025,PC
420202798,4961.01,7.4793374,2460041.882953,PC
210681065,4962.01,2.074205,2459359.714227,PC
407827885,4963.01,2.365766,2459358.024906,PC
406443564,4964.01,1.1167145,2459359.320018,FP
129890791,4965.01,7.0857491,2459355.756466,PC
295507430,4966.01,7.3136902,2460044.771537,PC
65845738,5204.01,1.593603,2459825.299287,PC
419411415,5205.01,1.6306523,2459443.470673,CP
159117779,5206.01,4.4716261,2459634.597943,PC
147892178,5207.01,24.6951647,2459585.838983,PC
110738386,5208.01,12.2307873,2459423.385838,PC
111108561,5209.01,2.635737,2459443.478986,PC
27649847,521.01,1.5428486,2458492.716411,CP
265979849,5210.01,4.5661309,2459443.959352,PC
215595454,5211.01,2.0961984,2459445.520941,PC
424699834,5212.01,2.4011407,2459826.176137,FP
247356332,5213.01,4.5333993,2459445.58846,PC
7583660,5214.01,5.3333965,2459445.571125,PC
236632480,5215.01,7.4244269,2459443.206935,PC
256561562,5216.01,1.8951273,2459714.938781,PC
215018906,5217.01,4.3713133,2459790.808604,PC
259172249,5218.01,4.2914879,2459825.392121,CP
378708888,5219.01,2.88753,2459442.47017,PC
19451711,522.01,0.3969687,2458491.722787,FA
302419660,5469.01,29.3312035,2459548.558907,PC
36352297,547.01,1.5089635,2459211.478874,KP
367267217,5470.01,1.450491,2459550.285455,APC
47132361,5471.01,4.9017215,2459543.544673,PC
76798849,5472.01,2.2703829,2460235.013961,PC
81808065,5473.01,7.5554044,2459550.383201,PC
97669493,5474.01,8.4332312,2459546.5996,PC
78601408,5475.01,10.0532043,2459540.386039,APC
353361266,5476.01,10.3413829,2459545.688864,PC
127229631,5477.01,5.8936518,2459544.877302,PC
95122849,5478.01,8.3026667,2459592.058475,APC
95122849,5478.02,10.1197017,2459593.124173,FP
67444896,5479.01,15.1306782,2459570.004911,PC
42821097,548.01,3.8971203,2459205.242785,KP
46307587,5480.01,3.6079916,2460284.323305,PC
69295263,5481.01,3.9315754,2459577.936935,PC
459947163,5482.01,7.9923268,2459573.446379,PC
192982424,5483.01,3.7702854,2459574.246156,PC
443961200,5484.01,1.1282471,2459577.988902,APC
335813325,5708.01,2.6953698,2459552.817321,PC
286813592,5709.01,3.3810227,2458899.969827,PC
270468559,571.01,4.6418435,2458519.462703,KP
173002823,5710.01,28.4064643,2458882.469833,PC
441804533,5711.01,16.303675,2458753.183872,PC
388898854,5712.01,8.2077264,2459532.009387,PC
219041246,5713.01,10.4419896,2458745.677964,CP
467158766,5714.01,7.7784947,2458843.312379,PC
147923561,5715.01,6.2822993,2458684.160507,PC
298074836,5716.01,6.7662729,2458683.61592,CP
53481079,5717.01,13.478722,2458871.538689,PC
17932757,5718.01,716.8426894,2458903.539448,PC
4843495,5719.01,,2459633.025142,PC
289535142,572.01,2.3382709,2459229.624094,APC
230055368,5720.01,1.4344602,2458900.645029,CP
243476396,4967.01,0.5979368,2459359.528372,PC
253961767,4968.01,2.2355936,2460070.677566,PC
406106335,4969.01,3.0773658,2459358.240883,PC
108645766,497.01,2.974175,2458492.914449,FP
359523751,4970.01,4.8338813,2460044.30294,PC
453942180,4971.01,7.9674915,2460017.003067,PC
149585119,4972.01,2.6492703,2459355.969484,PC
397522142,4973.01,7.9486299,2459354.079175,PC
148478039,4974.01,10.6006859,2459348.686501,PC
304085024,4975.01,4.4834145,2460014.437582,PC
210629725,4976.01,3.027103,2459357.471434,PC
68081952,4977.01,7.7023687,2459355.338541,PC
145204443,4978.01,4.7190303,2459357.613735,PC
311736478,4979.01,3.6305988,2459354.245025,PC
121338379,498.01,0.2750478,2459228.765582,APC
200435203,4980.01,16.1565078,2459187.422226,PC
14029793,4981.01,0.2097217,2459199.878456,PC
46627476,4982.01,2.5665666,2459197.858888,PC
80137654,4983.01,5.7527363,2459219.069151,PC
394691478,5220.01,2.0876485,2459445.188913,PC
233409941,5221.01,4.4247361,2459878.821878,PC
30791047,5222.01,13.3057762,2459435.553446,APC
377297285,5223.01,4.0656968,2460369.865078,PC
406361982,5224.01,5.2819763,2459818.154198,PC
383645563,5225.01,22.9367426,2459831.811611,PC
195093356,5226.01,7.8284207,2459432.674379,FP
313453776,5227.01,3.7325203,2459632.264968,PC
154014059,5228.01,8.3221959,2459651.416456,PC
288428649,5229.01,5.9184575,2459883.298899,PC
93125144,523.01,9.91102,2458472.959693,FA
55778666,5230.01,7.1452343,2459630.986564,PC
105387356,5231.01,1.5163046,2459445.816359,FP
69356857,5232.01,4.0966887,2459440.069991,CP
259100469,5233.01,25.763332,2459727.105947,PC
335681838,5234.01,15.1016086,2459442.434681,PC
154814765,5235.01,26.1442304,2459559.856973,PC
193765661,5236.01,10.9974977,2459807.154831,PC
186815660,5485.01,2.5840753,2460280.266853,PC
291109653,5486.01,2.0247088,2459691.062965,PC
302305400,5487.01,4.6549271,2460234.705916,PC
281815702,5488.01,3.1910454,2459578.318799,PC
468983280,5489.01,3.1522131,2458493.706931,PC
468983280,5489.02,4.9212788,2458496.325665,PC
32830028,549.01,0.516278,2458468.344415,FP
59575189,5490.01,2.5193047,2459578.060946,PC
247166992,5491.01,5.0280368,2459572.370099,PC
350024178,5492.01,2.9238483,2459576.04381,PC
468979441,5493.01,24.4383239,2459235.609176,PC
468979441,5493.02,9.4043652,2459230.46413,PC
468979441,5493.03,14.5643289,2459238.318898,PC
14440334,5494.01,2.0760349,2460234.952036,PC
380671216,5495.01,9.6569059,2459559.909482,PC
323658120,5496.01,43.8418559,2459517.120732,FP
270679144,5497.01,11.2120396,2459559.919615,PC
262736264,5498.01,18.2050594,2459554.026541,PC
85292615,5721.01,729.4823472,2458888.709894,PC
458481611,5722.01,61.3191144,2459432.534544,PC
235901733,5723.01,170.6465146,2459413.809229,PC
162631539,5724.01,697.4037698,2458978.277627,PC
1042432,5725.01,746.9545356,2458882.106824,PC
71582156,5726.01,5.4911302,2458843.596098,CP
357048995,5727.01,6.3928694,2459422.895595,PC
219875976,5728.01,11.4974559,2458685.097165,PC
103605399,5729.01,554.4989676,2458886.836539,PC
296780789,573.01,13.5773431,2458524.632416,APC
138820713,5730.01,1.9271225,2458900.38758,PC
188668950,5731.01,270.303816,2459130.335118,PC
335952150,5732.01,60.1702823,2460264.24567,PC
224297408,5733.01,8.2751966,2458711.604346,PC
9989136,5734.01,6.1841688,2458848.68514,CP
177391159,4984.01,3.6748618,2459226.755662,PC
294315741,4985.01,3.5678072,2459546.190637,FP
5592720,4986.01,6.5946181,2459245.46046,PC
293607057,4987.01,4.2889696,2459274.884918,CP
445392860,4988.01,2.3696548,2459990.471484,PC
303385111,4989.01,3.429078,2459382.6896,PC
123702439,499.01,8.5334865,2459993.465139,APC
295312916,4990.01,5.6386197,2459383.064288,PC
247180220,4991.01,0.7702101,2459385.804489,PC
362111691,4992.01,4.8807474,2459381.726318,PC
360221713,4993.01,3.1062522,2459384.512135,PC
277128619,4994.01,21.4921464,2459363.698425,CP
294295243,4995.01,8.7802662,2459371.589355,PC
384709136,4996.01,4.8131406,2459387.911786,PC
340624586,4997.01,13.3178839,2459381.134323,PC
76228620,4998.01,9.7800223,2459378.907088,PC
33227166,4999.01,5.5846356,2459377.221706,PC
134200185,500.01,0.5481573,2458468.391033,CP
179230828,5000.01,5.5422295,2459302.141318,PC
435740442,5237.01,2.9889845,2459444.873065,PC
219016883,5238.01,4.8721904,2459661.51574,CP
230290708,5239.01,11.3182327,2459431.315024,PC
365690646,524.01,12.983175,2458471.143375,FA
40055053,5240.01,4.1793301,2459444.902109,CP
305948428,5241.01,4.8398399,2459439.553965,PC
426122503,5242.01,2.4038486,2459445.351035,PC
322504451,5243.01,1.6087939,2459825.686941,PC
352151292,5244.01,5.0821798,2459827.2985,PC
123041007,5245.01,0.4305826,2459446.067776,APC
295807723,5246.01,0.6972223,2459445.21928,FP
289307883,5247.01,12.9177538,2459440.338894,PC
256154857,5248.01,0.701239,2459794.85633,APC
185598695,5249.01,4.6285493,2459446.223146,PC
71512186,525.01,14.8608019,2458471.007595,PC
278105308,5250.01,5.4463931,2459446.167966,PC
436007113,5251.01,2.3205922,2459445.018309,PC
395385033,5252.01,8.5394045,2459437.267399,PC
284660935,5253.01,1.1110609,2459635.041369,APC
386772576,5499.01,4.8038446,2459571.791808,PC
311183180,550.01,13.24981,2459168.32491,FP
311183180,550.02,10.043245,2458447.398548,FP
62740096,5500.01,1.7530712,2459575.934108,PC
94823134,5501.01,24.166804,2459571.771281,PC
126322519,5502.01,11.6260799,2459578.359235,PC
350044062,5503.01,5.9522831,2459578.528696,FP
95079513,5504.01,13.2414304,2459563.048371,PC
374350678,5505.01,11.1064221,2459573.870053,PC
385312460,5506.01,19.5862903,2459556.878421,PC
377097547,5507.01,1.5068165,2459526.218674,PC
406140233,5508.01,3.1816478,2459577.584368,PC
35285308,5509.01,5.7656076,2459572.855698,PC
192826603,551.01,2.6473051,2459203.149174,KP
26865340,5510.01,5.7380349,2459574.244787,PC
389040826,5511.01,4.7174703,2459575.042484,PC
366698929,5512.01,4.5589188,2459573.138543,PC
184869170,5513.01,7.7235903,2459578.095795,FP
63190194,5514.01,1.7459947,2459575.660235,PC
353225230,5766.01,0.5721596,2459742.700661,APC
351652998,5767.01,4.015073,2459741.644195,PC
470990157,5768.01,3.7749324,2459766.375076,PC
462715015,5769.01,1.7548863,2459767.984121,FP
410094645,577.01,3.329754,2459277.162004,APC
23179035,5770.01,1.4529225,2459766.399806,PC
459836041,5771.01,6.6867154,2459758.243282,PC
313609787,5772.01,3.5023306,2459764.635726,PC
445795465,5773.01,2.7404478,2459767.6163,PC
9701368,5774.01,5.4049747,2459764.180646,PC
289666986,5775.01,2.4369467,2459765.105281,PC
310728245,5776.01,4.1816344,2459765.925587,PC
459189798,5777.01,6.9171675,2459758.926644,PC
264468702,5778.01,6.0962241,2459762.212892,PC
102846772,5779.01,10.2515829,2459754.990877,PC
423275733,578.01,2.0528684,2459278.251179,KP
43333094,5780.01,7.5358996,2459758.226742,PC
279920478,5781.01,5.38265,2459765.779081,PC
158845573,5782.01,5.0048582,2459766.339783,PC
179230828,5000.02,15.3392841,2459285.959527,PC
95709395,5001.01,5.069043,2459379.729414,PC
418471116,5002.01,3.7318818,2460070.612999,PC
301900477,5003.01,4.4540914,2459388.445535,PC
384386062,5004.01,5.7626113,2459380.933567,PC
282485660,5005.01,6.3084728,2459377.175525,CP
449107129,5006.01,4.254955,2459386.202615,PC
424196109,5007.01,2.5432595,2459384.64412,CP
150531994,5008.01,2.7755355,2460830.04607,PC
463781038,5009.01,8.1755735,2459385.304236,PC
134537478,501.01,1.7100122,2459987.847958,KP
276735500,5010.01,6.7107895,2459376.396983,PC
418298773,5011.01,2.6060495,2460069.387501,PC
245728942,5012.01,4.18438,2459384.614713,PC
287494667,5013.01,8.989491,2460047.431086,PC
362032529,5014.01,3.4507193,2459388.137789,PC
221656234,5015.01,2.4533968,2459384.648481,PC
68322189,5016.01,1.2833689,2459385.759712,FP
126225595,5254.01,4.4836616,2459440.496405,PC
158325942,5255.01,2.612273,2459441.513501,PC
356146869,5256.01,21.1968768,2459884.678947,PC
185226925,5257.01,3.1979646,2459790.753011,FP
147895461,5258.01,0.5919629,2459445.918105,FP
375419034,5259.01,3.0321361,2459441.712932,PC
200593988,526.01,7.6787462,2460263.52322,FP
326347927,5260.01,7.2617331,2459445.564135,FP
402828941,5261.01,4.1509756,2459442.968277,PC
274122380,5262.01,2.873138,2459444.494366,FP
275527293,5263.01,3.1501356,2459442.190431,PC
435719275,5264.01,4.4274169,2459439.859036,PC
219847787,5265.01,11.5914514,2459892.032608,PC
312899686,5266.01,4.4138638,2459443.031522,FP
153971295,5267.01,13.7036806,2459599.727409,PC
202468443,5268.01,2.0685871,2459690.596819,FP
359321688,5269.01,2.7340756,2459446.348846,PC
148228019,527.01,18.0892103,2458470.73838,APC
55275863,5515.01,8.5926333,2459577.408076,PC
70678449,5516.01,4.3776584,2459574.484627,PC
307951656,5517.01,4.5867288,2459578.586941,PC
386620582,5518.01,4.469996,2459572.280265,APC
443582629,5519.01,5.8512587,2459284.396693,PC
44737596,552.01,2.788654,2458413.060435,CP
374180079,5520.01,14.69808,2459267.668855,KP
374180079,5520.02,19.4834833,2459263.380209,KP
396932137,5521.01,18.5146638,2460279.249516,PC
366409685,5522.01,1.3852161,2459230.030899,APC
443616612,5523.01,,2459533.35413,PC
443616612,5523.02,3.4712803,2459281.403586,KP
277833995,5524.01,2.2979915,2458518.126625,KP
345450130,5525.01,2.7521595,2458440.199907,PC
335540507,5526.01,10.864728,2459283.877264,PC
415399713,5527.01,346.1614828,2459176.647091,PC
305243225,5798.01,1.2129139,2459770.519892,KP
328081248,5799.01,4.1645448,2459772.334479,CP
81419525,580.01,1.5498373,2460012.427542,PC
151759246,5800.01,2.6282606,2459771.71321,CP
243921117,5801.01,3.067816,2459770.026754,KP
399402994,5802.01,2.7161298,2459770.470612,KP
466382581,5803.01,5.3829728,2460550.945001,CP
303055194,5804.01,1.7615631,2459822.907614,FP
378390325,5805.01,20.5676815,2460511.215717,PC
283621618,5806.01,3.1856488,2459850.812572,PC
188646744,5807.01,14.2423724,2460540.26317,PC
459735346,5808.01,7.1701672,2460558.651872,PC
283471501,5809.01,9.2103194,2460541.532262,PC
180987952,581.01,1.38917,2460746.8335,FP
379824738,5810.01,5.6857105,2460548.226894,PC
331484419,5811.01,6.25656,2460549.411097,FP
388909695,5812.01,10.1466193,2460549.461351,KP
302054555,5017.01,3.3677179,2459384.729363,PC
294691204,5018.01,6.5859565,2459380.063674,PC
420829332,5019.01,1.090295,2459385.957383,PC
172193428,502.01,2.9412694,2458493.778447,APC
310266243,5020.01,5.3450209,2459387.587844,PC
403405969,5021.01,12.975062,2459384.238317,PC
208772468,5022.01,2.244541,2459385.707127,PC
213111428,5023.01,2.2749988,2459386.471282,PC
344130921,5024.01,14.7765802,2459368.639064,PC
217838717,5025.01,2.8846592,2459384.454284,PC
161247580,5026.01,3.2813635,2459383.306298,PC
361711730,5027.01,10.2436729,2459387.004152,CP
76894548,5028.01,3.9353218,2459388.664235,PC
154400369,5029.01,3.8861815,2459384.065789,PC
186812530,503.01,3.6773543,2460257.183851,CP
444290896,5030.01,4.4299239,2459381.764066,PC
46807139,5031.01,4.5314275,2459381.694747,PC
283665218,5032.01,6.032661,2459376.494429,PC
318180448,5033.01,5.4695364,2459389.289886,PC
424112727,5270.01,1.0513177,2459446.035629,PC
296461391,5271.01,4.3108587,2459827.010531,PC
278668358,5272.01,5.0135727,2459822.945623,PC
172871230,5273.01,3.4100261,2459442.295386,FP
356682805,5274.01,6.1313492,2459628.259748,PC
219466803,5275.01,12.5951009,2459618.541036,FP
282935857,5276.01,2.3612205,2459444.189059,APC
276381737,5277.01,15.9929608,2459829.069249,PC
264301607,5278.01,0.435435,2459825.576076,PC
7681574,5279.01,16.0104634,2459428.849564,PC
403693875,528.01,3.5248693,2458469.695633,FP
194679333,5280.01,9.0165933,2459440.705384,PC
405932063,5281.01,5.5047275,2459825.472799,PC
329346586,5282.01,1.392516,2459742.132395,PC
399956873,5283.01,6.949428,2459831.192001,FP
171312653,5284.01,2.0327015,2459444.105892,PC
250330564,5285.01,4.3852176,2459469.314451,PC
301035553,5286.01,3.2988824,2459469.122508,PC
909930,5287.01,4.1976789,2459468.058757,APC
458686847,5528.01,1.2916034,2459230.014002,KP
366411016,5529.01,8.8652886,2459235.706758,KP
161477033,553.01,14.058151,2458443.221518,FA
161477033,553.02,11.9234819,2458419.367318,PC
161477033,553.03,40.8905117,2458416.404536,PC
244170332,5530.01,0.4774382,2458382.170928,PC
88114177,5531.01,4.5352255,2458873.596672,PC
318836983,5532.01,5.6539689,2458412.247364,PC
318836983,5532.02,2.3929801,2458412.532109,PC
155093420,5533.01,1.6098954,2459202.20091,PC
176868951,5534.01,0.3693057,2459280.989488,KP
411697517,5535.01,3.3863171,2459174.356092,KP
268143410,5536.01,3.1479748,2460228.201463,PC
17555760,5537.01,22.2897649,2459519.631378,PC
337648770,5538.01,23.899595,2459534.758896,PC
178266267,5539.01,7.1123703,2460271.408598,PC
157769780,5735.01,2.1208156,2458683.544649,PC
310380289,5736.01,0.6489868,2458738.901194,PC
229618478,5737.01,19.4480946,2458698.868058,PC
198162530,5738.01,0.768125,2458683.640443,PC
198162530,5738.02,28.5462089,2458693.593974,PC
328934980,5739.01,8.4306162,2458930.773235,PC
315002523,574.01,3.3023907,2459991.488255,KP
230087765,5740.01,1.689442,2458684.235662,PC
159851831,5741.01,24.0004143,2459754.333656,PC
258557847,5742.01,3.965824,2459765.579293,FP
308300731,5743.01,7.6603722,2460494.575115,PC
157768969,5744.01,5.7488832,2459758.400187,PC
18016577,5745.01,,2459630.305591,PC
318209162,5746.01,711.7642825,2458891.862067,FP
4918918,5747.01,0.5734766,2458870.47457,CP
407495930,5748.01,3.0269043,2459738.329356,PC
306990399,5034.01,8.7042937,2459377.128539,PC
401509690,5035.01,5.8009082,2459378.670278,PC
406726743,5036.01,17.7481897,2459380.200716,PC
263486257,5037.01,4.1245473,2460068.949933,PC
127115861,5038.01,0.9990876,2459384.821608,PC
396649769,5039.01,2.1967461,2460070.345183,PC
219164808,504.01,1.6773063,2459358.890413,FP
412828754,5040.01,3.3808424,2459385.934136,PC
324609476,5041.01,0.733892,2460097.675656,PC
282221346,5042.01,5.6316098,2459384.430453,PC
75522633,5043.01,3.8027513,2459384.329786,PC
298946836,5044.01,5.5556615,2460072.096584,PC
297950791,5045.01,3.4792084,2459386.865879,PC
306512967,5046.01,11.1838046,2459970.103597,PC
291857895,5047.01,7.3142625,2459379.29804,PC
323022088,5048.01,1.3583233,2459386.66595,APC
261020738,5049.01,2.9204289,2459384.733856,PC
268644785,505.01,3.3294649,2459299.865444,KP
857186,5288.01,3.8123614,2459465.891746,PC
176279915,5289.01,3.4411264,2459469.615289,PC
438490744,529.01,1.665878,2458468.4958,FP
224217761,5290.01,2.5688104,2459469.15972,PC
250983039,5291.01,2.3007511,2459467.596354,PC
33397739,5292.01,2.0231137,2459469.424307,PC
250111245,5293.01,2.9304371,2459466.496662,CP
422486295,5294.01,5.6707432,2459470.434517,PC
4619242,5295.01,4.3023572,2459467.507313,APC
241102583,5296.01,1.7386091,2459820.897665,FP
422423972,5297.01,3.3014986,2459851.450755,PC
313835568,5298.01,2.6831464,2459818.888822,PC
407997410,5299.01,2.5792489,2459465.671672,PC
387690507,530.01,6.3875739,2458470.202595,CP
267215820,5300.01,2.2623535,2459470.418163,PC
58825110,5301.01,5.8588751,2459494.147012,CP
337025682,5302.01,4.2417694,2459490.634183,PC
58798731,5303.01,9.809558,2459869.502622,PC
293407882,5304.01,3.7079439,2459493.482802,PC
407966340,554.01,7.0491608,2458442.61543,CP
407966340,554.02,3.0440441,2458438.475888,CP
456305193,5540.01,1.0995742,2460338.238011,FP
231721006,5541.01,9.0182382,2459327.819795,PC
466206508,5542.01,75.1247037,2458979.845973,CP
17385917,5543.01,3.5424466,2459474.857475,PC
68893269,5544.01,4.2050741,2459477.465265,PC
301624989,5545.01,1.9613369,2459526.447465,PC
59744366,5546.01,9.8479326,2459478.724995,PC
63013648,5547.01,19.6304978,2459516.534272,FP
155012162,5548.01,18.9690014,2459536.496887,PC
6499453,5549.01,7.4323882,2459475.124498,PC
170849515,555.01,1.9416366,2458438.147508,CP
195187769,5550.01,13.955959,2460259.180414,PC
387974148,5551.01,2.40541,2459474.72141,PC
3224605,5552.01,28.6503407,2459483.003266,PC
319684122,5783.01,5.4459647,2459793.278295,PC
302814895,5784.01,8.6800186,2459795.90211,FP
456367532,5785.01,3.0783215,2459819.460241,PC
40292751,5786.01,12.7791964,2460319.524905,CP
446616059,5787.01,3.1072375,2460530.955198,FP
42883782,5788.01,16.2134274,2459786.442643,CP
42883782,5788.02,6.3346129,2459788.410948,CP
87216634,5789.01,12.9256051,2459776.255982,CP
238061845,579.01,1.6843068,2460012.883867,PC
187333348,5790.01,2.1981511,2459793.865917,APC
110936761,5791.01,2.2906144,2459793.645262,FP
95423778,5792.01,0.7036041,2459795.466098,APC
398895470,5793.01,2.6940348,2459771.189014,KP
273874849,5794.01,1.4857148,2459825.552259,KP
151724385,5795.01,6.1406207,2459770.674699,CP
391958006,5796.01,1.7430143,2459771.551589,KP
374530847,5797.01,2.152163,2459770.231395,KP
282701278,5050.01,2.3064574,2459382.640227,PC
217933560,5051.01,3.5980715,2459379.848245,PC
208151094,5052.01,4.0668104,2459381.491256,PC
324426685,5053.01,9.8830331,2459372.59318,PC
401704685,5054.01,4.2100055,2460100.051799,PC
407146538,5055.01,2.0915616,2460069.763644,FP
216925130,5056.01,7.6686232,2459381.819163,PC
37291237,5057.01,1.1437772,2459385.829606,PC
277034534,5058.01,23.7123919,2460109.372596,PC
458027465,5059.01,8.7876771,2459370.258532,PC
274138511,506.01,2.774207,2458492.500001,FP
16264917,5060.01,1.2695326,2459373.110938,PC
214218272,5061.01,3.3645349,2459384.08724,PC
294768072,5062.01,6.2244575,2459380.139505,PC
173979859,5063.01,3.613799,2459386.531727,PC
407127579,5064.01,3.5108018,2460099.296227,PC
243244680,5065.01,19.4921473,2459575.851873,KP
56655478,5066.01,1.3454079,2460231.615855,PC
117275513,5067.01,4.6886342,2460276.929305,KP
408743161,5305.01,4.4632038,2459496.393658,PC
387401076,5306.01,5.3331348,2459492.592296,PC
369477998,5307.01,5.2976347,2459490.963737,APC
422653398,5308.01,8.34034,2459485.685359,FP
52052461,5309.01,6.4666483,2459875.569968,PC
302895996,531.01,0.567995,2458468.847149,FP
306204904,5310.01,11.2036244,2459486.096679,PC
306401382,5311.01,39.0536929,2459453.71507,PC
399724238,5312.01,46.1965072,2459450.251093,PC
347469901,5313.01,3.2571037,2459495.625991,PC
302202317,5314.01,2.5351022,2459879.837056,PC
126982221,5315.01,2.4704071,2459493.470036,PC
309439436,5316.01,0.9997277,2459496.567378,PC
408824640,5317.01,8.662046,2459489.509979,PC
435871546,5318.01,4.9583217,2459881.551547,PC
246965431,5319.01,4.0785273,2459884.041681,CP
144700903,532.01,2.32664,2458470.580837,CP
257562160,5320.01,0.3852177,2459497.672348,APC
243153196,5321.01,10.1391591,2459478.895755,FP
218354669,5553.01,1.7617165,2459448.89457,PC
91287873,5554.01,26.694279,2459515.17161,PC
388804061,5555.01,32.9373717,2459537.250096,KP
55315929,5556.01,0.7195712,2459526.091298,KP
323687123,5557.01,4.0179805,2459502.342761,CP
14570099,5558.01,26.1944549,2459521.873206,KP
456945304,5559.01,2.1408063,2460258.421812,KP
59003115,556.01,2.294185,2458439.0759,FP
238606535,5560.01,702.469227,2459568.299107,PC
330637910,5561.01,2.0074528,2459502.148194,PC
17307715,5562.01,13.8532745,2459476.992391,KP
239198720,5563.01,,2459534.266195,PC
127505658,5564.01,760.0530038,2459600.588807,PC
127505658,5564.02,45.4964928,2459487.941282,PC
117892246,5565.01,3.2601896,2459600.94115,PC
73250068,5566.01,14.5814997,2459603.327711,PC
388909695,5812.02,,2460536.083418,KP
92439980,5813.01,27.0525472,2460519.238639,PC
427041513,5814.01,6.254395,2460360.849074,PC
375942197,5815.01,3.8993831,2459797.700003,KP
194076601,5816.01,20.4282929,2459842.062383,PC
418604868,5817.01,15.6146058,2459799.303854,CP
283419843,5818.01,2.6052674,2459799.022189,KP
330218897,5819.01,3.4200073,2459797.705428,PC
287474726,582.01,3.7442007,2459230.051423,FP
459730973,5820.01,3.9156848,2459799.366946,KP
354619337,5821.01,2.1425095,2460556.771408,KP
466390120,5822.01,1.5487245,2459797.810597,KP
248853232,5823.01,3.8681492,2459798.775459,KP
272366748,5824.01,3.8555897,2459800.057422,KP
269243313,5825.01,9.7348295,2460541.913603,PC
48253329,5826.01,2.8140207,2459788.107629,PC
369062542,5827.01,5.0493049,2459788.904875,PC
366631954,5068.01,4.7369669,2460277.077587,KP
381360757,5069.01,8.8558739,2459519.107426,PC
348538431,507.01,0.8994677,2459963.623366,PC
319968129,5070.01,6.216994,2460285.329551,FP
307733361,5071.01,1.6739029,2460284.308584,KP
7059054,5072.01,5.185768,2460255.017005,KP
458686969,5073.01,3.1393667,2460282.514849,PC
6893917,5074.01,3.0801795,2459502.394945,KP
23113034,5075.01,1.7134571,2460256.342409,FP
303432813,5076.01,23.4428912,2460250.881084,CP
87873211,5077.01,5.8879518,2460281.227232,PC
303523128,5078.01,1.5110224,2460258.603664,PC
69672493,5079.01,1.4920726,2460257.096765,FP
425206121,508.01,4.6117328,2459222.78972,KP
17409453,5080.01,9.72665,2460243.190501,KP
203214138,5081.01,5.1699026,2460280.381301,KP
437011608,5082.01,4.2403543,2460284.802643,CP
5882269,5083.01,4.7948642,2460251.750696,KP
336691874,5322.01,5.4233428,2459872.580817,PC
272146465,5323.01,5.8049376,2459497.678672,APC
408643099,5324.01,5.0269053,2459488.483015,PC
270406298,5325.01,15.057596,2459498.292378,APC
257922326,5326.01,3.133469,2459493.482375,PC
303502327,5327.01,4.6671176,2459521.337748,PC
58372253,5328.01,5.4886518,2459519.397889,PC
61145589,5329.01,3.7796053,2459518.514709,PC
309791156,533.01,19.5715862,2458332.697108,PC
436843539,5330.01,4.6303272,2459884.465962,PC
387544178,5331.01,22.7545332,2459517.930293,PC
387515920,5332.01,3.9544873,2459520.191396,PC
96948338,5333.01,11.4420309,2459507.73612,PC
247409676,5334.01,3.6136326,2459520.904138,PC
381360750,5335.01,3.6139919,2459520.725645,PC
430099722,5336.01,4.0153167,2459520.536355,PC
27294830,5337.01,0.7135221,2459522.876624,PC
467615239,5338.01,2.6429687,2459522.34129,PC
101348333,5339.01,15.1873222,2459494.722261,PC
456335739,5567.01,13.62636,2459585.367829,PC
142785421,5568.01,16.2601049,2459603.278361,PC
267484403,5569.01,5.4021326,2459604.042729,PC
55488511,557.01,3.344904,2458439.549649,PC
302381442,5570.01,23.1678315,2459567.884238,PC
88565745,5571.01,731.4778512,2458854.228883,PC
9151337,5572.01,5.8586824,2459960.725859,PC
459762279,5573.01,8.7960328,2459600.45002,CP
268405086,5574.01,6.8242909,2459598.137675,FP
160162137,5575.01,32.0736228,2459747.65944,PC
137543637,5576.01,1.2833113,2459605.677896,FP
98833877,5577.01,0.358558,2459606.67024,PC
154563411,5578.01,13.4659853,2459583.65004,PC
252928337,5579.01,19.8628449,2459583.260949,PC
207110080,558.01,14.5728985,2459133.407241,CP
366298702,5580.01,5.2782582,2459603.122108,PC
456306892,5581.01,33.5386891,2459390.959117,PC
392064198,5582.01,4.51125,2459604.334385,PC
387329912,5749.01,5.4328364,2459734.363125,PC
386435344,575.01,19.3721051,2459977.658863,FP
310262516,5750.01,1.9044134,2459741.118344,PC
426144112,5751.01,1.7465205,2459742.829034,PC
349440621,5752.01,6.7113743,2459723.423495,PC
332365162,5753.01,7.4242482,2459742.005654,PC
135267558,5754.01,3.6479472,2459736.090495,PC
256584532,5755.01,5.4397285,2459736.246115,PC
72889156,5756.01,7.6408565,2459742.759507,APC
219506608,5757.01,32.6116713,2459703.44826,PC
82598822,5758.01,10.9299688,2459728.922004,PC
317594531,5759.01,8.350615,2459729.912231,PC
408310006,576.01,5.4435354,2460010.494875,CP
255907107,5760.01,7.924204,2459739.173528,PC
428703516,5761.01,19.5422056,2459722.313637,APC
257531677,5762.01,3.946066,2459735.332063,PC
354832924,5763.01,6.9541458,2459729.976853,PC
150476057,5764.01,5.0859973,2459739.415504,PC
397763985,5765.01,3.8779743,2459908.635769,PC
438260486,5084.01,5.8321337,2460252.991856,PC
6785559,5085.01,4.5117148,2459546.925741,PC
178217113,5086.01,2.9956366,2460256.812967,KP
18310799,5087.01,17.3070631,2460253.01276,KP
234388232,5088.01,10.3883213,2460266.136757,PC
234388232,5088.02,13.4155226,2459521.211119,PC
330687113,5089.01,5.113835,2459503.123608,KP
453211454,509.01,9.0588209,2460269.974997,CP
453211454,509.02,21.4003129,2460259.048369,CP
184892124,5090.01,1.9828041,2459500.669114,KP
438073782,5091.01,3.6413702,2459546.828897,PC
90853136,5092.01,2.3626901,2459546.216863,APC
63189173,5093.01,2.2984058,2459501.001669,KP
19028197,5094.01,3.3366511,2459500.53574,KP
434226736,5095.01,3.4845543,2459501.775176,KP
26826078,5096.01,2.8753183,2460285.252669,KP
203214081,5097.01,5.7459945,2460261.803357,KP
281909674,534.01,4.0350444,2458470.81672,KP
14156936,5340.01,4.9393117,2459519.940368,PC
90669930,5341.01,20.6875239,2459513.930501,PC
356990855,5342.01,0.5894678,2459524.058419,PC
34980970,5343.01,12.836391,2459503.519191,PC
16005254,5344.01,3.7927572,2459522.82521,CP
96165095,5345.01,1.1062164,2459910.28504,PC
26018819,5346.01,3.9783327,2459520.301801,PC
21119973,5347.01,1.7109175,2459883.253886,PC
366527844,5348.01,3.089007,2459910.695281,PC
26054627,5349.01,3.3176675,2459521.813826,CP
280210963,535.01,2.8280391,2459203.486894,KP
68808155,5350.01,7.5811005,2459520.679657,PC
27476314,5351.01,2.8817237,2459523.18765,PC
69995219,5352.01,2.0389145,2459523.255686,PC
113919944,5353.01,1.2297408,2459524.201966,FP
34781378,5354.01,4.7949288,2459520.861271,PC
96170689,5355.01,9.6125545,2459912.057185,PC
357244603,5583.01,3.0650073,2459601.814247,PC
29169215,5584.01,18.6300789,2459580.448333,PC
188389305,5585.01,1.8434549,2459606.464477,PC
160165689,5586.01,8.9165771,2459594.081803,PC
29069242,5587.01,3.7349773,2459605.449939,PC
141762491,5588.01,8.9109435,2459918.835052,PC
51094586,5589.01,5.6895053,2459595.836324,PC
209459275,559.01,6.9839072,2459166.185995,CP
9907513,5590.01,1.2749899,2459606.061518,PC
192969211,5591.01,12.8665269,2459599.966864,PC
88529975,5592.01,2.6085851,2459606.194577,PC
468433454,5593.01,4.7974601,2459599.997854,PC
53394475,5594.01,9.2271917,2459589.072503,PC
302908969,5595.01,5.9900508,2459598.869415,PC
203144354,5596.01,0.3642961,2459606.549481,APC
85284138,5597.01,1.9784368,2459634.509247,PC
237108775,5598.01,6.2948747,2459900.651734,PC
159160230,5599.01,5.4368408,2459627.128945,PC
101011575,560.01,6.3980642,2459982.845399,CP
393414358,483.01,4.3780807,2458469.697072,KP
1260235,4830.01,7.6945481,2459275.292996,PC
17896514,4831.01,2.6375869,2459279.810162,PC
186470968,4832.01,2.7805098,2459990.290039,PC
176442805,4833.01,3.6520005,2459278.576518,PC
77550515,4834.01,3.118166,2459275.262066,PC
434428836,4835.01,5.1953991,2459278.922756,PC
231559817,4836.01,5.1035091,2459965.74527,PC
19612445,4837.01,4.4644761,2459991.372991,PC
374200604,4838.01,0.760019,2459525.795452,FP
38118291,4839.01,13.3441946,2459273.977808,PC
427348923,484.01,4.728681,2459196.648037,FP
80029842,4840.01,2.3992876,2459279.306422,FP
453060368,4841.01,9.6284672,2459271.894843,PC
131034657,4842.01,5.3374045,2459271.888906,PC
258051471,4843.01,8.3548746,2459970.499681,PC
143994382,4844.01,4.5425274,2459991.385346,PC
26305150,4845.01,4.21909,2459992.31448,PC
418971787,4846.01,1.0638184,2459277.893321,FP
14770122,5098.01,3.5438732,2459500.382137,KP
91481801,5099.01,14.4507561,2459447.803576,PC
238086647,510.01,1.3523942,2460011.316365,APC
349582831,5100.01,3.4532143,2459500.690936,PC
366410512,5101.01,10.1367283,2460247.820034,KP
82508808,5102.01,0.4522013,2459500.505423,APC
366443576,5103.01,4.9898664,2459570.084477,APC
415443327,5104.01,4.890376,2459501.630362,PC
203287192,5105.01,4.4455436,2460277.666516,PC
59351345,5106.01,2.4361097,2460257.699928,PC
97735297,5107.01,1.8354365,2459547.910111,FP
350348197,5108.01,6.7535728,2460285.356746,CP
411930845,5109.01,3.2104815,2459547.384113,PC
440777904,511.01,3.3552444,2458491.695717,KP
239977528,5110.01,30.1584857,2460227.480457,CP
203289099,5111.01,3.3557219,2460280.32405,KP
337385330,5112.01,15.532806,2460261.292276,PC
467684543,5356.01,3.1948695,2460211.329446,PC
150006846,5357.01,9.6995203,2459513.678245,PC
46631742,5358.01,2.6599132,2459450.140226,PC
90767677,5359.01,1.6817287,2459522.004048,PC
234825296,536.01,9.2432303,2458473.382195,KP
427578289,5360.01,4.0107869,2459882.51727,APC
366602797,5361.01,1.3574339,2459523.395332,FP
308522539,5362.01,13.7279713,2459505.662464,PC
426448042,5363.01,6.7504762,2459521.5485,PC
366754985,5364.01,1.4466879,2459524.130515,PC
21132157,5365.01,4.0069668,2459886.032439,PC
45034406,5366.01,1.5328484,2459521.306343,PC
81178747,5367.01,1.6649585,2460234.223007,PC
56457123,5368.01,3.612762,2459519.98093,PC
113804153,5369.01,4.2460352,2460211.074094,PC
234112540,537.01,4.0379012,2459205.316448,KP
400381085,5370.01,3.7539574,2459522.197579,PC
17457400,5371.01,1.27615,2459522.846281,PC
101011575,560.02,18.8792871,2459987.337647,CP
287268770,5600.01,10.717359,2459630.693169,PC
237097499,5601.01,9.5197732,2459834.266444,PC
101592219,5602.01,5.4853379,2459628.710083,PC
224293782,5603.01,0.5736183,2459635.463547,PC
237015185,5604.01,11.1801504,2459840.574967,PC
252469648,5605.01,5.9133875,2459629.650414,PC
171599496,5606.01,1.236949,2459635.464877,PC
233070717,5607.01,3.2750907,2459825.973413,PC
229713401,5608.01,6.4424263,2459846.423245,PC
17122808,5609.01,4.019251,2459630.970134,PC
377064495,561.01,10.778833,2460273.231624,CP
377064495,561.02,0.4465713,2460285.469459,CP
377064495,561.03,25.7122157,2458521.899814,CP
377064495,561.04,,2458538.197642,CP
252481136,5610.01,7.9454767,2459628.937156,PC
232624234,5611.01,11.3630224,2459868.59365,PC
232624234,5611.02,26.7159918,2458960.498001,PC
18021087,5612.01,7.1314563,2459634.277413,PC
186541435,4847.01,7.0465721,2459271.910973,PC
134596619,4848.01,3.7235407,2459966.239964,PC
132534906,4849.01,3.0617364,2459277.978622,FP
427352241,485.01,1.2667147,2459198.437811,FP
332705008,4850.01,7.6778159,2459269.733623,PC
60377863,4851.01,21.6091483,2459278.824612,PC
74712191,4852.01,7.2307407,2459304.797295,PC
74530173,4853.01,7.2333744,2459303.196658,PC
70780410,4854.01,3.9230475,2459991.881756,PC
44514807,4855.01,7.5872202,2459290.955895,PC
428685938,4856.01,14.4896397,2460022.855249,FP
35972578,4857.01,1.8881146,2459304.811948,PC
262499797,4858.01,1.7509117,2459963.283806,FP
152467154,4859.01,7.1878971,2459291.242923,PC
260708537,486.01,1.7446984,2460985.903551,CP
335590096,4860.01,1.5229985,2459304.245613,CP
71341774,4861.01,3.4321678,2459299.868636,PC
322807371,4862.01,,2459287.603184,CP
2685481,5113.01,4.136488,2460662.395647,PC
26693519,5114.01,6.1539077,2460280.731884,PC
366499151,5115.01,13.8240078,2459554.641004,PC
149496868,5116.01,3.4355113,2459578.653916,PC
26469462,5117.01,11.6986928,2459534.137427,PC
438412198,5118.01,1.5749553,2460257.667531,PC
75427473,5119.01,1.4713984,2460258.206104,FP
119292328,512.01,7.1887332,2458471.218204,CP
119292328,512.02,20.2749388,2459201.06601,APC
58723861,5120.01,24.9163182,2460267.926815,PC
366568760,5121.01,8.4071591,2460269.511157,KP
116668723,5122.01,3.3885867,2460256.936361,PC
332022997,5123.01,3.2810299,2459501.145179,KP
332022997,5123.02,8.4388997,2459572.871765,KP
306902029,5124.01,1.0754572,2459549.901817,FP
247906954,5125.01,5.909621,2460280.082357,PC
27064468,5126.01,5.4589863,2460282.114507,CP
27064468,5126.02,17.9051919,2460258.338552,CP
371470493,5372.01,11.6270831,2460211.199707,PC
9155187,5373.01,4.1878375,2459582.167296,KP
20096620,5374.01,2.9164004,2459580.063121,KP
71268730,5375.01,1.7215575,2459580.736149,PC
219113246,5376.01,2.9859596,2459850.073687,APC
467153319,5377.01,4.4626933,2459605.750481,PC
321069529,5378.01,5.2841676,2459598.389742,PC
328325110,5379.01,12.7426508,2459942.544324,APC
237751146,538.01,1.669769,2459203.397714,FP
441587756,5380.01,3.7723119,2460339.036648,PC
241174783,5381.01,4.0802864,2459603.311382,FP
356472238,5382.01,14.5416243,2459961.944111,PC
166053959,5383.01,2.8114961,2459635.64596,PC
165297570,5384.01,2.9895092,2459610.390465,KP
85266608,5385.01,5.1665549,2459608.235785,PC
202425357,5386.01,3.6215615,2459610.417802,PC
166086403,5387.01,2.8037514,2459660.851073,PC
165413340,5613.01,12.782983,2459615.444572,PC
148960849,5614.01,4.172202,2459628.761503,PC
235711993,5615.01,11.7672708,2459919.252913,PC
154220877,5616.01,2.002703,2460341.539242,CP
9376973,5617.01,3.154201,2459635.766515,PC
56999883,5618.01,3.5254325,2459630.759188,PC
224299081,5619.01,37.9984529,2459626.901517,PC
413248763,562.01,3.9306027,2460011.629018,CP
165414210,5620.01,3.2856588,2459630.841495,PC
219467837,5621.01,39.9753375,2459594.438445,FP
288162228,5622.01,3.0594206,2459632.965356,PC
420174131,5623.01,3.6636707,2459827.806024,PC
53498154,5624.01,13.7317565,2460355.525687,CP
53498154,5624.02,3.3903593,2460361.102632,CP
53498154,5624.03,7.8854383,2460344.837553,CP
53498154,5624.04,21.4904723,2460364.819364,CP
137020480,5625.01,3.4645195,2459661.055081,PC
376645976,5626.01,716.2159783,2460376.255958,PC
335813590,5627.01,7.5575607,2459641.138875,PC
143032776,4863.01,12.4856615,2459289.281849,FP
48274889,4864.01,5.2410982,2459990.592951,PC
143059017,4865.01,1.2655205,2459303.401989,APC
35758536,4866.01,4.1059615,2459302.162367,PC
74484423,4867.01,2.835273,2459992.374372,PC
362370757,4868.01,3.5164369,2460014.699711,PC
71221700,4869.01,3.0978928,2460016.892261,PC
31852980,487.01,24.3321088,2460180.156297,PC
31852980,487.02,7.4144849,2460195.585106,PC
446135868,4870.01,1.8119168,2459990.185813,PC
168158622,4871.01,1.7687528,2459988.602324,PC
310822679,4872.01,1.7125104,2459302.453868,PC
228694725,4873.01,0.8313018,2459331.381252,APC
463754499,4874.01,2.2866856,2459331.968016,PC
133512515,4875.01,9.7929019,2459330.737173,PC
458300989,4876.01,4.1379542,2459328.149645,PC
447054140,4877.01,5.2220526,2459330.373409,PC
144155193,4878.01,4.728422,2459330.771658,PC
45465399,4879.01,5.3763108,2459325.008186,FP
452866790,488.01,1.1979996,2458492.205829,CP
438170612,5127.01,17.5328625,2460239.027496,PC
406495245,5128.01,7.6014943,2460274.61075,PC
101520163,5129.01,7.4121119,2460247.000236,PC
431999925,513.01,1.445433,2458492.93007,FP
75589027,5130.01,2.1667786,2460255.333156,PC
350043412,5131.01,9.4813433,2459527.018825,PC
114516994,5132.01,1.5985577,2459549.386944,APC
312221462,5133.01,30.4408598,2459507.390544,FP
95010343,5134.01,6.880459,2460272.398924,FP
172110606,5135.01,2.0197299,2460310.708798,FP
175236511,5136.01,7.8092052,2459550.096564,KP
14570132,5137.01,3.2092033,2460280.973096,PC
38087018,5138.01,1.7292681,2459526.191553,KP
95337971,5139.01,5.9471027,2459626.883017,PC
366576758,514.01,11.3909685,2458495.842899,KP
175193677,5140.01,15.6113633,2459547.722323,PC
350020859,5141.01,11.8141726,2459556.003033,KP
393495970,5142.01,1.7554285,2459576.373848,KP
407591297,5388.01,2.594675,2459630.895748,CP
39143128,5389.01,10.4014008,2459609.44541,PC
238004786,539.01,0.3096062,2459988.518323,PC
8853478,5390.01,15.0619708,2459617.289687,PC
298600443,5391.01,13.6421377,2459865.102473,APC
198512478,5392.01,17.5313321,2460367.300993,PC
313425396,5393.01,30.0017176,2459591.975369,PC
61109252,5394.01,15.1935123,2459561.627836,APC
298070500,5395.01,6.5811814,2460346.799118,PC
202428245,5396.01,32.1400505,2460321.827733,FP
18019350,5397.01,9.6477019,2459620.860667,PC
8260536,5398.01,10.590923,2459616.492055,CP
8260536,5398.02,4.7728997,2459628.618083,CP
284688043,5399.01,4.0625969,2459790.23977,PC
200322593,540.01,1.2391534,2459175.141647,CP
332564140,5400.01,19.8067259,2459970.522326,PC
397058826,5401.01,6.8291029,2458930.89446,PC
135100529,5628.01,4.3415097,2459640.620156,PC
298437387,5629.01,2.2853731,2459689.357738,PC
405454160,563.01,731.9380939,2458524.13957,PC
316416562,5630.01,3.2220038,2460419.070296,PC
347430350,5631.01,2.2438471,2459689.309412,KP
420779000,5632.01,4.2342153,2459666.190171,KP
119131709,5633.01,17.2837172,2459673.539325,PC
119585136,5634.01,2.2054776,2459663.422584,CP
233173039,5635.01,25.0577354,2459645.513474,PC
105616091,5636.01,4.2744435,2459658.577043,PC
136992839,5637.01,17.7916498,2459629.323433,PC
154258295,5638.01,1.0034686,2459662.847938,PC
166054851,5639.01,3.3957241,2459658.16387,PC
1003831,564.01,1.6511456,2458518.203428,CP
373729723,5640.01,13.0518467,2459645.758477,FP
141202786,5641.01,2.1808015,2459663.478353,PC
160521907,5642.01,10.2682326,2459752.672435,PC
284592754,5643.01,17.1101127,2459644.889804,APC
245099574,4880.01,3.4717583,2459329.598741,PC
359735804,4881.01,4.4158835,2460015.729632,PC
458331312,4882.01,4.4360402,2459329.594358,PC
446463666,4883.01,4.4967355,2459328.308088,PC
80681136,4884.01,1.5300843,2460015.656298,PC
72504752,4885.01,6.9392854,2459321.242029,PC
457743020,4886.01,3.251249,2459327.581873,FP
274911400,4887.01,5.1873583,2459325.946083,PC
309292963,4888.01,9.4185437,2459319.759823,PC
441936163,4889.01,1.895234,2460041.259254,PC
455096220,489.01,3.6466612,2459250.846246,KP
92004082,4890.01,3.0471275,2460017.41864,PC
458199018,4891.01,2.4498012,2460016.760002,PC
6010784,4892.01,4.516649,2459323.755016,PC
441234277,4893.01,7.3262605,2460021.337816,PC
469333534,4894.01,3.5611222,2459329.469535,PC
463365347,4895.01,8.9641788,2459321.815644,PC
438278301,4896.01,5.1609259,2459322.428954,PC
81693792,4897.01,4.3066915,2459329.757212,PC
281837575,5143.01,5.20971,2459527.24297,PC
281837575,5143.02,2.3843304,2459526.770284,PC
380619414,5144.01,2.6556753,2460262.66986,KP
281885301,5145.01,7.9177855,2459554.042178,KP
173103335,5146.01,10.0546003,2459528.179119,KP
95361530,5147.01,3.9178573,2459631.96789,PC
291517604,5148.01,5.0637114,2460117.346088,PC
286094277,5149.01,27.3714952,2459814.873357,PC
366622912,515.01,3.1148931,2458493.283904,CP
40954422,5150.01,1.7578288,2460336.483913,FP
388130237,5151.01,92.1950434,2459323.834982,PC
257527578,5152.01,54.3212423,2459084.832076,CP
124029677,5153.01,20.9108406,2459197.092933,CP
240849748,5154.01,17.7256773,2459470.788849,APC
388811663,5155.01,9.7956535,2459456.729746,KP
468889418,5156.01,22.8524131,2460221.038488,PC
38161230,5157.01,2.5194039,2460284.25085,APC
29781207,5402.01,3.3174026,2459037.064971,PC
438519486,5403.01,12.8355591,2459533.44912,PC
56798909,5404.01,2.177475,2459546.130937,PC
172353721,5405.01,9.0711977,2459538.83454,PC
127226712,5406.01,0.8045139,2460234.198381,PC
372424377,5407.01,5.4683192,2459549.018978,PC
430093142,5408.01,0.9598377,2460234.83245,PC
115628210,5409.01,0.594385,2459550.047281,APC
143271144,541.01,1.3534084,2459202.495892,APC
76882795,5410.01,4.1059353,2459543.466503,PC
76032342,5411.01,3.0604071,2459549.378495,PC
386197662,5412.01,0.3828485,2460234.16084,PC
269838674,5413.01,12.612483,2459534.921329,PC
371164829,5414.01,10.7833596,2459529.149554,PC
52517713,5415.01,2.9858191,2459544.736928,PC
87405719,5416.01,13.0086903,2460239.554771,PC
79316101,5417.01,2.8675385,2459549.214251,PC
115564354,5418.01,1.6421819,2459550.466346,FP
68443254,5419.01,4.8002161,2459544.75985,PC
441658213,5644.01,6.640285,2459660.036393,APC
156377968,5645.01,4.5362433,2459659.856199,PC
366804698,5646.01,2.4277208,2459687.382078,PC
67743054,5647.01,4.0134273,2459713.269594,PC
23863106,5648.01,3.3078803,2459685.753789,FP
392319808,5649.01,4.7518771,2459681.976922,PC
1103432,565.01,3.7271641,2459966.215011,APC
353807936,5650.01,34.2825595,2459853.128755,PC
256326844,5651.01,10.6893108,2459860.750256,PC
232628532,5652.01,18.2598774,2459839.287079,PC
298729646,5653.01,7.4992916,2459708.153898,PC
233465389,5654.01,4.2528141,2459713.011926,PC
282940781,5655.01,29.120986,2459663.533882,PC
458458156,5656.01,3.2487833,2459685.802056,PC
441736986,5657.01,0.8037513,2459825.659468,PC
119178132,5658.01,1.6064494,2459689.095962,PC
207491214,5659.01,6.2230846,2459911.312652,APC
1133072,566.01,0.846542,2458517.531592,FP
124235800,4898.01,2.7652293,2459330.01077,PC
376610581,4899.01,2.3908076,2459331.214533,PC
455135327,490.01,2.8106013,2458491.915477,KP
425508314,4900.01,7.6650157,2459320.969034,PC
107017977,4901.01,16.0462248,2459315.344938,PC
358072664,4902.01,4.1934945,2459327.06697,FP
457789844,4903.01,4.9142901,2459331.925466,PC
464388115,4904.01,2.4118274,2459331.41006,PC
463011281,4905.01,11.1378464,2459311.21739,PC
385459345,4906.01,11.9768241,2459999.63407,PC
447585233,4907.01,3.3405202,2459329.17652,PC
356835341,4908.01,19.7112002,2459311.07958,PC
272211398,4909.01,11.6484665,2459316.775014,PC
468987719,491.01,3.3326812,2460279.866473,KP
303327435,4910.01,5.506691,2460018.63378,PC
303814029,4911.01,4.4573401,2459332.056627,PC
219769290,4912.01,7.4105517,2459327.882942,PC
72401290,4913.01,6.5430693,2459332.199038,PC
49254857,4914.01,10.5988743,2459317.272697,CP
337647366,5158.01,4.7464485,2459575.676862,PC
286712787,5159.01,5.8365098,2459526.144884,PC
286712787,5159.02,3.6469454,2459527.770444,PC
318937509,516.01,1.04855,2458492.649974,APC
4165850,5160.01,4.2807509,2460258.887433,PC
277697921,5161.01,5.7519475,2459577.648713,PC
60286662,5162.01,8.5623289,2459504.354978,KP
115010361,5163.01,15.4658691,2459674.578483,KP
6892385,5164.01,8.2669589,2460256.367181,KP
349986198,5165.01,3.577501,2459546.601483,PC
59582240,5166.01,1.7726881,2459576.329573,PC
458686504,5167.01,4.8740385,2460282.322925,PC
363548415,5168.01,6.7713411,2459528.161777,KP
350023518,5169.01,8.0387972,2460269.548352,PC
308307606,517.01,9.8850244,2458412.729453,FP
330690135,5170.01,14.7565015,2459558.616394,KP
110996418,5171.01,15.7814103,2458580.648059,PC
49771092,542.01,1.6318282,2458469.057251,PC
195155818,5420.01,6.0614403,2459549.135055,PC
47132480,5421.01,6.5552932,2459541.720815,PC
80611440,5422.01,5.3767997,2460235.918085,PC
47319867,5423.01,5.7188414,2460234.24663,PC
47319867,5423.02,3.3928027,2460235.223316,PC
436099179,5424.01,0.8999342,2459548.984631,FP
429501231,5425.01,0.4553752,2459550.242065,APC
127957099,5426.01,5.8095099,2459913.277313,APC
52420398,5427.01,5.2374183,2459548.748875,PC
76545118,5428.01,3.0343155,2460236.04103,PC
5800958,5429.01,4.2318085,2459545.884668,FP
53593457,543.01,0.530893,2458468.332102,FP
46774573,5430.01,3.8635521,2459546.30366,PC
302895184,5431.01,4.788785,2459541.977239,PC
86898676,5432.01,2.9525486,2459546.030839,PC
75697959,5433.01,4.1459886,2459544.293745,PC
307377219,5434.01,4.1629444,2459542.814078,FP
311116297,5660.01,4.8183501,2459710.421834,PC
349312122,5661.01,2.8329023,2459715.238616,PC
422217860,5662.01,2.3144207,2459689.673073,PC
198161914,5663.01,45.0854117,2459870.094224,PC
158022899,5664.01,3.8863969,2459687.461371,PC
274223601,5665.01,2.2465076,2459912.436846,PC
235684964,5666.01,5.468394,2459827.478708,PC
28242530,5667.01,19.511064,2459675.883062,PC
357347296,5668.01,4.1753448,2459685.023774,PC
162577468,5669.01,3.676651,2459710.833713,PC
13349647,567.01,1.5373643,2458518.50543,KP
860207014,5670.01,14.616858,2459297.645648,PC
23863105,5671.01,3.3079817,2459685.753346,PC
461239485,5672.01,3.0390851,2459693.716285,KP
175772482,5673.01,2.8386215,2459695.204858,KP
368805700,5674.01,3.5771891,2459695.989749,KP
181949561,5675.01,4.0552832,2459694.284607,KP
311133118,5676.01,3.5061649,2459701.925342,KP
440937096,4915.01,3.3362143,2459991.530389,PC
454069765,4916.01,4.1197036,2459326.617962,KP
317362389,4917.01,4.7738904,2459356.533298,PC
60859922,4918.01,6.5329169,2459357.329312,PC
155419920,4919.01,3.6470909,2459358.158702,PC
17746821,492.01,3.1220166,2458493.164634,KP
132611413,4920.01,2.5245706,2459358.125475,PC
404227343,4921.01,3.4975869,2459344.888612,PC
411943564,4922.01,7.5492321,2459359.885613,PC
219181903,4923.01,12.9175271,2459975.584855,PC
307099276,4924.01,3.1467665,2459359.002207,PC
399847887,4925.01,3.9511085,2460045.034653,PC
454828937,4926.01,6.809144,2460045.680668,PC
376421071,4927.01,0.8166936,2459359.635635,PC
448820344,4928.01,2.7792649,2459358.786025,PC
359403471,4929.01,2.5547255,2459358.085914,PC
19025965,493.01,5.944441,2458493.324506,PC
307221757,4930.01,6.7789159,2459358.242592,PC
296850254,4931.01,6.7635161,2460047.119757,PC
53287554,5172.01,4.7269294,2459552.159115,PC
98669309,5173.01,4.0035773,2459552.707286,KP
49428710,5174.01,12.2193392,2459527.296517,CP
55266835,5175.01,6.8548465,2459554.977553,PC
437054764,5176.01,20.3550739,2459553.71434,PC
350033870,5177.01,2.2085904,2460284.438815,PC
149969625,5178.01,14.0666014,2459560.41257,KP
288671122,5179.01,0.2874782,2459768.887248,PC
264979636,518.01,17.87897,2458495.790236,PC
346972413,5180.01,2.7779767,2459413.390215,PC
346667887,5181.01,3.8922407,2459415.698567,PC
99654378,5182.01,7.3039588,2459598.659187,PC
298829544,5183.01,2.7395591,2460368.824795,PC
28643432,5184.01,2.2751393,2459418.221331,FP
462808933,5185.01,4.2788309,2459414.668268,PC
68453985,5186.01,2.503254,2459416.39218,PC
441590110,5187.01,17.8597459,2459596.505388,PC
294309873,5435.01,1.2699324,2460234.949733,PC
155369758,5436.01,11.9285531,2459545.797843,PC
6853696,5437.01,3.42015,2459544.097774,PC
367193060,5438.01,2.5842514,2459549.679322,PC
247912728,5439.01,5.0775738,2459547.015426,PC
50618703,544.01,1.5483542,2458469.756983,CP
29374525,5440.01,3.813812,2459545.296726,FP
91697121,5441.01,2.8633026,2460236.091612,PC
406684949,5442.01,12.7091678,2459541.585225,APC
400515645,5443.01,1.6757659,2459548.509059,PC
367193046,5444.01,10.2780324,2459543.136534,APC
255735567,5445.01,6.3780197,2459539.887666,APC
84788795,5446.01,4.4977307,2460234.491504,PC
239722954,5447.01,1.4958429,2459550.515708,FP
291016451,5448.01,3.214031,2459547.931745,PC
119130170,5449.01,2.5444539,2460234.363267,PC
37168957,545.01,1.9000862,2459203.608483,KP
6653897,5450.01,0.8857522,2459549.122766,FP
69028091,5451.01,1.6822448,2459606.277449,PC
425817867,6681.01,3.7783401,2460129.98959,KP
254141733,6682.01,4.243624,2460127.201762,PC
394126269,6683.01,3.8568001,2460129.293947,PC
273270473,6684.01,2.7086444,2460100.292201,PC
6764171,6685.01,10.7715898,2460134.88206,PC
269217040,6686.01,4.1661265,2460128.917227,KP
396246765,6687.01,3.4414188,2460129.194083,PC
464658144,6688.01,4.9594992,2460128.994512,PC
410119093,6689.01,4.1287427,2460127.625425,PC
124573851,669.01,3.9451359,2460013.733784,CP
149989864,6690.01,761.7092276,2458327.776304,PC
149989864,6690.02,904.5347981,2458433.203898,PC
382258844,6691.01,,2458507.519753,PC
324609409,6692.01,,2459378.417556,PC
35377903,6693.01,2.9937587,2459797.57471,FP
27414976,6694.01,3.9759251,2459667.751833,PC
88266880,5930.01,3.7984372,2459817.983009,PC
24833662,5931.01,4.2447791,2459823.70837,PC
405122173,5932.01,3.1003012,2459823.994855,PC
322593401,5933.01,5.5901313,2459823.723571,PC
407958640,5934.01,2.5505105,2459823.256866,PC
276704866,5935.01,3.0200448,2459819.923024,PC
396378209,5936.01,0.3781425,2459823.973097,APC
158552665,5937.01,21.0685273,2459797.53357,PC
452508760,5938.01,2.260431,2459820.183153,PC
27230283,5939.01,6.13049,2459823.906049,PC
146406806,594.01,13.9492617,2459237.954551,PC
296898634,5940.01,2.8534013,2459849.326267,FP
303456821,5941.01,11.0771916,2459803.434951,PC
166190643,5942.01,1.6540803,2459822.98395,FP
63659057,5943.01,15.7866044,2459799.923269,PC
88101924,5944.01,5.9404096,2459821.949437,PC
159104028,5945.01,3.3825012,2459820.52275,PC
366846982,5946.01,5.754879,2459843.678568,PC
331691841,5947.01,6.9341584,2459842.878692,PC
298776943,6176.01,9.6422713,2459844.363828,PC
331456189,6177.01,3.89989,2459847.553938,PC
314649737,6178.01,5.8878118,2459844.841088,PC
257056367,6179.01,19.2445211,2459818.612268,PC
173640199,618.01,7.7614672,2459972.603908,PC
452743735,6180.01,2.7432173,2459849.581128,PC
199162630,6181.01,2.7649802,2459847.834654,FP
97249514,6182.01,4.7783263,2459848.402483,PC
351864831,6183.01,8.7311119,2459840.156934,PC
257207557,6184.01,3.6153701,2459847.821903,PC
346077232,6185.01,6.3720834,2459880.180162,PC
345333936,6186.01,1.4252334,2459880.953725,FP
251894891,6187.01,5.5133822,2459875.809804,PC
469702377,6188.01,4.7061119,2459873.021669,PC
63844530,6189.01,5.5867425,2459880.415341,PC
267527924,619.01,1.8080364,2460011.60482,FP
440636649,6190.01,3.5595352,2459878.295658,PC
197743152,6191.01,3.7752321,2459880.418253,PC
194234471,6192.01,3.563037,2459880.976064,PC
422031406,6441.01,4.5579065,2459981.657715,PC
97921547,6442.01,2.8279716,2459986.409366,CP
125563127,6443.01,9.9872075,2459971.064943,PC
97588014,6444.01,12.2925281,2459978.35554,PC
323569398,6445.01,26.3926606,2459965.970231,PC
122798633,6446.01,4.2240015,2459983.882874,PC
347442932,6447.01,0.6646521,2459986.820098,FP
320411045,6448.01,14.8442674,2459971.671935,CP
168936945,6449.01,2.4404127,2459984.192328,PC
157568289,645.01,1.8361503,2459250.993237,FP
47244580,6450.01,3.6092665,2459984.16862,PC
150559728,6451.01,5.495078,2459978.277606,PC
7562528,6452.01,5.2477739,2459987.078877,PC
66242670,6453.01,6.8688474,2459977.256094,PC
146413471,6454.01,22.5012924,2459948.818566,PC
146413471,6454.02,10.9835772,2459974.384105,PC
255588086,6455.01,0.8970559,2459963.646985,PC
270456887,6456.01,2.2685932,2459963.887975,APC
118339710,6695.01,,2459249.547139,PC
104195270,6696.01,3.6859958,2459883.679951,FP
441546821,6697.01,,2459339.037269,CP
441546821,6697.02,,2460063.512098,CP
5966772,6698.01,,2459331.091898,PC
341405597,6699.01,5.322002,2460132.340656,PC
147660201,670.01,0.579398,2458543.348205,FP
167085203,6700.01,15.5177539,2459977.682137,PC
349789882,6701.01,10.018102,2459972.53548,PC
179442778,6702.01,2.1874712,2459036.541035,PC
255560319,6703.01,49.6178223,2458365.827298,PC
342449055,6704.01,2.8607384,2459229.7834,PC
342449055,6704.02,6.8275101,2459235.555909,PC
379717270,6705.01,8.4457042,2459336.341283,PC
411731278,6706.01,7.5757446,2458597.457184,PC
287328202,6707.01,3.8347282,2459966.304106,PC
419878932,5948.01,7.9058861,2459848.707937,APC
64282927,5949.01,1.8826035,2460421.082231,PC
64282927,5949.02,3.3751374,2460605.807735,PC
287329267,595.01,7.6434423,2460976.583516,FP
258738667,5950.01,6.4389303,2460549.777192,PC
154762431,5951.01,3.1728284,2459852.571596,PC
287643871,5952.01,45.7138545,2460581.969735,PC
27863043,5953.01,7.4924561,2460581.473006,PC
297153209,5954.01,10.7004569,2460361.734742,FP
434116397,5955.01,0.5902387,2459825.845336,PC
236785891,5956.01,0.9292334,2459853.83173,PC
407653728,5957.01,3.2520192,2459849.767048,PC
436764867,5958.01,2.3062125,2459825.785407,PC
199671901,5959.01,4.4571444,2459855.872666,KP
144956678,596.01,1.5136003,2459228.947101,FP
188876052,5960.01,3.076329,2459827.429945,KP
262689575,5961.01,1.617487,2459447.785905,PC
387933822,6193.01,2.8953095,2459876.615391,PC
176861415,6194.01,8.6738593,2459871.681397,PC
155258153,6195.01,3.1989808,2459881.257523,PC
330944099,6196.01,3.6119975,2459876.327103,PC
196261799,6197.01,3.7294859,2459880.365159,PC
202514659,6198.01,3.6166109,2459877.340534,PC
302201081,6199.01,3.8311803,2459877.909014,PC
296739893,620.01,5.0988038,2458518.004514,CP
44621795,6200.01,3.1923193,2459877.87044,PC
455727012,6201.01,2.9172231,2459880.993679,PC
422223456,6202.01,2.8979408,2459876.667144,PC
437756191,6203.01,25.1745344,2459855.605714,PC
325410269,6204.01,4.0673088,2459881.637411,PC
154351773,6205.01,3.9089363,2459874.30158,PC
154576989,6206.01,13.1471808,2459856.664269,PC
432422552,6207.01,9.7712443,2459881.332399,FP
326475995,6208.01,5.2266285,2459872.105147,PC
200606486,6209.01,0.747693,2459881.944818,APC
30828562,621.01,3.1123343,2459304.418696,APC
328502522,6457.01,41.4186335,2460280.041806,PC
2507547,6458.01,9.7831931,2458817.030487,PC
238317637,6459.01,5.1494363,2460008.619686,PC
238197709,646.01,13.7252522,2459184.759271,FP
93862917,6460.01,4.4044418,2459984.409752,PC
123133954,6461.01,4.064628,2459982.300342,PC
453009027,6462.01,3.8720204,2459980.581682,PC
180989820,6463.01,9.8738839,2459992.239565,PC
190643105,6464.01,9.6742544,2460008.968908,PC
184801054,6465.01,0.6593681,2460013.850462,PC
186707229,6466.01,1.4571902,2460013.533512,PC
385157401,6467.01,11.9964056,2460009.154035,PC
180931993,6468.01,12.1228168,2460007.96996,PC
4598935,6469.01,24.7104662,2459972.631689,PC
92992033,647.01,4.90765,2458470.60184,PC
12061971,6470.01,13.7333847,2459998.192483,PC
410901394,6471.01,3.0758364,2460008.932044,PC
140706833,6472.01,2.6808268,2460011.106992,PC
269849065,6708.01,4.2290856,2458326.156737,PC
20375215,6709.01,2.3477336,2458544.543307,PC
151681127,671.01,10.1970284,2460021.290156,APC
143842198,6710.01,2.067123,2458491.70673,PC
303364023,6711.01,10.3469945,2458543.252411,FP
192943720,6712.01,1.8987896,2458544.224717,PC
428673146,6713.01,2.1538049,2458571.522303,PC
261264800,6714.01,4.7674421,2458326.238234,APC
460950389,6715.01,2.8618782,2460014.968644,PC
112115898,6716.01,4.718569,2458495.165624,PC
34986694,6717.01,0.4707476,2459281.317965,PC
405428714,6718.01,2.9532145,2460126.814381,PC
92449173,6719.01,2.1764875,2460155.27651,KP
151825527,672.01,3.6335834,2458546.478904,CP
281541545,6720.01,4.1470359,2460158.117981,KP
239541449,5962.01,1.9261183,2459826.817794,FP
436478932,5963.01,4.3226229,2459826.311145,KP
200606159,5964.01,3.9816471,2459853.689253,PC
405788729,5965.01,4.2254748,2459828.070265,PC
404610583,5966.01,3.5381039,2459826.813152,FP
369532319,5967.01,15.343585,2460563.656882,PC
431810418,5968.01,753.822332,2460583.854715,PC
431810418,5968.02,9.2152386,2460570.60536,PC
91051152,5969.01,7.9192605,2459830.349006,KP
146208651,597.01,6.5197781,2460735.958212,FP
431701493,5970.01,3.0927432,2460561.869567,KP
160432093,5971.01,3.9914012,2459828.685263,PC
420814525,5972.01,3.5247546,2460552.87974,KP
154353849,5973.01,3.1643744,2459878.635235,PC
354173595,5974.01,1.7266943,2459447.904188,PC
376847633,5975.01,373.0381637,2459408.627517,PC
326116570,6210.01,7.8580085,2459876.706893,APC
25758870,6211.01,10.3473602,2459881.500754,PC
173671381,6212.01,3.6444426,2459879.477717,PC
430751891,6213.01,2.3921761,2459878.065088,PC
314088020,6214.01,7.0346299,2459868.609542,PC
431114892,6215.01,2.0323202,2459879.050673,PC
428317266,6216.01,29.5406035,2459831.799479,PC
375116172,6217.01,3.0365848,2459881.159824,PC
202283090,6218.01,5.1570194,2459878.34576,PC
252585354,6219.01,2.4784193,2459881.309267,PC
83092282,622.01,6.4025295,2460006.078147,CP
325653071,6220.01,19.6518502,2459868.567359,PC
456910600,6221.01,9.8326403,2460223.782824,PC
150907983,6222.01,9.4321076,2459878.774673,PC
288144647,6223.01,3.8553342,2459879.618086,CP
66726479,6224.01,1.5554236,2459881.612767,PC
352147273,6225.01,8.555965,2459867.415663,PC
176789447,6226.01,3.8857292,2459880.971907,PC
53874375,6227.01,3.0922512,2459879.248503,PC
410303247,6473.01,1.0992893,2460011.956516,PC
189097100,6474.01,1.6069363,2460012.369919,PC
132314633,6475.01,26.5988575,2459997.919926,PC
380528770,6476.01,8.1168658,2459998.505612,PC
11927677,6477.01,3.6860654,2460006.687707,PC
332657786,6478.01,1462.2115148,2458536.766582,PC
181208298,6479.01,2.9193825,2460008.643088,PC
78672342,648.01,2.9795358,2458471.26899,FP
81089255,6480.01,750.2395535,2460010.445952,PC
101225566,6481.01,6.2796518,2460007.897962,PC
189300053,6482.01,1483.5175058,2458522.214136,PC
355449539,6483.01,5.2076995,2460007.257989,PC
294394558,6484.01,18.2457829,2459989.462343,PC
281286325,6485.01,17.0180939,2460013.556944,PC
46772529,6486.01,10.6332248,2460011.847824,FP
37754672,6487.01,14.13519,2459994.435005,PC
238124845,6488.01,8.0850515,2460010.258574,PC
423445163,6489.01,2.917882,2460010.70579,PC
35582553,649.01,0.9370901,2459225.989665,PC
253917292,6721.01,4.6086414,2460156.710458,PC
220524097,6722.01,3.9613114,2460156.166339,PC
370010846,6723.01,3.4852362,2460156.827447,PC
261646133,6724.01,42.8614655,2460117.812125,PC
150320610,6725.01,2.1476974,2460193.054335,PC
121490076,6726.01,14.2456603,2460160.495921,KP
47482754,6727.01,15.3471548,2460199.010164,PC
287326127,6728.01,24.9636551,2460190.897245,PC
426032475,6729.01,7.837455,2460931.459417,PC
426032475,6729.02,3.8638303,2460204.991575,PC
151959065,673.01,10.5426254,2458551.634917,FP
382521776,6730.01,4.3934744,2460186.072113,PC
9032367,6731.01,1.6322295,2460183.745577,PC
349891396,6732.01,1.3003394,2460121.49861,PC
221566773,6733.01,3.2529571,2460118.586103,PC
412666676,6734.01,4.6068687,2460114.258841,PC
76899250,6735.01,3.3357969,2460123.698289,PC
324150445,6736.01,2.9879341,2460121.987455,PC
348054109,5976.01,0.4378024,2459010.512186,FP
12938488,5977.01,0.4317124,2459419.98927,APC
266023807,5978.01,0.7394818,2458711.885411,PC
137151335,5979.01,4.7267257,2460332.777222,KP
81429971,598.01,3.0432421,2459986.020072,FP
164652245,5980.01,79.5839995,2458708.932559,KP
120045750,5981.01,7.0142458,2459423.517172,PC
299087490,5982.01,38.4787613,2459409.912265,KP
356871098,5983.01,1.0271879,2458683.819904,PC
120692092,5984.01,3.4130781,2459392.151066,KP
272782368,5985.01,2.4157665,2458684.123357,PC
158657354,5986.01,38.5835889,2459406.492987,KP
284900292,5987.01,48.7130843,2458769.981797,PC
377780790,5988.01,0.8374997,2458683.867901,KP
154437244,5989.01,6.8669657,2459395.360784,PC
145982812,599.01,0.82967,2458518.4693,FP
66788350,6228.01,3.3338016,2459880.856197,PC
437736517,6229.01,4.6071277,2459875.788906,PC
101395259,623.01,7.574675,2458523.943374,FP
252610172,6230.01,4.3518774,2459880.187207,PC
406783172,6231.01,24.8366994,2459836.451005,PC
202087931,6232.01,9.8538051,2459870.641636,PC
431660224,6233.01,3.7069545,2459876.499866,PC
202282233,6234.01,6.6283182,2459869.410711,PC
150902766,6235.01,7.8209807,2459872.368343,APC
405532603,6236.01,3.3045926,2459882.031252,APC
430431091,6237.01,4.1533998,2459878.064073,PC
125489084,6238.01,5.7419523,2459879.172244,PC
319294834,6239.01,6.0749198,2459872.189739,PC
399870368,624.01,2.7443216,2459197.007544,CP
249776059,6240.01,1.1797412,2459881.923097,PC
15654898,6241.01,3.7812464,2459879.12449,PC
437740083,6242.01,5.6020298,2459879.464465,FP
276250096,6243.01,3.5653226,2459875.523593,PC
431216437,6244.01,2.5553078,2459879.165546,APC
118754987,6490.01,7.842208,2460012.251052,PC
25212199,6491.01,7.5520411,2459999.851216,PC
47143972,6492.01,731.8319734,2459262.1237,PC
445522339,6493.01,3.0667073,2460007.949022,APC
438376091,6494.01,3.5327892,2460037.919088,PC
36808091,6495.01,3.7781679,2460034.982322,PC
374741750,6496.01,0.9942215,2460037.882769,PC
303426966,6497.01,2.1439841,2460035.301628,PC
371596277,6498.01,22.5095172,2460031.276647,PC
45881495,6499.01,9.0441543,2460024.214602,PC
349373192,650.01,0.76983,2458326.31528,FP
72806004,6500.01,4.4156851,2460038.185655,PC
35973654,6501.01,4.4581792,2460035.416251,PC
75580659,6502.01,5.0711656,2460030.946212,PC
358838026,6503.01,3.9535041,2460032.665492,PC
177257073,6504.01,6.8328077,2460040.002324,PC
376800517,6505.01,15.8951857,2460020.4559,PC
469008497,6506.01,13.0795854,2460015.235883,PC
54145416,6507.01,5.267165,2460034.719502,PC
171886633,6737.01,2.8475582,2460119.938915,PC
89417257,6738.01,3.6234424,2460122.480944,PC
91324328,6739.01,4.6588405,2460115.369124,PC
158588995,674.01,1.9771658,2459301.778142,CP
174070181,6740.01,3.3505941,2460121.946449,PC
263203229,6741.01,5.0061978,2460117.886705,FP
307232923,6742.01,8.1678648,2460116.805629,PC
361403927,6743.01,5.9097139,2460118.469508,PC
345056639,6744.01,0.8674623,2460124.072758,PC
301247383,6745.01,5.2452852,2460122.255614,PC
367900542,6746.01,1.20306,2460124.08177,PC
343717397,6747.01,0.7025922,2460124.204944,APC
421056636,6748.01,4.5932835,2460124.161299,PC
426901646,6749.01,8.6121286,2460111.87343,PC
169226822,675.01,4.1780637,2458543.942051,KP
299876474,6750.01,2.5950111,2460122.219768,FP
381448973,6751.01,2.9419791,2460117.399031,PC
87422071,6752.01,11.3648628,2460112.64133,PC
301248781,6753.01,1.0169814,2460122.789122,PC
29385858,5990.01,700.9622566,2458976.923578,PC
230064711,5991.01,7.0893162,2458689.479623,PC
159054620,5992.01,8.0276821,2459391.6426,KP
27534138,5993.01,28.5410557,2459419.054916,KP
63283780,5994.01,7.9726644,2459397.430362,KP
352011875,5995.01,6.2468813,2458686.187589,KP
293880523,5996.01,109.0502946,2459467.902664,PC
39516274,5997.01,5.655018,2458985.158761,PC
370907864,5998.01,9.3380252,2459397.788566,PC
120317234,5999.01,6.8834027,2460326.535519,KP
134396419,600.01,4.3652608,2459984.851254,FP
259233660,6000.01,0.4489589,2458683.576042,CP
139104940,6001.01,3.003901,2459422.453454,KP
102734241,6002.01,10.9048392,2458692.759945,CP
121731834,6003.01,5.8599392,2458686.103572,KP
48353358,6004.01,9.8786838,2458685.778397,KP
446157122,6245.01,3.2149937,2458818.754695,PC
388505345,6246.01,6.7786403,2459723.376477,PC
418301643,6247.01,24.091624,2460602.195042,PC
154304816,6248.01,3.8528933,2459828.699823,PC
456260074,6249.01,1092.002299,2458853.470005,PC
456260074,6249.02,15.5739143,2458844.107949,PC
379929661,625.01,4.786958,2459979.75103,CP
455737331,6250.01,1076.6094165,2458780.693422,PC
52005579,6251.01,12.7614706,2459458.900535,CP
307734818,6252.01,2.1077445,2459661.706445,PC
287152495,6253.01,9.2347348,2458686.243474,PC
432758245,6254.01,1.5361137,2458765.54076,PC
261135533,6255.01,0.2381823,2458738.712374,CP
373017793,6256.01,7.9945503,2459722.052653,PC
237204346,6257.01,6.5452014,2458796.051294,PC
435878153,6258.01,0.5570869,2458764.784402,PC
142277868,6508.01,18.9926881,2460038.984559,CP
358164738,6509.01,5.6022404,2460035.128051,PC
72090501,651.01,1.0697877,2459226.896187,PC
361154154,6510.01,37.98781,2459987.504092,PC
303030789,6511.01,21.5962209,2460001.825924,PC
72542944,6512.01,2.5011016,2460038.289329,PC
29780740,6513.01,2.4214702,2460037.851741,PC
439618305,6514.01,4.0236761,2460034.691388,PC
101961987,6515.01,3.8149372,2460034.628679,PC
446524637,6516.01,18.8392786,2460018.647355,PC
5709314,6517.01,2.6185048,2460038.98992,PC
139314045,6518.01,2.1978944,2460035.739125,PC
188128470,6519.01,10.397262,2460026.546049,PC
22221375,652.01,3.9846589,2460013.591733,CP
382688257,6520.01,7.6016156,2460029.644705,PC
382187347,6521.01,3.581253,2460033.08159,PC
71674064,6522.01,4.7383479,2460034.344843,PC
167720788,6523.01,7.809463,2460033.568724,PC
356921678,6524.01,0.8515408,2460039.991677,PC
144327080,6806.01,23.2490769,2460202.860746,APC
441076258,6807.01,6.6210878,2460166.639771,PC
261680542,6808.01,3.0449187,2460177.656706,PC
29821723,6809.01,2.6855972,2460177.250009,PC
410450228,681.01,15.7784931,2460045.433204,PC
214515989,6810.01,11.3498282,2460174.448428,PC
129711632,6811.01,1.1602698,2460178.78732,PC
92443533,6812.01,12.6357243,2460160.520834,PC
364267778,6813.01,2.3557153,2460175.787286,PC
211352962,6814.01,0.7941828,2460178.823544,PC
233964924,6815.01,17.9217736,2460196.836562,PC
278525028,6816.01,10.9267866,2460163.798501,PC
402027382,6817.01,3.1998039,2460203.125303,PC
281666033,6818.01,10.1956949,2460191.693968,PC
327917279,6819.01,8.5467163,2460168.772416,PC
429304876,682.01,6.8392388,2460037.259934,CP
350821320,6820.01,2.014214,2460203.14375,PC
197643976,6821.01,3.535713,2460179.094875,KP
261679541,6822.01,2.7492112,2460176.063659,PC
123357864,6005.01,16.1455898,2458697.413913,KP
123309556,6006.01,2.5080815,2459392.21042,KP
279922257,6007.01,949.7905952,2458799.852581,PC
286201103,6008.01,0.8573727,2458711.372904,CP
128558444,6009.01,1.5500607,2459852.869635,PC
141363913,601.01,3.477756,2460009.873434,PC
199949052,6010.01,0.5868508,2460422.399415,PC
414019147,6011.01,2.3179699,2459880.708932,PC
432280671,6012.01,16.2117629,2459861.658508,PC
53728859,6013.01,3.2573898,2459853.92256,KP
57984377,6014.01,2.5199146,2459854.549103,KP
288246496,6015.01,4.304829,2459854.005471,KP
327369524,6016.01,4.0236805,2459877.793195,CP
291751373,6017.01,2.5079177,2459855.494899,KP
67881560,6018.01,2.3322524,2459854.35292,PC
125520907,6019.01,14.5478626,2460589.743637,CP
294497466,6259.01,3.2376482,2460009.295861,PC
65412605,626.01,4.4010465,2459980.873931,CP
60984804,6260.01,2.3898191,2460009.508249,PC
181748381,6261.01,5.4920894,2460013.716939,PC
180575165,6262.01,1.4945947,2460013.011321,PC
293547742,6263.01,3.0178746,2460009.249357,PC
291471222,6264.01,5.6928845,2460011.204616,PC
344927749,6265.01,5.7935723,2460280.914997,PC
344927749,6265.02,4.1793325,2460282.885839,PC
193023697,6266.01,2.7895524,2460013.265158,PC
296737508,6267.01,733.9910938,2460005.986483,PC
434477274,6268.01,2.8959153,2459989.600491,PC
168281028,6269.01,4.3744614,2459991.434964,KP
365781372,627.01,1.13889,2458469.22408,FP
192976435,6270.01,4.2275389,2459992.528067,PC
134528212,6271.01,1.604607,2459963.609262,PC
33303538,6272.01,2.5141406,2459989.253135,APC
147193084,6525.01,731.3548427,2460018.452985,PC
57694405,6526.01,14.7478214,2460026.901592,PC
437774844,6527.01,5.389491,2460037.607112,PC
363417404,6528.01,1484.1934287,2458551.974298,PC
54238138,6529.01,7.4476397,2460035.361451,PC
33153766,653.01,0.68831,2458544.60377,FP
49066806,6530.01,5.332805,2460031.360183,PC
297853363,6531.01,4.416076,2460037.428926,PC
72542131,6532.01,5.4736892,2460037.030104,PC
464544047,6533.01,2.8656356,2460036.616077,PC
459604398,6534.01,3.4542618,2460035.270028,PC
46104747,6535.01,20.8359197,2460020.202715,PC
280647591,6536.01,4.2380294,2460031.461041,PC
80384677,6537.01,3.6477926,2460033.390882,PC
306248357,6538.01,5.7180689,2460037.150566,PC
310497279,6539.01,2.3645949,2460036.316219,PC
35009898,654.01,1.5275639,2458543.433731,CP
142171554,6540.01,4.5127799,2460035.449501,PC
457337619,6541.01,5.8991458,2460065.150815,PC
261192051,6754.01,1.9943104,2460120.22728,PC
381468938,6755.01,5.7585993,2460111.552813,PC
314193010,6756.01,4.9354155,2460121.785937,PC
89659632,6757.01,3.5193417,2460117.588573,PC
383313006,6758.01,12.6136992,2460099.197812,PC
57011946,6759.01,1.318678,2460120.891242,PC
219187649,676.01,2.1503007,2458544.344126,PC
361467239,6760.01,5.2820398,2460120.980857,PC
234540647,6761.01,4.3430254,2460117.006376,PC
360224870,6762.01,5.1778752,2460118.397701,PC
96829917,6763.01,2.4519381,2460120.726052,PC
148523092,6764.01,2.8562935,2460121.604648,FP
420369105,6765.01,2.7967251,2460122.567238,PC
311856080,6766.01,2.2104947,2460123.680189,PC
90156362,6767.01,2.3519086,2460121.855547,PC
365952328,6768.01,4.8741147,2460120.784046,FP
304430662,6769.01,5.6858804,2460118.790382,PC
280206394,677.01,11.2365977,2460030.705344,CP
375297961,6770.01,14.6768874,2460122.610587,PC
175176327,602.01,11.0998745,2459235.384395,APC
334597566,6020.01,9.1099373,2459872.940531,FP
291685334,6021.01,2.0319883,2459853.85413,KP
455947620,6022.01,1.9281092,2459854.589182,PC
455947620,6022.02,1.5454492,2458765.940349,PC
341444900,6023.01,9.0330414,2460419.861806,FP
56231866,6024.01,2.7218347,2460605.495796,FP
439942982,6025.01,1.0222806,2459880.796253,PC
396234347,6026.01,1.2757761,2459881.735855,PC
368678195,6027.01,2.8406462,2459882.348252,PC
250707118,6028.01,5.7238582,2459885.016838,KP
419523962,6029.01,5.7998626,2459904.818632,CP
262746281,603.01,16.1798603,2460271.218286,CP
245392284,6030.01,1.7442831,2459883.279834,KP
292152376,6031.01,2.1499907,2459883.617765,KP
285466025,6032.01,7.3723906,2459887.395272,PC
67711670,6033.01,18.0401494,2459885.981072,PC
142211778,6273.01,3.052057,2460016.846502,KP
465933345,6274.01,1.1109316,2460014.407066,PC
49043968,6275.01,6.2462252,2460017.858526,CP
397362481,6276.01,6.2031608,2460017.117135,CP
397362481,6276.02,4.466068,2460014.847216,CP
397362481,6276.03,7.8708661,2460018.572448,PC
462206806,6277.01,3.3733921,2460016.245278,PC
157230659,6278.01,7.5337657,2460019.14123,KP
449951606,6279.01,5.1681189,2460032.930262,FP
281408474,628.01,3.4076,2458469.2352,CP
370877263,6280.01,15.9865412,2460087.169174,FP
152569268,6281.01,1.0542548,2460038.110256,PC
370009806,6282.01,12.4751631,2460205.518926,PC
361218772,6283.01,51.6708185,2459287.316463,PC
286763141,6284.01,3.4475935,2460035.841876,PC
308778563,6285.01,6.8581311,2459908.497832,PC
354285962,6286.01,5.6289226,2459907.595404,FP
255851356,6542.01,2.4018591,2460065.683162,FP
390151888,6543.01,15.5523703,2460067.846787,PC
161738745,6544.01,3.6249482,2460067.409044,PC
72504017,6545.01,5.6177467,2460067.553154,PC
9385460,6546.01,3.3779614,2460044.202478,KP
915110182,6547.01,1.4328255,2460042.540561,KP
302212110,6548.01,8.5473,2460047.264124,PC
290777444,6549.01,6.1079575,2460042.872392,PC
35516889,655.01,0.7888389,2459304.062715,KP
133850380,6550.01,6.9153868,2460002.897395,PC
166527623,6551.01,6.9593972,2460044.634922,KP
220460087,6552.01,3.2706204,2460017.528216,PC
324422520,6553.01,3.6342494,2460090.512031,PC
94483093,6554.01,2.6141047,2460089.671764,PC
259606227,6555.01,10.1298877,2460090.426135,PC
179739873,6556.01,12.9623248,2460085.168154,PC
141074654,6557.01,12.5383316,2460082.161972,PC
90935909,6789.01,4.2221583,2460143.989118,PC
308050066,679.01,11.1755425,2460004.893282,FP
129458276,6790.01,6.1030299,2460140.927713,PC
101272159,6791.01,18.8224069,2460131.53882,PC
326327260,6792.01,7.9605908,2460151.019184,PC
352438619,6793.01,6.5516113,2460149.312562,PC
408609355,6794.01,7.3099457,2460140.000542,PC
269372232,6795.01,2.1250402,2460149.798408,PC
32046665,6796.01,3.7871416,2460145.113806,PC
164249928,6797.01,0.9898852,2460149.846988,APC
290403522,6798.01,22.3751134,2460136.574569,PC
387295547,6799.01,0.664786,2460150.892425,PC
335499997,680.01,0.433569,2459281.007126,APC
254174907,6800.01,4.1518071,2460150.796117,PC
90935995,6801.01,1.2245052,2460148.794994,PC
262470965,6802.01,1.1079142,2460149.841929,APC
166495921,6803.01,3.3522572,2460149.719129,PC
100264497,6804.01,3.7724643,2460148.145956,PC
112989868,6805.01,1.040425,2460150.27002,APC
388076422,6034.01,2.5761796,2459883.905467,CP
323194443,6035.01,3.9074188,2459885.398621,PC
129756316,6036.01,6.5234669,2460623.037278,APC
352924930,6037.01,4.0158188,2460472.582214,FP
194736418,6038.01,5.826731,2460658.012037,CP
272050287,6039.01,8.503614,2459908.575411,FP
145027461,604.01,1.07242,2458492.72655,FP
250839071,6040.01,3.4926045,2460632.263441,PC
192415680,6041.01,1094.062167,2459890.088192,PC
374919956,6042.01,7.7966237,2459904.389425,PC
453064665,6043.01,2.6452121,2459911.851307,KP
356916207,6044.01,2.2538642,2459911.246864,PC
467649533,6045.01,7.4826325,2459913.845278,PC
66296167,6046.01,3.413702,2459911.708915,PC
115451738,6047.01,2.0814345,2459911.453223,PC
280024247,6048.01,5.4928246,2459915.46858,PC
353459965,6049.01,10.8614911,2459918.20065,KP
22712134,6287.01,1.640758,2459908.580448,PC
240714633,6288.01,18.0370154,2459895.113278,PC
292469572,6289.01,3.7077543,2459905.132375,PC
293853437,629.01,8.7179665,2459221.689296,CP
256576519,6290.01,17.6037996,2459893.809226,PC
26390980,6291.01,5.2556421,2459900.051272,PC
238751619,6292.01,0.8236066,2459908.735558,PC
34977731,6293.01,13.3673993,2459899.168188,PC
34977731,6293.02,405.0756576,2459480.391456,PC
434813314,6294.01,9.288704,2459893.51801,PC
456171328,6295.01,1106.220834,2458799.419698,PC
373894336,6296.01,4.2234273,2459908.370097,PC
369907772,6297.01,4.2771464,2459904.298736,PC
285233023,6298.01,2.8577028,2459904.85743,FP
285505979,6299.01,4.7089027,2459905.450417,PC
123898871,630.01,4.9091704,2459226.360983,APC
271747067,6300.01,2.8976822,2459909.013557,PC
326809267,6301.01,7.1436336,2459899.627921,PC
177712122,6302.01,2.8465714,2459907.648297,PC
420529106,6558.01,9.5327064,2460090.325874,PC
313671132,6559.01,733.3796728,2460071.107871,PC
36734222,656.01,0.8134733,2458543.604633,KP
47667,6560.01,17.2051468,2460086.740768,APC
3728481,6561.01,3.1739329,2460089.816641,PC
368713985,6562.01,4.0947485,2460071.647261,PC
210441429,6563.01,2.4053036,2460069.195099,PC
453668803,6564.01,3.9854465,2460071.370156,PC
392914193,6565.01,0.8778729,2460069.279602,PC
121560868,6566.01,7.5837846,2460070.365899,PC
366316586,6567.01,4.9486116,2460070.335763,PC
253126207,6568.01,17.4368079,2460068.759071,PC
22560356,6569.01,5.9337178,2460059.263217,PC
48103627,657.01,4.5696698,2459283.031579,CP
73310180,6570.01,10.9799801,2460052.705385,PC
243550555,6571.01,11.5379235,2460062.22621,PC
124617560,6572.01,3.6462287,2460062.895722,PC
259884973,6823.01,2.8411187,2460206.518219,PC
197642926,6824.01,5.407469,2460177.60094,PC
197598125,6825.01,16.4547455,2460170.128876,PC
55450156,6826.01,6.4375108,2460197.006591,PC
302453291,6827.01,4.4738444,2460177.942017,PC
278666476,6828.01,3.4894537,2460174.845087,PC
469967533,6829.01,23.842,2460144.981658,PC
437248515,683.01,3.4058895,2459303.595258,KP
29430403,6830.01,1.8778647,2460154.705372,PC
380884709,6831.01,57.1050077,2460150.88151,PC
8995204,6832.01,5.1392756,2460230.688907,PC
4610830,6833.01,8.2616616,2460219.144796,KP
49735922,6834.01,6.3392677,2460226.787328,KP
301235044,6835.01,0.2803246,2460232.513071,KP
422618449,6836.01,9.100412,2460229.092386,KP
262584907,6837.01,0.9494413,2460232.290266,PC
278892590,6838.01,1.5109447,2460209.808352,KP
126982911,6839.01,2.9944742,2460210.87087,PC
181304295,605.01,3.3840629,2460010.074425,PC
339207264,6050.01,5.4823596,2459912.799879,PC
353960022,6051.01,3.9200919,2459913.021886,PC
9443323,6052.01,4.01357,2459913.801096,KP
66091052,6053.01,2.2118281,2459912.417156,APC
392681545,6054.01,7.4903271,2459913.121951,CP
392681545,6054.02,12.5759948,2459919.916627,CP
355640518,6055.01,0.8497194,2459910.643629,PC
102808276,6056.01,3.1420495,2459912.905528,PC
104734832,6057.01,10.327438,2459912.751153,PC
144006874,6058.01,2.3673691,2460660.38401,PC
321578632,6059.01,6.3667329,2459928.523425,PC
122262940,606.01,2.0034063,2460010.482867,FP
428867906,6060.01,3.3906311,2459930.334093,PC
239823606,6061.01,8.1309123,2459925.632107,PC
122629761,6062.01,8.2125318,2460647.93515,PC
67031480,6063.01,2.1142179,2459935.39745,PC
186810676,6303.01,9.4852479,2459901.013491,PC
186989177,6304.01,3.645356,2459908.949571,PC
320505267,6305.01,6.6245939,2459909.455446,PC
445370101,6306.01,3.662222,2459902.833152,PC
202869426,6307.01,2.4589458,2459909.820633,PC
301414902,6308.01,1.7555108,2459908.862323,PC
412887082,6309.01,28.8005547,2459901.581317,PC
97158538,631.01,2.5950747,2459229.708439,FP
353893493,6310.01,3.3528597,2459906.481901,PC
52260140,6311.01,6.2808216,2459899.571654,PC
470724594,6312.01,16.8498547,2459907.258256,PC
192487723,6313.01,4.9570983,2459906.770206,PC
272218608,6314.01,3.1777383,2459904.680527,PC
354742440,6315.01,4.4532909,2459906.723061,PC
444753130,6316.01,3.0057526,2459905.111048,PC
85281192,6317.01,4.244335,2459903.350981,PC
292852583,6318.01,5.8310296,2459903.846019,PC
12980264,6319.01,3.2964006,2459906.8349,PC
349790953,632.01,1.5521101,2459387.579573,FP
419503191,6573.01,8.1618477,2460056.670983,PC
464542805,6574.01,13.0953097,2460045.509051,PC
272251987,6575.01,3.3047459,2460062.603665,PC
304363215,6576.01,19.3111424,2460045.171715,PC
144321743,6577.01,729.9391752,2460047.80824,PC
144077896,6578.01,2.7543175,2460061.045162,PC
308010949,6579.01,3.4732477,2460066.773925,PC
48476907,658.01,4.7192734,2460030.273032,FP
170627138,6580.01,10.9600975,2460061.735735,PC
94012094,6581.01,4.9156665,2460058.281391,PC
438629686,6582.01,19.6500878,2460030.55009,PC
377771417,6583.01,7.447404,2460066.40706,PC
374155286,6584.01,3.6850751,2460065.199093,PC
162729620,6585.01,13.4364908,2460051.304076,FP
363259409,6586.01,5.0953453,2460067.268245,PC
131312528,6587.01,17.0116833,2460039.044084,PC
289389326,6588.01,1.7988855,2460064.512133,PC
91794828,6589.01,3.0589547,2460066.991139,PC
48476908,659.01,4.7192771,2460030.273214,PC
61621800,6771.01,6.8552506,2460140.325183,PC
469813927,6772.01,3.940549,2460144.814548,PC
355138852,6773.01,3.272056,2460149.775459,PC
79660831,6774.01,4.5833112,2460150.349919,PC
100263315,6775.01,0.5940157,2460150.90073,APC
344552721,6776.01,1.9519092,2460150.311774,PC
32443914,6777.01,3.3615701,2460150.328123,PC
421990278,6778.01,3.9718475,2460150.496193,PC
467931774,6779.01,1.3504913,2460151.439845,PC
294395926,678.01,11.3298459,2458493.024505,PC
419738713,6780.01,13.4570562,2460132.486562,PC
411955845,6781.01,2.7638775,2460146.79051,PC
254209017,6782.01,1.7278017,2460150.087656,PC
291013124,6783.01,6.0368213,2460143.626198,PC
253857911,6784.01,3.1539313,2460145.68361,PC
219978369,6785.01,16.2501976,2460129.520123,PC
253788533,6786.01,2.7142282,2460150.08621,PC
201658484,6787.01,2.9588636,2460146.920966,PC
319568755,6788.01,24.092358,2460116.929651,PC
428767018,6064.01,15.3058859,2459919.688691,PC
172033454,6065.01,8.2065998,2459948.69132,PC
219697927,6066.01,1.8330979,2460337.368428,PC
198458010,6067.01,87.2129046,2459936.170064,PC
400093502,6068.01,10.66839,2460292.788766,PC
259099556,6069.01,1.6290926,2459937.955167,FA
153651591,607.01,2.1456324,2459230.769216,FP
29106627,6070.01,9.5128916,2459942.330357,PC
440624788,6071.01,5.3664457,2459939.481098,PC
147797743,6072.01,3.691559,2459940.374302,KP
271424111,6073.01,3.2687063,2459393.028617,KP
99896567,6074.01,12.1324506,2458690.53445,PC
424388628,6075.01,832.9236254,2458794.771156,PC
308301091,6076.01,720.5742399,2459030.36672,PC
196066560,6077.01,2.2111104,2458713.480434,PC
119973835,6078.01,9.6703611,2460443.834513,PC
196474344,6320.01,3.6360128,2459903.193487,PC
301991463,6321.01,2.9086778,2459909.227937,PC
270132709,6322.01,4.2807899,2459906.805369,PC
63586213,6323.01,4.071096,2459908.696077,PC
372207328,6324.01,0.2792211,2459909.915493,CP
200775844,6325.01,3.7307609,2459908.419586,PC
307201632,6326.01,2.3556749,2459907.561815,PC
196973090,6327.01,10.4612769,2459900.57604,PC
249884767,6328.01,16.672227,2459886.611066,PC
283845022,6329.01,15.2334037,2459905.91407,PC
348755723,633.01,4.503645,2458517.809802,FP
308120029,6330.01,6.8498533,2459901.36046,PC
415875608,6331.01,5.4454541,2459905.5747,PC
101133275,6332.01,1.6630135,2459906.799332,PC
5724439,6333.01,2.7205913,2459909.673379,PC
63718617,6334.01,3.8363055,2459905.971048,PC
407156755,6335.01,4.7924038,2459900.666047,PC
327126871,6336.01,39.810528,2459893.689503,PC
381591826,6337.01,6.8793455,2459909.763948,PC
72123144,6590.01,7.0911739,2460064.240702,PC
463868678,6591.01,5.7881587,2460061.434997,PC
398945279,6592.01,9.5098954,2460059.616028,PC
241297273,6593.01,8.4325164,2460056.002371,PC
49411575,6594.01,2.67581,2460064.819932,PC
361344753,6595.01,7.5138657,2460064.504203,PC
306249066,6596.01,26.1622122,2460059.058585,PC
131195882,6597.01,0.9097915,2460065.943685,PC
22452837,6598.01,10.8089555,2460066.23955,PC
166145361,6599.01,2.2059167,2460041.770755,PC
53189332,660.01,9.2897006,2458544.650778,KP
325647810,6600.01,3.8030207,2460091.633257,PC
167573692,6601.01,32.5444769,2460131.942667,PC
392027961,6602.01,1.5840089,2460094.284112,PC
90048949,6603.01,5.015806,2460090.855431,PC
56884,6604.01,3.917482,2460088.668722,PC
263207857,6605.01,12.2981251,2460087.153755,PC
242532142,6606.01,2.5354002,2460092.591766,PC
351077390,5828.01,1.1951761,2459796.072414,PC
363029616,5829.01,1.3502386,2459793.849156,PC
131743355,583.01,6.5604227,2460002.878449,PC
224418572,5830.01,2.8465928,2459791.235591,FP
308504559,5831.01,3.7846792,2459786.127171,PC
287934343,5832.01,5.1357505,2459795.478353,PC
213875310,5833.01,2.6721807,2459793.44982,PC
281118572,5834.01,3.5242025,2459792.712699,PC
346859243,5835.01,6.4226101,2459795.463879,PC
354727907,5836.01,8.4498763,2459786.404289,PC
395143000,5837.01,2.9665122,2459795.48348,PC
222485202,5838.01,3.5982966,2459791.742675,PC
355732304,5839.01,2.5411063,2459794.235051,FP
74482749,584.01,1.2622658,2460744.737404,FP
68345291,5840.01,4.006489,2459793.910188,PC
350882505,5841.01,4.2025514,2459795.704556,PC
23937608,5842.01,2.8091879,2459791.805537,PC
24113219,5843.01,4.197866,2459795.126527,PC
230292034,5844.01,6.0671557,2459791.961303,PC
119973835,6078.02,25.0882806,2460440.795272,PC
272670038,6079.01,104.2892798,2458912.458751,PC
186547153,608.01,1.1908287,2460011.845422,APC
116048097,6080.01,8.0555716,2459397.070061,PC
271431851,6081.01,7.8864218,2459397.093442,KP
199712572,6082.01,3.5941651,2460504.761666,PC
299089652,6083.01,,2459752.893746,KP
294283951,6084.01,4.3724063,2459422.141727,FP
160223936,6085.01,,2458691.848481,PC
18318288,6086.01,1.3888584,2458984.759725,CP
48448369,6087.01,,2459806.508801,KP
122375047,6088.01,9.2866733,2459398.896348,KP
350814622,6089.01,3.2135636,2459391.482922,KP
134404603,609.01,4.9699991,2460007.604027,APC
268159158,6090.01,4.7082414,2459420.863418,KP
336255880,6091.01,5.1855507,2459392.109891,PC
186715217,6338.01,1.4491171,2459909.930562,APC
332496784,6339.01,2.5938771,2459909.082915,PC
344926234,634.01,0.49359,2458517.428167,FA
376765646,6340.01,8.2686298,2459904.952825,PC
285328782,6341.01,2.7182588,2459907.877418,PC
184739529,6342.01,9.3568116,2459895.572362,APC
256349966,6343.01,14.5877856,2459906.003673,FP
327093061,6344.01,3.5297965,2459907.818792,PC
241062925,6345.01,6.2378654,2459905.064219,PC
260040728,6346.01,6.3111727,2459933.411238,PC
467690903,6347.01,3.9332583,2459935.419244,PC
321258259,6348.01,3.6894234,2459933.238043,PC
470450936,6349.01,2.7934699,2459931.665595,PC
286132427,635.01,0.493379,2458517.43594,FA
266609407,6350.01,2.4766677,2459933.220302,PC
392674549,6351.01,6.7510278,2459926.653788,PC
459102737,6352.01,7.4562671,2459936.48409,APC
259810421,6353.01,2.5048108,2459935.210603,PC
355418639,6354.01,18.7541398,2459907.478398,PC
400968492,6607.01,11.1860909,2460080.819177,PC
366315051,6608.01,7.3144752,2460093.589256,PC
291668351,6609.01,12.9414603,2460083.77241,PC
53735810,661.01,4.0860495,2458544.170492,KP
289076007,6610.01,3.1651539,2460089.141513,PC
403368444,6611.01,6.5568726,2460111.963815,PC
76706043,6612.01,2.3207203,2460092.286886,PC
426904354,6613.01,2.5001306,2460121.932395,PC
149179763,6614.01,25.0709977,2460150.584875,PC
145804834,6615.01,3.5911377,2460090.248705,PC
349503728,6616.01,1.1235117,2460123.871658,PC
439381274,6617.01,4.315664,2460093.414898,PC
350432166,6618.01,35.7890963,2459997.460352,PC
399195246,6619.01,1.6930171,2460092.280152,PC
54085154,662.01,1.0014437,2460037.452461,FP
241592217,6620.01,3.8647617,2460094.093286,PC
374908396,6621.01,4.2807848,2460118.609287,PC
260539542,6622.01,37.8575614,2460075.149187,PC
207937389,6623.01,3.1791661,2460094.305669,PC
209935997,5845.01,1.9081122,2459794.325106,PC
75784122,5846.01,10.5353472,2459794.162274,PC
95574586,5847.01,2.5641981,2459795.998964,PC
808243,5848.01,1.5101054,2459795.467392,PC
71459120,5849.01,3.9964264,2459781.133754,PC
190990336,585.01,5.547255,2460009.617078,APC
151728428,5850.01,3.9997367,2459786.271014,FP
277329402,5851.01,4.5049415,2459790.948702,PC
387844266,5852.01,3.9956793,2459788.337798,PC
278623780,5853.01,3.7219898,2459793.844498,PC
346154016,5854.01,4.449914,2459795.758929,PC
41422753,5855.01,2.4710528,2459792.210191,FP
3680800,5856.01,0.5498864,2459795.607863,PC
336072306,5857.01,3.415047,2459790.127873,PC
256046749,5858.01,7.1476512,2459778.065425,PC
114947483,5859.01,3.3787501,2459794.556309,PC
131979339,586.01,22.6384642,2459986.476263,FP
462372373,5860.01,5.2498931,2459795.355448,APC
11034516,5861.01,14.3033451,2459771.875591,PC
339591840,6092.01,,2459746.250584,FP
97165413,6093.01,1.2710408,2459986.445346,PC
35883621,6094.01,3.0519843,2459984.008322,FP
157081737,6095.01,2.1613171,2459986.834869,PC
262781201,6096.01,1.3154261,2460283.55214,FP
293743169,6097.01,1.1256838,2459986.783761,PC
269341832,6098.01,2.7297541,2460010.125461,PC
118914286,6099.01,5.2887576,2460009.893574,PC
80275202,610.01,3.6649528,2459983.317258,FP
170434745,6100.01,1.2280156,2459963.874823,PC
19342878,6101.01,1.3328252,2459963.429938,CP
55849732,6102.01,5.3708293,2459965.390963,PC
92590258,6103.01,3.2422424,2459965.819135,PC
265010875,6104.01,6.4095555,2459968.466203,PC
182405015,6105.01,3.1122458,2459963.367968,PC
258234731,6106.01,6.4240944,2459964.624513,APC
152245179,6107.01,3.7899018,2459966.339978,PC
98613492,6355.01,1.0617107,2459934.888565,FP
9136777,6356.01,3.7799201,2459930.555384,PC
122881136,6357.01,5.1941869,2459933.829498,PC
259708416,6358.01,5.3802465,2459930.30884,PC
267617257,6359.01,2.4398136,2459934.924254,PC
146463781,636.01,0.417921,2458517.476816,FP
458987621,6360.01,1.9765848,2459936.550769,PC
450308346,6361.01,5.9419732,2459926.607636,PC
148514918,6362.01,6.0602101,2459932.637758,PC
311284709,6363.01,6.583694,2459929.14978,PC
407517154,6364.01,25.8866192,2459899.625001,PC
272994016,6365.01,3.0496565,2459934.072463,PC
279851358,6366.01,18.893475,2459932.031487,APC
259502942,6367.01,2.1653281,2459933.713713,PC
274002141,6368.01,1.6197991,2459935.162255,FP
274472658,6369.01,13.2329062,2459934.394703,PC
133334108,637.01,2.8579169,2460008.594941,PC
251705938,6370.01,2.9124991,2459934.386386,PC
279725262,6371.01,1.8597817,2459934.367358,PC
443199889,6624.01,10.3031578,2460087.460245,PC
258409964,6625.01,5.4863844,2460088.145466,PC
148691985,6626.01,1.2864856,2460092.410385,PC
411463659,6627.01,4.8934688,2460092.036359,PC
75650448,6628.01,18.184189,2460093.829735,CP
160442729,6629.01,4.3664669,2460086.317717,PC
54962195,663.01,2.5989031,2458544.387711,CP
54962195,663.02,4.6955986,2458543.405068,CP
54962195,663.03,7.1024749,2458547.138797,CP
312612366,6630.01,7.7103227,2460082.169306,PC
457446242,6631.01,3.4714821,2460094.270096,PC
292349703,6632.01,5.8778295,2460085.93471,PC
38584799,6633.01,6.5479496,2460149.073884,PC
400491269,6634.01,23.136755,2460073.545149,PC
330424797,6635.01,8.6243051,2460091.419966,PC
209054294,6636.01,3.5171227,2460092.869314,PC
256124756,6637.01,2.231293,2460094.009392,APC
460316238,6638.01,4.140097,2460092.279142,PC
20988926,5862.01,5.3194765,2459791.246452,FP
345205395,5863.01,2.8492565,2459788.352176,PC
184531966,5864.01,10.4453589,2459818.412119,PC
383216635,5865.01,6.6314176,2459815.836665,PC
341297143,5866.01,3.8421028,2459813.907629,FP
380517859,5867.01,1.109435,2459823.570109,FP
236158940,5868.01,2.677573,2459817.28767,PC
210169818,5869.01,3.3879742,2459818.89692,PC
294090620,587.01,8.044239,2459968.122746,FP
305375697,5870.01,,2459817.799423,PC
373816781,5871.01,1.343636,2459822.281701,PC
138671052,5872.01,2.2425137,2459820.867127,PC
353146308,5873.01,0.4131063,2459823.922122,PC
376454594,5874.01,2.5784481,2459820.144262,PC
283165117,5875.01,5.216581,2459821.117967,PC
106114491,5876.01,9.7216312,2459813.860054,FP
282890159,5877.01,6.9100016,2459820.307042,PC
247172524,5878.01,3.4363074,2459820.871737,PC
255780160,6108.01,3.8783341,2459962.90561,PC
384984325,6109.01,8.5386633,2459908.090635,CP
384984325,6109.02,5.6952223,2459900.819501,CP
154459165,611.01,3.1471655,2459983.664716,FP
7439480,6110.01,1.2541235,2459360.305123,PC
189322727,6111.01,5.8340292,2459848.780642,APC
258741560,6112.01,1.8859353,2459852.026484,PC
116631353,6113.01,4.9218915,2459845.197517,PC
419840740,6114.01,8.9539287,2459849.328185,PC
120115768,6115.01,3.5529033,2459848.944054,PC
364408162,6116.01,3.1256662,2459848.690225,FP
436508469,6117.01,9.866312,2459850.257269,PC
125367522,6118.01,4.6474314,2459849.216859,PC
322498101,6119.01,4.2070367,2459846.467914,PC
284738182,612.01,0.9136081,2459987.158093,PC
435851868,6120.01,2.1350899,2459852.217468,PC
165682741,6121.01,4.2916798,2459845.747089,PC
352442207,6122.01,4.6107024,2459847.211624,PC
91101364,6123.01,4.0833335,2459852.086372,PC
115899725,6372.01,6.5587386,2459934.577923,PC
286951368,6373.01,4.9613647,2459932.578534,PC
468501184,6374.01,4.5944948,2459933.264523,PC
390410937,6375.01,3.0679061,2459934.24396,PC
9441591,6376.01,4.7185893,2459934.822357,PC
187532854,6377.01,1.6513066,2459934.8744,FP
251594291,6378.01,12.9589981,2459916.231219,PC
450308271,6379.01,1.5057127,2459936.127449,PC
78154865,638.01,0.493826,2458517.42793,FA
458890024,6380.01,5.1404883,2459933.989586,PC
470653603,6381.01,8.9270275,2459929.634393,PC
367522211,6382.01,35.3712924,2459894.73853,PC
328513434,6383.01,1.7904917,2459933.595246,CP
16550540,6384.01,2.4810218,2459959.556369,PC
16552586,6385.01,2.8895991,2459958.847447,PC
138344895,6386.01,6.2663565,2459958.684389,PC
459982699,6387.01,1.1669652,2459961.822257,PC
16776356,6388.01,1.3940614,2459962.155168,PC
239159011,6389.01,15.8034785,2459960.48611,PC
446918603,6639.01,8.0136668,2460117.137039,PC
55092869,664.01,4.7359232,2459988.88442,KP
167654347,6640.01,16.9356875,2460128.654886,PC
241525834,6641.01,1.9647786,2460092.673541,PC
23111,6642.01,3.3421583,2460093.397359,PC
332887363,6643.01,4.8332515,2460088.11645,PC
149450435,6644.01,42.7305626,2460150.015347,PC
15827263,6645.01,3.9525732,2460505.209665,FP
346855283,6646.01,17.7505864,2459763.657293,PC
439943973,6647.01,3.9963956,2460606.995622,PC
440150441,6648.01,20.86399,2459879.945252,PC
258940847,6649.01,5.9867942,2459881.362939,PC
73723286,665.01,14.066109,2458547.302488,FP
64837857,6650.01,20.3292125,2460582.711665,PC
64837857,6650.02,30.5055627,2460578.526718,PC
64837857,6650.03,8.9965133,2460599.086821,PC
64837857,6650.04,,2459878.034895,PC
174328045,6651.01,5.0569708,2460601.085824,CP
258037656,5879.01,4.0331416,2459848.100684,PC
130415266,588.01,39.4718663,2459981.725943,PC
184521624,5880.01,3.1162505,2459819.765194,PC
360142739,5881.01,2.2377411,2459821.497839,PC
232941965,5882.01,7.1487697,2459818.905315,CP
283759999,5883.01,0.5223032,2459823.64314,APC
13574009,5884.01,5.8311038,2459822.29685,PC
233788275,5885.01,4.7264391,2459820.312506,PC
15682927,5886.01,0.9655766,2459823.159717,FP
277987172,5887.01,6.3989216,2459824.052187,FP
273780062,5888.01,15.2501659,2459796.460281,PC
383214426,5889.01,2.4013188,2459823.071657,PC
412961700,589.01,2.5183846,2459230.346492,FP
279179610,5890.01,5.9029732,2459823.01973,PC
202941251,5891.01,4.1784844,2459823.631848,PC
375199523,5892.01,1.9447712,2459822.064534,FP
321790238,5893.01,,2459817.171119,PC
398038296,5894.01,3.0076713,2459815.862759,PC
243464977,5895.01,3.6491012,2459817.305132,APC
269488987,6124.01,2.8474853,2459850.465827,PC
404516402,6125.01,2.3107907,2459849.022331,PC
129004637,6126.01,7.1603723,2459843.27509,PC
313975346,6127.01,6.9191027,2459853.020155,PC
100769500,6128.01,4.5016419,2459852.594597,PC
115739057,6129.01,5.0310168,2459847.900848,PC
77527511,613.01,0.7784962,2459279.650943,PC
210083929,6130.01,2.3927114,2459849.639834,CP
357872559,6131.01,2.5530138,2459852.087815,PC
188800346,6132.01,18.8155978,2459835.100347,PC
129107501,6133.01,3.6534344,2459850.633702,FP
199721945,6134.01,4.679209,2459847.488707,PC
100909102,6135.01,3.1106751,2459852.086444,PC
468692991,6136.01,3.9779111,2459852.825181,PC
44295981,6137.01,0.520403,2459852.35875,PC
352892371,6138.01,9.7824078,2459848.448736,PC
468765355,6139.01,10.3299557,2459843.593313,PC
118021229,614.01,0.88501,2458518.2814,FP
456783397,6140.01,3.4742682,2459846.816346,PC
82362447,639.01,2.819817,2458517.560677,FP
318071201,6390.01,5.2434358,2459956.120171,PC
171922657,6391.01,5.01345,2459958.667743,PC
88460991,6392.01,6.9603975,2459961.921815,PC
147821208,6393.01,9.5315703,2459961.061588,PC
309512152,6394.01,13.026976,2459944.684979,PC
191998744,6395.01,2.8140328,2459958.614324,PC
73244652,6396.01,8.2100724,2459600.062651,FP
359629653,6397.01,1.6707289,2459960.018674,PC
353586703,6398.01,3.0043128,2459961.599204,FP
287207371,6399.01,12.6427441,2459960.22282,PC
147977348,640.01,5.0037758,2459250.338129,CP
88999533,6400.01,5.0358501,2459983.780715,PC
150470555,6401.01,3.0199448,2459983.676263,PC
265076459,6402.01,3.4053234,2459986.099782,PC
94405787,6403.01,742.682809,2459979.393533,PC
141395223,6404.01,3.7442969,2459985.463213,PC
142908390,6405.01,6.7392054,2459980.170942,PC
31605271,6406.01,2.2314165,2459984.134429,PC
283884522,6652.01,3.8388774,2459881.334131,PC
150901009,6653.01,,2459856.471891,PC
278726770,6654.01,9.5160032,2460973.585036,FP
304690618,6655.01,6.8672313,2460116.080516,PC
304690618,6655.02,12.9587054,2460110.487904,PC
262457587,6656.01,0.8219599,2460123.325734,FA
96475638,6657.01,4.0610981,2460115.228364,PC
292221593,6658.01,5.6494351,2460124.089204,PC
272768631,6659.01,7.3120981,2460121.676241,PC
82128636,666.01,7.4760689,2458521.504167,APC
468178519,6660.01,2.9852193,2460097.764118,PC
355895977,6661.01,10.5789534,2459425.19571,PC
418343229,6662.01,0.2939493,2458816.18615,PC
415732733,6663.01,,2459598.653805,PC
147561732,6664.01,,2459391.966673,PC
192014454,6665.01,735.797917,2458847.263963,PC
256429408,6666.01,,2458962.161311,PC
14956304,5896.01,0.9965843,2459823.401763,PC
305612552,5897.01,6.9349089,2459813.353902,PC
467211520,5898.01,9.7884653,2459823.601388,PC
126171392,5899.01,0.7835688,2459823.081326,FP
270841724,590.01,18.90372,2458522.02359,FP
224635135,5900.01,2.4667486,2459820.275438,PC
294173437,5901.01,5.555905,2459820.580689,FP
65737977,5902.01,4.8292589,2459823.039452,PC
60542708,5903.01,2.4707357,2459819.281287,PC
408317165,5904.01,5.6567374,2459820.780325,PC
341299943,5905.01,3.0233509,2459821.999767,PC
276376289,5906.01,30.1181254,2459801.150591,APC
387318486,5907.01,0.6583175,2459823.85046,PC
452483795,5908.01,2.4515393,2459823.08489,FP
354489554,5909.01,4.7729363,2459819.17807,PC
146261607,591.01,8.4915117,2459262.045754,FP
273774284,5910.01,17.2182695,2459821.923032,FP
239361732,5911.01,4.009823,2459821.653139,PC
16538820,5912.01,6.9038328,2459840.917097,PC
217980791,6141.01,2.6607389,2459848.304998,PC
129108133,6142.01,4.9564809,2459852.072224,PC
423903685,6143.01,4.0938735,2459845.510624,FP
115683877,6144.01,6.3765906,2459849.06266,PC
404488903,6145.01,3.9921399,2459852.114072,PC
372178596,6146.01,4.5803096,2459851.168508,PC
402740809,6147.01,1.5801759,2459851.468348,FA
371573539,6148.01,8.3753156,2459849.631231,PC
195606729,6149.01,13.3562254,2459831.751003,PC
190496853,615.01,4.6616079,2460010.013606,CP
434186655,6150.01,1.3094686,2459851.633598,PC
312289279,6151.01,1.4354814,2459852.311661,PC
117068362,6152.01,4.2005957,2459849.027362,FP
411343008,6153.01,3.6720231,2459848.656116,PC
301986302,6154.01,2.301919,2459850.43416,PC
120051913,6155.01,1.6029811,2459851.726873,PC
117072799,6156.01,12.6885127,2459852.126647,APC
86005116,6157.01,0.4916402,2459852.547945,FP
404456775,6158.01,3.0444485,2459851.207721,CP
97925605,6407.01,8.9913818,2459973.681274,PC
452867348,6408.01,8.0924283,2459986.095759,PC
97279971,6409.01,1.5304279,2459987.356029,PC
49079670,641.01,1.8930707,2459223.641588,APC
142916753,6410.01,5.1491091,2459979.307311,PC
106829921,6411.01,8.2165446,2459987.565605,PC
176082442,6412.01,3.9802888,2459981.680244,PC
170466784,6413.01,10.8310228,2459974.167838,PC
169191182,6414.01,17.7607727,2459987.730483,PC
157050713,6415.01,20.8380576,2459981.628151,PC
106626059,6416.01,8.2330943,2459980.202369,PC
95191643,6417.01,3.3458255,2459987.101904,PC
36022284,6418.01,4.6478092,2459980.519131,PC
144037593,6419.01,4.160454,2459981.589903,PC
79292541,642.01,2.2786049,2459227.230752,PC
143526233,6420.01,6.9615164,2459985.848349,PC
107617930,6421.01,3.750778,2459985.803053,PC
140740440,6422.01,3.7521603,2459985.504594,PC
141458054,6423.01,1.364829,2459985.558593,PC
161169240,6667.01,,2459083.310651,APC
206361691,6668.01,718.652003,2458363.222084,PC
333736132,6669.01,731.9966539,2459283.547474,CP
101955023,667.01,1.6289322,2459280.989404,KP
126797048,6670.01,,2459284.365229,PC
53843023,6671.01,,2458328.036098,PC
331644554,6672.01,,2458757.026893,PC
99989903,6673.01,19.7468103,2458703.010134,PC
452920657,6674.01,,2458810.577102,PC
141522677,6675.01,,2459410.616258,PC
423360793,6676.01,22.6957088,2458397.063928,PC
62085710,6677.01,5.4496736,2460149.234691,PC
253864764,6678.01,3.4268387,2460149.83497,PC
344034178,6679.01,2.3170053,2460128.277222,PC
102195674,668.01,4.3787302,2459283.065609,APC
6898572,6680.01,4.3816966,2460130.649376,PC
289313987,5913.01,10.1522322,2459819.81816,APC
187416256,5914.01,4.3887257,2459816.804217,PC
329709756,5915.01,12.5482879,2459849.154995,FP
305506996,5916.01,2.3682389,2459817.689666,CP
239529652,5917.01,4.0387941,2459816.841312,PC
305790119,5918.01,2.0353259,2459821.637072,PC
165948070,5919.01,4.3686174,2459815.454832,PC
196286587,592.01,10.4137962,2459974.937344,FP
467006627,5920.01,15.4159906,2459801.155922,FP
286545058,5921.01,5.0114216,2459819.63719,PC
364192929,5922.01,5.2079858,2459820.922318,PC
60491424,5923.01,4.0252588,2459817.155209,PC
289125016,5924.01,6.2043746,2459822.527363,FP
345193111,5925.01,6.1606297,2459814.45684,PC
372831381,5926.01,3.8116176,2459823.759309,PC
163164300,5927.01,3.7306955,2459817.035918,PC
387318409,5928.01,3.246565,2459818.598577,PC
92217989,5929.01,4.6079976,2459816.456562,PC
128463355,593.01,13.9086,2458493.08509,FP
422037524,6159.01,4.1846077,2459852.651612,PC
145879095,616.01,2.8056739,2460035.229242,PC
294904059,6160.01,40.7401072,2459832.762752,PC
188001223,6161.01,5.7415661,2459846.665072,PC
164260243,6162.01,1.8478843,2459852.11669,PC
422457210,6163.01,9.9754699,2459843.241782,PC
239542854,6164.01,3.6948038,2459850.906915,PC
287863314,6165.01,4.3172876,2459852.213309,PC
190822775,6166.01,1.8021196,2459850.643171,PC
330665027,6167.01,6.7080688,2459841.643838,PC
10593553,6168.01,5.0809743,2459848.409536,PC
193979250,6169.01,17.9661374,2459844.944589,PC
141227133,617.01,2.42232,2458518.70004,FP
51637609,6170.01,2.709631,2459849.075692,CP
67478724,6171.01,3.7473877,2459848.430555,PC
26583436,6172.01,6.1429164,2459851.702422,FP
416486384,6173.01,3.8753785,2459848.262349,PC
164280385,6174.01,3.5257269,2459847.722268,PC
258738570,6175.01,4.1877227,2459845.063156,PC
98159959,6424.01,2.0396825,2459984.928734,PC
107776260,6425.01,12.1422411,2459977.389004,PC
142420436,6426.01,3.8801586,2459984.741697,PC
22972676,6427.01,18.372561,2459961.906987,PC
238914510,6428.01,1.6763835,2459986.706088,PC
348501452,6429.01,2.4257176,2459987.620891,PC
432008938,643.01,9.653456,2458522.349321,FP
50211272,6430.01,3.6024986,2459981.428415,PC
54141697,6431.01,3.5423487,2459981.409845,PC
141933255,6432.01,3.356169,2459984.307515,PC
266486214,6433.01,9.6355,2459237.888296,PC
32296259,6434.01,2.7775786,2459987.239352,PC
60189629,6435.01,6.1161423,2459987.023429,PC
290415036,6436.01,6.1879019,2459976.878311,PC
139707575,6437.01,8.31001,2459987.838206,PC
332383229,6438.01,16.1268294,2459980.013021,PC
122981686,6439.01,2.9896663,2459982.473246,APC
63303499,644.01,1.9271328,2459202.295987,FP
348297468,6440.01,3.8190051,2459982.180104,PC
120540061,7638.01,1.522851,2460687.094175,PC
270471727,7639.01,10.4562977,2460755.615687,PC
181159386,764.01,5.6316663,2458574.583993,APC
317801157,7640.01,7.00637,2460684.484863,PC
148106497,7641.01,10.1083877,2460677.624294,PC
64334960,7642.01,3.6822842,2460687.21238,PC
265078278,7643.01,4.0521479,2460682.283204,PC
64250123,7644.01,14.0580067,2460670.408988,PC
264691112,7645.01,4.7554244,2460679.410108,PC
232399986,7646.01,4.5638391,2460684.429211,PC
358340733,7647.01,3.958213,2460688.318417,PC
279909537,7648.01,2.6399819,2460688.010282,PC
300868410,7649.01,3.1455293,2460774.88468,PC
219401954,765.01,0.861484,2458570.226021,FA
10485639,7650.01,3.4253517,2460686.269931,PC
270048796,6935.01,1.763034,2460285.453378,PC
63082902,6936.01,10.298566,2460266.812702,PC
294434193,6937.01,1.3809769,2460283.743107,PC
114600571,6938.01,4.8789974,2460277.283118,PC
88929544,6939.01,1.9207699,2460282.14487,PC
55383975,694.01,48.0511988,2458366.772014,FP
421006834,6940.01,0.3052608,2460285.534539,PC
74389253,6941.01,2.9371797,2460280.356726,PC
238506223,6942.01,11.2320736,2460266.427734,PC
262137985,6943.01,5.6906792,2460285.451604,PC
421005422,6944.01,12.3027503,2460271.568328,PC
392022763,6945.01,14.8547783,2460271.367836,PC
14435301,6946.01,13.2272686,2460269.63296,PC
457039843,6947.01,6.5202038,2460274.152856,PC
438329568,6948.01,5.4911822,2460282.695103,APC
45905504,6949.01,3.2232502,2460280.811771,PC
55559618,695.01,21.3764237,2458346.404484,PC
165965790,6950.01,2.0478359,2460284.719845,PC
83180637,6951.01,3.7279887,2460279.795164,PC
196201652,7179.01,2.7384363,2460581.193199,PC
150247134,718.01,12.8650769,2459144.828069,FA
314992600,7180.01,3.2607791,2460582.91736,PC
419878733,7181.01,5.1794403,2460583.260996,PC
408469564,7182.01,14.7126653,2460563.963848,PC
422159302,7183.01,10.5739387,2460602.073075,PC
426956677,7184.01,1.1976555,2460608.104995,PC
77490011,7185.01,2.6881318,2460611.292588,PC
124895104,7186.01,1.7024504,2460506.050366,PC
350064389,7187.01,2.1570981,2460504.187865,PC
317849098,7188.01,4.773664,2460500.980635,PC
18885659,7189.01,2.8890956,2460503.943244,CP
184952758,719.01,4.109953,2460007.695053,FP
277499689,7190.01,4.1223508,2460498.570097,PC
364007087,7191.01,5.6604695,2460497.252216,PC
123234747,7192.01,16.3425332,2460492.948027,PC
325086150,7193.01,5.4934218,2460495.627524,FP
24499407,7194.01,4.167309,2460499.275203,PC
62682198,7195.01,3.8242663,2460498.7426,PC
400503123,7447.01,1.5016329,2460634.26502,PC
104153474,7448.01,5.0458476,2460629.552439,PC
418262301,7449.01,12.915329,2460653.817057,PC
444842193,745.01,1.0790928,2458544.259371,APC
73729607,7450.01,0.7938732,2460634.920306,APC
259381479,7451.01,3.9461778,2460632.112731,PC
327249454,7452.01,3.0493323,2460632.527065,PC
347944406,7453.01,8.3873861,2460621.924882,PC
130087198,7454.01,3.1733972,2460634.731366,PC
196351790,7455.01,13.2026423,2460613.499772,PC
158933249,7456.01,,2459429.620166,KP
272840455,7457.01,6.8733768,2459424.944384,KP
169081296,7458.01,16.2385246,2458690.156638,KP
417829948,7459.01,8.9511797,2458846.872354,PC
167418903,746.01,10.9803114,2458599.298747,PC
159303995,7460.01,46.1578388,2460316.994953,PC
271052158,7461.01,5.9605542,2458713.371243,KP
270711339,7651.01,1.4790072,2460689.16683,PC
10313047,7652.01,4.5549553,2460681.074726,PC
150429313,7653.01,11.0462788,2460765.804854,PC
300654938,7654.01,26.9701399,2460740.287161,PC
117885024,7655.01,35.0842983,2460704.476735,PC
265129950,7656.01,0.7386173,2460715.629875,PC
415084429,7657.01,3.8751672,2460717.661255,PC
22730066,7658.01,1.642501,2460716.929364,PC
142053623,7659.01,6.5570788,2460887.644911,PC
219698950,766.01,3.4464529,2458570.564724,KP
140938327,7660.01,6.5462823,2460881.071973,PC
88865512,7661.01,12.526776,2460706.130995,PC
5045948,7662.01,5.028696,2460712.209427,PC
88760990,7663.01,2.753152,2460711.730485,PC
456787558,7664.01,5.9441544,2460716.709103,PC
400466395,6952.01,5.1391542,2460311.734906,FP
70435923,6953.01,0.8204734,2460285.315548,APC
443607377,6954.01,4.0207557,2460283.831447,PC
81963214,6955.01,5.1185703,2460277.209487,PC
294350792,6956.01,12.3900547,2460276.864165,PC
30853990,6957.01,160.6760208,2458377.045676,PC
219108677,6958.01,5.9815745,2460316.951093,PC
230013442,6959.01,3.1381914,2460313.98926,PC
77156829,696.01,0.8602406,2458411.473627,CP
77156829,696.02,3.6942604,2458411.067517,CP
77156829,696.03,4.9652069,2458414.562933,CP
204496071,6960.01,1.3059494,2459062.124632,APC
404715325,6961.01,17.2367433,2459460.590554,PC
435339558,6962.01,21.9903619,2459456.138592,KP
56658270,6963.01,8.8349261,2459475.615758,CP
243208884,6964.01,4.7645838,2460210.583136,PC
39464158,7196.01,2.7998534,2460503.962418,PC
415377888,7197.01,2.5122863,2460501.95525,PC
317170536,7198.01,4.2271814,2460501.081878,PC
310586478,7199.01,3.1540886,2460500.30979,PC
131419878,720.01,3.16043,2458494.08915,FP
205044976,7200.01,5.0660693,2460500.369706,PC
159893748,7201.01,7.2229767,2460501.339233,PC
116262653,7202.01,7.7600907,2460491.080651,PC
44388479,7203.01,5.7351935,2460502.668438,PC
71083829,7204.01,3.8080897,2460532.059652,PC
345009464,7205.01,3.4844157,2460524.417105,PC
120313529,7206.01,3.5689392,2460532.55643,PC
342276668,7207.01,12.0080349,2460524.501577,PC
388371132,7208.01,3.6366231,2460529.165726,PC
425706173,7209.01,2.6343177,2460529.881502,PC
38571020,721.01,12.2877122,2460980.120898,PC
466928064,7210.01,2.2609143,2460530.938115,PC
374800835,7211.01,10.548504,2460533.070197,PC
377253700,7212.01,75.6979471,2460572.944785,PC
298897095,7462.01,2.6236518,2460313.505947,PC
274198407,7463.01,4.662632,2459419.9931,KP
251090642,7464.01,20.0417055,2459580.868263,PC
167804011,7465.01,6.2061962,2460749.810162,PC
229172128,7466.01,13.62285,2460680.466841,PC
319855425,7467.01,2.8766717,2460684.810785,PC
2621212,7468.01,,2460777.441897,KP
187309502,7469.01,3.5868547,2460776.225269,KP
15445551,747.01,1.6827917,2458569.66758,KP
437444661,7470.01,17.9758603,2460776.476517,KP
46020827,7471.01,9.3911326,2460794.2165,KP
145368316,7472.01,1.6096874,2460775.659327,KP
187278212,7473.01,,2460777.930913,KP
50171060,7474.01,1.257813,2460775.325905,KP
376866659,7475.01,3.2527618,2460775.586536,PC
182992572,7665.01,24.303103,2460699.321653,PC
182992572,7665.02,9.0270152,2460745.01217,PC
130295375,7666.01,5.0145963,2460717.770654,PC
299801675,7667.01,16.9537015,2460878.04861,PC
2093349,7668.01,16.2816997,2460741.212899,PC
148273668,7669.01,13.1852332,2460696.324979,PC
229047362,767.01,3.764873,2458572.990673,KP
176604975,7670.01,10.4865505,2460703.349134,PC
140190514,7671.01,6.4287928,2460746.069535,PC
107779737,7672.01,1.0272009,2460716.664824,PC
25154148,7673.01,27.4839254,2460854.316888,PC
458615187,7674.01,3.8831272,2460715.796295,PC
289114603,7675.01,8.1761677,2460706.368768,PC
452973397,7676.01,1.9518831,2460713.138269,PC
349677805,7677.01,11.9096401,2460886.049566,PC
80224448,6965.01,5.9693397,2459505.193695,PC
80224448,6965.02,28.0693949,2459508.008646,PC
243030574,6966.01,2.1659522,2459449.712088,PC
27635334,6967.01,4.7335575,2459502.375963,KP
121990418,6968.01,2.3475051,2460340.703809,PC
17129975,6969.01,1.5142292,2460340.479242,FP
17129975,6969.02,4.5565614,2460342.859563,PC
77253676,697.01,8.6078603,2458418.925917,APC
271749758,6970.01,11.714447,2460342.99711,KP
354031707,6971.01,4.1866989,2460343.972407,PC
219824470,6972.01,5.4809114,2459661.074326,PC
427765233,6973.01,31.6527509,2459857.549027,PC
348684814,6974.01,7.7517707,2459976.900453,PC
158381418,6975.01,2.1449013,2460038.793473,APC
5972036,6976.01,1.7346044,2460037.517533,PC
436575927,6977.01,5.0957983,2460250.885968,KP
336264393,7213.01,36.9870862,2460475.688854,PC
251803342,7214.01,8.9093753,2460517.837184,PC
23912656,7215.01,2.7705702,2460528.863508,PC
69436501,7216.01,3.1243759,2460532.675988,PC
151760597,7217.01,3.9859545,2460530.653241,PC
279331929,7218.01,4.9030173,2460528.877221,PC
242674266,7219.01,2.9069573,2460532.39306,PC
38509907,722.01,15.3004892,2458339.134431,PC
344416349,7220.01,7.8365317,2460525.487115,FP
110828766,7221.01,1.6233128,2460530.577486,PC
466890210,7222.01,5.1869453,2460525.773378,PC
157808355,7223.01,5.3384038,2460532.148419,PC
466966249,7224.01,5.5698339,2460524.480696,PC
209320688,7225.01,9.7461668,2460515.96761,PC
350268913,7226.01,3.5191197,2460524.612751,PC
287948915,7227.01,2.3593338,2460529.786285,PC
397653875,7228.01,2.9324083,2460528.227293,PC
363040636,7229.01,16.7880823,2460530.325697,PC
177077336,723.01,1.4178609,2460986.915959,PC
442530946,7476.01,3.7130279,2460804.77465,KP
126325985,7477.01,3.312816,2460804.314174,KP
11270200,7478.01,3.1432403,2460806.062159,KP
77202722,7479.01,3.3566052,2460805.31211,KP
104024556,748.01,2.0219583,2460064.168409,KP
71841620,7480.01,5.084334,2460803.446331,KP
431016234,7481.01,12.3832847,2460807.939722,PC
188500604,7482.01,5.8767209,2460808.113722,PC
76835246,7483.01,0.5127744,2460803.045671,PC
68952448,7484.01,4.6144478,2460803.328685,KP
441122551,7485.01,3.3870505,2460805.366309,PC
336732544,7486.01,3.2771118,2460805.293336,KP
301258470,7487.01,12.4563692,2460812.205917,KP
128168083,7488.01,3.9072366,2460805.536432,PC
262016897,7489.01,15.1458746,2460811.793804,PC
5868998,749.01,0.63554,2458569.93359,APC
284586930,7678.01,1.6571231,2460716.225118,PC
114011911,7679.01,5.2484099,2460708.453049,PC
229811538,768.01,11.5294381,2459316.29169,APC
334380435,7680.01,13.3040542,2460699.171601,PC
59537824,7681.01,1.6498042,2460715.900441,PC
159671133,7682.01,1.3409758,2460882.38382,PC
441422655,7683.01,1.5435057,2460883.407275,KP
115942852,7684.01,3.2129849,2460908.314904,PC
33945661,7685.01,3.4828151,2460909.675022,PC
273861354,7686.01,14.0016382,2460917.17605,PC
51992761,7687.01,14.5421415,2460929.791539,PC
80429950,7688.01,2.5395614,2460908.178919,PC
12999193,7689.01,1.4826121,2460908.55343,PC
248075138,769.01,4.9816784,2459332.02995,KP
410774020,7690.01,37.3522191,2460406.073409,PC
47762924,7691.01,2.7045293,2460313.512323,PC
320847025,6978.01,9.1258136,2458661.083459,PC
26078330,6979.01,8.754708,2459451.225412,KP
141527579,698.01,15.0867738,2458328.941861,PC
422912527,6980.01,,2459463.700632,PC
443823169,6981.01,425.4506963,2459559.051804,PC
113921235,6982.01,59.8473992,2459518.397405,CP
368628986,6983.01,31.1571613,2459465.951361,PC
83181153,6984.01,,2460256.948124,KP
59490344,6985.01,748.7146251,2459509.801369,PC
366302410,6986.01,1.2117417,2460310.606085,PC
21035365,6987.01,4.6017382,2460311.481638,PC
70897115,6988.01,13.414031,2460291.074464,PC
261141602,6989.01,1.4956727,2460310.065308,FP
149302744,699.01,14.8011377,2460967.168587,PC
149302744,699.02,33.6336133,2460175.078683,PC
149302744,699.03,672.6366236,2458374.209051,PC
238239232,7230.01,4.3041912,2460530.797207,PC
89362689,7231.01,11.0658881,2460531.193621,PC
282113152,7232.01,3.3221412,2460528.404538,PC
394924803,7233.01,3.8413801,2460530.610836,PC
418629890,7234.01,3.4202745,2460532.544337,PC
20607624,7235.01,3.4940194,2460531.032727,PC
374521355,7236.01,4.626302,2460529.436692,PC
439598736,7237.01,5.7694396,2460532.468185,PC
251743761,7238.01,3.930467,2460526.803768,PC
383364626,7239.01,14.3938942,2460524.13603,PC
339961200,724.01,3.21264,2458382.865527,PC
41839508,7240.01,6.8911882,2460532.456668,PC
456401439,7241.01,6.3377947,2460532.793481,PC
426122272,7242.01,2.9383886,2460530.42933,PC
288953761,7243.01,3.7352012,2460530.263939,PC
435673126,7244.01,11.5175506,2460510.057066,FP
305026599,7245.01,1.6877647,2460530.018458,PC
407135911,7246.01,2.5698331,2460529.280209,PC
51318828,7247.01,6.8782937,2460532.301638,FP
358975793,7248.01,3.8148598,2460532.255737,PC
250977648,7490.01,4.6080854,2460807.332477,KP
119262291,7491.01,4.1747143,2460804.961676,KP
102068384,7492.01,2.5001361,2460804.761801,KP
12611594,7493.01,1.9155258,2460803.361443,KP
111778581,7494.01,11.4212059,2460804.362235,PC
377240984,7495.01,11.5843559,2460804.013419,PC
96847781,7496.01,3.5841,2460804.332152,KP
130633912,7497.01,5.2913602,2460807.717198,KP
441012828,7498.01,2.789278,2460804.322907,PC
301031110,7499.01,3.8304162,2460803.441097,KP
14614418,750.01,0.8378453,2458569.538097,KP
154796579,7500.01,7.4647583,2460804.464998,PC
271898990,7501.01,1.747633,2460803.105262,KP
169504920,7502.01,3.1052319,2460803.114126,KP
11439959,7503.01,3.6188769,2460805.763535,KP
207463446,7692.01,19.6869936,2458712.34468,PC
341872729,7693.01,32.6045634,2460302.148834,PC
199572211,7694.01,13.6715652,2458718.010982,PC
319482278,7695.01,7.2728976,2459800.972914,PC
327996774,7696.01,2.5824371,2460932.30887,PC
29848696,7697.01,2.5354573,2460987.293591,PC
241577487,7698.01,4.5701356,2460981.792433,PC
241577487,7698.02,14.7157672,2460978.978391,PC
241577487,7698.03,1.2377157,2460988.134667,PC
358289302,7699.01,27.4713051,2460937.329627,PC
248111245,770.01,4.6370479,2459310.764623,KP
164695417,7700.01,3.5907717,2460936.435324,PC
122522333,7701.01,20.6126718,2460945.157754,PC
25030847,7702.01,9.0663359,2460937.556888,PC
88507544,7703.01,2.1523127,2460934.319372,PC
353302490,6990.01,1.5829358,2460309.569095,PC
440562226,6991.01,0.9902419,2460311.068106,APC
259330386,6992.01,15.1389808,2460306.67632,PC
408656366,6993.01,0.3695622,2460312.391299,APC
55390413,6994.01,1.8819016,2460309.126842,FP
383829317,6995.01,9.9444971,2460320.796139,PC
41875043,6996.01,0.9602835,2460337.887281,FP
357858008,6997.01,16.179367,2460310.677091,PC
350733403,6998.01,27.035894,2460370.355785,PC
444977814,6999.01,11.3689753,2460328.262835,FP
150428135,700.01,16.051106,2459303.157062,CP
150428135,700.02,37.4236838,2458330.486155,CP
150428135,700.03,9.977273,2458331.349645,CP
150428135,700.04,27.8096898,2458352.99952,CP
154926644,7000.01,2.7897577,2460336.036755,PC
85113291,7001.01,16.3475547,2460317.2434,PC
317290270,7002.01,4.9792822,2460338.349222,PC
219707850,7003.01,0.7331156,2460338.155539,PC
219089784,7249.01,6.0387706,2460659.002541,PC
410245915,725.01,0.9889446,2459986.360794,FP
459728249,7250.01,8.9653531,2460552.910086,CP
298291597,7251.01,11.5588657,2460556.207025,PC
289047954,7252.01,1.4207284,2460557.285603,FP
383358873,7253.01,5.4240992,2460549.611028,PC
260767135,7254.01,5.0769983,2460580.975917,APC
166099360,7255.01,1.6831237,2460555.161485,PC
334798754,7256.01,8.5748036,2460651.068411,PC
274057129,7257.01,1.0495702,2460584.336274,PC
298189225,7258.01,6.2384297,2460555.634937,PC
160103855,7259.01,16.4591808,2460570.814668,PC
174143743,726.01,0.46132,2458492.31313,FP
418866096,7260.01,6.6308943,2460557.305162,FP
297413553,7261.01,2.3273503,2460583.45088,PC
87932853,7262.01,6.4093679,2460555.256621,PC
269130683,7263.01,49.2145201,2460273.197819,PC
258279359,7264.01,10.5637482,2460538.176764,PC
275717567,7265.01,4.1723,2460576.091201,CP
110795273,7504.01,9.4715404,2460708.164893,PC
110795273,7504.02,4.4443069,2460714.291111,PC
55871761,7505.01,3.8618241,2460710.3399,PC
270204383,7506.01,3.3335134,2460857.579047,PC
397231954,7507.01,17.280857,2460863.075816,PC
327302178,7508.01,1.0065503,2460857.100342,PC
355058141,7509.01,0.7105047,2460856.517861,PC
14661418,751.01,4.722816,2458570.990969,KP
118798035,7510.01,11.5317273,2460847.17609,CP
118798035,7510.02,22.5709991,2460830.759391,CP
118798035,7510.03,48.8621728,2460794.945415,CP
146364192,7511.01,2.3691651,2459090.174433,KP
380255458,7512.01,6.569208,2459559.04535,KP
56815340,7513.01,9.5802888,2459554.243825,KP
56815340,7513.02,1221.2709773,2459569.376085,KP
73635140,7742.01,18.4903481,2460738.255897,PC
454039549,7743.01,10.9655113,2460769.09119,PC
71125919,7744.01,9.2617884,2460771.101035,PC
385699758,7745.01,1.5427029,2460774.594157,PC
362360634,7746.01,4.7902507,2460771.253774,PC
371315483,7747.01,9.6505034,2460774.545634,PC
309257123,7748.01,8.3256491,2460773.775435,PC
457542392,7749.01,20.6447986,2460766.372214,PC
304042899,775.01,12.4458741,2459313.56423,FP
178658245,7750.01,1.3404613,2460773.592397,PC
362264027,7751.01,2.6759638,2460773.087068,PC
23326828,7752.01,7.0939347,2460773.792472,PC
38579332,7753.01,10.6780539,2460771.376511,PC
38579332,7753.02,4.8632352,2460764.613838,PC
105712339,7754.01,23.7290955,2460744.937842,PC
390207998,7004.01,9.8162989,2460321.753883,PC
99834321,7005.01,8.1420107,2460366.005379,APC
343336312,7006.01,51.9120896,2460393.557616,PC
289441015,7007.01,1.5342604,2460394.089956,FP
335661164,7008.01,0.8406912,2460365.878231,PC
405837291,7009.01,2.3206673,2460392.364327,PC
219239945,701.01,13.697384,2458389.366552,FP
233867481,7010.01,4.1976032,2460415.354189,PC
167631701,7011.01,19.394038,2460369.656214,PC
322369867,7012.01,4.0197822,2460387.423383,PC
67246795,7013.01,4.2451891,2460362.063352,PC
158657991,7014.01,0.7406805,2460366.837105,APC
11894726,7015.01,7.0687489,2460359.065148,PC
16740548,7016.01,1.598803,2460366.663055,PC
1881298619,7017.01,5.0826878,2460363.019969,PC
156512187,7018.01,20.3158735,2460352.534386,PC
366119858,7019.01,48.2590904,2460328.380324,CP
237914496,702.01,3.568141,2458326.81595,PC
125695940,7266.01,3.8789319,2460552.586115,PC
276385231,7267.01,10.3486661,2460594.266726,PC
406548952,7268.01,13.5647678,2460536.608775,PC
267817947,7269.01,11.656295,2460597.476483,PC
149788158,727.01,4.7244442,2459245.51846,PC
149788158,727.02,0.7499711,2458518.087839,PC
184527843,7270.01,8.9197222,2460546.403491,PC
63232997,7271.01,7.1304113,2460573.096573,PC
398099429,7272.01,7.5801393,2460543.181468,PC
63550960,7273.01,2.2473177,2460553.795518,APC
83299322,7274.01,8.908871,2460550.49062,PC
172376068,7275.01,6.1211661,2460558.594989,FP
267808774,7276.01,14.2317652,2460591.368539,PC
396723723,7277.01,7.915274,2460543.106593,PC
170440216,7278.01,7.6316525,2460552.718219,PC
41067039,7279.01,3.1168715,2460555.311247,PC
96097215,728.01,1.60245,2458518.94089,FA
396731435,7280.01,0.4246068,2460558.081293,APC
198358065,7281.01,4.3095502,2460658.637173,PC
187495749,7514.01,1.8460559,2460662.096255,PC
317882327,7515.01,3.5881072,2460657.089039,PC
431871952,7516.01,6.2494565,2460652.784228,PC
461547946,7517.01,10.3067866,2460653.133566,PC
368184695,7518.01,6.4856471,2460651.762327,PC
156678143,7519.01,7.2585779,2460650.887619,FP
61538902,752.01,5.7481323,2458573.686954,KP
456130294,7520.01,10.2461099,2460656.721477,APC
316138059,7521.01,0.8618404,2460662.618974,PC
459021929,7522.01,21.7262508,2460660.562041,PC
238959233,7523.01,4.6612817,2460657.982326,PC
366564164,7524.01,7.5243992,2460650.352688,PC
367710318,7525.01,1.718454,2460660.889987,PC
141524447,7526.01,33.0179222,2460468.413217,PC
138733600,7704.01,3.3434739,2460935.634295,PC
70514245,7705.01,4.0477821,2460933.871822,PC
25004866,7706.01,21.7201348,2460938.845562,PC
123365281,7707.01,2.6103949,2460933.964925,PC
321011198,7708.01,7.4163881,2460938.77101,PC
399789568,7709.01,20.9202791,2458703.317924,PC
277634430,771.01,2.3260077,2459335.352285,CP
261746870,7710.01,3.8458539,2460902.12792,PC
1309019,7711.01,3.2425265,2460991.139707,
264460009,7712.01,3.0925618,2460988.712833,PC
77287067,7713.01,4.0764373,2460991.772183,
423785115,7714.01,24.7349922,2461002.68347,PC
200001699,7715.01,0.3236317,2460988.797651,PC
200001699,7715.02,6.8896201,2460988.604449,PC
46432937,7716.01,1.4404544,2460989.409304,
233287217,7020.01,3.1642475,2460394.056309,PC
233855268,7021.01,49.5355004,2459881.26001,PC
125366299,7022.01,2.8583729,2460392.427201,PC
230856987,7023.01,2.3404152,2460365.559902,PC
354032153,7024.01,1.9639208,2459634.914183,PC
219803922,7025.01,66.9954225,2460340.028469,PC
219809549,7026.01,65.5580424,2460314.948852,PC
164783371,7027.01,4.2885021,2460367.077518,PC
416195843,7028.01,2.4596079,2460420.816602,PC
446166017,7029.01,1.9271521,2460392.777339,PC
237928815,703.01,8.6729683,2458356.921235,PC
237928815,703.02,22.5682711,2458370.302728,PC
430930679,7030.01,2.5604496,2460419.652587,PC
284592989,7031.01,1.7911016,2460368.419612,PC
22903436,7032.01,17.7456043,2460397.022821,PC
29953537,7033.01,0.7312783,2460013.337525,PC
418981325,7034.01,0.9082202,2460448.381202,APC
366074071,7035.01,4.18142,2460448.966726,PC
387346503,7282.01,5.3346707,2460558.617621,PC
298189384,7283.01,9.0612809,2460540.259174,PC
96885837,7284.01,0.8760587,2460556.495248,APC
60446303,7285.01,2.1384533,2460554.876539,PC
452741216,7286.01,10.7994273,2460568.169556,PC
199417958,7287.01,3.9258703,2460552.765807,PC
405689470,7288.01,7.9871247,2460554.000941,PC
291976834,7289.01,2.855993,2460557.318845,PC
144138509,729.01,,2458564.817795,FA
62501513,7290.01,3.776966,2460581.58444,PC
233533589,7291.01,23.9712428,2460620.739957,PC
160255140,7292.01,10.641726,2460564.802348,PC
417514666,7293.01,3.3202789,2460554.418528,PC
42110638,7294.01,1.6047466,2460559.167573,PC
99796664,7295.01,0.7729056,2460557.298119,APC
233735354,7296.01,170.3363911,2460536.411577,PC
418375357,7297.01,8.1563148,2460555.103641,PC
276909255,7298.01,5.2554768,2460609.093853,PC
85216969,7299.01,2.7299474,2460556.839056,PC
187495621,7527.01,3.2662137,2460658.088959,FP
252851803,7528.01,4.9826868,2460655.936079,PC
117174065,7529.01,16.6036329,2459891.217674,PC
61988212,753.01,0.555255,2458569.455416,APC
318491006,7530.01,5.1818499,2460679.278071,PC
117772549,7531.01,7.8764851,2460679.25413,PC
150271800,7532.01,11.4031046,2460767.492566,PC
63303430,7533.01,1.7518061,2460687.898061,PC
220621072,7534.01,14.0287826,2460666.281405,PC
60527976,7535.01,7.5811936,2460687.056745,PC
438298111,7536.01,3.3287841,2460685.917512,PC
231949697,7537.01,0.9072056,2460689.466703,PC
37075377,7538.01,28.2864647,2460678.586453,PC
72214252,7539.01,8.6001093,2460681.091363,PC
79936069,7729.01,13.6161353,2460735.097318,PC
286865921,773.01,4.971298,2459329.250355,KP
78010250,7730.01,2.7875862,2460743.009758,PC
455279465,7731.01,3.2874829,2460743.039435,PC
44566945,7732.01,1.5925045,2460746.749543,PC
296882354,7733.01,1.1838811,2460743.571608,PC
133420230,7734.01,26.3125734,2460722.047962,PC
2405205,7735.01,3.1613631,2460745.473897,PC
179240138,7736.01,3.1509928,2460738.949868,PC
238334463,7737.01,6.1682253,2460739.393725,PC
332713106,7738.01,22.539834,2460720.636238,PC
47055436,7739.01,1.3451227,2460743.883254,PC
294301883,774.01,4.4656306,2458573.614654,KP
36715978,7740.01,10.1963799,2460771.361415,PC
308664375,7741.01,3.5686332,2460773.850366,PC
284300833,7036.01,3.0513298,2460434.686218,PC
269343479,7037.01,4.1279985,2459244.90244,APC
210904767,7038.01,8.6000492,2460079.460235,PC
329981856,7039.01,3.3206355,2460088.850177,PC
260004324,704.01,3.8143009,2458327.416979,CP
277039287,7040.01,21.0562422,2460128.288364,PC
201175570,7041.01,9.6994666,2460160.362835,CP
345724317,7042.01,2.817627,2460478.507055,FP
57299130,7043.01,17.3840061,2460463.610974,PC
263723967,7044.01,15.9669794,2460473.081723,PC
21720215,7045.01,2.2775983,2460477.847283,PC
201899356,7046.01,3.1084574,2459139.157588,PC
31142436,7047.01,5.2729668,2459199.606231,PC
235015217,7048.01,4.0863647,2460175.328426,PC
337217173,7049.01,40.3833862,2460214.323255,PC
391904697,705.01,47.0196372,2458352.13367,PC
50592053,7050.01,1.4182984,2460505.634065,PC
11561667,730.01,3.0876297,2458543.868539,CP
125744840,7300.01,0.6439909,2460557.356019,PC
375192273,7301.01,21.6836634,2460608.037238,PC
399613138,7302.01,8.1958135,2460555.962026,FP
415739607,7303.01,2.3368358,2460557.77568,PC
321785052,7304.01,3.4977997,2460553.558312,PC
262148317,7305.01,13.9753579,2460553.593628,PC
418543326,7306.01,6.1418356,2460582.235596,PC
372077289,7307.01,23.955645,2460566.453403,PC
287768299,7308.01,3.7002646,2460579.276403,PC
161687285,7309.01,7.7561532,2460544.09306,PC
34068865,731.01,0.3219233,2460013.7131,CP
375855364,7310.01,19.8088367,2460528.746789,PC
387416841,7311.01,1.5525382,2460555.005617,APC
292023054,7312.01,4.2990991,2460555.350036,PC
341157650,7313.01,4.1186706,2460557.122528,PC
265887000,7314.01,2.503415,2460555.836709,PC
297924888,7315.01,9.6713674,2460580.3245,PC
301623068,7316.01,0.7474746,2460556.647928,PC
72985822,754.01,3.8639681,2458572.225589,PC
89014296,7540.01,1.4945574,2460686.978801,PC
59845928,7541.01,14.606276,2460683.694794,PC
206763148,7542.01,8.945272,2460674.034364,PC
235283051,7543.01,9.3137821,2460685.379572,PC
237405551,7544.01,4.8744903,2460687.387037,PC
283094471,7545.01,11.9039356,2460685.6332,PC
410449566,7546.01,9.6414086,2460763.853771,PC
358111035,7547.01,22.0089343,2460750.364869,PC
234187289,7548.01,5.1836578,2460681.852034,PC
72212948,7549.01,2.1610101,2460684.337766,APC
73228647,755.01,2.5404679,2460066.437431,CP
73228647,755.02,6.7418796,2458576.159251,KP
220599411,7550.01,4.9843963,2460684.733243,PC
269895488,7755.01,7.9250597,2460766.888819,PC
458032939,7756.01,12.0550983,2460770.924985,PC
93532796,7757.01,0.8258114,2460773.637339,PC
142064910,7758.01,4.1757292,2460767.084379,PC
163262279,7759.01,20.0077079,2460751.621213,PC
306996324,776.01,15.6653322,2458572.599749,CP
306996324,776.02,8.2466133,2458571.415963,CP
281170011,7760.01,2.700189,2460771.585379,PC
45636452,7761.01,26.655615,2460725.38789,PC
193318850,7762.01,15.7178563,2460754.277052,PC
33977715,7763.01,6.6687462,2460764.315074,PC
158200069,7764.01,22.4340775,2460749.261542,PC
23224540,7765.01,10.5037051,2460771.362419,PC
384482338,7766.01,3.6727161,2460772.107988,PC
163493945,7767.01,2.5082441,2460774.575158,PC
18574158,7051.01,4.9131459,2460500.349484,FP
22038430,7052.01,2.8862017,2460500.659766,PC
329821992,7053.01,2.8637988,2460503.94237,PC
62676654,7054.01,14.7595601,2460482.548909,PC
167227214,7055.01,3.1290476,2460482.92975,KP
110178537,7056.01,2.993282,2460481.443181,KP
325670253,7057.01,3.3777419,2460480.135888,KP
317520667,7058.01,2.4651801,2460480.429067,KP
104866616,7059.01,4.4626647,2460481.357046,KP
219345200,706.01,719.0381327,2458434.911525,PC
469810663,7060.01,5.8497196,2460142.849779,PC
469810663,7060.02,1064.700399,2460070.899941,PC
244089109,7061.01,2.1376682,2460532.279247,KP
23961340,7062.01,10.5137924,2460528.435521,PC
248769312,7063.01,3.7570477,2460527.926189,PC
376867898,7064.01,61.5555962,2460466.125236,PC
383723559,7065.01,2.6667526,2460530.686654,FP
427855645,7317.01,2.9712014,2460579.947685,PC
387414814,7318.01,3.4220041,2460555.372343,PC
40093986,7319.01,2.5918359,2460557.098275,PC
36724087,732.01,0.7683904,2459988.468158,CP
36724087,732.02,12.2534308,2459992.612785,CP
279528230,7320.01,6.6802019,2460551.826064,PC
423903016,7321.01,3.0039961,2460555.072412,PC
436222251,7322.01,5.5316291,2460554.922759,PC
421330229,7323.01,4.776694,2460607.93814,PC
210337597,7324.01,0.5257499,2460557.747746,FP
286857537,7325.01,2.0394246,2460555.970444,PC
193081156,7326.01,5.4584109,2460576.037023,PC
279472966,7327.01,5.0789699,2460552.846016,PC
99025225,7328.01,12.5069936,2460556.908662,PC
387377484,7329.01,4.8622127,2460549.817574,PC
106402532,733.01,4.8847937,2460030.757093,CP
287444302,7330.01,2.8411706,2460581.094802,PC
160512852,7331.01,6.0011971,2460573.21256,PC
273069412,7332.01,3.5399394,2460584.022933,FP
178739678,7551.01,17.5945149,2460686.302959,APC
235057120,7552.01,13.1742812,2460699.28528,PC
10487354,7553.01,2.4971198,2460686.452679,PC
322818151,7554.01,2.2948595,2460688.706567,PC
307036187,7555.01,2.8404588,2460770.914052,PC
232131043,7556.01,11.1035428,2460672.853807,PC
284613259,7557.01,6.3548995,2460678.995034,APC
207334420,7558.01,4.1531567,2460685.627327,PC
234009062,7559.01,9.5366313,2460687.945574,PC
73649615,756.01,1.2392569,2458570.647157,CP
60520371,7560.01,2.1974264,2460685.614629,PC
317924729,7561.01,1.9989903,2460687.849605,PC
404970821,7562.01,13.2253756,2460767.296171,PC
71581518,7563.01,13.758531,2460666.065967,PC
317132251,7717.01,25.2087445,2461011.591862,PC
37348844,7718.01,0.7668221,2460989.040876,KP
1333933,7719.01,3.2757945,2460989.988472,KP
286864983,772.01,11.0163421,2458575.945327,PC
286864983,772.02,744.2007603,2459313.643175,PC
286864983,772.03,2.7912365,2458571.75144,PC
421184129,7720.01,8.0315366,2461048.446626,PC
163029327,7721.01,2.5639669,2461046.358123,PC
334981118,7722.01,5.5902105,2461047.261024,PC
162093661,7723.01,6.3340388,2461047.698955,PC
77552382,7724.01,3.5102641,2460744.833983,PC
19269186,7725.01,0.9621292,2460746.491837,PC
289819148,7726.01,7.6621403,2460744.007596,PC
386563408,7727.01,2.5766418,2460741.587743,PC
52024670,7728.01,4.3739988,2460740.630587,PC
405010127,7066.01,13.2341261,2460509.503679,KP
139158696,7067.01,15.3573522,2460509.909088,KP
137685450,7068.01,,2460517.615013,KP
160428500,7069.01,8.7201675,2460549.089507,PC
167342439,707.01,52.7993058,2458345.524261,PC
167342439,707.02,17.4757465,2458328.766769,PC
289218489,7070.01,4.4563756,2460555.634073,PC
14203588,7071.01,5.5334128,2460555.517038,PC
298658399,7072.01,0.8118915,2460557.683136,PC
276922692,7073.01,13.1689848,2460554.021047,PC
138609069,7074.01,4.6504794,2460555.870633,PC
66266024,7075.01,2.8120379,2460557.746647,PC
138225319,7076.01,3.4747684,2460553.136841,PC
188814758,7077.01,6.403011,2460557.395627,PC
233266582,7078.01,6.3962557,2460553.361723,PC
287191183,7079.01,12.1252851,2460388.539526,APC
391821647,708.01,1.995837,2458327.629889,FP
366725641,7080.01,36.6892187,2460377.247914,PC
160585062,7333.01,6.2644714,2460653.73841,PC
352301423,7334.01,1.7085226,2460607.644263,PC
75417968,7335.01,3.3815776,2460557.475704,FP
271017537,7336.01,0.5418555,2460635.731403,PC
323407659,7337.01,4.2619292,2460634.782199,PC
309133240,7338.01,3.3847215,2460629.884208,PC
202059363,7339.01,4.2470926,2459219.710284,PC
146846569,734.01,4.7535388,2458545.448428,FP
238279960,7340.01,7.4894672,2460563.616921,PC
238279960,7340.02,3.4438328,2460581.957858,PC
445276138,7341.01,0.4925418,2460635.070989,PC
90950296,7342.01,14.1532848,2460562.262828,PC
44451202,7343.01,2.1011992,2460580.932781,PC
17925767,7344.01,2.4364562,2460582.652289,PC
243283955,7345.01,8.407133,2460570.743707,FP
113542042,7346.01,1.7687035,2460581.827979,PC
233747840,7347.01,60.8344877,2460525.83422,PC
289345412,7348.01,3.3390124,2460580.738338,PC
318756174,7564.01,3.3799879,2460683.322858,PC
52555068,7565.01,2.6241681,2460685.559578,APC
251186192,7566.01,2.9538158,2460684.620648,PC
5370009,7567.01,5.8119593,2460680.237854,PC
234595543,7568.01,1.4893903,2460688.252244,PC
95415033,7569.01,5.672796,2460686.424505,PC
130924120,757.01,17.4682298,2460039.192903,CP
172463434,7570.01,11.8106694,2460671.596918,PC
261944532,7571.01,5.2456808,2460685.963281,PC
237664324,7572.01,11.4961458,2460674.553933,APC
153696322,7573.01,0.7014613,2460688.361671,APC
159084486,7574.01,4.4802689,2460683.832618,PC
393412295,7575.01,13.2442861,2460678.505396,PC
206947218,7576.01,3.9531681,2460682.960738,PC
462162948,684.01,19.8507621,2460015.416494,PC
380886534,6840.01,8.9000334,2460208.636707,PC
257467784,6841.01,13.9285074,2460217.184676,PC
58858008,6842.01,5.3920955,2460209.338746,PC
369474541,6843.01,5.4977872,2460210.09279,PC
311086350,6844.01,3.8068712,2460209.334584,PC
399571743,6845.01,4.7443604,2460199.691734,PC
254296853,6846.01,3.334884,2460203.094247,PC
150063444,6847.01,1.3939452,2460205.921102,PC
230982415,6848.01,7.5954765,2460199.33583,PC
434100688,6849.01,1825.048364,2458371.510523,FP
281731203,685.01,11.6332127,2460268.402363,KP
9166136,6850.01,6.0803777,2460198.638691,PC
350861689,6851.01,12.0101118,2460185.03648,PC
166671025,6852.01,16.7382238,2460176.964493,PC
197808753,6853.01,10.636983,2460189.688644,PC
55363630,6854.01,2.7663479,2460203.737449,PC
274017513,6855.01,26.3333899,2460165.854371,PC
142385671,7081.01,12.7617794,2460394.126272,PC
22740615,7082.01,2.253174,2460393.685953,PC
286923515,7083.01,7.6253466,2460380.018139,PC
165337974,7084.01,21.8153374,2460544.198459,PC
364571121,7085.01,2.202258,2460554.822529,APC
199289712,7086.01,1.0092447,2460393.22877,PC
233266797,7087.01,7.9039906,2460555.516756,PC
274411493,7088.01,7.1554749,2460545.183019,APC
195933415,7089.01,1.5852089,2460366.591502,PC
396720998,709.01,32.3766006,2458392.822001,APC
396720998,709.02,777.0516742,2458399.221135,PC
166178400,7090.01,60.6825768,2460291.411091,PC
296327387,7091.01,4.8510805,2460549.960401,PC
195483731,7092.01,1.102219,2460558.163842,PC
62867537,7093.01,2.8371938,2460556.437706,APC
452864692,7094.01,2.1125062,2460422.037504,PC
395214388,7095.01,4.6745746,2460416.357819,PC
199488690,7096.01,3.3505745,2460565.044613,PC
293949992,7097.01,4.1560086,2460554.558834,PC
129198098,7349.01,2.980341,2460582.275155,PC
150271680,735.01,2.593694,2458543.967327,FP
257052211,7350.01,2.2175244,2460580.284648,FP
43921512,7351.01,3.8405138,2460576.973568,PC
411347315,7352.01,4.0662367,2460582.155533,FP
256778317,7353.01,6.2157513,2460582.686755,PC
259415341,7354.01,3.648769,2460583.073929,PC
160652910,7355.01,3.6814233,2460583.557935,PC
402992891,7356.01,17.3986129,2460565.340323,PC
270494650,7357.01,60.3541599,2460516.135267,PC
258634801,7358.01,7.0548729,2460578.01623,PC
18023524,7359.01,4.3656102,2460580.414015,PC
181804752,736.01,4.9899176,2458546.508066,CP
181804752,736.02,0.9479945,2458543.558006,CP
258822347,7360.01,30.7331484,2460582.084405,PC
120487017,7361.01,8.2158997,2460568.344536,PC
430666395,7362.01,1.1930966,2460582.727079,APC
306039307,7363.01,6.9929558,2460580.54688,PC
236644754,7364.01,2.9257773,2460584.089082,PC
12090836,7577.01,3.1969894,2460682.669057,PC
125260728,7578.01,5.3603536,2460679.53992,APC
95512789,7579.01,2.3277044,2460685.452931,PC
131081852,758.01,13.2735914,2458575.745477,FP
143168991,7580.01,19.5099226,2460668.361133,PC
143168991,7580.02,5.9284809,2460689.187565,PC
143168991,7580.03,12.2971298,2460668.351861,PC
350934357,7581.01,226.2820777,2460460.703803,PC
142914189,7582.01,7.6324317,2460711.884009,PC
110110529,7583.01,0.7180306,2460717.690064,PC
57047535,7584.01,18.6883288,2460739.851313,PC
100474173,7585.01,8.933107,2460709.955051,PC
142711195,7586.01,10.449811,2460713.383204,PC
294668702,7587.01,36.9078303,2460865.649717,PC
254301731,6856.01,0.6541517,2460206.118513,PC
281596890,6857.01,10.0512067,2460195.35678,PC
201254754,6858.01,3.3024845,2460202.53261,PC
237909527,6859.01,9.6804752,2460188.562657,PC
339857675,686.01,3.5137609,2458492.222242,PC
36646052,6860.01,0.6183488,2460232.578666,PC
293267224,6861.01,3.7942532,2460232.158547,PC
408508003,6862.01,8.2241876,2460225.54574,PC
419957314,6863.01,7.8407154,2460247.384759,PC
25959926,6864.01,15.5106583,2460255.84952,PC
405269313,6865.01,2.4465664,2460231.800776,PC
344224831,6866.01,8.0179256,2460224.827591,FP
405230669,6867.01,3.6810755,2460231.339643,PC
408506314,6868.01,3.4106422,2460227.771761,PC
28872266,6869.01,763.9701133,2459466.023416,PC
74534430,687.01,36.2995129,2459977.554802,PC
58726656,6870.01,6.6968572,2460277.871744,PC
426471754,6871.01,12.4652143,2460258.271979,PC
313922260,7098.01,1.3821651,2460420.866667,PC
430415564,7099.01,4.4264918,2460570.432916,PC
309402106,710.01,216.24584,2458343.942146,FP
325765282,7100.01,7.4156006,2460418.422197,PC
444209952,7101.01,1.8471592,2460422.426526,PC
469523613,7102.01,1.1838059,2460422.721923,PC
197604890,7103.01,5.3590843,2460565.253325,PC
371579161,7104.01,2.2215349,2460423.29306,FP
417564823,7105.01,17.0548288,2460421.980929,PC
66545173,7106.01,2.7945508,2460568.642831,PC
237019002,7107.01,8.6145655,2460418.354009,PC
430406538,7108.01,2.4425105,2460419.743954,PC
430845815,7109.01,3.2396607,2460419.556623,PC
38510224,711.01,18.3841259,2458329.915053,PC
38510224,711.02,35.9432773,2458342.537652,PC
266488971,7110.01,8.8182594,2460541.666163,PC
200465781,7111.01,7.0634276,2460422.363607,PC
66286602,7112.01,3.424993,2460569.248825,PC
335624180,7113.01,4.6351977,2460418.978111,PC
365712006,7114.01,3.0436916,2460421.843189,FP
120737368,7365.01,3.1924816,2460580.641468,PC
21349099,7366.01,3.753877,2460578.561665,PC
240535286,7367.01,2.9814911,2460578.688447,PC
256783400,7368.01,33.5792968,2460546.553568,PC
139350191,7369.01,10.2887023,2460574.789538,PC
219189765,737.01,1.7318529,2458544.430655,CP
97248423,7370.01,13.3079913,2460573.539447,PC
452727513,7371.01,18.9104241,2460559.124766,PC
369581703,7372.01,8.508462,2460578.884769,FP
10552342,7373.01,7.5414411,2460570.968533,FP
88641387,7374.01,17.0303122,2460582.682876,PC
395790368,7375.01,27.1970496,2460580.648685,PC
245349211,7376.01,7.4861705,2460581.133031,PC
255998336,7377.01,6.7735083,2460572.501975,PC
373196394,7378.01,7.0814677,2460582.875797,PC
427715152,7379.01,10.9911631,2460573.721491,PC
260304800,738.01,3.4405946,2458544.257701,PC
53461742,7380.01,4.4136877,2460663.330929,PC
279154795,7588.01,4.1835297,2460892.269125,PC
452837676,7589.01,1.4866436,2460716.089033,PC
152147232,759.01,4.2135662,2459331.163575,APC
148322608,7590.01,7.3364117,2460713.382013,PC
55967712,7591.01,14.2288072,2460714.187417,PC
267834862,7592.01,18.0214321,2460743.285001,PC
238394308,7593.01,34.3299701,2460719.885583,PC
308692360,7594.01,9.9892115,2460702.651463,PC
54272884,7595.01,15.482117,2460694.205313,PC
47248224,7596.01,5.5378585,2460713.876269,PC
167337562,7597.01,50.6660684,2460887.213792,PC
185620819,7598.01,13.3173115,2460718.562922,PC
142757891,7599.01,2.3428516,2460717.384483,APC
162362398,760.01,12.3396368,2458578.666284,APC
150096001,6872.01,11.0248821,2460251.64402,KP
67395329,6873.01,18.8204255,2460236.840703,PC
4426490,6874.01,2.668957,2460235.021932,FP
403693870,6875.01,3.5245689,2460235.651353,PC
377024332,6876.01,15.1771428,2460282.740869,FP
365007485,6877.01,33.5920255,2459521.373701,KP
262135904,6878.01,2.0990769,2460688.286547,FP
364955057,6879.01,13.5853161,2460263.238568,PC
339636032,688.01,6.8787507,2459986.414867,FP
4486230,6880.01,14.9166631,2460257.596462,PC
431899136,6881.01,1.9769396,2459934.873589,PC
293075732,6882.01,0.5666806,2460098.202957,FP
393818343,6883.01,16.2499357,2460509.987562,CP
156514476,6884.01,14.4217699,2459645.912631,CP
154067753,6885.01,11.6515287,2459617.529465,PC
397053253,6886.01,4.8003341,2459638.336302,PC
39174810,6887.01,6.5883481,2459647.31349,PC
361944563,7115.01,0.8738186,2460422.939267,APC
325908483,7116.01,18.9438583,2460547.31876,PC
199676274,7117.01,8.8691255,2460570.346055,APC
286382849,7118.01,37.8016862,2460335.382473,PC
420383981,7119.01,2.5933417,2460422.161169,PC
150151262,712.01,9.5313801,2460978.080561,CP
150151262,712.02,51.6991905,2460807.570093,CP
150151262,712.03,53.746482,2458417.120619,FA
150151262,712.04,84.83869,2460082.804195,CP
64198376,7120.01,3.1739167,2460417.301478,PC
469436001,7121.01,0.9739887,2460558.272226,FP
277853911,7123.01,0.3075961,2460422.955042,PC
345596003,7124.01,2.6414334,2460448.586834,PC
272829240,7125.01,21.7276636,2460435.644849,PC
344855300,7126.01,3.2966077,2460443.355876,PC
256418577,7127.01,3.3683989,2460443.235696,PC
269231011,7128.01,2.9650741,2460446.225112,PC
434086605,7129.01,8.8204144,2460446.144686,PC
167600516,713.01,35.9993588,2458346.710529,PC
52745699,7381.01,3.1653382,2460664.333169,PC
124128680,7382.01,1.0370296,2460663.461613,PC
11755687,7383.01,3.0522686,2460663.454963,KP
192833836,7384.01,6.2335155,2460668.525654,PC
235072851,7385.01,3.1191196,2460664.871072,PC
296354161,7386.01,6.0042191,2460693.847326,PC
300381700,7387.01,9.0856617,2460724.869283,PC
124573902,7388.01,0.3328569,2460718.288712,APC
224603921,7389.01,26.345109,2460658.743973,PC
279425357,739.01,9.0150439,2458547.482086,PC
160075684,7390.01,81.3716681,2458689.030976,PC
258776466,7391.01,7.4108495,2458685.982489,PC
198178859,7392.01,7.3050577,2458711.827601,PC
165598669,7393.01,3.3370666,2460369.408442,CP
161687211,7394.01,1.2529966,2460556.902315,CP
273234825,7395.01,125.8659048,2458719.72728,KP
350230694,7600.01,8.0105138,2460705.564397,PC
111741396,7601.01,6.7230209,2460714.653262,PC
156716001,7602.01,10.2977881,2460700.427709,PC
26046851,7603.01,6.6802856,2460712.433744,PC
405255920,7604.01,9.0409947,2460712.312261,PC
393626873,7605.01,2.5139692,2460742.136961,FP
63735024,7606.01,4.8870585,2460710.535729,PC
306772292,7607.01,13.8672643,2460879.849392,PC
177033137,7608.01,26.663112,2460858.033621,PC
108748840,7609.01,3.1952201,2460711.909408,PC
165317334,761.01,10.5557332,2458576.38961,PC
165317334,761.02,1.8320863,2458570.007581,PC
121341000,7610.01,22.1441161,2460700.970803,PC
231451287,7611.01,16.8812736,2460691.729519,PC
312543349,6888.01,19.9253903,2459886.753156,PC
282794970,6889.01,10.5465818,2459665.724956,PC
445822015,689.01,1.66402,2458545.05695,FP
5364106,6890.01,,2459256.542863,PC
165312726,6891.01,8.3106603,2459614.499062,PC
253054954,6892.01,17.8961832,2459616.90412,PC
272125414,6893.01,,2460231.546682,PC
67512645,6894.01,3.3706303,2459639.258654,CP
252537013,6895.01,7.0469712,2460600.030798,FP
9707944,6896.01,19.7357748,2459107.486055,PC
89043973,6897.01,8.330174,2459068.397736,PC
441158994,6898.01,18.1070683,2459065.544368,PC
139879080,6899.01,2.8625937,2458327.520562,PC
101497191,690.01,3.64376,2458547.35119,FP
140893722,6900.01,13.9223368,2458332.823317,PC
262928973,6901.01,3.2727859,2459036.647119,PC
167600516,713.02,1.8715209,2458325.894696,PC
434270112,7130.01,1.2433877,2460448.282106,PC
419524589,7131.01,5.3295884,2460442.171452,PC
404898080,7132.01,1.4716633,2460447.098472,PC
420018238,7133.01,3.8282053,2460444.955587,PC
269102377,7134.01,3.5899561,2460447.741586,PC
188539008,7135.01,10.6185545,2460428.760564,PC
470749725,7136.01,5.6897753,2460439.074838,PC
161687209,7137.01,1.2529962,2460556.902324,FP
269514008,7138.01,5.4149624,2460449.126023,PC
269330087,7139.01,3.8850223,2460446.086485,PC
219195044,714.01,4.3239329,2458412.826255,PC
219195044,714.02,10.1775475,2458419.10613,PC
371909591,7140.01,5.1879527,2460444.617322,PC
235717158,7141.01,2.4141149,2460478.279335,PC
263723781,7142.01,6.5433068,2460468.090924,PC
408548144,7143.01,1.1376981,2460478.124385,PC
400235555,7144.01,0.5289141,2460479.275372,PC
8416274,7145.01,23.2471066,2460411.471118,PC
273690178,7396.01,14.8589888,2458690.740709,KP
259238498,7397.01,26.6796741,2458688.865674,PC
122706449,7398.01,2.6068332,2460314.772985,PC
233194447,7399.01,,2458770.689852,PC
310009611,740.01,2.131225,2460036.326522,PC
333324340,7400.01,1.8289577,2460608.304783,PC
177697418,7401.01,4.3181867,2460605.876222,PC
455733237,7402.01,14.3640841,2460599.475512,PC
173706852,7403.01,10.1170644,2460604.194642,PC
352409708,7404.01,1.463442,2460608.458229,PC
374173310,7405.01,15.4474502,2460604.369491,PC
173615288,7406.01,2.8885639,2460606.164783,PC
439939258,7407.01,4.4640046,2460607.117558,PC
202648961,7408.01,8.0242387,2460600.375529,PC
432224130,7409.01,2.6800806,2460608.457188,PC
359271092,741.01,7.5768334,2460006.41417,CP
352107384,7410.01,3.5043637,2460603.493826,PC
440001383,7411.01,3.1551543,2460604.178838,PC
289481977,7612.01,10.8739662,2460697.314225,PC
409796937,7613.01,6.3162561,2460707.754729,APC
132766482,7614.01,21.7456169,2460697.576014,PC
348899056,7615.01,2.1670093,2460891.65865,PC
285212983,7616.01,1.9622504,2460744.696219,APC
385796857,7617.01,3.933506,2460713.810843,PC
54391400,7618.01,6.7722112,2460714.39101,PC
412386707,7619.01,39.2959509,2460694.523694,PC
178709444,762.01,3.4716808,2459329.505631,CP
167165932,7620.01,145.1966742,2460080.660945,PC
130958848,7621.01,14.2391963,2460692.774909,PC
141279435,7622.01,40.8216519,2460890.941494,PC
279262080,7623.01,4.3507956,2460434.942225,PC
236817690,7624.01,16.7788188,2458718.694562,PC
167656187,6902.01,36.4358589,2458358.329043,PC
9216075,6903.01,4.9676784,2458357.606713,APC
387294150,6904.01,16.8267434,2459038.047363,PC
354846183,6905.01,1083.5575987,2459044.538434,PC
195192253,6906.01,3.4770171,2460260.963304,PC
198185513,6907.01,3.3795099,2460286.464218,PC
197039766,6908.01,3.7120776,2460288.919876,PC
252913663,6909.01,4.4284676,2460286.806094,PC
156991337,691.01,6.9055908,2460684.183192,FP
288471046,6910.01,2.5139302,2460286.751606,PC
428812049,6911.01,16.2520546,2460645.525605,PC
67181830,6912.01,7.63779,2460302.339448,PC
121070864,6913.01,0.5843146,2460312.097225,PC
59369068,6914.01,9.3079811,2459541.688032,PC
367439938,6915.01,2.4915545,2460307.879824,PC
264159776,6916.01,3.9155539,2459222.28434,PC
47220926,6917.01,9.7716812,2460251.990426,PC
402848417,7146.01,28.4664618,2460452.349237,FP
405542683,7147.01,1.3473988,2460478.300226,PC
351599985,7148.01,1.3432587,2460479.465086,PC
459323923,7149.01,2.6520679,2460475.347656,CP
271971130,715.01,19.2879579,2458327.552087,CP
352284958,7150.01,0.8818115,2460478.398152,PC
331619598,7151.01,7.1467369,2460466.65721,PC
378860702,7152.01,3.1875721,2460475.218903,PC
154869806,7153.01,27.6174987,2460435.799232,PC
377622130,7154.01,8.8600515,2460464.049893,CP
468350765,7155.01,3.8949005,2460477.353609,PC
376354189,7156.01,1.9299641,2460478.565091,PC
469523619,7157.01,1.1838063,2460422.722728,PC
431033767,7158.01,3.338577,2460423.52283,PC
444159424,7159.01,8.8922064,2460418.158216,PC
119081096,716.01,0.83707,2458518.10991,FP
154264903,7160.01,3.0825102,2460571.181382,PC
415461195,7161.01,3.8285502,2460417.120955,PC
341005781,7162.01,8.6393678,2460555.536835,PC
177494632,7412.01,1.7636086,2460608.293547,PC
154480367,7413.01,3.8037696,2460609.793966,PC
127426341,7414.01,7.899462,2460601.373333,PC
374177909,7415.01,0.1638211,2460610.088051,FP
191373021,7416.01,0.3013943,2460610.041379,FP
25624952,7417.01,3.1239462,2460609.806852,FP
291732201,7418.01,6.7415334,2460604.284664,FP
199296714,7419.01,1.3777496,2460608.298102,PC
373424049,742.01,0.961917,2460745.307622,FP
259188347,7420.01,25.5249554,2460592.498987,PC
354478327,7421.01,0.3489261,2460610.28484,PC
302477411,7422.01,3.3593261,2460635.772641,PC
279871772,7423.01,2.889977,2460635.873701,PC
61520064,7424.01,3.1271505,2460631.491286,PC
285592400,7425.01,1.2815706,2460633.587611,PC
186530554,7426.01,0.766526,2460635.879998,PC
422707559,7427.01,3.5254649,2460629.067323,PC
13036318,7428.01,3.1467998,2460631.620681,PC
436875993,7429.01,4.7117395,2460632.919652,PC
298308533,7625.01,9.3966438,2460605.469868,PC
229605578,7626.01,5.0712059,2458687.940568,PC
431838716,7627.01,5.2813531,2460655.283981,PC
429123881,7628.01,4.0391331,2460655.445179,PC
414919755,7629.01,1.8202857,2460660.77646,PC
178819686,763.01,5.6057748,2460046.424157,CP
178819686,763.02,12.2772444,2460046.212045,CP
391090520,7630.01,1.8307981,2460660.030398,PC
357956179,7631.01,15.6862385,2460633.620542,PC
434373518,7632.01,19.227477,2460255.857639,PC
234603808,7633.01,3.6746814,2460682.036124,PC
124183167,7634.01,2.2807843,2460685.378705,PC
67196266,7635.01,7.6516944,2460676.242511,PC
97715482,7636.01,3.4291124,2460684.783372,PC
53596439,7637.01,5.916282,2460682.904645,PC
365509373,6918.01,14.2308461,2460237.50057,PC
69054388,6919.01,0.7603078,2460257.988955,APC
320417762,692.01,1.03604,2458491.74051,FA
84126162,6920.01,3.6688102,2460254.527369,FP
58474992,6921.01,25.714253,2460195.279658,FP
114422211,6922.01,5.0989519,2460279.448492,PC
418184767,6923.01,6.7274903,2460279.688465,PC
91777086,6924.01,91.9283414,2459402.288342,PC
57147191,6925.01,5.9785287,2460282.555616,PC
76731445,6926.01,8.2864221,2460278.003661,PC
67349298,6927.01,4.3427321,2460285.161253,PC
45376816,6928.01,3.8978437,2460284.495498,PC
49524528,6929.01,719.5740937,2459561.065029,PC
458589703,693.01,,2458506.49374,FA
462507821,6930.01,7.2218817,2460273.053249,PC
307375528,6931.01,2.2183625,2460283.230469,PC
63307816,6932.01,8.9533044,2460267.79967,PC
78290597,6933.01,9.765482,2460279.092063,PC
19560484,6934.01,2.8398671,2460282.962785,PC
343774169,7163.01,5.3913891,2460414.450374,PC
326470400,7164.01,736.5528811,2460087.796502,FP
239277658,7165.01,3.2509657,2460534.504554,KP
288421619,7166.01,12.9228111,2460537.646846,CP
456482025,7167.01,13.723753,2460563.749169,PC
427685831,7168.01,1.7497746,2460560.085062,KP
372048733,7169.01,3.4375711,2460560.150984,PC
275248683,717.01,0.53079,2458518.26617,FP
63100069,7170.01,1.917096,2460234.779918,PC
420191136,7171.01,23.5367004,2460577.801284,PC
302173245,7172.01,2.7547949,2460585.788869,PC
268727719,7173.01,0.6257352,2460584.788484,FP
25472026,7174.01,4.2422767,2460586.04538,PC
26999884,7175.01,2.9944941,2460607.53278,PC
44161614,7176.01,,2459835.668518,PC
51768374,7177.01,6.8434236,2460584.132916,PC
419877797,7178.01,5.2169076,2460581.426091,PC
434486077,743.01,2.2284671,2459989.182624,PC
264193444,7430.01,21.4930896,2460633.869166,PC
347018922,7431.01,1.1919382,2460635.558306,FP
192321638,7432.01,7.0309061,2460626.511505,PC
450012972,7433.01,1.8179336,2460635.003251,PC
250478345,7434.01,2.4228387,2460635.36493,PC
77258176,7435.01,4.6821297,2460631.289575,PC
305830609,7436.01,4.0616142,2460629.162988,PC
73692250,7437.01,2.5726086,2460630.908505,PC
387527174,7438.01,1.1253333,2460661.88232,PC
335037151,7439.01,3.5466109,2460633.469113,PC
437242640,744.01,4.3176859,2460031.706114,KP
252045206,7440.01,34.0796886,2460621.625543,PC
467602108,7441.01,2.2351679,2460635.017813,PC
196389062,7442.01,2.6358758,2460635.299158,PC
22659404,7443.01,2.7472062,2460632.210599,PC
470898625,7444.01,5.885604,2460640.734825,APC
245665919,7445.01,6.2144045,2460658.656299,PC
374122973,7446.01,3.5044728,2460635.953424,PC
193164274,7848.01,4.0024596,2460854.741483,PC
447462887,7849.01,1.608376,2460853.779473,PC
374829238,785.01,18.6286102,2458363.856387,PC
410056850,7850.01,10.6129868,2461104.277541,PC
73232401,7851.01,11.0007983,2461102.904233,PC
951438622,7852.01,0.2359467,2461100.832208,KP
341497604,7853.01,1.6886248,2461101.555301,PC
124095894,7854.01,1.1260914,2461100.976498,PC
375059587,786.01,12.6693847,2460987.39592,PC
375059587,786.02,38.5539344,2460932.121376,PC
350584963,787.01,2.1263165,2458325.898549,PC
349829627,788.01,6.4872362,2458329.387247,PC
300710077,789.01,5.4470648,2458329.104549,PC
300710077,789.02,12.9707041,2458334.767805,PC
300710077,789.03,8.0432343,2458329.979145,PC
308994098,790.01,199.5779073,2458352.487862,PC
308994098,790.02,41.0175174,2458345.441513,PC
308994098,790.03,,2460203.621473,PC
306472057,791.01,139.3048512,2458427.621432,CP
306472057,791.02,928.0455814,2458583.273564,CP
294780517,792.01,15.6477055,2458416.495917,FP
300013921,793.01,54.6616036,2459236.957286,FP
299945285,794.01,52.4072665,2458392.47459,PC
278895705,795.01,8.7609762,2460921.837777,PC
277099925,796.01,0.8086308,2458325.966891,FA
271596225,797.01,1.8007935,2458326.820677,PC
271596225,797.02,4.1400062,2458327.416156,PC
271596225,797.03,2.7309449,2458327.46865,PC
260640693,798.01,95.2391755,2458358.460287,APC
255685030,799.01,5.5451661,2458439.49915,PC
179308757,800.01,0.9657303,2458354.979775,APC
177258735,801.01,0.775701,2460932.758105,PC
167303382,802.01,3.693916,2458327.391469,PC
143526444,803.01,15.3050693,2459974.31761,FP
41227743,804.01,1.4188153,2458326.243939,FP
38460940,805.01,4.1177649,2459357.993045,PC
33831980,806.01,21.9166429,2458346.013246,PC
30853470,807.01,5.2702557,2458327.653935,PC
30122649,808.01,9.7394089,2458526.848747,PC
149301575,809.01,183.458919,2458340.472565,APC
388106759,810.01,28.3057042,2458332.251515,PC
388106759,810.02,90.8479191,2458406.67059,PC
100757807,811.01,25.1760133,2459193.531565,PC
363914762,812.01,13.8665912,2459249.58779,PC
55525572,813.01,83.8962434,2459125.846913,CP
255760319,814.01,7.21048,2458359.73394,FP
102840239,815.01,11.1972769,2460026.624284,CP
102840239,815.02,734.4987702,2460023.129913,CP
175180796,816.01,1.55747,2458493.44312,FP
30312676,817.01,1.10223,2459126.7692,FP
46096489,818.01,3.118536,2458598.072777,KP
73717937,819.01,16.2546802,2459301.040554,KP
111991770,820.01,3.752062,2458599.445086,KP
125405602,821.01,13.823303,2458606.784642,FA
127530399,822.01,7.1335149,2458602.855939,KP
127530399,822.02,1.0115336,2458597.575673,CP
158978373,823.01,13.5337579,2458609.010777,APC
193641523,824.01,1.3929721,2458597.813432,CP
220029715,825.01,3.1853186,2458598.749132,KP
243200602,826.01,11.5509742,2460063.00836,KP
270507305,827.01,1.2282706,2458597.454096,APC
271168962,828.01,5.3220505,2460043.844612,KP
276128561,829.01,3.2877916,2459334.53125,PC
281924357,830.01,15.0405221,2458584.453568,PC
307610438,831.01,1.5617357,2458597.273868,APC
350332997,832.01,1.9160221,2459357.079526,FP
362249359,833.01,1.041889,2458544.120496,CP
404340025,834.01,2.6755521,2458597.038666,KP
405700729,835.01,4.7920153,2458600.307433,PC
440887364,836.01,8.5954792,2459356.164023,CP
440887364,836.02,3.8167262,2459355.705342,CP
460205581,837.01,8.3249172,2460022.80686,CP
461271719,838.01,7.6246239,2458603.195906,FP
466840711,839.01,2.4855428,2458571.553691,KP
287563610,840.01,3.7993182,2459328.560231,KP
238932509,841.01,3.4934316,2459353.972698,PC
141768070,842.01,2.7863813,2458569.617192,PC
437333618,843.01,4.2986466,2458598.424853,KP
380886535,844.01,8.9066251,2459451.724033,FP
32283946,845.01,7.06181,2458389.0024,FP
229141709,846.01,14.20489,2458363.76296,FP
231289421,847.01,3.2063107,2459118.662958,PC
42015200,848.01,9.77742,2458391.66318,FP
33595516,849.01,0.76566,2458384.01956,CP
423670610,850.01,10.32103,2458384.40921,APC
40083958,851.01,0.6296,2459141.24058,APC
29918916,852.01,4.943336,2459138.585219,PC
138727432,853.01,6.8646554,2459139.838276,PC
160222069,854.01,5.8508237,2459089.0623,APC
269558487,855.01,1.8301156,2459497.639662,PC
306338882,856.01,5.4014,2458387.38778,APC
404467699,857.01,3.9080236,2459137.830843,KP
198008005,858.01,3.2797206,2459088.312108,CP
150430484,859.01,5.1543265,2460935.657384,PC
321011127,860.01,6.4535152,2459139.444944,PC
372913430,861.01,6.7391601,2460894.248512,FP
309254930,862.01,3.3102159,2459062.548458,PC
238898571,863.01,0.5251251,2458438.456112,PC
231728511,864.01,0.520671,2458411.15307,PC
44797824,865.01,0.7455787,2458411.586206,APC
381976956,866.01,22.338916,2458330.873539,FA
358460246,867.01,15.4043768,2458326.182858,PC
271596418,868.01,0.556109,2458325.748771,FP
200807066,869.01,26.2588239,2458404.072952,FA
219229644,870.01,22.0379547,2458390.800785,PC
219344917,871.01,14.362738,2458417.051084,CP
220459826,872.01,2.2395544,2458411.717988,PC
220459826,872.02,4.9727711,2458415.298849,PC
237920046,873.01,5.9312003,2458326.224903,PC
232025086,874.01,5.9049733,2458439.488994,PC
14165625,875.01,11.020153,2458442.024946,PC
32497972,876.01,29.4829022,2458457.39545,PC
255704097,877.01,6.015802,2459174.826371,APC
219380235,878.01,3.9773904,2459196.628398,FA
37084932,879.01,6.58454,2458470.64431,FP
34077285,880.01,6.3872524,2459224.830978,PC
34077285,880.02,2.5735943,2460663.874669,CP
34077285,880.03,14.3318853,2459220.659691,PC
237808867,881.01,0.56708,2458468.86467,FP
92013169,882.01,2.3552639,2460282.512522,FP
123846039,883.01,10.0577297,2459200.686728,PC
167031605,884.01,2.7809,2458468.69741,FP
25334160,885.01,2.56876,2458471.20029,APC
120269103,886.01,20.4276727,2459203.108337,FP
437984134,887.01,5.77114,2458472.07754,APC
438295981,888.01,3.96643,2458472.15837,FP
284288080,889.01,1.83485,2458469.90719,FP
333607525,890.01,3.2022978,2459226.741148,APC
33690636,891.01,4.99915,2458468.9545,FP
66561343,892.01,10.6265837,2459219.552074,CP
123958679,893.01,5.6148305,2459210.205916,PC
42755801,894.01,4.3433389,2459225.901334,FP
250484865,895.01,0.76189,2458468.75811,FP
102283403,896.01,3.52985,2458471.13285,FA
229384040,897.01,1.2980202,2459211.72088,FP
124543547,898.01,,2458487.5,FP
177162886,899.01,12.8461943,2458544.868477,PC
210873792,900.01,4.8495236,2458626.476544,PC
214361331,901.01,3.2308423,2459362.247825,PC
216935214,902.01,18.2592673,2458633.240139,APC
238197638,903.01,7.2766004,2460044.048378,PC
261257684,904.01,10.8772748,2458626.968411,CP
261257684,904.02,83.9993991,2458630.353329,CP
261867566,905.01,3.7395716,2458628.349689,CP
298372701,906.01,1.6647888,2460094.242152,PC
305424003,907.01,4.5849129,2458627.05684,CP
350153977,908.01,3.1837789,2458626.550518,CP
364107753,909.01,3.9043855,2460119.573617,FP
369327947,910.01,2.0291067,2458626.204389,CP
389070884,911.01,8.5841822,2458627.859074,APC
406941612,912.01,4.678059,2458628.407636,CP
407126408,913.01,11.099348,2458625.210727,CP
407126408,913.02,1469.8512039,2458648.072029,PC
153027658,914.01,2.3374921,2458384.9247,FP
259389219,915.01,2.3250156,2459199.865578,FP
348844154,916.01,29.17362,2458343.2066,FP
207237016,917.01,26.4126517,2459104.563086,PC
294869729,918.01,1.1140067,2459199.904943,FP
150167117,919.01,20.0272717,2459045.82948,APC
271722899,920.01,19.2998,2458335.23411,FP
278775625,921.01,5.1287265,2459036.701454,PC
278199349,922.01,9.46516,2458418.21857,FP
301051430,923.01,3.2744665,2459117.395284,FP
382068562,924.01,12.1272702,2459045.879938,PC
300599466,925.01,13.17741,2458331.86537,FP
176796997,926.01,1.7957918,2459168.347895,PC
261258875,927.01,2.5852,2458327.45003,FP
300557619,928.01,30.57908,2458350.32222,FP
175532955,929.01,5.830149,2459169.679461,PC
36811910,7768.01,5.4018835,2460774.803598,PC
303865520,7769.01,3.143678,2460773.140819,PC
334305570,777.01,8.3008562,2458575.779958,PC
73983171,7770.01,2.9997292,2460799.533259,PC
198294279,7771.01,0.5853027,2460800.293762,PC
309694541,7772.01,3.3119514,2460797.035911,KP
49729638,7773.01,3.2397806,2460795.244729,PC
31061885,7774.01,1.7985326,2460800.430561,PC
354809215,7775.01,6.271354,2460790.246543,PC
422568868,7776.01,2.2160533,2460799.050601,PC
68123867,7777.01,6.2990916,2460796.487974,PC
347866089,7778.01,0.696404,2460802.377342,PC
434620877,7779.01,2.8987252,2460799.614671,PC
335630746,778.01,4.6336155,2459574.942709,CP
437346961,7780.01,2.6978073,2460798.73817,PC
100921768,930.01,4.90038,2459165.027663,PC
206474443,931.01,3.2452094,2459169.291398,PC
260417932,932.01,19.3106015,2459068.256452,PC
260417932,932.02,7.9856481,2459380.465927,PC
260130483,933.01,88.9350637,2458611.742342,PC
220475245,934.01,3.7817383,2458625.082479,PC
260476837,935.01,2.23294,2458327.85012,FP
278198753,936.01,7.936533,2460127.938065,PC
425163745,937.01,0.27664,2458438.55668,FP
332660150,938.01,8.8073507,2459193.804926,PC
67772767,939.01,7.6107227,2459199.364902,PC
248434716,940.01,0.7386689,2459199.145034,APC
408137826,941.01,8.5145626,2459198.275288,PC
146520535,942.01,4.32765,2458441.57167,CP
399871011,943.01,12.35611,2458444.27026,PC
434234955,944.01,6.0588453,2459196.69943,FP
167714792,945.01,0.9298045,2459199.603438,PC
219205407,946.01,6.1253092,2459356.387875,FP
67607738,7781.01,4.0160476,2460793.684691,PC
77466620,7782.01,3.4695282,2460794.923319,PC
38691375,7783.01,3.0101625,2460794.304612,PC
26040447,7784.01,0.6109884,2460802.528906,PC
115018003,7785.01,1.2932682,2460798.514722,PC
346069206,7786.01,1.0730268,2460801.656879,PC
17798086,7787.01,2.2189649,2460799.292447,PC
23847464,7788.01,3.2160092,2460798.981686,PC
37126544,7789.01,6.2948958,2460791.316715,PC
374095457,779.01,0.7839149,2458543.83064,PC
434949776,7790.01,3.1764755,2460797.497432,PC
51680381,7791.01,10.514189,2460823.688549,PC
33400193,7792.01,14.7310971,2460812.012761,PC
102181368,7793.01,3.6337832,2460827.756992,PC
441919395,7794.01,4.7464662,2460826.120236,PC
262330063,947.01,7.31523,2458444.9382,APC
146438872,948.01,12.7009,2458442.13529,APC
189013222,949.01,1.3228701,2459199.159811,FP
245947683,950.01,1.14288,2458439.35452,FA
449050247,951.01,2.96845,2458441.2993,FP
319312479,952.01,1.79011,2459168.2004,PC
449050248,953.01,2.96844,2458441.29935,FP
44792534,954.01,3.68497,2459167.32483,CP
146467675,955.01,1.6375303,2459199.705849,FP
146434840,956.01,17.95473,2458445.26599,FP
249067445,957.01,0.8317937,2459198.9042,FP
92880568,958.01,0.5875044,2459199.98007,APC
279999655,959.01,1.54104,2458492.69541,FP
5109298,960.01,1.6187107,2459202.960241,FP
265077027,961.01,4.79586,2458496.16829,FP
141776043,962.01,4.06269,2458493.35787,FP
25799609,963.01,11.1178464,2459235.097859,PC
179155220,964.01,0.60274,2458491.88882,FP
179159972,965.01,1.37101,2458491.95227,FP
68792475,7795.01,3.9948066,2460822.181021,PC
301023390,7796.01,3.2569952,2460824.487287,PC
127361441,7797.01,6.3586318,2460818.894601,PC
237343052,7798.01,7.7191755,2460822.37145,PC
309845124,7799.01,2.3516995,2460827.357322,PC
398943781,780.01,3.0524018,2459329.902022,KP
311010709,7800.01,1.6992461,2460827.294104,PC
301271430,7801.01,17.9697896,2460799.725495,PC
301271430,7801.02,8.2485156,2460819.490768,PC
335919075,7802.01,3.6975993,2460823.579168,PC
449292005,7803.01,2.9924309,2460823.965294,PC
250294534,7804.01,5.8597331,2460820.969741,PC
353111680,7805.01,3.1063425,2460823.825665,PC
422078739,7806.01,2.212242,2460824.747176,PC
69538264,7807.01,3.0780547,2460824.559654,PC
178367144,966.01,3.4091568,2459965.700001,KP
445586472,967.01,1.7393631,2459230.004598,FP
453209605,968.01,2.80944,2458493.61746,FP
280437559,969.01,1.8237371,2459248.377773,CP
174599051,970.01,4.9857808,2459229.048399,PC
177722855,971.01,2.3960724,2459225.430047,FP
125894957,972.01,2.67425,2458493.15026,FP
409459226,973.01,1.27997,2458491.82839,FP
333821572,974.01,2.8259491,2459985.027628,FP
133654092,975.01,1.97353,2458493.1271,FP
347098457,976.01,3.1510408,2459230.210781,FP
268371979,977.01,2.78102,2458492.39581,FP
73038411,978.01,13.1660135,2459977.379099,PC
5772442,979.01,1.10578,2458492.50181,FP
93594834,980.01,1.3387555,2459228.778145,FP
127476180,981.01,1.6038093,2460715.502404,FP
177126182,982.01,6.3037582,2459216.0127,FP
148659924,983.01,7.3816254,2459973.559152,FP
166510722,7808.01,5.0184758,2460820.381182,PC
206167837,7809.01,3.2526004,2460824.190063,PC
413376180,781.01,1.3541342,2458570.772731,KP
269244393,7810.01,24.7301276,2460797.346421,PC
317916019,7811.01,6.1178462,2460819.143947,PC
206553642,7812.01,3.4662325,2460823.194794,PC
13663443,7813.01,3.0135111,2460822.888558,PC
279356,7814.01,3.5575696,2460824.499411,PC
913035,7815.01,5.5248485,2460827.338433,PC
442381495,7816.01,1.9979321,2460825.108903,PC
155744976,7817.01,3.8804199,2460828.438762,PC
51217656,7818.01,3.0448758,2460826.42275,PC
169725951,7819.01,8.0094373,2460822.3006,PC
429358906,782.01,8.0239811,2458577.042174,CP
317916466,7820.01,14.1865468,2460821.950474,PC
33091633,984.01,7.52118,2458495.71336,FP
425220920,985.01,8.76905,2458494.52201,FP
320536216,986.01,0.5476699,2460716.58341,FP
52548453,987.01,5.2146757,2460686.110094,FP
113553629,988.01,4.30438,2458491.91542,FP
207277638,989.01,3.121181,2460255.030178,APC
88684250,990.01,4.587386,2459981.051319,PC
7561203,991.01,2.4843225,2459987.447924,PC
108835813,992.01,4.76516,2458494.06581,FP
259353953,993.01,1.4635019,2459985.812048,PC
93963408,994.01,2.396722,2459229.899754,FP
317951248,995.01,3.4438,2458493.5283,FP
142918609,996.01,14.5378,2458494.77797,FP
341729521,997.01,8.4134856,2459230.149086,FP
54390047,998.01,0.941436,2459229.569561,FP
341186896,999.01,1.5078959,2459985.987965,FP
422037052,7821.01,13.6915593,2460814.667377,PC
146320244,7822.01,4.497299,2461077.315812,PC
1104064500,7823.01,2.0977256,2461074.547254,PC
73644471,7824.01,4.5947031,2461078.106743,PC
193096383,7825.01,4.8578879,2461077.651518,PC
434452008,7826.01,24.3344025,2460730.012327,PC
405421485,7827.01,13.1403668,2460725.789828,PC
441058440,7828.01,3.8044688,2460769.00818,PC
289909884,7829.01,21.1908211,2460764.698545,PC
451645081,783.01,8.1125147,2459312.121241,PC
340383885,7830.01,4.1483906,2460849.05581,PC
21355897,7831.01,5.3428266,2460853.946213,PC
60091800,7832.01,1.7389103,2460852.918314,PC
447419723,7833.01,13.8615779,2460847.329127,PC
237164114,7834.01,3.9818576,2460851.041502,PC
326266811,7835.01,4.5880019,2460853.010046,PC
161421929,7836.01,22.8439476,2460826.042028,PC
265523693,7837.01,0.4669515,2460854.444139,PC
323624496,7838.01,2.0706365,2460853.846602,PC
465283863,7839.01,4.5533194,2460849.966203,PC
460984940,784.01,2.7970316,2460038.66554,CP
395186430,7840.01,20.400339,2460846.903587,PC
160679177,7841.01,6.0284737,2460849.208934,PC
307398951,7842.01,4.4468439,2460853.046677,PC
55578720,7843.01,6.5835571,2460843.81279,PC
395745531,7844.01,20.2550822,2460838.235931,PC
263313709,7845.01,5.7023604,2460851.602616,PC
194721330,7846.01,3.9374688,2460847.516379,PC
157703394,7847.01,6.1029034,2460852.475039,PC
