TIC,Per,e_Per,BJD0,Morph
0185259483,0.310564,1.4082922e-07,1544.164633,0.837
0307990280,2.3159117,3.0407871e-05,1546.118024,0.932
0387178621,8.1871258,4.664703e-05,1548.193069,0.545
0300560295,20.588776,6.2427103e-05,1603.567276,0.044
0318185328,0.3683055,1.6045199e-06,1544.643095,0.745
0363326796,11.3956206,0.00023710157,1553.843475,0.16
0073764693,0.139296,2.6355675e-05,1544.388542,0.657
0031273263,22.5729583,0.0010021914,1337.915766,0.081
0279955276,0.5768497,2.2224993e-07,1326.275208,0.636
0144167463,2.1466378,0.00012232685,1544.874663,0.899
0364325969,0.4198945,1.7364369e-07,1544.665861,0.798
0302038263,1.5472603,3.00499e-06,1545.226842,0.528
0176983267,0.4180924,3.2013245e-07,1544.408833,0.991
0308751185,1.3616205,2.2522939e-05,1544.68164,0.94
0341550561,1.1057183,6.6482197e-06,1493.729613,0.847
0140757590,0.4184041,9.3026144e-07,1544.571871,0.865
0140084919,0.8450043,4.9720408e-06,1518.534148,1.011
0177118376,0.4112904,4.4010114e-07,1544.148752,0.878
0388179896,0.3098493,1.7611693e-08,1354.24024,0.721
0177308817,23.8960519,0.00023794486,1339.631384,0.067
0142013583,0.3220011,3.1561076e-07,1544.841909,0.964
0031415131,0.7896026,3.3522157e-06,1544.781214,0.63
0146530594,27.0879453,0.0013092551,1561.765652,0.132
0167719897,0.5133215,3.187454e-07,1570.687976,0.941
0391906858,1.1471897,8.8874796e-05,1545.197888,0.933
0349911034,0.5384816,4.2226399e-06,1544.251113,0.553
0349642881,1.4735083,1.5390682e-05,1598.700713,0.346
0150101472,3.2785242,2.3908926e-06,1547.331721,0.352
0022221233,1.8623447,0.000219832,1544.767221,0.686
0093997745,1.124485,2.9919995e-06,1518.825569,0.905
0177258700,0.6879647,2.9956117e-07,1598.676909,0.811
0189639080,3.1337762,3.483503e-06,1517.285695,0.162
0382069441,5.4786639,0.0099463422,1327.777811,0.615
0349518145,8.2798747,1.8669396e-05,1327.574927,0.15
0289801742,1.3896275,9.0214003e-06,1545.778843,0.63
0106309554,1.1031609,1.1210896e-05,1544.478376,0.638
0468997317,3.7500535,0.00031664484,1551.616807,0.325
0167005326,0.7204063,2.3743683e-06,1598.513864,0.689
0321312438,1.1847683,3.6192796e-05,1570.67903,0.507
0450276745,1.266478,1.0558848e-07,1570.782528,0.585
0135244338,0.6149767,4.7324996e-06,1571.370454,0.963
0181226974,1.9353781,7.3550089e-05,1572.39012,0.538
0005981829,1.799076,4.8356671e-05,1571.120876,0.607
0293081694,1.2561019,2.045853e-05,1571.575223,0.659
0457427613,1.2228117,1.6690786e-05,1570.149996,0.599
0167722431,0.5411687,1.5437831e-06,1544.801763,0.689
0167692491,0.4208575,5.0792121e-08,1570.619422,0.973
0294206967,2.7580575,8.1602911e-05,1598.883659,0.483
0228760807,0.7779784,2.2550409e-06,1571.438988,0.511
0295885511,5.0547566,5.4650113e-06,1571.944387,0.475
0038586438,1.1112853,2.0294742e-07,1325.336622,0.368
0398850090,13.1813342,0.00015089812,1579.023368,0.107
0073177813,8.8160188,0.0038795034,1574.965564,0.608
0030313682,5.7273674,5.2733662e-06,1329.89694,0.422
0308085294,4.3329138,0.0082875182,1359.577415,0.807
0300293197,13.1176103,0.0010091039,1592.589334,0.443
0364302118,1.3453456,5.4846478e-07,1326.444544,0.56
0272357134,4.1969492,1.0132965e-06,1571.969612,0.497
0318986273,3.1070197,0.0004825211,1570.253431,0.532
0261677352,1.1467472,1.6200935e-05,1571.856,0.873
0355151781,1.5807272,4.5083348e-07,1545.275044,0.978
0276935987,4.2507272,8.194242e-05,1324.401216,0.663
0349480507,1.5620192,1.7814617e-07,1355.493939,0.552
0072121778,6.0117788,0.0003378114,1571.994553,0.162
0390549095,1.8695387,0.00010284565,1569.987336,0.644
0300443831,0.8474457,1.5208856e-07,1354.467439,0.883
0167338355,0.2883619,2.2014396e-06,1544.668605,0.748
0294784522,0.4956179,2.2654826e-08,1354.288633,0.848
0347752831,2.164663,3.0136268e-06,1572.058929,0.26
0149473467,1.0948857,2.8306157e-06,1325.848446,0.606
0278822321,0.6391327,9.6504393e-07,1545.340289,0.806
0421191260,2.6857639,0.0096591271,1571.597949,0.493
0229889119,0.8875197,6.0645958e-07,1571.660672,0.75
0434515577,0.3166313,5.3153433e-06,1571.106475,0.88
0149976187,0.8968788,2.1664294e-07,1492.372537,0.674
0033715938,1.4392968,6.0376374e-08,1325.22119,0.529
0294092960,0.9022575,4.4672517e-06,1571.428415,0.671
0149629043,2.1881105,1.1686077e-06,1545.760118,0.455
0093000166,2.8570926,8.7138362e-06,1571.405722,0.332
0167891342,0.6335889,2.5947065e-06,1544.956493,0.797
0451960523,2.4461201,7.5095043e-05,1570.866672,0.552
0107012110,3.0311832,0.0016253486,1571.52082,0.349
0135050395,6.7599877,1.3652035e-06,1574.486047,0.123
0167123437,0.767151,1.9798028e-06,1570.548008,0.518
0023555025,4.7456775,0.0038224015,1546.086083,0.346
0320228013,6.8002103,0.00011008126,1571.053077,0.55
0458859193,1.149914,2.6440281e-06,1569.395482,0.608
0391643922,17.7969142,0.00090744025,1592.111179,0.197
0151826930,2.6952751,3.1234356e-05,1546.042888,0.485
0141606986,0.3438411,9.016627e-08,1325.46758,0.731
0260161144,2.2341666,1.6210985e-05,1571.084849,0.458
0355152640,22.1189597,0.00020881699,1564.660827,0.212
0022390773,11.3051195,0.00025119732,1572.061846,0.109
0279569718,3.9794037,1.682812e-05,1356.108277,0.353
0454013359,5.147686,5.9835556e-07,1575.28498,0.345
0176937887,0.6574974,2.9114179e-07,1571.193008,0.539
0349832824,1.0407309,1.7024917e-07,1325.932248,0.519
0294261093,2.6583152,5.0026322e-05,1568.542123,0.614
0391927558,0.5429778,6.0108572e-05,1544.414855,0.641
0350518984,23.9165758,0.00011843593,1610.870613,0.021
0293109489,1.2650517,0.00019879064,1571.251826,0.453
0350478924,0.4370846,6.0418141e-08,1571.291745,0.741
0423530755,4.6843069,7.6352325e-05,1573.22419,0.242
0294273900,0.4722803,2.8197252e-07,1329.015879,0.829
0309659126,0.2482701,1.3329962e-07,1354.40346,0.772
0157175641,0.3702377,8.09621e-07,1570.778369,0.789
0302043038,16.7212031,2.0775841e-05,1546.653054,0.131
0320855910,2.7546793,7.4377737e-05,1571.091142,0.487
0405387285,0.9879181,0.00067306507,1570.96679,0.925
0278988794,7.5923552,7.6017389e-05,1328.479532,0.173
0378885645,4.2261769,6.2821626e-06,1571.802328,0.592
0103777040,0.473221,3.9635402e-06,1571.215729,0.652
0150361911,2.4938523,2.798709e-06,1545.54304,0.461
0280738935,1.5132067,4.1445648e-05,1544.614344,0.541
0294092966,0.9022624,6.8653964e-08,1570.980074,0.673
0466323338,21.3389511,0.00018696937,1578.988403,0.07
0372909935,3.6111184,1.539235e-06,1574.058716,0.215
0382266319,0.3442883,2.2891411e-06,1468.356301,0.769
0038462522,1.3570883,0.00014759045,1598.75008,0.363
0408512382,4.0317118,0.00017807102,1572.671353,0.272
0231093356,3.4703404,2.209589e-06,1599.206483,0.405
0132298139,35.968161,0.0037769992,1552.287527,0.107
0380127556,0.4510887,3.4022285e-06,1571.140536,0.947
0032000625,0.7017512,4.4126137e-07,1325.808859,0.535
0162305237,0.3371859,1.2961783e-06,1570.940233,0.882
0345899523,6.7185621,0.00027663554,1576.285328,0.548
0165456443,4.3139651,0.00020421631,1571.917537,0.301
0278861826,1.0676262,3.4821639e-07,1544.635262,0.533
0229811538,11.5402195,0.010852289,1578.395102,0.182
0458808688,1.3509634,0.0038855497,1571.409934,0.542
0392113518,4.3636178,0.00053383951,1571.647422,0.393
0467062613,1.516281,8.8932521e-05,1571.227699,0.565
0321947833,5.4212965,0.0094842465,1573.843307,0.6
0294191640,1.5939127,1.2865393e-06,1544.934291,0.511
0350030939,1.2209606,7.758743e-07,1411.930294,0.585
0181150051,1.0401227,1.9622671e-05,1571.640627,0.513
0415783540,0.4337532,6.490588e-05,1570.958885,0.562
0167304040,5.8191329,1.1266396e-05,1549.199829,0.346
0137136194,3.1306539,4.7413785e-05,1571.562533,0.405
0141975903,0.2577022,2.7967491e-08,1411.009109,0.758
0124205037,0.3327345,8.3368541e-07,1570.986027,0.794
0307488184,10.0668842,1.138118e-05,1447.430101,0.142
0082580956,1.8942674,2.1886648e-06,1571.668897,0.466
0271701447,1.6388205,3.8007957e-06,1570.995523,0.525
0141622065,2.9279902,5.4915814e-05,1330.695245,0.577
0398763011,9.3189094,0.001071971,1574.622616,0.452
0308851582,4.9124269,1.7284061e-06,1547.610246,0.193
0260162199,0.2680682,1.3428407e-07,1325.362991,0.754
0025078924,0.9043827,1.0969539e-05,1325.961426,0.556
0124604724,0.1169202,1.2364966e-08,1570.875233,0.697
0381948745,1.5957514,2.0736081e-06,1598.88154,0.535
0181159386,5.6316349,1.7654913e-05,1574.625123,0.44
0306130391,4.6452833,0.00016300206,1570.904287,0.402
0220474209,0.9801495,4.9734499e-08,1325.402985,0.489
0141766191,0.3735113,2.4645723e-07,1598.355822,1.002
0279615979,0.2407307,1.8484817e-07,1544.610916,0.777
0176910080,1.8573592,1.6477431e-05,1571.554793,0.52
0102764828,0.6726622,6.4519301e-06,1544.639402,0.701
0468162834,2.617318,9.3198207e-05,1572.2367,0.64
0142105466,0.4332051,6.5249503e-07,1598.301498,0.868
0141127435,3.2422209,0.00033037751,1600.986439,0.825
0057652994,4.2785301,8.1127578e-05,1570.34507,0.367
0266845051,1.4697047,7.8419391e-06,1571.254795,0.958
0462267926,10.9399897,9.3317234e-05,1550.614876,0.389
0055524055,2.649443,1.5192371e-06,1325.387506,0.269
0307433122,27.8513812,1.3427041e-05,1364.07953,0.031
0452500843,8.4502808,0.028231719,1578.180859,0.712
0349790953,1.5520821,2.7378193e-05,1571.180338,0.423
0150442264,2.9816876,3.4751332e-05,1326.987074,0.671
0032449963,6.5204909,0.00010647149,1574.694806,0.156
0092902951,2.2464835,6.9863906e-05,1572.841528,0.583
0467167691,0.359403,1.3440767e-06,1569.773783,0.933
0415873588,3.4913476,1.0826614e-05,1572.205715,0.5
0288027491,32.2082685,0.00011644408,1580.468391,0.116
0141685465,7.8074225,9.6863305e-05,1416.199451,0.22
0178859380,0.3307902,6.0200459e-08,1570.979532,0.746
0029777922,0.5305975,6.4835298e-07,1570.600277,0.876
0055404385,2.9520513,2.3234695e-07,1571.81904,0.324
0124282575,4.8103945,0.00015409529,1573.261039,0.314
0303441920,0.9176657,3.6999483e-06,1570.88219,0.885
0163648025,1.7301722,4.5373352e-06,1572.21767,0.625
0355152971,8.0760327,4.9892434e-05,1547.550746,0.452
0271596290,1.282475,3.6597428e-08,1599.28381,0.576
0459809633,0.5094438,4.0801543e-05,1570.213926,0.632
0308184924,4.1284274,1.3322136e-05,1573.17766,0.311
0167654878,0.4939027,2.1970507e-06,1544.606265,0.961
0001630690,0.4136605,1.2487834e-06,1571.173452,0.965
0437322147,10.6151213,0.004392034,1578.706956,0.317
0124095230,10.6190279,1.2029113e-05,1567.979943,0.159
0452631268,22.122466,7.5914305e-05,1577.338811,0.025
0370101325,0.5090886,2.1615051e-06,1544.303895,0.897
0350480660,4.4638235,9.3006821e-07,1386.352604,0.302
0300871545,4.8170762,4.4201933e-06,1327.375881,0.197
0219699532,1.0810901,5.4938167e-05,1571.469284,0.594
0309658221,7.5949887,2.8242453e-05,1334.825188,0.247
0167692429,10.2628479,5.6030761e-06,1330.575659,0.172
0459293335,1.2092164,0.00021491482,1570.533008,0.486
0458859364,2.2997312,6.745655e-05,1571.725391,0.59
0462785373,31.8437697,0.0094143042,1569.102342,0.162
0446832107,6.1945476,4.8617424e-05,1544.243461,0.217
0433277449,6.2020381,0.0043565234,1574.686269,0.376
0298700310,0.7130761,4.555262e-05,1543.951596,0.735
0279089927,1.9059241,7.6780628e-06,1599.206338,0.772
0382517745,10.4410548,1.2945753e-05,1603.214022,0.069
0453097744,1.0572138,3.9996914e-06,1598.209823,0.782
0402447670,4.3536788,0.00039094166,1573.746084,0.868
0458474559,1.3905824,0.00061075641,1570.760461,0.524
0348897766,0.4420565,8.0787584e-09,1325.631569,0.81
0140659980,9.4400721,2.3993181e-06,1602.037316,0.085
0023328912,2.5640164,3.8824156e-06,1571.249904,0.52
0165458777,0.2926701,6.0474956e-07,1571.011702,0.759
0029778064,0.4946419,1.5255756e-06,1544.702108,0.635
0410654298,19.9520732,0.0073926915,1584.416263,0.05
0349308842,3.5827778,1.7208517e-05,1414.565521,0.384
0303811839,6.9206307,0.00050976134,1570.335192,0.123
0219912046,1.7797694,6.5005243e-06,1544.155615,0.516
0302995864,1.2814346,3.136495e-08,1545.33129,0.617
0005868998,0.6356447,0.00011728278,1571.067575,0.443
0370101492,1.6318813,2.4859993e-06,1571.561682,0.766
0422327572,0.4095596,0.00011446756,1570.861987,0.857
0097908039,5.1397073,0.0064080647,1573.188061,0.6
0341193555,9.7242239,0.00033783201,1570.629766,0.134
0260536927,5.729652,7.2163961e-06,1599.423616,0.335
0317642317,1.3872943,1.2857685e-05,1570.595498,0.72
0278956474,5.4880499,1.1506024e-05,1327.960807,0.314
0260132330,17.2987798,1.6990495e-05,1417.551242,0.075
0055497281,14.9053608,1.3565754e-06,1607.21355,0.07
0401227592,1.3990757,0.00021877231,1571.618845,0.477
0386166904,12.3556695,7.9758985e-05,1545.517561,0.189
0425064757,0.2615397,2.4370772e-09,1598.424348,0.447
0177077475,23.4262368,0.00042831231,1363.669777,0.051
0238196979,9.4228509,3.5198894e-05,1363.402162,0.313
0287328866,2.0767992,2.1727218e-06,1598.809076,0.4
0149573659,4.373719,1.1529184e-06,1412.492457,0.175
0399144800,27.2154167,0.00040470098,1580.344167,0.124
0162585265,0.5123344,1.8991714e-06,1571.073096,0.593
0022457438,0.3606758,4.7402654e-07,1571.283005,0.717
0098628827,0.4908602,0.00016200855,1571.058791,0.921
0158713903,3.5943016,5.9093797e-06,1546.438457,0.481
0321455348,7.6818847,0.039920091,1577.219859,0.213
0450637853,0.4971263,2.0282662e-05,1571.011645,0.784
0142109430,0.6141031,5.001145e-07,1544.510988,0.821
0231075361,0.3197352,2.6318617e-07,1598.587683,1.002
0280667311,1.627885,2.8441996e-05,1569.781957,0.935
0167890109,0.3769767,4.1723763e-08,1570.853334,0.709
0319936228,9.6464394,7.2869839e-07,1575.950954,0.321
0030034081,2.3446089,0.0001275134,1411.553116,0.506
0309257814,1.2383848,4.1661759e-05,1571.762231,0.362
0308457026,0.6439002,5.7194898e-07,1520.289358,1.01
0399423563,0.8841726,4.4427952e-06,1570.406662,0.685
0147026702,2.0728219,6.1029481e-05,1544.486644,0.456
0158673914,0.3733744,7.3838064e-08,1544.537465,0.751
0318825030,5.1848468,6.5352921e-05,1572.2083,0.266
0347809861,1.811452,9.6026397e-07,1572.344375,0.54
0296449358,0.3351379,1.5760596e-07,1544.173528,0.943
0349154435,4.4321625,6.5523295e-06,1598.640582,0.192
0260128333,14.6085828,8.3907857e-06,1585.166674,0.123
0282051803,2.4636031,4.8238846e-06,1570.565355,0.414
0363149298,3.1756342,8.647839e-05,1544.343132,0.542
0382067804,26.1313581,3.3793419e-05,1417.837773,0.164
0399253092,8.7212403,5.5783111e-05,1570.821868,0.294
0015445546,1.6827975,0.00010593724,1571.351851,0.445
0452734608,1.9944549,4.2355967e-06,1571.206071,0.565
0298079609,0.495386,3.9007996e-06,1545.336782,0.834
0382028425,8.846201,4.0560394e-05,1366.145293,0.353
0279569707,3.9794091,1.0807436e-06,1356.107177,0.384
0308451526,0.7896583,1.0435304e-06,1544.369226,0.596
0231810776,0.2327289,6.8553886e-08,1438.150703,0.704
0147214032,2.4877086,2.7054207e-05,1545.859987,0.488
0443494454,3.575533,0.00035666532,1543.845207,0.41
0350622185,1.1685719,8.2032411e-07,1326.139488,0.585
0408552008,0.5234448,1.4042126e-06,1570.907543,0.41
0437297176,4.3960301,0.00010275789,1574.701897,0.544
0021827849,0.9426368,0.0007903763,1571.580823,0.458
0382512330,0.8911385,4.1338673e-07,1545.136768,0.866
0141333573,4.2473074,7.5028903e-06,1574.203975,0.378
0131625230,2.2134409,0.00022618087,1544.013927,0.491
0220359766,1.7598716,6.0980109e-06,1544.206651,0.506
0260131665,1.6725346,6.6143321e-07,1599.678685,0.661
0278683641,4.2418211,2.2401863e-07,1329.039325,0.314
0309146836,5.4279442,3.5272345e-06,1544.789549,0.255
0439519959,2.4468506,2.8829695e-05,1545.431943,0.555
0083135408,1.8017221,1.2619317e-05,1570.487973,0.531
0260502102,7.3152083,7.7319914e-07,1600.080265,0.125
0318512022,4.8242518,0.00013114385,1570.524665,0.291
0299702740,1.4652035,4.9699046e-05,1545.157071,0.616
0390554357,3.6473992,2.3425102e-07,1573.365733,0.579
0118313102,9.255727,4.436656e-06,1518.556197,0.18
0248111238,4.6551796,0.0043857635,1573.45656,0.347
0142262969,15.5149339,1.5331987e-05,1573.343006,0.086
0388129029,0.2972816,1.7650585e-06,1544.509825,0.81
0141914317,0.4371692,1.301704e-06,1544.697299,0.784
0094637805,0.2768891,2.4279734e-06,1570.788421,0.786
0167526485,5.0114962,1.3205071e-05,1574.994566,0.547
0141809359,12.15756,2.1849156e-05,1607.719265,0.089
0258314976,4.9662683,0.00010572198,1574.043822,0.437
0324675819,3.3029374,0.00014854749,1573.608122,0.456
0350479101,11.9168906,8.7286598e-06,1581.038665,0.127
0141268467,4.1810902,4.0207231e-06,1324.368845,0.337
0382188882,4.8000945,3.6735579e-06,1574.965348,0.161
0089787778,1.0826341,1.1885637e-05,1517.429196,0.662
0358111274,43.8434276,0.00012181098,1633.293966,0.01
0248074315,15.7235135,0.00024841666,1580.914252,0.103
0178889597,1.884499,1.6866761e-05,1572.589269,0.515
0162585282,0.512331,3.2614937e-06,1571.077597,0.594
0438942374,1.709134,2.9533353e-06,1546.322445,0.489
0467238286,3.4143331,5.7439016e-05,1571.290275,0.608
0333127661,7.8942715,0.00053990933,1576.271647,0.29
0281924357,15.0403573,0.0022022203,1584.453903,0.044
0142148228,1.5612094,1.7431649e-05,1325.319553,0.46
0356524567,1.153964,8.1688873e-05,1545.291799,0.531
0405177882,13.7148969,0.00093723612,1574.337628,0.132
0364392434,1.721769,3.7243107e-06,1571.302665,0.777
0286191384,3.6118208,0.00029587418,1569.363122,0.449
0350443417,1.2167214,1.0167152e-08,1325.491514,0.514
0458199516,3.0172063,0.00072555394,1572.737129,0.429
0178723395,1.7615731,3.7158806e-07,1545.491532,0.385
0077557473,0.5815637,1.0745064e-05,1571.61955,0.513
0322078735,0.7316135,1.0034389e-05,1570.186997,0.653
0349156098,1.2014857,2.3122522e-06,1597.029858,0.551
0022481474,0.4403005,2.5187399e-07,1571.009183,0.433
0403757320,1.0025046,9.2649275e-05,1570.23958,0.263
0364395234,1.3757531,2.9830655e-06,1545.336198,0.505
0099028324,9.40434,0.0003398681,1567.485254,0.256
0001630438,0.3905231,1.0653831e-06,1571.250526,0.989
0058466459,3.8716104,6.3022101e-05,1571.630294,0.294
0167694820,0.5221897,1.3351745e-07,1598.273454,0.707
0391550834,3.6056426,0.0039567152,1569.756783,0.34
0397361078,2.2077215,1.2535359e-05,1572.046783,0.759
0219373406,0.8618965,5.3260828e-08,1386.632257,0.601
0023559851,0.3248137,1.5634006e-05,1544.627042,0.611
0271999940,0.5642229,4.8156872e-07,1544.936334,0.713
0279323859,1.0799812,4.3537042e-07,1544.899636,0.572
0038423705,0.5336538,2.4104476e-06,1570.647352,0.809
0158450472,1.3530058,1.3622255e-06,1544.804371,0.566
0443494351,0.5158002,1.3725578e-05,1544.770455,0.723
0384031569,20.8219638,3.4593665e-05,1524.706628,0.135
0376915487,2.5395591,0.00032745287,1570.695474,0.55
0269347089,8.2596821,0.010115864,1574.944562,0.496
0102169275,13.099714,1.0112755e-05,1571.750903,0.196
0374859582,1.3049652,8.6281336e-07,1571.708826,0.559
0152147549,0.2294902,3.5609514e-07,1570.81046,0.746
0167554898,4.4537006,1.503324e-06,1413.027802,0.367
0349480752,77.7343273,0.00023513285,1417.420985,0.145
0349762699,31.3956354,0.0029185499,1560.881353,0.106
0032150630,1.4920361,5.2837185e-06,1598.762998,0.349
0099028319,9.4045943,0.00044942811,1576.890304,0.263
0181862539,3.1445398,2.6252333e-05,1572.320522,0.564
0452575636,2.0422585,5.2734571e-05,1569.013432,0.425
0402107145,0.2923328,8.6668024e-08,1571.13377,0.721
0303427297,4.2973723,9.8268286e-05,1569.945715,0.193
0131239334,0.5698003,1.838615e-05,1571.041272,0.729
0081702112,7.7359444,0.00027535254,1573.071804,0.316
0309402205,0.7444099,7.2832212e-06,1544.840973,0.709
0452172479,0.738522,0.00030823836,1571.102134,0.685
0452406965,0.255532,6.2261928e-07,1570.579222,0.716
0142105299,80.0528937,0.00069178753,1571.062372,0.03
0399421408,2.0455544,5.2434631e-05,1573.464341,0.429
0041170667,0.9740942,5.7975992e-07,1386.296064,0.917
0272058503,3.7355485,0.00019713133,1571.556962,0.499
0380117288,1.4177203,5.7470059e-06,1571.185283,0.646
0307216760,0.7340051,1.1768003e-07,1570.842869,0.847
0308991822,8.2243833,2.1747956e-06,1328.173777,0.161
0349484636,0.3719685,2.0990641e-07,1598.143648,0.756
0167795859,6.2128172,4.2604212e-05,1599.424803,0.196
0032050581,3.1131466,1.4007112e-05,1569.28899,0.224
0055652785,1.6941403,6.6049511e-07,1325.894146,0.566
0306580215,3.499005,2.1829553e-05,1599.119285,0.256
0237915523,0.3322736,1.9937907e-07,1325.78162,0.797
0323292655,1.6698839,3.3202251e-06,1599.39596,0.595
0394657952,0.8723736,6.668112e-06,1598.567861,0.594
0358022169,0.1516228,8.5826329e-07,1597.259535,0.553
0150101799,1.577227,7.4783066e-05,1599.099274,0.341
0149160359,1.1207351,1.7838511e-06,1598.974514,0.694
0425594181,8.6904726,0.001738553,1608.541229,0.253
0453095485,0.3082996,9.3550943e-07,1598.298206,0.792
0312907176,0.7579494,7.6927515e-06,1598.189867,0.622
0360205899,0.4285519,8.9304469e-07,1544.410993,0.659
0148158540,1.8495522,5.276864e-05,1601.288752,0.544
0405533713,0.2799592,5.5144613e-07,1600.252557,0.763
0308828048,1.0692161,4.9177263e-05,1599.063686,0.749
0438682877,0.921935,1.9017718e-05,1598.268457,0.671
0159864583,3.6404884,0.00038996028,1602.455964,0.492
0460820330,5.0739877,0.00026487622,1605.069211,0.199
0309528896,1.8956622,1.0970014e-05,1599.402128,0.291
0159493588,0.3534062,1.1295611e-06,1599.999235,0.769
0243475355,1.0957854,6.4214289e-06,1600.444848,0.558
0323727556,4.0073128,8.563974e-05,1601.555217,0.558
0179410793,7.8327444,0.0026037995,1602.517719,0.328
0361388647,0.9815337,0.00013307069,1597.388743,0.533
0453784977,0.4097216,8.8796939e-06,1598.513816,0.776
0383858742,0.3211244,1.4684334e-06,1600.394641,0.943
0373844472,1.8391274,1.6734653e-06,1326.056927,0.352
0150101476,3.2785754,2.2934889e-05,1547.33039,0.411
0260192157,4.3718388,0.00014232974,1601.067275,0.316
0434664688,16.8578433,8.8553303e-05,1605.31692,0.077
0461271719,3.8127029,5.9165343e-05,1603.126498,0.512
0141978095,12.8339767,3.8845197e-05,1609.498574,0.222
0166319733,0.2822073,2.2250066e-06,1599.998908,0.719
0338465029,1.1981517,8.7168343e-06,1598.614362,0.531
0365717153,11.9094253,0.00071284534,1608.897948,0.139
0242323067,2.0454899,6.5850044e-05,1601.88878,0.587
0141943694,1.8345625,0.00049571161,1599.693138,0.38
0038707340,0.5638978,6.5234319e-07,1545.279059,0.857
0243643549,1.7922626,1.6333308e-05,1599.75308,0.615
0177118177,2.5041961,9.901114e-05,1598.705891,0.648
0242149417,1.8200771,2.3924315e-05,1600.894962,0.832
0319936861,2.090676,9.5094499e-07,1570.629419,0.578
0160159932,0.7991886,9.1214263e-06,1599.997914,0.798
0075490265,3.7384026,0.00017714791,1601.156775,0.246
0307085577,4.2812441,0.0014134684,1599.292895,0.596
0243391171,1.5169916,1.3792869e-05,1598.700015,0.554
0243662768,1.628796,6.3335449e-06,1599.827959,0.355
0278895603,0.7409491,1.7010524e-06,1545.180309,0.757
0270507305,1.2282336,2.8394382e-06,1598.696394,0.327
0291651765,0.8274292,2.0652885e-05,1598.858963,0.562
0306410072,2.3620345,0.0021547105,1571.848555,0.551
0176871438,15.1382159,0.00074132414,1609.17194,0.239
0394452884,0.3026648,9.6360215e-07,1598.45285,0.719
0407661994,25.1117023,0.00016096006,1609.940808,0.037
0219201178,2.416991,2.7337943e-07,1411.375213,0.484
0451112995,9.3056453,7.306304e-05,1604.160743,0.282
0418295363,1.0468808,2.7099915e-05,1597.143719,0.537
0307783750,0.5644946,2.5109277e-05,1571.4071,0.796
0280909668,1.9379919,5.9582814e-06,1597.861198,0.536
0323255579,0.8611959,0.00019134616,1598.5238,0.524
0000120016,0.3263708,2.9383113e-06,1600.078662,0.849
0404927661,18.5362828,2.5782472e-06,1333.97736,0.108
0393491149,0.5543533,5.7700946e-08,1598.49221,0.595
0370085638,10.7713548,0.014052865,1608.549587,0.248
0048227278,2.8963311,5.2422088e-05,1602.381645,0.37
0332607409,13.0509244,0.014893548,1600.79944,0.342
0369506001,4.1529469,0.00021514479,1600.482907,0.272
0404804908,4.4140873,1.992992e-06,1551.762737,0.203
0060735803,21.1444727,0.0011838517,1607.63347,0.052
0418532689,0.3803666,1.0806505e-06,1597.298526,0.62
0363847487,2.4012395,2.0615138e-05,1599.533787,0.304
0394099697,0.7652936,0.00010568616,1597.299709,0.49
0083391903,2.4772474,6.4462446e-05,1600.393521,0.284
0350298314,47.7191149,3.5167345e-05,1358.040315,0.002
0394728064,42.6178946,0.12400839,1639.812662,0.157
0438790187,2.0919391,0.002545512,1599.965975,0.361
0337370789,0.8380236,0.00020155778,1598.775898,0.561
0306635088,17.0043351,1.4939087e-05,1613.074372,0.138
0083833793,2.1734806,7.5431236e-05,1601.474772,0.583
0210636260,0.8688272,6.7176018e-05,1598.499196,0.803
0031511621,2.629486,0.00047874364,1600.914024,0.633
0260659986,3.5700897,8.1888423e-06,1599.939716,0.406
0061120063,1.3195968,2.6803239e-05,1600.466911,0.966
0278289141,5.8672921,0.00028526867,1601.096723,0.375
0332600127,0.560476,2.1449931e-06,1598.455974,0.676
0420581415,1.3157195,0.00010969465,1599.144032,0.408
0167722708,35.297151,0.00041773909,1596.891141,0.112
0412942849,0.1903048,4.8275347e-06,1598.002994,0.624
0140760434,30.9767086,0.83631514,1602.528511,0.128
0128886984,1.6339861,1.5097259e-05,1600.928516,0.782
0107548305,0.048979,1.2868775e-07,1600.122599,0.949
0323968843,2.6995287,2.4390898e-05,1599.141452,0.517
0370678161,7.5556123,9.5241307e-05,1602.627551,0.366
0453785266,5.4400952,0.00039757529,1600.694587,0.343
0047831368,0.3659521,1.2733079e-06,1600.095455,0.835
0220029715,3.1874984,3.8973166e-06,1601.453747,0.275
0401626459,1.5129236,2.0368406e-05,1598.245706,0.411
0454855280,7.9612445,0.00026369031,1598.243914,0.16
0448852739,1.1746333,6.2964145e-06,1599.15822,0.526
0112099606,10.2868251,8.628806e-05,1606.296266,0.166
0379783522,2.4500945,1.1451454e-05,1597.610744,0.486
0357911163,4.7818281,7.9179219e-05,1599.815016,0.236
0272467271,1.3475265,6.5318064e-06,1598.398612,0.544
0129116176,2.017322,3.7711058e-05,1600.03792,0.429
0083939434,0.9210253,1.4583344e-05,1600.01642,0.77
0073455146,0.6693594,5.9008674e-07,1598.803926,0.855
0083449549,3.4284422,0.0032062225,1601.829342,0.531
0287669537,1.2950907,9.1162881e-06,1599.393178,0.579
0160150808,0.3740459,1.2460183e-05,1600.094099,0.594
0159864610,3.6398863,0.00075108133,1602.443744,0.449
0166624433,2.4827232,2.2529939e-06,1600.05801,0.399
0260504147,8.4183061,2.2249338e-07,1601.887233,0.179
0055383975,48.0513013,9.6263404e-05,1366.771394,0.034
0451282261,1.3330077,2.6136439e-05,1570.011749,0.841
0112098034,3.9102627,0.0016129342,1600.096182,0.394
0141124793,5.887035,0.00014571277,1599.137154,0.266
0127955334,3.0825801,0.00019377935,1601.484658,0.39
0048227288,2.8965088,3.4978741e-05,1602.380583,0.359
0394272819,2.9881577,3.9186302e-05,1599.448672,0.891
0179637488,3.2969808,5.6297621e-06,1325.286779,0.679
0394508465,5.4021729,0.00021462551,1600.190641,0.469
0166660531,0.3431742,5.43513e-08,1600.282616,0.766
0411712609,0.2902786,1.5589873e-06,1598.242488,0.969
0309434176,3.8187935,5.9875304e-05,1600.747703,0.348
0160484494,2.8601083,0.00015167884,1602.362941,0.451
0310556491,1.5553632,6.3935992e-06,1597.677797,0.495
0203387944,3.3108416,0.0015189622,1603.027266,0.477
0261089147,0.4616656,1.341983e-08,1326.22074,0.793
0260541250,0.3359386,1.2762209e-07,1598.485472,0.815
0350743714,7.7575749,4.5747034e-05,1605.508259,0.17
0451211626,2.4525335,8.4353261e-05,1601.641011,0.277
0359308549,1.2227943,0.0031341756,1599.243755,0.499
0311925584,3.64597,1.1889191e-05,1387.730567,0.151
0258519658,0.8877353,0.00021861228,1598.217306,0.388
0000091961,5.2826248,0.00012125355,1602.8227,0.175
0055659311,31.1134188,0.0013488432,1347.594072,0.049
0158979332,1.5321936,2.1537635e-05,1600.862858,0.926
0396004353,0.1315314,1.7687138e-07,1597.176388,0.502
0030540538,1.599844,2.0590169e-06,1600.847989,0.726
0030382918,0.5719608,9.7130054e-06,1598.440119,0.536
0271225404,2.1194569,0.00014751963,1601.382967,0.345
0278296621,2.500483,1.1467034e-06,1600.276722,0.489
0031134762,3.7872526,0.0002495803,1601.871728,0.455
0185466937,0.2743782,5.0142245e-06,1600.132279,0.838
0075969405,4.6107416,0.00022660068,1601.874745,0.306
0076658755,1.0498694,0.00020482394,1600.548325,0.341
0261335113,8.1305944,1.5968897e-06,1322.135176,0.065
0261105201,0.95557,8.7661816e-07,1598.425898,0.792
0359618989,1.8746789,1.1885477e-05,1599.690467,0.606
0300161053,13.3068164,0.00092557118,1607.314774,0.122
0404144841,0.4477342,0.00042456268,1599.073985,0.651
0030287190,3.1243419,3.9727293e-06,1602.787226,0.237
0278413303,1.842653,0.00083143595,1598.428212,0.899
0030993392,5.7945445,6.185227e-05,1600.066096,0.289
0450798369,1.1585309,0.00017656113,1598.841041,0.607
0076698707,0.5278686,2.6195485e-05,1600.144224,0.545
0350445771,3.1904288,0.00052070869,1601.123194,0.232
0122285268,0.7208626,8.2538574e-06,1600.044663,0.644
0357713892,7.1001327,0.00010580043,1604.086113,0.216
0270348090,2.8194632,0.00019907414,1600.645541,0.23
0359767082,3.0692448,2.5524258e-05,1596.193932,0.762
0035349987,42.9559995,0.00079274968,1604.256807,0.018
0179966966,1.5481001,3.7888105e-05,1601.591734,0.797
0055602946,4.9386468,0.00023689474,1549.326603,0.313
0363885457,0.3517662,1.0983541e-06,1598.333236,0.901
0150187916,1.1162148,8.136232e-07,1599.304121,0.92
0309598681,0.8485798,1.5251904e-05,1600.515532,0.504
0410578942,5.9026635,9.0807394e-06,1598.962188,0.583
0258837989,0.8870531,9.8118376e-06,1598.456843,0.659
0331183881,4.283982,3.3042954e-06,1598.954741,0.254
0307927495,20.5564876,0.00065027237,1575.128961,0.157
0243642384,1.7468124,0.00037665293,1598.535805,0.744
0449650980,1.2783847,9.4326276e-06,1598.750187,0.78
0160697480,2.9844975,0.00013884881,1602.125424,0.708
0083914837,0.9118507,4.12246e-06,1600.355612,0.649
0312102715,0.9936833,3.9857018e-05,1597.764982,0.8
0048318875,0.3028388,2.235976e-06,1600.050107,0.746
0260708271,0.3588283,8.6158867e-07,1598.509652,0.895
0243192504,2.2871298,0.00014467039,1597.758607,0.352
0398363472,3.0580323,0.0004683838,1606.134196,0.319
0307610438,1.5623674,0.00015696489,1600.097292,0.36
0300104749,5.5777022,0.0031987572,1604.426068,0.263
0150300654,5.4498972,4.6316271e-05,1599.459017,0.366
0304458680,1.0387194,3.214501e-05,1570.602719,0.796
0357512000,0.8797054,4.9475282e-06,1598.341736,0.697
0270288280,0.3057097,4.0924939e-06,1600.08518,0.879
0179368346,0.2626685,4.5150225e-07,1600.016576,0.731
0309350921,4.982654,1.5212862e-05,1601.589983,0.24
0306576384,3.2146434,0.00034619791,1601.046022,0.253
0241532550,2.0572216,0.00013348684,1598.364622,0.284
0150357064,2.9787011,4.7715962e-06,1599.490904,0.303
0047309500,0.3868075,2.2339204e-07,1625.123663,0.773
0323020176,11.9758852,0.0048251974,1625.632949,0.182
0255350388,1.6905379,5.4028747e-06,1628.107371,0.433
0338104678,1.4466495,0.00012497684,1628.320928,0.679
0294200378,2.9855276,1.6737385e-05,1626.002736,0.574
0016288184,4.3596973,0.0013714787,1635.453101,0.471
0323442776,1.1493927,1.5323958e-05,1625.971966,0.775
0384534266,0.9877761,1.3007702e-05,1625.368946,0.937
0279087522,4.2407153,8.7454012e-06,1494.032056,0.373
0341258182,4.4899092,0.0001867854,1630.545015,0.433
0263035184,0.3033046,1.5401332e-06,1628.023594,0.727
0291320884,0.3717522,1.3810549e-06,1625.068826,0.57
0279217728,8.730563,0.00026826573,1630.062738,0.345
0167201539,9.4689278,4.7427279e-06,1631.545445,0.152
0041561453,1.513786,1.5837794e-05,1625.170584,0.607
0177631209,2.1442081,0.00012770328,1630.633643,0.36
0271893367,5.8574622,0.00018786753,1548.857295,0.338
0374447935,15.5144882,0.00042052898,1624.292599,0.375
0384742846,6.356936,1.7314802e-05,1630.636537,0.25
0298372701,1.6642684,6.1650862e-06,1629.458408,0.267
0430263572,1.2482139,0.00017653621,1624.698746,0.554
0151300352,0.6214257,2.4079442e-05,1627.705425,0.71
0301160638,16.0184397,0.014761447,1626.480801,0.109
0030450412,1.2538431,6.2045283e-06,1628.125028,0.355
0284783117,11.243486,0.0013394234,1626.308866,0.219
0348555861,2.1609242,0.0010560896,1626.433503,0.318
0407147727,0.5996011,3.880165e-05,1625.432596,0.596
0279692257,2.6168348,7.8244221e-05,1630.074491,0.419
0349059354,1.6646631,4.5248375e-06,1354.237085,0.522
0198076334,0.7826006,2.1018446e-06,1354.242017,0.545
0357040925,0.5140399,5.5695107e-06,1597.24436,0.812
0402918060,2.5622873,0.0001915103,1626.27268,0.365
0305674644,0.3142173,1.3219224e-06,1625.110561,0.945
0306987941,0.4710207,2.9577317e-06,1625.046813,0.605
0381979901,3.2541357,1.2069154e-05,1625.630666,0.501
0255319384,2.2965187,0.0010141241,1629.256455,0.542
0206912019,0.3572646,1.8387739e-06,1624.92077,0.913
0423987361,5.5332324,0.00031718966,1629.862299,0.141
0454058066,6.4562843,0.0016655203,1628.994065,0.667
0389070884,8.5425301,0.0049499971,1628.194125,0.66
0343757299,5.8192347,7.9801281e-05,1630.704162,0.26
0342782002,1.0971318,0.00047371908,1625.499937,0.547
0418720347,1.8038465,7.0300785e-06,1625.523278,0.455
0202445608,3.3692498,0.00014256253,1630.835226,0.622
0357662316,3.6126873,0.00023284074,1598.812618,0.232
0125115082,1.3010635,0.00013853814,1627.747691,0.544
0262614966,1.1545645,8.8900546e-06,1544.624177,0.953
0280055342,0.7865936,4.2755785e-06,1628.462248,0.628
0341029467,13.2085964,7.4549042e-05,1634.897645,0.207
0125857387,2.494762,0.0050031016,1627.914434,0.68
0038494096,4.8944544,0.00095462247,1632.023899,0.522
0301247295,4.2558821,5.2274557e-05,1629.023924,0.441
0257737073,1.330149,5.2345895e-05,1626.087849,0.51
0220402294,0.7852427,1.661275e-06,1545.56366,0.641
0300324638,2.6413906,2.1121942e-06,1545.644863,0.458
0442829369,3.8623246,0.0004957063,1631.280529,0.405
0309619055,10.5509286,0.00042319888,1604.975573,0.163
0025078120,0.8232098,2.9090199e-06,1410.772556,0.952
0167656297,2.2656055,5.9560168e-06,1572.275139,0.319
0220397947,3.5520271,1.2128296e-06,1412.793811,0.328
0342694097,4.3433237,0.00013596912,1629.679623,0.647
0124350360,17.1162213,0.00027054268,1629.70332,0.007
0306272819,2.5461439,6.4777335e-05,1625.049222,0.445
0370676773,1.7986396,3.1389139e-05,1627.035904,0.903
0447493530,3.3007849,0.00088776113,1626.025794,0.551
0379865347,0.9328606,0.00032404305,1628.484371,0.47
0279323519,4.0927845,5.7306209e-05,1626.127486,0.332
0024133365,7.0690407,9.0096853e-05,1628.749991,0.338
0293151358,2.3129764,4.1262277e-06,1626.665103,0.571
0379806358,0.4307893,2.3325365e-06,1625.214023,0.722
0067267845,2.0253143,1.0675407e-05,1629.706731,0.586
0238229705,31.4722935,0.00054408714,1646.723345,0.136
0272086869,3.9826984,6.1870905e-05,1627.981518,0.193
0388128308,1.1939728,6.9489943e-05,1599.263481,0.41
0190863171,0.2043994,7.1962842e-06,1627.683648,0.62
0207511576,1.3680135,0.00047111138,1627.814833,0.608
0214716930,8.5251621,0.00021166384,1625.604357,0.261
0261138857,1.8415276,4.4273531e-07,1412.084936,0.664
0102643159,1.7769154,0.0075800869,1628.503081,0.559
0396655059,7.9771837,8.7670085e-05,1626.933032,0.186
0388244501,2.1187553,6.2487121e-06,1600.10013,0.959
0336931938,0.379872,7.4899545e-06,1626.103889,0.788
0024194061,1.2624534,3.7558924e-05,1627.80769,0.561
0465088681,12.0413734,0.0058350089,1632.435374,0.296
0426541180,4.6975343,0.00013516867,1628.997334,0.199
0090836525,0.3138837,8.6117413e-07,1625.008066,0.892
0125958765,0.6173582,2.2170424e-06,1627.698128,1.025
0305675525,0.2965474,1.2669616e-06,1624.989884,0.853
0207693951,2.7164452,0.00041180931,1628.234439,0.53
0349763482,15.6295651,0.0018209078,1603.748898,0.125
0255513991,2.1983926,0.00054602023,1628.826633,0.719
0159803421,0.5522213,5.4818721e-06,1628.703896,0.435
0255567460,13.7963311,0.0001379879,1469.208711,0.08
0394699148,0.4124419,1.1848007e-07,1325.323306,0.934
0388203226,0.8139276,8.0908659e-05,1625.357039,0.579
0455463415,5.852051,0.00061799086,1627.155699,0.349
0350025490,0.6268532,3.3631784e-06,1598.548284,0.502
0304071827,1.5916127,7.7857196e-05,1625.741175,0.523
0360571125,2.4624055,0.00014221951,1626.208204,0.355
0426422372,14.3094876,0.00082655461,1637.672082,0.182
0149030418,1.7402013,0.00031063669,1627.977644,0.443
0349521875,37.4100847,0.001452601,1619.399714,0.113
0297701617,18.5478532,0.040163766,1632.583306,0.307
0316207527,3.0131225,9.6537812e-05,1628.050315,0.287
0216728030,3.1972282,0.0011921096,1630.691433,0.703
0121455954,3.5148061,0.00053514422,1628.765574,0.671
0407824089,17.9447363,8.9077274e-05,1637.405158,0.077
0410418820,8.569526,0.00049372644,1633.408503,0.231
0217059369,5.6820851,5.0851905e-05,1632.020009,0.679
0446872386,13.0812872,0.00030492603,1637.06472,0.085
0261136311,8.8717027,3.8022861e-05,1622.290424,0.31
0278826516,14.0836051,4.3226514e-05,1494.522701,0.082
0032959497,2.5034399,0.00012080593,1628.795525,0.524
0306107122,7.759831,2.9413939e-05,1630.436664,0.389
0269852699,5.136511,1.7959704e-05,1628.251721,0.262
0348717439,0.4794003,2.8107898e-07,1325.615763,0.85
0359987981,1.0655783,7.9425444e-07,1625.578952,0.943
0213514265,2.3277105,0.00021698766,1628.250179,0.556
0363933313,4.6866172,5.4226804e-05,1625.517584,0.194
0395429348,1.6513533,0.00023114307,1626.783449,0.395
0290410988,0.2858823,2.7710043e-06,1625.046811,0.737
0216995338,4.974134,0.00030441095,1630.826657,0.217
0189084771,15.0798097,0.042670209,1638.470778,0.34
0133701671,4.6955429,2.6313074e-05,1627.130548,0.235
0222945452,0.7482019,2.7415628e-05,1628.1791,0.595
0293480903,7.5694596,8.1666439e-06,1330.982929,0.117
0279156705,0.7228749,6.2844013e-08,1491.815004,0.885
0407823917,10.6152073,0.00010180342,1625.725576,0.143
0448727889,4.3914487,0.00013423213,1599.467799,0.841
0222173967,2.013641,0.00010646196,1631.956996,0.384
0294197236,1.9345402,3.9899994e-05,1626.206333,0.607
0141708335,4.7603435,4.5663931e-05,1600.007433,0.251
0294059372,0.6667438,2.4491529e-06,1625.09263,0.605
0303264387,1.7811271,0.00047578624,1629.332198,0.572
0276836579,0.3814965,6.5168699e-06,1625.164813,0.768
0418527327,2.0457806,0.00020201861,1597.789127,0.825
0339566276,4.2403186,0.00011292522,1635.567009,0.646
0421285598,2.3581131,2.2130148e-05,1626.234014,0.326
0402918064,1.2811614,0.00046284171,1624.986688,0.426
0349643889,26.6794629,0.0011412316,1648.490654,0.032
0343285974,16.0457664,0.013183607,1626.818688,0.337
0167812449,4.2356768,3.4772858e-05,1599.408486,0.141
0325564366,0.8886966,6.4994171e-05,1625.607429,0.509
0306981513,2.770777,5.4808292e-05,1625.688635,0.48
0267239205,0.8303664,0.00022680555,1627.977879,0.608
0245527958,0.9415949,9.5198854e-06,1628.001264,0.967
0216190934,2.6749712,0.00010232697,1627.806849,0.567
0247145147,12.9536819,0.00088946129,1636.807283,0.071
0152377056,0.943262,5.427722e-06,1627.972126,0.571
0094257578,1.1911554,5.5647799e-05,1627.986181,0.465
0218821972,3.5378793,0.0018026932,1630.078108,0.462
0455509774,3.9034251,8.4035512e-06,1626.635779,0.618
0161988269,2.513944,2.3357996e-05,1628.862716,0.592
0442567883,0.6258737,5.7341646e-06,1627.939344,0.579
0301956407,1.8312572,2.1070256e-05,1626.878911,0.451
0340100436,2.9382126,0.00018901304,1626.59509,0.239
0448913059,0.3677722,7.3114978e-07,1599.704441,0.986
0122645363,0.5339372,3.9431707e-05,1628.200048,0.532
0311103813,0.5278588,3.4323596e-06,1625.419416,0.681
0050380257,1.3482851,1.5813916e-06,1325.599686,0.598
0456609929,4.5671749,3.8222301e-05,1657.967801,0.273
0464422047,2.7484161,4.5098987e-05,1656.150318,0.492
0254003502,0.5914569,1.4401727e-05,1656.886837,0.824
0238197709,13.7256533,5.9756673e-05,1635.731841,0.074
0112401201,1.1157894,4.4003535e-06,1657.43239,0.68
0265435357,2.8775044,1.1488886e-05,1655.052777,0.861
0396170777,6.5656577,2.9086138e-06,1654.200047,0.468
0303909865,2.1266729,8.7881134e-07,1327.340078,0.425
0344031627,4.0184211,0.0061500875,1656.622359,0.727
0360824561,1.4952488,1.0730246e-06,1655.165771,0.459
0339666028,1.0070898,1.4217222e-05,1654.377371,0.921
0422038373,8.222261,0.0035552729,1661.646409,0.148
0380645083,4.3886488,0.00015090704,1658.955299,0.171
0279322914,18.8676842,0.00025041082,1601.805774,0.118
0006667908,14.4434464,0.00917632,1660.802817,0.298
0201747686,1.3456287,1.8395938e-05,1654.051161,0.5
0167792080,3.2532219,0.00064304103,1600.498378,0.444
0280052690,2.8504361,3.5052234e-05,1325.59848,0.433
0031690845,0.5995535,2.9606838e-06,1656.597925,0.708
0278866211,2.1940517,1.4289252e-05,1600.493245,0.238
0196954401,3.7499836,0.00024210295,1658.514786,0.611
0407584737,5.6505968,1.4007856e-06,1329.853924,0.194
0382308684,9.0737123,0.00015420887,1658.306508,0.168
0306723230,2.5257948,5.9405051e-05,1655.428388,0.519
0424796997,13.8773593,0.00010002385,1662.559667,0.125
0280095254,10.2930439,0.20228717,1373.043437,0.515
0380659334,0.3494674,6.8182117e-06,1654.349025,0.914
0113567527,6.6547256,0.0015195942,1663.11501,0.274
0091246422,18.7739778,0.00087496628,1678.305978,0.087
0254045302,2.8888736,7.9061651e-05,1657.724821,0.43
0219967673,0.8586386,1.5552139e-07,1654.659321,0.827
0254258206,8.0168719,6.251931e-05,1657.020442,0.511
0113061684,0.6932295,8.3239578e-06,1657.050081,0.882
0181341926,1.0054508,8.515074e-06,1657.060317,0.585
0253715855,1.1320096,0.00013146966,1656.089815,0.588
0263925187,0.6662304,2.3258358e-05,1655.773789,0.529
0383427491,5.8005723,5.4500674e-05,1656.610792,0.462
0396903513,3.1686041,0.00011857809,1658.492235,0.522
0341309569,7.3465817,0.00034055144,1654.55536,0.107
0270341486,7.4601658,1.232321e-05,1324.940819,0.48
0025858367,2.2744901,0.00024140361,1656.56361,0.558
0061724376,1.9078996,0.00021591556,1657.19498,0.603
0101233501,14.54574,0.051599346,1676.679922,0.394
0394230860,28.9649092,2.1911393e-06,1326.802939,0.024
0211116547,1.2769701,2.4547224e-05,1655.693649,0.436
0098064760,9.8980902,0.00018271778,1661.559639,0.097
0087260967,1.0905536,6.2151764e-06,1657.114965,0.504
0292474331,0.3666917,3.3790935e-06,1654.268694,0.921
0061898904,2.8760119,0.00025753269,1658.127921,0.442
0055652896,34.5183353,0.035580236,1607.700337,0.057
0167697604,6.8965116,0.00057162363,1628.919178,0.211
0270204401,2.2381574,1.6416559e-05,1328.163274,0.497
0365366508,1.9645947,6.2828397e-05,1654.38441,0.565
0219927211,2.6933066,0.00052503742,1658.160162,0.511
0253826623,18.3530326,0.00063834099,1667.33167,0.123
0182894226,0.4086712,1.250837e-06,1656.530625,0.762
0371839073,3.7959422,1.6271021e-05,1655.193158,0.274
0253749178,1.8376667,4.2784573e-05,1657.30102,0.506
0327785134,2.4786897,5.6207005e-05,1655.91121,0.503
0030816076,4.0831801,2.2177856e-05,1661.295538,0.265
0120393264,0.2093105,2.4190598e-06,1654.011365,0.648
0404156386,2.3444525,3.8171866e-06,1657.000591,0.304
0425675208,3.4083681,0.00015516084,1656.490793,0.407
0390996644,1.919436,3.6862444e-06,1657.149871,0.574
0319606464,1.4960875,0.00011625227,1655.35711,0.395
0419744996,7.0049837,3.0268456e-06,1330.68549,0.503
0358108063,5.9716437,7.7162411e-05,1354.111785,0.249
0407165509,1.4712922,2.5321152e-05,1655.166908,0.529
0113565705,1.6583723,2.1382895e-05,1656.620665,0.89
0280685089,3.385219,0.00017268551,1654.163875,0.377
0292013448,4.3281368,5.9141417e-05,1658.335775,0.403
0231081369,7.6314514,0.00018103319,1551.171109,0.162
0118271404,0.399752,3.1806584e-05,1654.076981,0.851
0339752629,0.397421,2.7775718e-05,1657.627561,0.865
0382312052,0.7972678,0.00025135746,1654.798139,0.475
0090911675,3.962421,0.00024732326,1657.06144,0.448
0049534600,7.9490097,6.2462572e-05,1662.053057,0.166
0181233908,2.7975315,1.5546791e-07,1327.671912,0.633
0380783252,9.9653085,0.0019602868,1657.93456,0.716
0318649597,0.926883,2.3831258e-06,1654.057478,0.588
0253844234,1.182335,5.4980443e-05,1656.739181,0.541
0002372579,9.9210976,0.00018441877,1664.784822,0.082
0380822025,8.480957,0.00051180815,1659.891305,0.223
0061381436,3.8884334,8.2667282e-05,1658.066426,0.328
0351336681,5.4182627,7.3539751e-06,1659.38053,0.241
0006400274,1.211232,3.4399058e-06,1656.304618,0.512
0238892775,0.4826575,1.4924422e-07,1325.699766,0.935
0349797905,3.545013,0.00010354753,1659.731293,0.405
0246745789,1.5370723,0.00015206285,1656.909063,0.853
0409934687,5.8727135,8.7286941e-06,1658.396657,0.403
0193831684,1.2933235,0.00048085687,1656.272101,0.561
0259901124,0.4560838,3.3594906e-07,1325.470852,0.883
0253657883,0.7905225,0.00024612968,1656.183416,0.495
0169316288,0.5591511,2.8002545e-05,1657.157748,0.654
0261746657,1.3169859,1.4264665e-06,1325.984264,0.52
0229810745,0.4975237,9.2940563e-08,1354.299773,0.564
0120341889,0.5010343,4.719122e-05,1654.239648,0.544
0401606923,13.9175979,0.00018434663,1664.440367,0.139
0396215041,2.830784,2.9777179e-05,1654.15938,0.394
0200135791,21.9877425,0.0080227901,1676.210632,0.234
0097833468,2.2836154,0.00033690561,1659.693295,0.803
0211215485,1.7015012,1.2331963e-05,1657.220179,0.605
0316582319,1.4372009,2.0993585e-05,1656.289135,0.63
0118200081,0.9529892,6.8786691e-06,1654.650017,0.522
0056777828,1.6322573,5.9728399e-05,1657.267376,0.948
0118271395,0.3997855,1.9562523e-06,1654.075884,0.848
0300446210,7.8658514,0.0015882427,1626.780753,0.151
0061135882,5.6402419,2.8272532e-05,1656.388075,0.233
0320264006,9.2758197,0.00046782517,1655.526373,0.202
0345170707,4.0571153,0.00015844358,1656.526252,0.312
0080059889,3.0319176,0.00014534603,1657.637394,0.342
0253781040,0.2887024,2.7390524e-06,1655.859797,0.944
0276315375,2.0486948,9.3333955e-06,1656.066363,0.496
0320054835,5.8991823,0.0010764483,1659.288346,0.404
0076758733,14.6309618,0.083255033,1660.530377,0.197
0304101379,3.2143602,3.8417124e-06,1355.979241,0.81
0180416826,2.1895269,0.0002241608,1653.640997,0.27
0370134610,14.4888418,0.00091971883,1663.315309,0.163
0365956683,5.7311592,0.0053844842,1659.14186,0.552
0128790976,3.5187572,2.2112363e-05,1657.429555,0.212
0404123632,3.3655398,6.9192434e-05,1657.498384,0.423
0211170874,1.8040897,7.6191069e-05,1655.497328,0.367
0387107961,2.7146603,3.7926176e-06,1654.92167,0.457
0425549135,5.0206961,8.3993891e-05,1657.975215,0.211
0101845679,1.2811036,2.0557473e-05,1654.689248,0.405
0273697554,11.8781034,0.00027329322,1659.655497,0.158
0161083755,0.3139064,9.32001e-07,1656.32295,0.913
0169573910,1.4398097,1.277543e-05,1657.260811,0.603
0469441650,1.6835965,5.648713e-05,1656.950269,0.596
0061730680,0.3365551,1.7617699e-06,1656.595853,0.818
0101654574,18.459294,0.0017660993,1661.268446,0.168
0394657039,3.7628528,8.5413073e-06,1656.004757,0.34
0263074592,8.0693981,1.8871859e-05,1328.956236,0.454
0080252615,2.694707,4.1412254e-05,1657.318701,0.639
0340110295,1.6544428,3.8293733e-05,1657.995524,0.897
0050273697,0.3320699,3.7493343e-06,1325.26368,0.977
0303843296,1.7117262,4.6922173e-05,1654.35176,0.937
0030914235,3.0199529,1.3305848e-05,1658.0777,0.414
0320173862,0.1980963,3.2202774e-08,1654.083822,0.544
0277373390,1.1678694,2.7867063e-06,1657.168219,0.528
0180412528,4.5870046,1.1602582e-06,1326.289985,0.16
0060433558,10.8004431,0.0041640609,1664.160204,0.368
0090716944,16.050526,0.00055355321,1665.093301,0.028
0158301961,7.7615593,0.00077123181,1659.187191,0.225
0142783746,6.1512217,5.6946299e-06,1684.744181,0.205
0184008771,11.0251081,6.4850122e-05,1691.235691,0.283
0164458426,4.6932624,5.0927151e-05,1686.964588,0.398
0026543048,2.0051206,1.286979e-05,1683.516189,1.073
0164558072,2.427493,7.5395597e-06,1683.663501,0.526
0377307592,1.1928601,7.4098201e-08,1684.593763,0.579
0158389967,0.3927173,1.8546715e-05,1683.537563,0.735
0280033934,0.2787725,1.9493041e-08,1683.502263,0.761
0041870248,2.8261627,6.5932699e-06,1684.321553,0.31
0232965249,3.7268563,3.4198465e-06,1714.240442,0.311
0233208885,0.4937368,2.2737865e-07,1683.493577,0.616
0350987976,1.2975694,1.7434558e-05,1684.826484,0.577
0121273032,3.4755735,2.9856414e-05,1685.050289,0.414
0027845677,33.16094,0.0007072255,1640.338544,0.048
0272489351,5.800498,0.0011595543,1688.894809,0.35
0229766985,0.4313565,5.4620785e-07,1930.797515,0.867
0159298033,1.724836,3.9285028e-07,1842.652595,0.571
0120499528,0.369151,1.1853183e-07,1683.95545,0.772
0007849727,0.993305,3.8278515e-08,1684.163234,0.635
0160195393,0.5728941,2.5443407e-07,1683.68585,0.672
0123014200,0.68456,3.987086e-07,1683.484054,0.653
0288735205,3.477984,3.0312319e-06,1871.03142,0.252
0362104293,28.9620253,6.5517093e-05,1706.955057,0.026
0269126567,13.6752164,0.00032692283,1691.837873,0.261
0273376048,12.5688999,0.011283954,1685.894609,0.069
0048191564,9.5689982,5.4779642e-05,1679.863017,0.248
0063451547,0.9791375,1.332818e-05,1684.078443,0.67
0362187226,0.7939721,8.3008126e-05,1683.753495,0.592
0121945407,0.9055703,0.00027376254,1684.81589,0.495
0352165018,4.9045156,9.4335671e-06,1687.290178,0.459
0263635510,1.7537727,4.5263598e-07,1684.076432,0.336
0198280388,0.4884028,4.4191629e-08,1683.637607,0.793
0273778807,1.1109005,1.0029777e-05,1683.449019,0.973
0290035575,0.9523769,9.7338368e-07,1683.417634,0.616
0268610013,1.6796617,9.6736854e-06,1684.844111,0.575
0193867475,1.7771916,1.6845253e-06,1686.890526,0.484
0027843942,1.5218739,1.5606392e-05,1684.84755,0.472
0158393140,0.8768263,2.1828694e-07,1683.684847,0.62
0259006174,1.939628,3.8630385e-05,1682.657713,0.322
0202442974,2.738921,4.7076139e-06,1871.071276,0.383
0147950620,2.3106307,8.2175131e-06,1684.924518,0.221
0301072091,7.9062585,0.0022731206,1683.605392,0.323
0203001339,9.0673009,5.1919914e-05,1689.571458,0.104
0170344769,11.259333,0.00031267109,1694.406664,0.16
0159105847,1.3147148,0.00011158035,1684.267319,0.765
0158728853,1.6564461,7.516168e-05,1684.055687,0.474
0164554097,9.726541,3.7309221e-05,1684.40429,0.161
0356198153,0.4681811,4.516903e-07,1683.398933,0.86
0240178198,1.3826032,1.8719752e-05,1684.097483,0.788
0272176884,0.4177289,3.6156756e-07,1683.620533,0.774
0281948821,0.1121159,1.9177944e-06,1683.411821,0.507
0160228595,2.0922296,1.0493213e-06,1684.873565,0.459
0113098812,4.8960145,0.00045845295,1682.1919,0.287
0441808796,15.4713374,0.00038967436,1920.686977,0.244
0198537349,9.5785564,1.863795e-05,1691.167657,0.106
0272720444,14.1690365,0.00070043051,1693.0633,0.144
0356896561,2.2533509,1.1392877e-07,1685.409425,0.455
1883519478,7.6407461,1.541347e-05,1716.790212,0.125
0256368884,4.1991759,1.836381e-05,1683.520217,0.508
0120362128,1.6439225,0.00011022213,1684.658554,0.567
0273574141,1.0756491,3.5934086e-05,1683.903335,0.522
0272781956,1.6504237,8.6170103e-08,1683.140257,0.515
0165310952,1.8052185,5.7512289e-06,1683.563453,0.598
0137975907,1.7032721,0.00011226961,1683.86734,0.453
0219435542,7.1989808,4.1589086e-06,1685.451925,0.233
0198382838,94.1259026,0.000331862,1733.326159,0.024
0099982385,18.5665156,9.7209826e-05,1691.636502,0.504
0295803225,6.5603139,9.9768897e-05,1689.488892,0.32
0138639253,17.5281048,0.00010379683,1693.468646,0.072
0120258315,2.9115348,3.5934207e-05,1684.204623,0.54
0120576722,0.7891762,4.7849737e-07,1683.760131,0.62
0266920154,4.7083128,8.2637219e-05,1686.664822,0.434
0138971570,1.5018739,2.5850419e-05,1684.514608,0.533
0015795549,0.8911946,6.7269728e-06,1683.890908,0.597
0441734144,0.3254052,1.3567368e-07,1683.673035,0.718
0122375269,1.8912424,0.00010941097,1685.793938,0.56
0028304399,0.9526907,2.9526403e-05,1683.972818,0.722
0273042299,1.5883099,5.7677882e-06,1684.977201,0.53
0170735592,4.2029176,7.8706671e-05,1683.358141,0.537
0264508409,0.9744478,7.4006892e-06,1683.979769,0.52
0230478637,0.6676539,2.1951552e-06,1683.772924,0.717
0263930790,1.1247811,1.6075199e-07,1683.400598,0.647
0288312840,0.7592418,3.2232788e-06,1683.85273,0.733
0356820646,0.7943807,8.1646481e-08,1683.388863,0.636
0229776076,11.2110117,1.1934786e-05,1689.19949,0.154
0158660631,2.1781296,3.1168854e-05,1685.311822,0.434
0274347939,4.8534171,1.7067071e-05,1683.146053,0.291
0121020626,1.5403936,2.9967989e-06,1683.511383,0.505
0138098461,1.1600306,2.8679943e-05,1684.689948,0.88
0165307617,2.4315122,0.00049910687,1684.225622,0.799
0012029932,10.5542613,0.039800041,1689.653253,0.733
0102929927,5.5293298,8.740011e-06,1688.250936,0.17
0159644070,4.5641925,3.5086194e-05,1686.072527,0.623
0121016578,14.0841391,0.0024755461,1692.201007,0.19
0233546272,1.6591378,9.1051606e-06,1684.170247,0.59
0040219040,0.5247287,5.0979806e-07,1683.940342,0.764
0199688409,0.8682633,1.2499595e-07,1683.558047,0.627
0229910746,2.5063335,2.9888416e-07,1684.931584,0.412
0048356677,10.7614629,8.3145661e-05,1692.939857,0.142
0103743317,1.5396688,1.1536309e-05,1684.682746,0.543
0099920728,2.3585278,9.3214024e-05,1684.459764,0.341
0329246824,0.5876813,4.8790987e-08,1683.60293,0.649
0138888894,1.3535876,5.1904053e-05,1683.874774,0.822
0048450535,4.233826,3.5881604e-05,1685.775149,0.233
0377253090,0.4245313,5.0075624e-08,1683.719829,0.672
0047757785,15.6793194,0.00027985546,1686.572166,0.335
0233282561,1.6027527,1.3550943e-06,1684.886796,0.721
0424719589,7.6407457,1.2885318e-05,1686.227248,0.124
0063454475,1.8674768,4.1813977e-05,1683.629019,0.598
0272489100,1.7905209,3.2803064e-05,1684.844581,0.501
0170246850,8.4002404,0.00012520247,1684.841119,0.203
0235718636,1.1888538,3.5887247e-06,1683.797281,0.521
0199716496,1.0458364,2.7435269e-07,1684.376797,0.568
0028449295,2.3779664,0.00014444706,1684.682719,0.279
0155894704,1.3574343,1.5959603e-07,1684.018501,0.554
0012672792,4.2116316,4.6289681e-05,1684.080929,0.576
0154570928,42.6536288,0.0055189892,1687.741638,0.047
0041998476,2.7809831,8.8105718e-06,1683.435635,0.36
0138578906,1.2347531,1.7610914e-06,1683.527009,0.527
0298008052,4.363359,9.9153637e-05,1684.23622,0.425
0268383780,2.618377,1.8225055e-05,1682.5345,0.487
0219096494,8.0741923,5.1888447e-05,1932.607232,0.24
0224605072,0.6648758,1.4055264e-05,1683.901249,0.756
0270704947,2.6598094,6.1157524e-05,1684.185752,0.481
0159105713,0.5749414,1.3548816e-05,1683.579895,0.962
1400770435,13.7432308,2.2480745e-05,1686.3371,0.038
0356240274,2.3475876,7.0612409e-07,1685.253372,0.547
0258773798,0.3364697,1.2305563e-07,1931.217321,0.849
0120684604,2.189082,7.4625973e-06,1686.554649,0.479
0014207118,2.7046116,7.152818e-06,1684.716626,0.626
0243319567,0.4392638,1.7440657e-07,1683.628422,0.752
1713419350,0.1296923,1.6609506e-06,1683.387176,0.572
0427041696,4.0051767,2.1494126e-05,1687.7798,0.473
0237130278,0.4130443,4.9100992e-08,1683.678439,0.856
0399788405,0.4304368,3.9459401e-08,1683.793209,0.76
0110428269,0.6496575,0.00017276874,1683.555052,0.5
0377190161,3.7863949,4.5529066e-07,1687.022282,0.428
0092774987,24.2391808,2.0260556e-05,1688.422537,0.094
0154840461,6.0361565,0.00092822112,1685.574672,0.745
0120689878,7.40447,7.3841403e-05,1685.504464,0.221
0199420503,2.3858567,3.2390949e-06,1684.075103,0.524
0121598562,3.3488462,0.00022235564,1683.616788,0.309
0120893542,11.2580485,0.00052070513,1688.882491,0.571
0377912676,5.2150825,0.00060122606,1706.83924,0.78
0164674435,1.7418186,2.5486559e-06,1685.413371,1.003
0040038743,7.1681194,0.00011264556,1683.563546,0.322
0352718668,1.0560424,7.5280686e-05,1684.386735,0.59
0121213501,0.4738341,1.418644e-06,1683.477122,0.83
0103605167,8.4568659,9.7790961e-05,1688.17267,0.149
0273372402,2.2488952,7.2355909e-05,1685.501257,0.562
0158635832,1.9855808,5.7964306e-05,1684.937329,0.323
0273042650,6.1533649,0.0016355811,1682.162336,0.222
0164527723,2.7398679,1.1773409e-05,1685.561544,0.528
0378275454,7.6560697,0.00017866081,1687.421816,0.395
0298969838,10.1205584,0.00012345741,1685.602699,0.233
0153991851,0.5249268,7.5398381e-08,1683.72024,0.663
0027006880,9.7631328,0.00019689552,1684.202713,0.192
0219765652,0.6659493,2.1459039e-06,1900.404405,0.647
0161710825,15.9627044,0.00066438889,1687.220732,0.459
0138893145,1.8753441,0.00027328078,1683.802463,0.591
0255904363,0.4190036,1.346967e-05,1686.594095,0.593
0359675849,3.6771119,1.1050416e-05,1930.489888,0.338
0198242676,4.6297895,1.0072955e-05,1687.696127,0.507
0258351350,0.7729454,1.8905837e-07,1930.747774,0.619
0406947878,1.2313642,1.0586175e-06,1683.523237,0.626
0159510109,16.9487028,4.7527537e-06,1696.695912,0.053
0103573024,21.5587749,0.0011870927,1726.543674,0.678
0258826816,41.6423416,0.00022594203,1708.57489,0.038
0273582296,28.021551,0.0023627672,1719.052358,0.149
0137341354,5.4072775,0.00019927921,1684.312052,0.266
0202490797,3.3924643,5.4049375e-06,1685.362691,0.386
0121457732,1.9666235,0.00025642772,1684.601438,0.671
0158113583,1.3872088,9.807327e-07,1683.560381,0.529
0236714379,2.0359839,8.0984864e-06,1683.750824,0.334
0219107776,0.2099379,8.5531523e-07,1683.489058,0.622
0407594410,3.8168919,0.00012948996,1682.060597,0.552
0198408416,0.3647341,1.3297382e-08,1683.433722,0.709
0272843045,4.8559205,4.8731632e-05,1683.818376,0.313
0202291965,1.529739,1.1454663e-06,1684.264163,0.94
0185403173,4.5730357,2.7919068e-05,1687.42959,0.55
0158988347,2.496258,3.9459893e-05,1684.735958,0.392
0353871287,3.1756886,5.2231664e-06,1685.365489,0.975
0271158877,0.7862557,3.4431807e-06,1683.416543,0.652
0407000096,2.2745951,2.7953905e-05,1684.034505,0.497
0219771660,14.4945368,5.2813794e-05,1934.182731,0.15
0408474216,1.9319221,0.00012349918,1683.905999,0.309
0272074664,10.4761388,0.00026416945,1688.599965,0.223
0198242678,4.6297902,7.6619321e-06,1933.075282,0.507
0014617089,1.6689463,2.537999e-05,1684.997537,0.633
0284364590,1.2174657,6.6798506e-08,1739.640097,0.621
0040378419,4.7460209,0.00025473416,1685.877138,0.53
0069559020,0.2908637,9.1228218e-06,1683.450948,0.633
0360661624,10.9804655,0.00044432183,1686.900893,0.169
0350738423,2.6160305,8.3891496e-05,1685.262347,0.649
0164413080,9.3307063,0.00017788077,1695.17763,0.394
0320323992,0.2428955,2.1326026e-06,1683.565675,0.743
0147686743,16.1688794,1.8048448e-05,1725.704933,0.155
0352012002,0.6671181,9.8683803e-07,1684.936797,0.869
0259126645,3.261302,1.1810824e-07,1685.602305,0.361
0159464498,11.3298056,2.0582311e-05,1686.627399,0.222
0123311124,0.8715843,2.1800193e-07,1684.135624,0.751
0161563111,0.7177675,1.0530128e-06,1683.994324,0.701
0272944291,1.4186942,2.4627055e-05,1683.414255,0.735
0274348764,0.8320495,6.2908868e-06,1684.335186,0.828
1551345500,47.3858687,0.00045904653,1701.5278,0.085
0027312189,4.1779073,1.8710973e-05,1687.189318,0.259
0155657581,0.3681396,5.6552724e-08,1683.534673,0.585
0283193372,12.0307122,0.0010613507,1688.46014,0.206
0027767184,3.5129573,6.3614474e-05,1686.983532,0.359
0160585813,2.7638181,6.8193202e-06,1931.423429,0.332
0158218818,0.4239216,5.5552302e-08,1683.434019,0.741
0441806350,0.5041297,9.7176766e-08,1684.042182,0.672
0185059488,0.7397428,4.3419593e-06,1693.409218,0.533
0027844498,4.4214428,0.00020559542,1685.938802,0.676
0353854078,5.16969,1.3051586e-06,1932.115005,0.594
0121460104,0.3783745,1.1644014e-06,1683.705278,0.742
0121604042,4.4423249,0.00019013013,1684.994944,0.183
0356340346,23.8543071,3.6796005e-05,1703.874749,0.103
0122606463,6.9433642,0.00033949541,1691.56545,0.25
0084628518,2.7707179,0.00034941752,1684.631514,0.439
0298734307,0.9442714,1.5525334e-07,1684.204006,0.659
0271548206,7.4487459,0.00075554394,1687.434082,0.215
0230386284,0.3414933,2.041788e-07,1683.492533,0.559
0199688472,1.4412123,1.3936238e-05,1687.984095,0.368
0158794976,0.7728167,1.3173019e-05,1683.810714,0.705
0027307817,14.5841729,0.0057383894,1689.056125,0.685
0351287412,10.1335397,0.00017046727,1690.27206,0.083
0184947995,3.4792304,0.00023573224,1682.508438,0.323
0121124831,4.2308781,0.00048798724,1686.175766,0.435
0441739153,3.2100707,1.437826e-06,1686.352529,0.387
0159220329,1.7304031,2.5680595e-05,1683.568991,0.616
0137408317,3.723624,0.00033076906,1686.877354,0.589
0122070918,1.0648122,5.2936399e-05,1684.02564,0.697
0027915909,10.6742332,0.00025092235,1686.647162,0.111
0269696438,2.9789099,1.2707755e-05,1687.064681,0.298
0160268882,1.2709971,2.8784966e-06,1684.446504,0.922
0123416563,0.5807305,9.3278539e-08,1683.701164,0.642
0362259855,0.8847618,6.583461e-07,1930.916102,0.672
0424439457,11.5549155,2.2954015e-06,1689.214515,0.08
0121119758,2.302614,0.00060225633,1683.747204,0.755
0138430438,5.7768454,0.00017615932,1686.892296,0.327
0389916225,0.550877,4.2063259e-08,1930.028726,0.666
0233679640,4.3980286,9.3990815e-05,1932.217421,0.66
0085711393,2.0629492,0.00012783554,1684.303702,0.483
0198555959,4.1920513,0.00019269645,1685.323695,0.266
0358613523,1.3283366,2.2389702e-06,1684.686484,0.545
0229914020,0.6760076,4.0464384e-06,1930.956454,0.605
0159716878,16.6002043,1.8175377,1675.857966,0.143
0090349611,3.8896054,3.6145476e-05,1684.208055,0.599
0295802147,1.6537537,3.7858867e-05,1683.529469,0.488
0268305489,1.2621621,5.4210611e-05,1683.702641,0.463
0148914403,18.2901954,2.2495487e-05,1690.492994,0.081
0356630364,0.5567699,1.9764298e-06,1686.499491,0.512
0229476285,1.0964623,6.0604702e-06,1883.003761,0.433
0164524541,0.3150328,1.8391744e-07,1683.737611,0.844
0093316328,0.5157767,5.7812521e-06,1683.684777,0.594
0256512446,8.0561111,5.2785314e-05,1684.599738,0.207
0271773721,21.5732146,0.0012424742,1694.919465,0.2
0165991532,51.4178453,7.3571487e-06,1696.023992,0.064
0394131772,0.8190913,0.0001511614,,0.435
0458481461,2.8067683,1.778052e-06,1900.252721,0.572
0137152301,0.4919965,8.1665679e-06,1683.808102,0.767
0123357952,0.4277815,0.00057136861,1683.75647,0.685
0122446076,1.5194849,3.5860711e-06,1683.8411,0.572
0420114772,3.2350644,4.1013703e-06,1685.234891,0.274
0026489741,4.9334845,0.00013923148,1685.94847,0.388
0229940491,37.4597626,0.00050657436,1699.056187,0.064
0237200747,14.3034955,4.1744317e-05,1687.05194,0.061
0353650675,1.2461864,1.410428e-05,1683.658463,0.51
0272839425,0.3602724,1.7418854e-06,1683.690822,0.908
0147625755,0.6758391,6.9127613e-08,1711.916673,0.627
0041536849,1.9144331,0.00053006379,1683.203133,0.441
0288391801,0.3905846,4.4525482e-08,1683.521842,0.784
0356199330,0.3466258,1.0756797e-07,1683.541259,0.965
0158561566,6.7899645,0.00024765573,1690.175298,0.332
0392536805,8.4097582,6.5532646e-05,1687.632009,0.19
0267990226,3.2819533,0.00026935081,1684.309964,0.917
0123042728,1.3128307,5.6845773e-05,1684.237741,0.635
0048507019,5.3953039,0.00015287357,1687.368173,0.297
0273373712,3.4039084,4.8357332e-05,1685.403798,0.469
0375160191,0.790414,3.2686143e-05,1683.992117,0.526
0120626764,0.9612907,7.9264405e-07,1684.278097,0.616
0416264037,1.159962,5.4816066e-05,1684.142487,0.625
0365936982,5.221787,1.3431079e-06,1686.423632,0.232
0377251803,0.5713695,2.4443865e-07,1683.886614,0.931
0233574062,0.2995439,5.3831492e-06,1683.585131,0.904
0169814134,0.7078464,1.1357752e-06,1683.536492,0.827
0219707463,4.507086,2.5052337e-06,1684.214,0.181
0063071165,13.6839133,4.8124229e-05,1690.174385,0.085
0013968858,3.4855938,2.9369071e-05,1684.772353,0.625
0272598447,2.7770349,3.7957217e-05,1685.99143,0.324
0406951407,0.3618184,2.5132198e-06,1683.642619,0.759
0229687624,0.6176007,4.996382e-07,1900.871374,0.808
0311945765,0.4979736,1.9483321e-06,1683.750929,0.646
0279918206,1.0837379,1.331595e-06,1684.348796,0.398
0155657579,0.1840702,1.5612839e-06,1683.533784,0.602
0270700608,23.8710646,0.018135529,1688.824719,0.205
0122224804,2.9764739,0.00025304054,1685.985385,0.412
0312230566,1.9506652,9.1246133e-05,1684.09015,0.597
0268380299,8.4808361,0.000365868,1691.706044,0.283
0417126296,10.0364773,0.00029158611,1687.752238,0.209
0275576176,15.6440504,0.016491516,1690.831863,0.19
0086385104,2.3232208,3.9714725e-06,1684.799547,0.511
0159444225,0.2839962,3.1332511e-06,1683.595788,0.697
0120315082,2.873597,2.5870655e-05,1684.108026,0.275
0047762157,1.0690084,5.4983517e-05,1683.245995,0.674
0273501820,1.6554549,1.2425578e-05,1684.318321,0.576
0377296926,0.4313879,6.3869948e-08,1683.822857,0.844
0063291675,8.0982073,0.00016929424,1685.105032,0.188
0372758722,1.9780973,2.7119948e-06,1817.3678,0.418
0272368236,5.3044546,0.0016496524,1687.128763,0.693
0355978205,0.89109,1.3692686e-06,1684.886716,0.5
0237114978,0.3240331,9.2186263e-08,1684.044148,0.973
0185060842,0.8248662,1.2021692e-05,1683.885303,0.502
0301063488,7.3583242,0.022733406,1690.412334,0.23
0394179202,7.4241532,0.0013538708,1687.656312,0.211
0159723646,1.0731048,1.4179137e-06,1684.409041,0.627
0158272742,1.4009849,1.6033376e-06,1683.690853,0.608
0272650576,16.256743,1.8263204e-05,1878.029124,0.077
0164461124,1.3862532,8.4365956e-07,1683.662078,0.565
0272369124,27.8007538,0.00091254163,1704.359452,0.08
0287151976,1.5709936,5.8812579e-06,1683.740749,0.612
0040288117,1.6948229,2.4480744e-05,1685.509543,0.669
0198416591,0.3387332,2.2490942e-07,1683.427741,0.865
0138505004,2.2992573,1.629883e-06,1684.266998,0.469
0272841995,0.4452789,4.0143494e-07,1683.695881,0.703
0219109908,0.4240272,2.1275895e-06,1683.596623,0.855
0229751802,0.5162551,9.4312292e-08,1683.408273,0.622
0275658545,2.9846113,1.1840569e-05,1683.78349,0.987
0071531463,15.336607,0.0012119214,1686.30564,0.204
0256298934,0.5225054,3.4117983e-08,1683.819324,0.719
0299160301,5.9369062,0.00027968066,1685.678726,0.289
0435715608,2.3886147,9.5111233e-05,1684.321976,0.321
0356015357,11.2594893,6.3363904e-06,1939.340668,0.122
0273131564,7.8631235,0.00062553186,1684.04548,0.164
0273885188,0.9427823,1.3866543e-05,1684.035444,0.674
0164463075,0.3846784,1.4229323e-06,1684.414798,0.692
0229771234,0.8209585,2.9978254e-07,1931.061586,0.722
0016740101,1.4811061,4.1514784e-05,1684.889517,0.575
0156169159,0.7452159,2.342407e-06,1683.852263,0.629
0160472514,6.168627,0.00018616829,1901.432763,0.579
0233532554,2.8312777,5.0496812e-06,1685.289225,0.548
0284461108,0.3495299,4.1545401e-07,1738.893075,0.644
0121022559,1.297756,1.1395791e-05,1683.510527,0.496
0233904049,0.3112479,2.3254824e-06,1683.648806,0.734
0270616815,3.0447351,3.9663991e-05,1686.135154,0.546
0274129522,8.2093983,3.669522e-05,1685.973462,0.134
0239290086,0.3681596,1.9605541e-07,1684.478867,0.77
0232629077,3.6550019,1.7343061e-07,1684.365404,0.159
0239291500,1.6130338,1.0556792e-05,1684.359844,0.562
0273373040,0.8431663,2.2159165e-05,1683.994977,0.547
0104909909,2.5737914,0.00013492262,1684.406924,0.472
0310994603,1.1611667,1.2082477e-06,1712.317081,0.934
0121121622,4.1007475,0.00024684847,1683.726827,0.493
0268387175,2.1639195,6.36361e-06,1684.268088,0.621
0219900027,0.5152647,7.9311228e-07,1683.750363,0.684
0290032774,0.5778514,1.2410043e-06,1683.884458,0.673
0121463130,0.5085862,6.6117906e-05,1683.737786,0.617
0280033918,0.2787728,1.5865694e-07,1683.501992,0.799
0159573299,10.8828219,0.00031284259,1687.466348,0.131
0090616971,1.6736565,0.0013883022,1685.15588,0.424
0184089083,0.3784421,3.5649555e-06,1683.242984,0.784
0171970567,1.9213507,0.00012885647,1694.730662,0.307
0048084398,2.1218069,1.3253702e-06,1685.58884,0.554
0164557531,2.6963007,3.3538766e-07,1684.267496,0.493
0336405638,7.3251549,7.0533787e-06,1688.386932,0.169
0160618494,4.2618619,6.6009501e-06,1931.830566,0.205
0147576476,2.2195336,8.791755e-07,1684.792069,0.578
0164674992,2.2139641,9.6204897e-07,1685.025523,0.571
0164646288,0.7337361,5.0556409e-08,1683.592204,0.657
0120826084,3.3021605,0.00076136907,1684.656753,0.484
0356896550,1.9013188,8.4933452e-06,1929.960868,0.746
0342025025,0.4650738,8.3841798e-06,1683.505341,0.518
0288471108,3.1325803,4.6818799e-06,1933.162116,0.421
0359677968,0.617472,9.9578958e-08,1900.332854,0.752
0420137341,0.3758511,4.0407348e-07,1931.550424,0.883
0405685992,9.5741104,0.00080860981,1692.279722,0.183
0137551461,0.9790534,4.0963654e-05,1684.143315,0.564
0378089068,3.8996152,0.00014086749,1683.505746,0.4
0243352373,0.3342969,9.9226611e-09,1683.995097,0.783
0229975095,5.1853753,2.3779506e-05,1685.584511,0.272
0110981024,1.9793094,0.00017061432,1684.253007,0.623
0122304494,2.9216405,1.8729787e-05,1685.986735,0.426
0164677806,2.2236991,0.00022449868,1685.258431,0.71
0273629437,3.1463303,3.3568899e-05,1685.942111,0.619
0272609309,1.5592014,1.1970815e-05,1684.191052,0.634
0416635004,19.406274,0.00019224752,1689.486885,0.041
0259006185,1.9396542,1.6227451e-06,1901.860148,0.346
0219750638,0.4075024,1.9440779e-07,1929.657454,0.77
0268299560,8.7526476,0.00020555875,1691.68757,0.142
0377192659,1.8172398,7.8122522e-07,1684.652068,0.507
0121108244,0.3951054,2.3415609e-06,1683.569751,0.703
0224607716,0.5107739,5.8197704e-07,1929.895819,0.885
0012915124,3.1642751,3.0835859e-05,1684.26038,0.524
0123201406,2.4064013,0.00053885337,1686.037195,0.33
0158431889,0.5725308,1.6242709e-06,1683.891671,0.663
0376067182,3.1777595,4.0011771e-05,1683.903889,0.234
0239309691,0.321014,3.6733177e-06,1683.345522,0.718
0282368998,0.5689828,6.4307579e-07,1683.756521,0.627
0256327585,13.4947763,8.9210831e-05,1684.836718,0.165
0357719182,2.6225919,5.9228292e-05,1685.368329,0.44
0028306907,0.3453998,5.9900039e-06,1683.222507,0.93
0229495981,9.0416491,2.1641361e-05,1873.932458,0.204
0063006634,1.9948817,2.9505074e-05,1684.985985,0.644
0229585356,1.4195973,1.3038272e-05,1684.63895,0.557
0137310514,4.0534101,0.00026368601,1683.912869,0.408
0184298625,9.5412426,0.00080665868,1686.179,0.142
0353939279,4.527293,8.3172704e-05,1930.403852,0.737
0339185356,5.2903608,0.00019576023,1684.154646,0.195
0313025849,0.3209361,8.0944469e-07,1683.498043,0.894
0270698296,1.2193384,9.6607098e-06,1683.886961,0.611
0172422394,4.8085483,3.1239938e-05,1688.202314,0.417
0364965655,0.2642641,1.5234319e-06,1683.724975,0.742
0063449090,2.4419957,7.6328107e-06,1684.280752,0.36
0239262664,2.0214744,3.050263e-05,1683.606962,0.368
0288507910,16.6954722,4.5712528e-05,1873.584841,0.078
0193537392,0.1647381,8.7224544e-07,1683.461354,0.537
0172431974,1.1722583,6.1447793e-06,1684.419825,0.583
0219807735,21.7328313,0.020964599,1919.559574,0.673
0198388252,0.395161,4.0742078e-08,1683.771365,0.798
0164552564,5.5889647,0.016315781,1687.829303,0.466
0268289462,3.5050448,0.00019517635,1682.908634,0.447
0184246521,2.4702848,1.2147174e-05,1686.503789,0.576
0270517432,33.8587708,0.0024111994,1694.167564,0.333
0089522181,2.3470297,5.9689039e-05,1684.237323,0.371
0362791996,4.0629365,0.00049907795,1685.545318,0.362
0271877841,4.0749389,1.9482126e-05,1686.97874,0.375
0157999789,26.141053,0.0006165151,1831.154705,0.015
0268297677,0.8851284,7.7874501e-07,1683.295841,0.644
0099813351,16.373828,0.0014899827,1684.474844,0.21
0356150515,0.6121521,4.1621121e-08,1683.778079,0.771
0421334320,17.805892,4.4063793e-05,1686.205977,0.034
0441804674,4.2699202,0.00013865937,1689.832143,0.777
0012494582,0.8309453,8.046376e-07,1684.023707,0.648
0229461186,0.4026659,6.527021e-07,1683.970486,0.756
0219859691,0.4457637,1.2016228e-07,1929.60796,0.678
0122446960,18.6112781,0.0014416716,1689.255831,0.07
0159047480,11.6041297,0.00049352225,1694.786868,0.158
0157889314,1.4327737,2.5688977e-07,1683.933257,0.581
0026656583,0.5276908,5.0640121e-06,1683.886433,0.628
0138650903,2.5274296,2.9148648e-06,1684.15459,0.317
0042244951,4.2820417,0.0024642371,1687.014496,0.6
0271040768,20.7353455,0.0019898105,1697.921127,0.139
0157770450,3.289459,0.00012090156,1685.31009,0.575
0230530979,2.8220198,0.00010260251,1683.674811,0.515
0273874851,2.0451585,2.3565245e-05,1683.480851,0.555
0137408962,0.7770084,1.5807633e-05,1683.880463,0.518
0312486827,3.8341504,0.00015044835,1686.051484,0.616
0271164763,0.1257648,4.4316743e-07,1683.46447,0.604
0040102236,0.3816918,2.4568497e-06,1683.577509,0.976
0164784457,1.2503663,2.3851379e-05,1684.652694,0.533
0378395625,2.560754,0.0001312971,1683.754032,0.753
0048499902,7.5811853,0.0001773979,1687.042565,0.572
0232634196,1.251103,3.0303939e-07,1683.795421,0.661
0030714849,15.0688612,0.56559046,1683.243361,0.118
0273872891,0.6606801,3.3576282e-06,1683.542342,0.762
0136732283,1.2918663,0.00026685833,1683.930643,0.424
0269031095,7.0094462,4.5174267e-05,1684.851394,0.365
0379215982,6.772373,0.00026642348,1686.440298,0.18
0233735068,7.6868682,5.2639121e-05,1929.616689,0.209
0164781045,4.7038964,4.0806619e-06,1688.062453,0.372
0121122016,13.850315,0.14442404,1684.969502,0.224
0089761288,6.5232288,0.0042387799,1687.116905,0.714
0063126950,30.2993098,0.0027715807,1707.737028,0.132
0377192675,1.8183809,5.1477939e-05,1684.624233,0.401
0298421458,1.4993827,9.5711623e-07,1684.133163,0.589
0273583841,1.169539,1.1508594e-05,1683.78743,0.824
0353894978,3.3418257,8.6822166e-07,1685.64385,0.43
0063074282,5.3318272,6.098057e-05,1686.179347,0.408
0289722957,2.2183026,3.5768301e-07,1684.991259,0.536
0277473207,2.5285319,0.0027355375,1685.60297,0.483
0367681735,0.2567958,2.1046334e-08,1687.865416,0.796
0040244907,3.3178238,4.9984331e-06,1685.486551,0.548
0121866154,9.4556658,0.00071381745,1692.173177,0.26
0073884611,1.6400715,0.00057407519,1683.957875,0.548
0158491288,12.0835487,6.6666941e-05,1694.344571,0.204
0233079659,0.2418013,1.1436835e-06,1683.691678,0.823
0273043307,3.5563519,7.724225e-05,1686.57769,0.541
0011119600,1.2211942,5.7111933e-06,1683.732028,0.532
0230063769,8.2614364,3.8612501e-06,1872.331339,0.149
0257002707,0.3770863,8.6314216e-08,1683.288097,1.023
0295804815,1.528515,1.1665352e-06,1684.344475,0.535
0329248002,3.108905,5.6749879e-07,1683.838851,0.498
0115481900,3.3060948,0.00086195142,1684.989858,0.604
0042705187,2.1303275,0.00021038491,1684.249031,0.62
0142308209,4.5518823,5.2021056e-06,1683.632836,0.363
0016728252,4.8506288,0.00045551833,1685.269122,0.541
0336267424,1.4821917,4.8853444e-06,1683.574883,0.384
0233569141,8.2329493,5.6334434e-05,1684.191892,0.142
0270615728,0.9982151,4.6670738e-06,1684.144636,0.547
0420947520,1.8045544,4.5024318e-05,1685.687379,0.601
0271547896,1.3325398,2.1425662e-05,1685.570921,0.609
0159169838,0.9184306,2.177205e-06,1684.203427,0.679
0230114503,11.518327,2.2160945e-05,1689.142584,0.195
0291145873,3.2394062,5.2424758e-06,1684.030045,0.505
0243352809,0.5124522,8.825699e-08,1683.513309,0.75
0237277760,1.6820057,2.9144709e-07,1683.484806,0.514
0271040947,19.2308468,0.00067733912,1696.20774,0.068
0027397122,12.7335564,0.00013101358,1689.463868,0.148
0390021728,0.3020324,1.5457095e-07,1683.603174,0.788
0120251815,1.5102144,2.8637489e-06,1683.714228,0.576
0142979644,4.1790314,3.870736e-06,1687.545642,0.11
0394179296,0.7309274,2.2398092e-05,1683.541882,0.648
0194132691,11.6436879,0.00094382681,1689.600196,0.259
0275575030,1.045879,1.0918731e-05,1684.125168,0.755
0330998582,5.2586207,0.00016040688,1687.991266,0.43
0441804888,2.7375021,1.2045592e-06,1685.181612,0.474
0026542657,11.0047721,7.6952541e-05,1685.721193,0.175
0159386347,0.8079928,1.2580298e-05,1684.195513,0.859
0137687487,0.5134829,1.0454981e-06,1683.42983,0.713
0436168322,1.5520028,2.2116518e-05,1683.248365,0.58
0160648169,5.7749844,0.00023663152,1715.613039,0.369
0288778712,0.4988917,2.9904918e-06,1711.472405,0.78
0012673900,1.9102172,2.0389044e-05,1712.419698,0.635
0185236439,0.6537903,4.4111056e-05,1711.655425,0.901
0282925798,2.4440191,3.1116729e-06,1713.266965,0.571
0165453878,2.7076214,7.8705532e-06,1712.481889,0.4
0207384197,0.5353066,4.1271444e-07,1712.727599,0.767
0017451194,2.9784,0.00010224851,1713.985838,0.484
0375506058,2.6501668,3.3609434e-05,1712.675602,0.296
0278678404,4.5662046,1.3184033e-05,1714.170962,0.331
0190885165,3.2975355,0.00081238796,1712.982392,0.242
0230065962,15.956959,2.2232053e-05,1875.204778,0.114
0344376832,1.2358008,8.3644759e-07,1711.676252,0.582
0232643392,9.8689258,6.6102783e-05,1690.13187,0.166
0169819162,17.7444016,0.0013880455,1697.247735,0.082
0299032481,0.7770872,9.681201e-05,1683.564855,0.749
0150326668,2.9578471,1.7248349e-05,1712.397394,0.449
0193545446,0.6286265,1.0416994e-05,1711.662734,0.594
0359676320,0.4975785,2.3680806e-06,1711.712798,0.504
0063459761,4.3633096,0.00017813988,1714.343601,0.387
0014844585,1.8630983,1.7634023e-05,1711.507982,0.585
0063368767,0.6461027,2.3564242e-05,1711.704222,0.605
0364628248,1.9195885,3.9737863e-05,1712.791913,0.506
0405526704,4.9948694,0.00015783623,1714.128641,0.673
0162173122,0.3721521,1.0599936e-06,1711.778576,0.744
0171419257,1.7138027,0.00035806694,1685.198823,0.502
0381009148,8.4266413,0.0034448035,1719.765152,0.549
0316333039,0.8252373,2.3164873e-07,1711.428804,0.855
0199661915,8.399901,0.0062157626,1716.426641,0.339
0294601335,12.4588278,0.0082253349,1714.540954,0.734
0233720276,2.1983907,7.5302323e-08,1710.718303,0.473
0011793277,1.5069611,8.317008e-06,1712.306542,0.61
0236537131,0.6311411,6.6590066e-06,1711.609714,0.561
0000927579,6.0705574,0.00042394365,1516.261809,0.331
0063916460,2.6305989,1.9716029e-05,1711.660762,0.442
0063820329,4.6765443,0.00032400441,1685.957531,0.729
0063370066,5.5541695,0.00013131373,1711.70996,0.262
0295111026,4.2633465,0.00015203002,1714.253619,0.544
0380298140,1.7943809,3.4459229e-05,1711.965082,0.645
0166773165,5.0316864,0.00014816113,1718.958738,0.238
0055778901,0.3545554,1.6340449e-07,1711.695459,0.756
0169175441,0.4787275,4.328864e-06,1683.701627,0.938
0383676981,2.0037757,0.0001102552,1931.852632,0.754
0272846131,0.5926691,1.3254976e-05,1683.824363,0.785
0233866651,,,1713.945674,-1.0
0312160410,0.3023308,1.3588666e-06,1711.604247,0.74
0458478250,2.2552934,6.5312424e-06,1683.910173,0.329
0207496824,0.8027002,6.3681811e-08,1930.585564,0.764
0092776364,0.8462567,1.9077519e-06,1712.107853,0.683
0284891601,0.3102838,3.1581717e-07,1929.803732,0.823
0233390838,12.8955415,0.00023074428,1718.051206,0.172
0160104585,4.8618817,0.00011924379,1712.26352,0.29
0287234729,4.2904944,0.0012100803,1714.469207,0.357
0233233639,0.4403065,4.7617367e-08,1930.240657,0.831
0356974629,1.9385441,1.8410573e-05,1711.847251,0.25
0315777423,4.9319438,0.00066220485,1718.338026,0.535
0314459000,0.8578359,1.136842e-05,1711.779862,0.852
0099013269,6.5346855,0.00017706924,1717.187972,0.321
0356974639,1.9386036,2.8930543e-05,1711.845919,0.248
0259671983,1.8737817,1.8457763e-05,1712.862853,0.496
0158324245,3.5271651,1.9891304e-05,1685.318054,0.403
0452544997,2.2452871,7.164544e-05,1713.584352,0.531
0309720946,4.6071355,2.0034639e-06,1714.608248,0.427
0331377569,0.4542885,1.2605051e-06,1711.686549,0.841
0011113164,2.8391805,6.6817231e-05,1712.92706,0.629
0207493152,9.1276498,4.3220842e-05,1713.718361,0.221
0417497545,4.7586296,7.8373231e-05,1715.479385,0.575
0233080133,0.7916603,1.6591208e-06,1930.344021,0.726
0158417251,0.5189985,1.0244662e-06,1711.877358,0.92
0193391232,3.4510694,1.3302256e-05,1714.769482,0.522
0161687311,0.8166028,7.2248251e-08,1711.483609,0.652
0055753802,0.4155664,2.5589728e-08,1711.497056,0.83
0193538686,0.4050058,1.9306096e-05,1711.75275,0.711
0275537496,0.8562521,1.1896111e-06,1711.386952,0.644
0255993777,0.3085178,6.2066243e-07,1711.47947,0.651
0158565141,0.2751824,1.1861461e-07,1711.602967,0.795
0278075650,0.7603524,2.3870058e-06,1711.963919,0.68
0405504882,3.8283802,8.9528371e-07,1713.012369,0.371
0233681149,8.5859279,3.2121158e-05,1906.963848,0.189
0011704852,6.7712427,0.0013422004,1713.36117,0.548
0193545440,0.6369221,6.6325679e-06,1711.578974,0.593
0117234769,2.0575137,8.7271973e-05,1712.502028,0.533
0365034219,0.3777057,2.1953913e-06,1711.765667,0.907
0150388753,1.4135516,9.0556792e-07,1711.620587,0.869
0344456744,1.2523912,4.0576204e-07,1712.108489,0.695
0158579379,1.0144775,3.6900966e-06,1735.76841,0.587
0230088370,14.0076888,9.7054329e-05,1933.495662,0.184
0357685999,0.9368597,4.2017023e-06,1683.857459,0.645
0013974582,4.8607921,0.00048988021,1714.142502,0.334
0273594336,2.0436414,9.60092e-05,1684.105143,0.855
0247205466,1.1528047,3.9951243e-05,1712.300816,0.391
0322845246,3.6027672,2.593403e-05,1712.786363,0.353
0429251781,3.709533,0.0060546123,1716.775353,0.711
0375422201,4.0768471,0.0095503614,1741.751373,0.387
0166090445,5.3246121,9.1386091e-06,1712.805666,0.129
0303351921,5.8898076,0.0001324651,1714.083777,0.713
0286923464,6.1351002,9.4968501e-05,1712.658514,0.33
0336434532,7.7753455,0.00039355897,1717.54908,0.34
0170937974,0.8061295,8.350844e-06,1712.017315,0.683
0224303753,2.1772311,1.812811e-05,1711.780779,0.88
0312286761,0.5099985,7.0682897e-07,1711.44826,0.802
0267556582,5.3758893,3.6400394e-05,1714.79765,0.56
0198354443,0.1534342,6.5345388e-08,1683.417265,0.74
0162035117,13.150359,0.00010107045,1716.863454,0.155
0154511165,0.8403778,8.9161499e-07,1711.82771,0.598
0352954787,0.7385986,4.9412182e-06,1764.854167,0.733
0356701798,1.0725533,8.8713842e-08,1711.887765,0.673
0311070085,2.3897097,1.1475682e-06,1713.404613,0.551
0290034099,0.5921833,2.0060195e-05,1711.635169,0.782
0332277332,0.1966711,2.0976232e-08,1711.472126,0.541
0424461577,0.7448233,1.2161707e-07,1712.10237,0.654
0233731070,1.1072299,2.0831922e-05,1711.892726,0.857
0264301570,4.9355505,5.2914203e-06,1715.585707,0.286
0233211759,100.2057315,0.00048160946,1744.3894,0.031
0126336928,0.6980385,2.0183425e-06,1711.797021,0.656
0148963419,0.5681639,2.3839959e-07,1711.514563,0.635
0314340550,3.3539505,0.0022974002,1712.727315,0.437
0276162169,2.5500664,7.3720514e-05,1713.572178,0.514
0165470014,18.9511081,4.3834769e-05,1722.419236,0.048
0219033506,4.6692844,4.9400014e-06,1711.992159,0.594
0277848666,1.4276145,3.3172617e-05,1712.732226,0.893
0169467727,19.6332942,0.00043135206,1686.713973,0.168
0426803687,1.4749376,3.9687354e-06,1712.47073,0.659
0016617827,0.2906367,7.2870677e-06,1711.631106,0.72
0269701147,8.8801324,0.0001027051,1715.35888,0.166
0274645120,0.9009169,4.0576348e-05,1712.146815,0.763
0276914715,1.052049,3.9766265e-05,1712.224367,0.691
0195549306,14.3584795,0.011033179,1719.112601,0.255
0136317809,2.7913652,4.2737718e-05,1712.094021,0.404
0452563490,4.4276236,0.00011457236,1714.710569,0.523
0136879755,1.5015498,4.8324042e-05,1711.523713,0.375
0016316642,4.0218798,6.438813e-05,1684.383168,0.758
0357979050,2.3466216,8.4122684e-06,1713.247319,0.484
0335720078,0.3779939,6.0345259e-06,1711.48582,0.908
0305386053,1.242012,9.0865087e-06,1711.73205,0.552
0331201939,0.5545263,5.457325e-06,1711.934439,0.785
0236973844,5.2980308,6.451346e-06,1769.724189,0.401
0469460566,0.7612417,6.7058065e-06,1711.789258,0.587
0258777137,5.9294398,2.3836776e-05,1686.002236,0.196
0063644417,6.2124706,0.041320448,1717.968028,0.377
0381011161,1.3125371,4.366165e-05,1712.026491,0.583
0298559217,0.3301871,7.2740994e-06,1711.451147,0.922
0011480757,0.404167,1.2562501e-06,1711.550618,0.862
0273566363,2.4039943,5.9193511e-05,1711.565363,0.478
0169458450,6.9287941,0.0047458259,1681.267693,0.272
0257060367,0.526485,4.0666693e-07,1711.745468,0.743
2003333263,0.220418,1.0593592e-05,1711.563095,0.435
0084069091,2.6625298,4.0467773e-05,1712.658839,0.458
0028359831,0.8905095,4.1238744e-06,1683.71336,0.829
0351297515,3.1462184,6.3157316e-05,1712.343616,0.424
0161287859,0.566328,0.00013583942,1711.921852,0.752
0441641972,5.1251466,2.4887957e-06,1712.131216,0.168
0392536812,0.5909951,1.1815992e-07,1684.419187,0.925
0088589037,1.1716656,0.00047471218,1714.477985,0.489
0163965682,0.7858484,1.2919518e-05,1711.05051,0.775
0159720778,7.7360166,0.00027946397,1715.168356,0.173
0417277789,6.0104709,1.4862032e-05,1714.777958,0.544
0352762746,3.1422228,1.7502071e-05,1740.491934,0.635
0278068108,1.6259226,1.3524209e-05,1711.759898,0.64
0299156852,0.7450968,2.518544e-06,1711.897157,0.752
0441687696,2.2263682,1.8975315e-06,1711.919763,0.545
0352964170,2.4004738,4.6729601e-05,1712.117382,0.481
0230086768,34.9269461,0.00017266213,1771.057108,0.029
0406421379,2.0250078,9.5569605e-05,1713.370264,0.524
0028159019,4.619043,0.00014397409,1684.494766,0.5
0154067797,0.2365802,3.9374889e-07,1683.433849,0.757
0229412873,0.4184052,5.0732903e-06,1683.361916,0.773
0198313291,0.3067214,9.4154801e-08,1711.508635,0.784
0190693377,0.3618034,5.6974753e-06,1711.60584,0.669
0445836238,2.0007797,8.4518906e-07,1711.590768,0.534
0202444594,15.9891803,0.00046389189,1744.987092,0.155
0138951779,11.9413036,0.0026491876,1713.90516,0.409
0190734021,3.7644061,1.5148855e-05,1711.867255,0.569
0202299805,1.545686,1.6451685e-06,1711.611715,0.524
0330829235,1.0117969,2.0316456e-05,1712.00859,0.676
0169815759,12.4274859,0.00037050403,1689.815606,0.546
0305466446,6.5998431,2.3359637e-05,1711.513536,0.194
0063328020,1.1057442,5.032872e-06,1711.440318,0.671
0303833577,0.278512,8.6530411e-08,1711.453081,0.784
0277565268,1.0960589,2.5563089e-05,1711.591659,0.739
0275119073,0.7430297,1.5620264e-05,1711.958007,0.619
0148081650,0.3775014,0.00035232078,1597.165718,0.577
0316450573,2.4688767,8.2121666e-07,1872.210853,0.353
0198457457,0.4034692,2.8852669e-07,1711.456452,0.917
0429044383,2.3724472,4.8846935e-05,1712.891039,0.323
0272079818,0.4423686,1.188642e-06,1683.762623,0.972
0169815918,0.9628206,3.3233645e-06,1711.587524,0.608
0207496306,0.3293302,2.6897886e-08,1930.304066,0.769
0014842303,0.7725964,2.1886346e-06,1711.753379,0.674
0372366518,0.5586036,2.7635917e-06,1711.746542,0.82
0011480287,2.3168078,8.767091e-05,1713.015398,0.6
0243248327,1.2696081,2.662079e-07,1739.396038,0.502
0199709055,3.0546291,1.9590938e-06,1930.297755,0.316
0365787759,0.8073952,1.4193994e-05,1711.619323,0.585
0394881270,4.8312879,6.9508449e-05,1714.044595,0.65
0441732151,2.0998863,1.1007795e-05,1712.086577,0.46
0064904640,4.6638539,0.00043467204,1713.15297,0.322
0166074503,2.3288589,1.3879467e-06,1712.669021,0.708
0229788204,187.6752114,0.0022211777,1827.687047,0.028
0356978132,60.1840812,0.00085399271,1658.719716,0.045
0332334202,8.6714114,1.2458918e-05,1711.741651,0.094
0278076037,1.2337008,3.3532338e-06,1711.565101,0.712
0273173532,1.5130931,1.5186701e-06,1711.786236,0.608
0063315565,0.8553523,5.4174197e-06,1711.806847,0.604
0236046394,2.9962602,8.6681351e-05,1714.749415,0.678
0219738202,0.5790386,3.9460884e-07,1930.910423,0.801
0441690583,5.6463928,4.0530262e-06,1716.027806,0.288
0441694629,7.3299868,6.1749907e-06,1716.662926,0.078
0167196599,0.6405872,5.9537295e-07,1711.688569,0.65
0084070123,1.7563202,2.0235684e-06,1712.293804,0.625
0417052182,0.3134128,7.9915803e-07,1711.511369,0.929
0252668569,0.4629094,5.0760803e-07,1738.927693,0.62
0165721304,69.7691461,0.00049550815,1762.188051,-0.005
0305167549,0.4528908,7.9691897e-05,1738.833006,0.26
0415469752,42.6305665,0.0001444785,1624.502548,0.01
0120602501,14.8655966,0.00012320946,1745.786313,0.078
0068032870,1.0335323,1.3654738e-06,1739.526774,0.593
0404103665,4.9806174,3.1878008e-06,1738.947127,0.321
0286169068,0.4146188,1.0748156e-07,1738.828001,0.803
0328866871,1.6963664,6.2554309e-05,1739.077911,0.488
0371066950,0.6312793,6.0738359e-06,1738.953994,0.78
0153987857,1.0141966,3.0009227e-05,1739.717927,0.466
0337886863,5.6924883,3.1946776e-05,1743.681752,0.55
0148781497,2.5399053,4.2740398e-06,1739.710148,0.487
0193948188,5.6181129,2.3657615e-05,1742.606138,0.272
0404113676,45.8896573,0.00070788753,1748.65785,0.059
0066545120,10.8521597,0.0035740974,1751.147352,0.624
0431338625,0.6000513,1.0963528e-05,1739.235847,0.793
0064366964,4.459427,8.5326919e-05,1740.268232,0.638
0165626871,8.2570926,1.6838768e-05,1745.052241,0.117
0295121410,2.890365,2.817435e-05,1740.35396,0.427
0199612934,0.6014874,3.1273746e-07,1738.770817,0.916
0387834907,12.6526261,0.0014038242,1739.884119,0.199
0329277372,2.8878569,0.00013564246,1739.764612,0.352
0371480725,1.4716278,2.3287713e-06,1740.062478,0.539
0430808126,6.4794593,2.9461034e-05,1740.854205,0.449
0129409890,7.3514052,1.7089651e-05,1739.871332,0.397
0418998975,0.2769786,5.5678287e-07,1738.939658,0.928
0275051466,4.7850357,0.00040143324,1747.504527,0.277
0173419202,1.8758068,3.1655523e-06,1739.50949,0.608
0161665775,0.2783256,1.8041689e-06,1738.814809,0.959
0325901255,3.0747273,2.2486476e-05,1738.786073,0.477
0387901176,3.7155912,2.6933771e-06,1739.114593,0.234
0345710962,2.0865938,0.00029138769,1712.559045,0.492
0310004006,0.6450414,3.0712536e-08,1739.161754,0.628
0364186197,4.4245701,1.314904e-05,1820.503361,0.136
0428003183,0.7425756,7.7560069e-07,1738.708729,0.643
0413746112,1.0242898,0.00018539726,1738.306463,0.511
0193971913,3.7928444,2.9029024e-05,1901.477893,0.365
0316783284,3.0442237,0.00032855944,1740.531528,0.836
0316182273,11.2219952,0.0058770063,1743.504523,0.313
0336823975,4.6642856,1.6715385e-05,1742.186307,0.292
0330234754,2.7531605,0.00010773393,1740.028164,0.606
0331532483,5.0742671,8.6344522e-05,1740.041662,0.64
0316660881,1.2506842,3.8827572e-05,1739.844009,0.632
0421718004,4.4465728,0.001354697,1742.633684,0.553
0322390461,0.3868962,8.0622963e-07,1739.043856,0.619
0326374705,5.4051507,5.9997721e-05,1742.731809,0.631
0331221558,1.6046597,2.6231671e-06,1739.833453,0.51
0286169292,0.4404348,2.2449872e-08,1739.059778,0.823
0064951042,8.2390329,1.5530394e-05,1743.819531,0.584
0023753424,0.3455705,8.9780403e-08,1738.987683,0.94
0315060984,1.095509,0.00012641986,1738.714839,0.43
0388196465,1.7427351,0.00012663901,1738.647537,0.701
0420116962,1.9831998,0.00034208909,1740.337934,0.6
0374265995,0.3318931,3.6167055e-06,1738.932731,0.718
0410522328,1.4957895,5.7043327e-07,1739.98065,0.704
0458461293,1.806496,2.6832202e-05,1871.567353,0.344
0430677414,0.934925,0.0001688851,1739.39477,0.617
0388705796,0.5162611,4.1766797e-07,1738.761937,0.755
0288434140,2.710042,1.0879065e-05,1739.354078,0.506
0459252372,1.3054555,2.3277904e-06,1739.214057,0.548
0288434781,6.3345861,2.2255406e-06,1740.639676,0.2
0353863850,2.1291808,4.1035239e-05,1739.125186,0.786
0199574211,1.2683879,2.9854678e-06,1930.187602,0.219
2046417955,0.2358838,5.0052472e-06,1738.72766,0.522
0431159508,11.0674407,0.00028058354,1741.316544,0.201
0414019028,8.7183021,0.00013766448,1747.501618,0.27
0066355834,10.3692683,1.1163953e-05,1744.816358,0.174
0335484090,7.4987563,0.00010115731,1547.889315,0.399
0173797509,4.2790406,4.9211302e-06,1740.739712,0.264
0276119305,2.5784859,1.2093232e-05,1740.805914,0.6
0352951628,0.707084,1.5440179e-05,1738.73887,0.633
0174157888,0.3804571,6.6116385e-08,1739.108932,0.77
0428102518,10.9206219,0.0029077269,1745.167936,0.272
0338071673,3.3784202,1.5363811e-06,1741.324337,0.574
0260703820,27.0977052,0.006227035,1730.669179,0.236
0341327281,4.3183028,0.00026533483,1742.130597,0.248
0322055767,0.3775009,1.7643663e-06,1739.056505,0.769
0305399325,6.1001972,1.5266697e-05,1742.871436,0.218
0286900208,0.5399899,0.0003859964,1900.36219,0.598
0357372327,0.4205147,1.7007568e-07,1739.003547,0.778
0198410480,1.1233451,1.3685828e-06,1739.384757,0.739
0066080183,0.4011578,2.0497266e-06,1738.680957,0.745
0377192658,1.817236,1.9020008e-06,1739.169391,0.509
0233460141,1.6279794,8.8629196e-06,1738.667757,0.3
0159854358,0.3266562,5.3410829e-07,1738.994669,0.731
0359497418,6.3320719,7.2831889e-06,1934.707664,0.216
0343553606,0.8050707,1.0455685e-06,1739.285957,0.787
0427147238,4.2262696,3.780249e-06,1741.943979,0.529
0125442121,3.0183503,0.001514976,1739.332739,0.382
0066786762,16.6888008,0.0013585219,1742.485044,0.246
0352979549,1.1619751,1.4777942e-07,1765.385992,0.538
0197755658,3.1586975,2.962473e-05,1739.81705,0.368
0274575202,9.2035894,5.586997e-05,1740.303928,0.091
0255806138,23.4251318,0.011893005,1745.07809,0.345
0232572560,2.2695484,1.4946629e-06,1740.600185,0.679
0373932701,5.9503545,0.00066411675,1741.62762,0.295
0421714420,41.1246562,0.00071355423,1780.192082,0.043
0198152578,0.4546775,6.0537784e-07,1738.872136,0.563
0417436387,1.9623359,3.0704524e-06,1738.979989,0.575
0128927089,1.8823806,9.899317e-05,1739.660148,0.565
0284595199,3.4727638,4.050832e-07,1740.826259,0.498
1981434198,0.3062443,4.1979685e-07,1738.798797,0.89
0128927088,1.8822251,0.0001348863,1739.622013,0.564
0153826685,0.326996,5.0203438e-06,1738.768211,0.824
0427240420,1.3884254,2.4430843e-07,1739.422724,0.32
0323301918,10.6909404,3.7508185e-05,1739.847974,0.158
0233195058,2.6793155,5.6451492e-06,1872.604755,0.455
0335265326,3.8084529,5.890494e-05,1740.339247,0.555
0430530755,0.5181558,1.4448118e-05,1739.006025,0.618
0161744580,3.7718907,1.8288803e-06,1740.496433,0.527
0367691816,2.0201928,6.4090476e-07,1739.132806,0.682
0341679932,1.7099865,1.1684751e-05,1740.256085,0.539
0364120439,9.3202772,1.7595729e-05,1740.872644,0.2
0329770815,3.8703001,2.0763918e-05,1740.045003,0.399
0337544122,4.7077619,0.00010479293,1743.218406,0.161
0165371937,0.7956265,1.3119847e-06,1739.374578,0.603
0324596129,2.3469244,9.6827411e-06,1740.752499,0.603
0157273321,5.5201001,1.3567092e-05,1740.183413,0.535
0428186617,0.7516098,1.685203e-06,1738.902088,0.609
0329864959,9.045662,0.00020672336,1735.443892,0.291
0376023519,0.3643775,4.9668997e-08,1738.921479,0.829
0128721058,5.791456,0.00034544967,1743.128014,0.337
0417118871,0.2822315,7.5751228e-08,1738.953741,0.785
0129538133,12.0919522,0.021210266,1542.657942,0.237
0293954660,2.8136869,3.4068546e-05,1739.176908,0.468
0173795590,0.3327207,6.2648931e-07,1738.561279,0.812
0309809572,0.3268057,2.2071302e-07,1738.86024,0.852
0173424364,1.4790434,2.7984979e-05,1738.736837,0.642
0430846854,1.3601153,0.00056092932,1739.015656,0.466
0343667351,1.5422069,1.5216487e-07,1739.111266,0.57
0233169434,0.1757517,1.2500703e-07,1711.602545,0.926
0168809669,1.004711,9.8853603e-07,1739.295277,0.6
0138136997,2.3343622,0.001289333,1711.511492,0.322
0252788517,5.0081903,0.29075471,1738.476567,0.282
0176752680,1.5574461,2.1568604e-05,1739.293423,0.5
0310169616,0.4116638,1.4985141e-07,1739.105639,0.74
0199010369,4.0990887,0.00037421669,1741.615368,0.26
0455991789,9.1764269,0.00073488784,1754.062983,0.433
0305399324,6.1002225,1.1418106e-05,1742.870252,0.21
0409455615,3.2192142,0.00013968369,1738.889907,0.645
0321857016,6.9561293,6.5722043e-05,1738.348178,0.198
0298183671,0.56787,0.00014929808,1739.052669,0.428
0343127696,4.6721493,1.1083981e-05,1742.678974,0.652
0342334344,0.9013952,6.0100613e-06,1739.85645,0.688
0305633328,2.5034441,6.8717091e-06,1739.223614,0.622
0322129367,2.7192976,4.3957781e-06,1740.312144,0.552
0199574208,1.2683892,4.1194111e-08,1739.929271,0.264
0350132371,1.0318392,2.8582185e-06,1764.927282,0.367
0277566482,49.3787693,1.5669268,1733.564515,0.23
0176551075,25.7781919,4.6130677e-05,1755.633862,0.111
0455824124,12.9149294,4.8140423e-05,1746.859785,0.084
0155915231,0.8668953,1.9629898e-06,1739.372356,0.717
0176854066,4.0462111,1.4233254e-05,1741.547774,0.486
0127365016,20.8542116,2.1504215e-05,1744.807405,0.178
0298246821,0.3524517,1.5005495e-07,1738.682848,0.774
0173340408,0.4949673,6.657625e-06,1738.849642,0.696
0197757000,2.2065214,8.0912137e-06,1739.08782,0.541
0311035838,5.7994855,3.687292e-05,1739.451336,0.203
0199662929,2.2935708,1.7009038e-06,1740.694015,0.406
0290003896,1.4430769,0.00016687209,1684.776002,0.405
0468792279,3.7815761,6.1185271e-05,1739.028188,0.304
0283819432,0.2678155,5.3789118e-07,1738.737253,0.75
0387259626,3.6233194,4.8622498e-05,1768.739514,0.249
0418257102,0.4188147,1.8640794e-05,1764.835015,0.747
0186337556,0.5255514,4.3255364e-05,1765.123092,0.672
0376891085,2.1417938,2.1241785e-06,1766.070359,0.584
0240911239,0.4124257,2.0976185e-07,1765.09066,0.797
0343661464,1.0554091,1.4364718e-05,1738.816469,0.676
0252140076,1.7008985,1.6757517e-06,1765.135011,0.408
0256640207,1.1833653,1.3252277e-06,1765.708197,0.542
0242843658,4.9812382,9.5881243e-05,1764.802732,0.22
0365962806,2.1613279,1.0273763e-05,1765.316692,0.338
0196740034,1.8276701,2.0493396e-05,1764.932746,0.523
0240911922,12.0982702,0.00015456575,1785.273896,0.047
0028224552,9.9265876,0.00024810417,1766.423571,0.123
0455790537,0.9350886,2.4025903e-06,1739.692716,0.657
0445287089,1.2737135,2.2763517e-07,1764.828707,0.596
0018225199,1.8827519,4.1878712e-05,1765.907001,0.543
0271529113,2.3373656,7.5689927e-06,1765.622203,0.537
0396201681,7.0384034,1.6765035e-05,1769.796372,0.22
0343320735,96.2626719,2.9958489,1770.105929,0.162
0026568753,5.1477775,9.6771624e-05,1766.674423,0.213
0276105676,0.6586383,0.0001318845,1764.932649,0.619
0343326909,1.4075811,5.6444455e-06,1766.304211,0.583
0267651492,0.8669407,2.2624761e-05,1765.353687,0.933
0431486590,3.158618,0.00035547695,1765.51788,0.443
0336778418,0.693403,0.00012491978,1765.121054,0.625
0065628544,12.1561888,7.1729786e-05,1765.752866,0.188
0338159479,1.4143483,4.0994283e-06,1764.914139,0.616
0028351918,0.5150875,1.5429398e-05,1765.106366,0.55
0028763683,0.8917124,1.7551229e-05,1765.320579,0.744
0272532173,3.2739721,2.7927723e-06,1767.173907,0.535
0439943228,10.5156732,0.016056112,1775.872893,0.432
0470710327,0.5523474,6.8284496e-07,1765.160746,0.792
0240947891,2.4947746,5.7523116e-05,1766.776134,0.544
0017005768,6.8397291,0.00055861047,1765.270386,0.19
0434437489,1.8519706,3.0234674e-07,1765.761434,0.529
0388245308,0.3546867,2.2918603e-07,1738.927516,0.733
0469863969,2.6897486,0.0018756872,1767.334699,0.502
0083222019,11.6376922,4.1515743e-05,1772.349602,0.281
0255802749,2.3977691,5.249752e-06,1767.048267,0.54
0375854079,27.3289296,2.9316246e-05,1764.732856,0.1
0288296337,0.559184,5.2429297e-05,1765.001982,0.528
0312060302,0.9804999,7.6631148e-07,1765.201195,0.599
0413738130,2.2008699,0.00014861102,1766.798608,0.517
0012790306,1.1847291,2.4417177e-06,1765.50053,0.609
0375853985,2.3337045,2.5290344e-06,1766.596994,0.516
0346073081,0.6958249,5.4082512e-06,1765.232029,0.751
0317470793,0.4174331,1.8527231e-07,1765.082155,0.749
0063972389,3.037679,0.00025577098,1741.381956,0.478
0230069712,1.9674069,6.4759986e-05,1766.641598,0.485
0013037534,30.1826945,0.0021669302,1781.478385,0.542
0427312571,6.0662821,1.8357645e-05,1766.115808,0.474
0331069412,12.9460797,0.020259264,1753.788224,0.698
0279871974,6.5619449,1.3134624e-05,1765.839631,0.438
0396134795,2.5885417,7.6394523e-06,1766.493328,0.51
0366517337,1.6886433,9.397365e-07,1766.168446,0.546
0601366244,4.7185238,0.00030567535,1768.685823,0.343
0435863262,3.6576008,5.4797771e-05,1768.291583,0.34
0053847727,3.0112586,9.7505356e-05,1765.704907,0.29
0323143096,8.4393269,1.6277129e-06,1771.2178,0.395
0268944966,2.3911612,2.8950815e-06,1766.179257,0.615
0431423983,8.4751232,9.3443198e-06,1772.230264,0.102
0013389059,30.551402,7.3066917e-05,1768.179142,0.101
0241017747,2.3293971,0.00021895095,1763.506778,0.544
0279605117,2.5779104,7.3683528e-06,1767.179842,0.578
0177644756,11.3407028,0.019934335,1546.620558,0.341
0376499580,2.8747738,1.2864918e-06,1766.282087,0.411
0252096958,1.1642311,9.2402543e-07,1764.710221,0.823
0083812531,3.9537503,6.4476258e-05,1767.438235,0.559
0191463077,4.7185237,0.00012161137,1768.685822,0.343
0467181063,15.5194227,0.0027401011,1752.235529,0.342
0434214393,3.4597964,0.00014960198,1765.11509,0.264
0189397763,12.7746423,0.0017029897,1765.81322,0.203
0417585921,4.9419625,2.2099289e-05,1764.990452,0.541
0312471472,1.5519276,1.7315728e-05,1765.769111,0.469
0453012065,13.3886087,0.17084659,1764.638578,0.617
0445133704,0.3239555,1.2671204e-06,1765.019624,0.814
0044631965,3.5685735,0.00048591751,1767.316591,0.254
0414579577,2.0794196,0.00098670605,1740.159347,0.471
0057963765,0.3210187,3.9477903e-06,1764.924614,0.925
0359132040,11.072083,0.00015819539,1772.750192,0.605
0242799145,5.0017653,8.2848421e-05,1766.671643,0.254
0327583823,1.8125835,1.0703897e-06,1766.042629,0.592
0455755453,3.3464127,2.3719903e-05,1767.651609,0.481
0455947620,1.9277589,0.00011087561,1765.211601,0.231
0269609504,1.8589227,4.2019938e-07,1764.89661,0.592
0196776171,2.4259113,0.00028201628,1766.874478,0.472
0174266604,1.7174984,1.1678567e-05,1740.207469,0.362
0327121759,2.9898655,1.106339e-05,1767.440786,0.554
0432761331,0.359619,1.5124962e-06,1764.968893,0.786
0354246759,7.1196088,0.0001883073,1817.688482,0.224
0326812358,5.6758097,0.00019018391,1761.958951,0.404
0396300606,4.2923404,0.00010937157,1768.855583,0.672
0455769191,4.5426236,0.00016600539,1769.317326,0.339
0326630342,1.4734376,1.7559565e-07,1764.787012,0.672
0352077081,2.5210242,8.0006382e-06,1765.245532,0.545
0356015361,11.2599309,0.00026005455,1770.443901,0.18
0018250189,0.1396417,1.5136242e-06,1764.730919,0.556
0396235258,2.6760858,3.9835417e-05,1767.183844,0.66
0269238622,1.2216006,3.9601795e-07,1765.5871,0.681
0219882262,1.032726,1.6359912e-05,1765.409475,0.402
0427385758,4.9085288,1.2038404e-05,1767.368354,0.589
0467354611,13.9142034,0.0014301546,1760.04522,0.147
0366517381,0.5446193,2.9495334e-08,1764.758247,0.666
0272622914,1.3156583,8.4413233e-07,1765.463352,0.675
0611402948,0.0933697,3.2677474e-06,1764.854262,0.472
0284925600,1.2457081,2.7458244e-06,1765.250614,0.532
0283476365,2.6647007,0.00021087875,1764.783572,0.74
0331860062,6.6022112,0.00010537796,1772.418799,0.515
0238626074,5.1580315,3.2452768e-05,1769.168821,0.188
0358908226,1.0005991,1.782691e-06,1764.819366,0.32
0194303300,2.5019697,0.0013720485,1766.723182,0.348
0283640314,5.5054613,1.0090071e-05,1765.251915,0.422
0177315555,0.8152513,1.7095709e-05,1764.826154,0.518
0197587400,2.4776908,0.00028278946,1764.842349,0.331
0270665642,1.5745708,4.3987951e-07,1765.658009,0.645
0284611896,16.3676063,4.1899758e-05,1778.503328,0.201
0421782795,6.6729899,0.032156034,1739.868497,0.583
1981621672,0.2783084,2.7776138e-07,1764.910249,0.824
0026801525,3.8966513,1.2929213e-06,1766.618816,0.25
0377611329,0.921582,2.5384634e-06,1764.839953,0.635
0326149070,1.9514945,7.5397448e-06,1794.884752,0.388
0287085893,0.9350152,2.9991694e-05,1765.119064,0.791
0431633352,0.592456,5.2629608e-05,1765.035947,0.468
0305832152,1.5430462,4.6642915e-06,1763.899739,0.604
0371738956,0.2687508,2.7084786e-06,1764.897112,0.725
0317839169,4.6688711,0.00022802523,1765.101045,0.329
0433977629,6.5596851,5.3366001e-05,1766.781285,0.111
0196896001,0.6108151,0.00027291203,1764.91796,0.341
0174310085,3.6533097,0.00065586266,1766.817635,0.411
0337470211,1.3238004,2.8038617e-05,1765.833708,0.303
0202601061,0.6609503,4.6283691e-06,1765.005227,0.534
0233193944,2.5055407,2.3106126e-07,1817.685131,0.358
0271241950,4.3080395,8.3251544e-05,1767.697854,0.39
0269696430,2.9787944,5.9609533e-05,1767.497583,0.326
0186514178,15.9038388,0.0012764918,1766.691128,0.221
0058018570,2.0288129,0.0011518524,1765.98207,0.436
0201693184,3.0836984,2.3316694e-05,1766.004748,0.445
0196433833,23.8403023,0.31707138,1766.885947,0.075
0256352113,0.4680768,5.1693447e-06,1738.920623,0.752
0366557556,0.4487763,1.1627821e-07,1790.944296,0.951
0252725557,0.3568422,9.5813118e-07,1764.752805,0.964
0427767269,6.5600242,8.5401795e-05,1766.804586,0.486
0455732776,1.3850806,3.2606245e-05,1764.779377,0.54
0272822330,4.5013345,3.1962224e-06,1767.379364,0.367
0346934659,4.3335584,0.00010065205,1765.955568,0.867
0315287999,1.7504712,2.5875461e-07,1764.848183,0.579
0177057901,0.6846849,3.3452744e-06,1765.181846,0.99
0241013310,2.1448943,3.2144938e-06,1765.792392,0.524
0434893323,1.3645751,2.9449985e-07,1764.901578,0.635
0173521768,2.7650763,1.8541082e-05,1739.176999,0.539
0272324340,0.4333571,1.6762638e-06,1765.245177,0.885
0600037491,2.0714015,0.00027012972,1765.518891,0.567
0336296852,1.6089124,0.00033085232,1765.915217,0.526
0240706234,0.2336936,1.6101971e-06,1764.76103,0.726
0028391714,0.9715449,1.0643869e-05,1765.148356,0.592
0440003271,2.6394345,5.627452e-05,1766.608014,0.406
0263968694,1.5325047,8.1091166e-06,1765.533292,0.724
0306955469,11.9503667,0.0034905781,1768.84596,0.217
0434625997,2.0583075,9.0616332e-07,1765.291276,0.628
0365663227,13.7364979,0.0028842312,1731.463834,0.476
0051955546,1.8160334,1.4146073e-06,1765.588886,0.593
0267803830,3.3847696,0.00052728912,1766.063359,0.55
0376963666,1.2490919,7.9319639e-08,1765.178979,0.672
0015613315,0.7166323,1.5193014e-06,1764.834585,0.65
0342332827,4.2304675,0.0017890384,1738.74896,0.689
0440051305,0.3296757,2.6907389e-07,1765.060167,0.757
0421110675,0.3188568,1.7968723e-08,1764.945121,0.73
0377506471,1.7747462,1.0510165e-06,1764.740447,0.649
0368319105,2.7745752,4.7423661e-06,1793.145057,0.55
0320268279,0.4507372,5.6651083e-08,1765.104283,0.772
0155114483,5.2652557,0.001392932,1766.427903,0.234
0317015040,19.847796,9.9173147e-05,1765.291196,0.096
0352378412,0.6760259,2.8033314e-06,1765.12428,0.668
0405764176,0.3701756,2.1477196e-06,1711.675057,0.885
0469857617,1.6304856,6.6579035e-07,1739.77026,0.643
0061505537,2.825623,0.0012197205,1765.177752,0.408
0343549114,6.3552415,3.0992986e-06,1738.861433,0.303
0202088205,3.3740134,0.0004075839,1767.526841,0.563
0044631957,15.3114276,0.0095104453,1781.227907,0.202
0063972440,3.0374949,1.6035093e-05,1741.385802,0.527
0060987622,0.269598,2.2100075e-06,1764.918592,0.874
0271529021,6.0684145,9.8755697e-06,1768.949832,0.29
0377278259,2.5221183,2.4562258e-06,1765.938378,0.326
0232985036,1.4656068,3.5302572e-06,1930.687029,0.668
0189414606,1.2366986,4.9162713e-05,1764.825948,0.553
0044560801,2.7935345,0.002517549,1767.2371,0.444
0327121928,7.0465247,1.8905483e-05,1769.917644,0.259
0061386324,0.7318433,5.5669454e-06,1764.776309,0.847
0267805178,1.4863702,4.0534831e-05,1765.146308,0.59
0341983711,2.5152406,0.00086205238,1738.71042,0.401
0283390331,1.7802353,0.00012966587,1765.366353,0.552
0366072761,7.6596081,0.00010372399,1766.577009,0.098
0456905229,1.6928824,0.00028536252,1765.41829,0.489
0412638697,0.9859108,5.3099351e-08,1739.092632,0.601
0445181450,5.962343,0.00019439192,1769.984462,0.467
0315810194,0.5433678,2.3420222e-06,1764.765458,0.581
0440657189,0.2601454,2.2853264e-06,1765.127218,0.888
0376891083,2.1417938,2.8966877e-06,1766.070405,0.585
0083905462,9.6529258,1.0488507e-05,1768.793125,0.339
0313506357,3.0757557,0.00087256221,1765.742249,0.391
0380784511,1.0138363,0.00055864223,1764.908452,0.375
0306956190,9.8292587,0.002656445,1763.759155,0.608
0333868181,15.6154549,0.0001215167,1778.157252,0.045
0414807623,2.1191162,8.135238e-05,1766.812833,0.448
0336767770,0.9398177,3.0432326e-06,1764.900771,0.53
0366972961,2.5127197,1.6400196e-06,1766.054698,0.455
0269411609,11.5591434,0.014794539,1767.89188,0.297
0272539879,2.1420485,5.0152261e-06,1764.699419,0.676
0427063387,3.6732282,2.9481163e-05,1739.650478,0.478
0191769621,16.9850358,0.003606881,1769.523819,0.145
0434723918,16.2056892,0.00010454274,1772.742241,0.255
0050849800,1.4283347,9.9633281e-06,1791.213962,0.587
0285161229,1.4976793,0.00018167305,1790.910644,0.578
0353565609,0.3804039,8.0607006e-07,1791.195837,0.771
0279202406,4.9216633,9.739242e-06,1819.07931,0.534
0012824209,1.0711624,3.2867306e-05,1790.855458,0.527
0011437325,0.5733566,7.151794e-07,1790.806106,0.521
0373702832,4.0339349,1.081932e-05,1794.251423,0.32
0428257299,0.6389826,1.9602516e-06,1791.790698,0.79
0240962482,4.4744608,5.3942383e-05,1794.349813,0.262
0316250867,0.6851096,6.6397185e-07,1790.71779,0.78
0279186939,18.3557648,0.00048829508,1775.122612,0.231
0280626089,2.8054245,4.3715677e-05,1791.04174,0.532
0240873079,0.8056326,2.3137338e-06,1765.261617,0.799
0369283035,9.5348094,2.6014083e-05,1794.047525,0.154
0284050381,1.3590618,0.00013675393,1790.674302,0.538
0390408482,2.9268983,4.3350337e-06,1793.560949,0.697
0289044378,24.8495338,4.8542971e-05,1809.248888,0.074
0139378834,0.5147505,2.2619499e-05,1791.036804,0.52
0301264684,9.3622535,0.0025090413,1809.999897,0.225
0302089933,13.4235454,0.0014138754,1799.351344,0.201
0101302325,2.1980121,7.7751083e-05,1792.249539,0.564
0280321964,2.1733723,4.1059422e-06,1792.732946,0.339
0388436487,1.5491348,1.2784874e-06,1791.010729,0.37
0388602832,1.4790633,4.9657738e-06,1792.156449,0.686
0139460937,4.0635072,7.6752228e-05,1790.940792,0.276
0256640561,1.7202707,6.2409197e-07,1764.794195,0.62
0470124714,5.5193943,3.1031809e-06,1795.965053,0.171
0301909087,2.2300403,0.0072426401,1791.669801,0.529
0409527600,1.1483467,0.000188921,1791.13275,0.55
0348021286,6.5904241,0.00060667893,1793.485975,0.322
0390661644,5.0860805,0.0053994022,1793.616917,0.524
0299443090,1.174586,2.6756512e-05,1791.434552,0.976
0293066086,0.4654317,3.4653696e-06,1790.749077,0.848
0352110251,6.0616439,1.0449169e-05,1792.231599,0.191
0013840107,2.766084,0.00125967,1792.526429,0.47
0396059992,9.1022293,0.019519822,1798.095041,0.389
0116991977,1.9008884,6.360122e-05,1791.849031,0.505
0436869712,1.4937971,8.3690904e-05,1791.393906,0.434
0116374184,1.7889812,4.980014e-05,1791.521855,0.497
0353077789,1.8390292,4.3721098e-06,1792.269148,0.546
0051024887,8.2674452,0.012342942,1797.336722,0.284
0192587088,2.4054872,0.0001309127,1792.98934,0.494
0029053989,1.3230918,9.2490016e-06,1792.578009,0.543
0116890331,1.5225427,9.9767352e-05,1792.93792,0.784
0409523757,3.7275273,2.7126975e-05,1792.715306,0.453
0117397619,8.0310059,0.009316263,1792.031583,0.384
0200921621,4.8641013,0.004738863,1795.573157,0.583
0286358203,4.6699278,0.001175935,1791.279618,0.488
0279204281,2.3741383,1.8316802e-05,1792.309777,0.368
0202839485,0.412856,2.8210417e-05,1790.749104,0.628
0458875828,2.3110325,1.6651284e-05,1792.345324,0.615
0354926863,1.4366316,1.5911914e-06,1792.883208,0.431
0301741204,6.6790284,0.11623467,1798.853341,0.433
0468343249,0.3716205,2.3762126e-07,1790.773653,0.766
0384654908,4.4531601,5.4847774e-05,1794.692543,0.588
0410477617,7.0292201,0.00043234956,1792.768596,0.287
0186595806,0.3873824,3.4306671e-07,1791.128661,0.693
0315937374,0.6057959,1.8900725e-06,1791.55119,0.829
0389761749,4.1720461,7.8231977e-05,1792.632556,0.771
0420448703,1.1733724,3.0334325e-05,1764.606154,0.436
0238742795,2.7989601,8.4398074e-05,1790.890381,0.413
0014040050,10.2707341,0.0012417565,1793.012936,0.273
0118389230,4.2744394,0.00036802076,1790.894841,0.756
0428249301,2.7038918,1.0273944e-05,1793.684819,0.46
0177995773,10.6183382,0.00053806794,1791.973642,0.195
0137205922,3.3001413,5.9365529e-05,1791.691019,0.43
0279509403,1.7402138,1.0953273e-05,1791.964981,0.858
0428795527,1.3737496,1.0663897e-06,1791.717415,0.601
0071847068,2.587426,7.8986887e-05,1793.331451,0.363
0396573191,2.4941662,0.00010578592,1793.039098,0.553
0022843856,1.8497231,0.00010044581,1790.981874,0.305
0285339013,1.9163685,5.8392068e-07,1792.52328,0.672
0063623869,0.7631187,9.419617e-06,1791.921889,0.552
0373328406,6.896544,2.5820764e-05,1822.779885,0.13
0388529207,7.3747688,5.9751094e-05,1793.78661,0.184
0346541355,8.1611554,9.5188575e-05,1793.663305,0.256
0268404844,3.1609021,1.9881439e-06,1817.897296,0.306
0470937126,1.0005506,0.00071455799,1790.564176,0.5
0376971463,1.1374875,0.00015771091,1792.579479,0.532
0348670544,5.3638852,0.00035674601,1794.557443,0.651
0428735978,2.7145369,2.6696446e-07,1792.752506,0.55
0346627403,3.0097297,2.8694665e-05,1793.546416,0.432
0349294422,0.310388,1.8682874e-06,1790.83484,0.977
0427654774,10.4528177,0.003307274,1770.260597,0.342
0400940488,13.6407327,0.00022468107,1791.215829,0.592
0384812248,3.3653644,3.0308582e-06,1791.652861,0.663
0375599392,4.600865,8.3923994e-06,1767.52072,0.24
0250453538,1.6405828,0.00021477709,1791.641727,0.787
0302771290,1.1952389,9.2657073e-07,1792.383429,0.564
0388431706,3.4567713,0.00011405563,1792.046907,0.193
0077545160,11.2465902,7.274099e-05,1795.368315,0.128
0280564453,6.9149552,0.0091682167,1791.089889,0.316
0026432264,1.0500526,1.3984744e-05,1791.466424,0.742
0063588946,12.7225898,0.0010834166,1794.731182,0.163
0470152814,24.544836,0.0096795508,1795.900902,0.317
0275367529,2.5798079,0.00020701274,1793.940155,0.398
0317507345,3.9400619,0.0001535027,1790.823269,0.181
0292317374,9.3202138,0.0031579199,1792.330232,0.211
0117175528,2.2541549,3.0736072e-05,1790.988101,0.562
0399737080,0.9106007,1.3013688e-06,1790.922234,0.578
0286566392,1.4467198,1.0292183e-05,1791.828375,0.552
0417765877,1.2113146,1.0852918e-06,1816.634816,0.473
0094368565,15.904527,0.008984759,1793.245583,0.162
0186942457,12.7727366,0.01070673,1796.243472,0.177
0470677450,4.4931565,1.2046916e-05,1819.329401,0.413
0403037785,1.3573219,6.0703327e-06,1791.573061,0.584
0249943198,0.798693,5.647477e-06,1790.855869,0.814
0297647356,1.7656247,5.7769784e-05,1792.38871,0.267
0312862941,1.8294976,0.0010016366,1790.724429,0.722
0396713719,2.0818251,1.2354325e-06,1792.123355,0.437
0436863045,8.803258,0.00017650068,1792.931274,0.454
0458847254,2.6060503,0.00063107204,1792.128179,0.492
0327259175,2.1740913,0.00012190335,1791.610701,0.412
0053708889,8.4582565,4.7138759e-06,1790.952205,0.276
0445646082,2.7260256,0.00020228672,1791.548547,0.591
0194736844,3.0408347,0.00047429707,1794.786886,0.61
0354385277,2.9459841,9.3613858e-05,1791.989776,0.526
0279081935,2.8568997,6.2777647e-06,1791.520659,0.378
0436873913,1.9779044,0.00014748829,1790.830436,0.297
0322262620,4.42779,3.5446066e-06,1768.404401,0.242
0373128383,2.0868325,1.7647762e-06,1793.451682,0.542
0241078868,0.6867663,2.3409352e-05,1791.10814,0.908
0468754960,14.4982881,2.1404377e-05,1826.541508,0.126
0235982927,0.847279,1.7954904e-06,1791.705557,0.583
0139378835,1.029524,3.8978043e-05,1791.550256,0.473
0063310637,3.2689044,1.5970416e-05,1790.76487,0.593
0456130400,0.3517059,4.0040303e-06,1790.880764,0.801
0129913061,1.0962675,4.4080682e-05,1792.274167,0.653
0385105755,0.8494102,8.983885e-06,1791.082365,0.579
0428784674,2.3867818,4.8294933e-06,1793.780228,0.438
0396615018,1.6312488,5.1947589e-05,1791.862737,0.542
0230017324,19.3876438,0.0,1556.965695,0.235
0200792606,0.7545101,3.8683563e-06,1790.873956,0.502
0461579405,13.9182101,0.00035517248,1790.306547,0.169
0292607284,4.1384108,0.0004399092,1792.912905,0.294
0641169122,1.8234946,0.00076210869,1791.024508,0.43
0177995472,2.7543229,0.00063922458,1792.74137,0.499
0081390067,7.7029007,0.00011792125,1794.936875,0.246
0020876588,3.1497806,0.0011489881,1792.31861,0.532
0177823340,1.3318801,5.1036373e-05,1791.39967,0.539
0441794509,14.8174987,0.002405674,1962.888384,0.442
0021174723,0.2318808,4.6077269e-07,1790.751311,0.557
0184739277,0.7536607,2.6091586e-06,1792.086035,0.604
0050189810,2.237586,0.00015080784,1791.787728,0.412
0050191648,2.1399867,6.6693534e-06,1791.50062,0.381
0399587190,0.5642709,2.4523463e-06,1790.926283,0.929
0458842028,7.7124689,2.330661e-05,1790.807385,0.231
0026533207,1.7655668,3.9324784e-05,1791.735596,0.788
0259967623,4.5992459,9.2004698e-05,1740.687498,0.532
0013351941,1.5806087,2.7286199e-05,1791.924826,0.538
0444801274,4.9330363,1.5046785e-05,1792.032416,0.521
0348517784,2.1108714,0.00012555712,1792.184271,0.485
0467574373,1.0768276,5.8557088e-05,1790.648234,0.836
0429021446,0.1943339,3.2403508e-06,1790.762935,0.579
0275259749,4.4672314,8.6300891e-06,1820.167827,0.448
0399832376,13.4347078,0.0002789233,1797.934469,0.391
0077320223,8.6061014,0.0023612016,1799.100684,0.249
0379376585,4.5407451,7.48693e-05,1790.868285,0.612
0410620593,1.9170458,7.76202e-05,1790.931055,0.565
0285181196,0.1926343,7.493057e-06,1790.685658,0.527
0422920321,30.8138387,0.98024832,1807.274443,0.081
0196920546,1.5360575,3.6384139e-06,1765.542044,0.478
0286355915,4.0760526,0.00050410785,1793.114088,0.41
0470085533,4.7201558,4.866672e-06,1793.078208,0.158
0346783960,2.8661541,0.00013369365,1791.117988,0.514
0200939418,0.5823027,3.8237624e-05,1790.796044,0.724
0379631121,16.2097023,0.00023111933,1802.112365,0.087
0396486931,1.0237881,2.8506857e-07,1792.241785,0.555
0184679932,2.1725511,0.0002576324,1791.423709,0.476
0440676745,14.9768053,0.00085337417,1769.574758,0.129
0431124333,1.880653,0.00011139732,1740.199575,0.496
0044147832,0.7980902,5.9578003e-05,1738.816126,0.499
0252554485,9.9429873,0.051945086,1738.513359,0.61
0207398432,9.2581804,0.0001100609,1904.124571,0.603
0273066197,33.4147254,0.050619528,1760.049527,0.093
0397679167,3.2490525,0.0013912415,1742.729443,0.765
0424008045,1.1836626,5.2690772e-05,1765.446958,0.638
0024935204,13.443185,0.001453466,1765.566709,0.081
0200373531,8.0766059,0.0011719282,1744.376663,0.262
0159854359,0.3266553,2.7838186e-08,1738.994722,0.752
0161668117,15.6398872,0.0015191224,1738.983409,0.684
0306263608,11.7973633,0.024298632,1767.403799,0.326
0125298121,0.6129219,2.741522e-06,1765.165831,0.711
1102093577,0.2678155,6.2140855e-07,1738.737253,0.734
0446175401,0.3641392,2.9666018e-06,1738.538374,0.761
0359588615,4.804392,0.00010334088,1683.336256,0.993
0367448265,1.8654176,0.00010840522,1816.864667,0.52
0316249183,8.0585308,0.0015816406,1823.508909,0.26
0275860377,8.8470804,0.011504319,1816.489607,0.258
0086081744,4.3388449,0.00073941019,1817.132869,0.331
0459894730,12.1115509,3.6586148e-05,1815.288983,0.097
0082337809,3.5232799,9.8793329e-05,1793.647817,0.214
0138476641,0.4480622,8.7568135e-07,1816.304749,0.633
0279462605,4.8024494,0.0015471452,1817.066659,0.322
0468293391,0.3174147,4.432557e-08,1790.834159,0.77
0053085065,2.9330659,6.7344074e-05,1818.815766,0.656
0084342725,2.6986983,4.2479852e-05,1816.705469,0.634
0313193981,50.8632251,0.0052907736,1815.071306,0.12
0121966220,6.7154544,0.0018018019,1820.108566,0.379
0268221892,1.7496593,0.00084247485,1816.170929,0.785
0171084337,0.4107993,4.207771e-06,1816.263861,0.753
0310897084,0.8191055,0.00011012799,1816.770269,0.541
0058108085,2.572415,1.1511083e-05,1816.595258,0.512
0237116051,2.4629429,3.030916e-06,1816.525577,0.388
0087251422,7.0661708,2.0578971e-05,1825.166288,0.167
0470444880,0.7732767,0.00024595829,1817.166432,0.56
0367106469,1.4228472,7.1910846e-05,1817.137686,0.485
0116853937,1.6866367,2.6231368e-05,1816.160815,0.535
0105233028,3.6274028,0.00016703465,1819.696336,0.345
0252294709,7.8595623,0.0007894989,1818.207519,0.146
0239022536,1.9311072,3.5333699e-05,1817.251015,0.476
0274602479,3.9538363,0.00013119424,1819.923543,0.361
0275911914,0.3856278,1.8548773e-07,1817.256168,0.509
0417728778,3.4313492,0.0003912116,1817.489265,0.413
0104975120,1.1197175,1.5672163e-05,1817.093931,0.566
0722865779,11.863559,0.3068048,1815.773961,0.321
0317681251,3.8722646,0.00038550422,1818.822382,0.31
0356641568,11.4947793,0.00011873478,1818.117921,0.106
0406681360,4.9015088,5.0608271e-05,1820.823488,0.336
0265767012,1.7435304,4.0070872e-05,1817.764381,0.526
0408937625,4.064631,0.003680186,1818.282803,0.618
0407515765,1.2203942,1.3515492e-06,1817.007495,0.442
0369334982,6.952103,0.0090325537,1821.091102,0.269
0322549898,1.7944602,2.0281249e-05,1817.186182,0.459
0266394699,5.7755444,0.00012696071,1822.992852,0.417
0103452621,6.4198319,1.3685177e-05,1819.789813,0.191
0397100292,5.0355131,2.6346371e-05,1817.446126,0.3
0265579763,1.167942,0.00021895424,1816.420314,0.539
0270526513,39.4727069,0.015380016,1700.941965,0.352
0103566595,4.1944503,6.0033118e-05,1816.214538,0.844
0140736015,14.6253941,4.3383109e-05,1825.919494,0.108
0267703012,1.3344937,3.8204561e-05,1817.105027,0.847
0059739922,0.5543471,7.5415349e-06,1816.22695,0.557
0352940699,0.3650807,3.4833544e-06,1816.21009,0.876
0445715549,0.6409436,9.0072591e-05,1816.593563,0.674
0003311888,4.0010398,0.00085098744,1817.773518,0.72
0140804999,0.9449783,1.9914221e-06,1817.007494,0.61
0229676244,0.1059836,0.00010442122,1683.967461,0.629
0303255899,2.2714636,4.5971879e-06,1817.250338,0.34
0219788401,0.1371852,7.2579994e-08,1816.9186,0.763
0085031598,1.1549206,0.00034646773,1816.692764,0.384
0306059878,11.7875453,4.477527e-05,1816.126079,0.197
0420757505,4.1659314,6.6114814e-07,1820.0665,0.403
0347130362,11.5941268,0.0023326112,1826.073294,0.187
0115980439,2.3077775,4.0093344e-05,1815.740137,0.479
0002595273,2.1129222,0.0085716638,1817.123506,0.421
0174949325,2.2407828,0.00025349902,1817.425413,0.293
0428767557,2.5287279,9.9744296e-05,1818.034239,0.459
0468827257,17.8706449,7.7737332e-05,1821.924341,0.101
0008895896,12.8580885,0.0040112155,1818.457581,0.198
0142047616,0.1487238,3.9325982e-08,1816.255777,0.547
0428981401,16.7779298,0.014039609,1822.447196,0.276
0368180294,1.247223,8.0733886e-06,1816.976155,0.61
0087429086,2.4338594,0.00013904015,1816.556694,0.54
0376593757,0.4779766,4.2631109e-07,1816.411106,0.888
0239004471,1.6042842,4.7945523e-05,1817.67861,0.502
0309600985,11.7618228,0.00075203312,1824.959197,0.231
0281114303,2.9657396,1.3747038e-05,1819.134458,0.334
0357744369,0.4843678,5.8975956e-06,1816.382545,0.546
0071103363,2.4486089,2.1732898e-05,1817.018048,0.57
0059834339,3.7941214,0.00072513534,1817.371166,0.218
0155479809,2.6989309,3.5503441e-05,1816.867093,0.493
0070999666,2.9444457,6.2374974e-05,1817.082053,0.515
0467722869,9.481646,0.00044941461,1819.914522,0.221
0239052494,3.0814946,9.3032043e-05,1816.603822,0.538
0239104484,1.6252972,0.00016135322,1817.003011,0.615
0470275219,0.2707743,3.5375228e-06,1816.3525,0.64
0467113954,7.5681699,0.00024787989,1816.896605,0.11
0058540876,1.3835269,7.6563737e-05,1817.57051,0.58
0062257830,0.2060441,2.0785842e-06,1816.18832,0.544
0397184624,0.5930529,5.6414745e-07,1816.325036,0.603
0141620020,6.229387,2.0904456e-05,1820.775771,0.366
0355010562,3.2542737,0.00015587806,1817.949683,0.403
0313294818,1.2988199,2.2238168e-05,1816.602202,0.844
0239661117,0.38353,4.1682728e-05,1818.328428,0.764
0140627676,0.2491776,6.5180187e-07,1816.479202,0.766
0470283916,0.7934618,6.5184149e-05,1817.345824,0.517
0420500461,2.4787678,3.5776122e-05,1792.923548,0.855
0428444188,0.9732728,1.2155395e-05,1816.751465,0.649
0288979840,1.5286973,3.8000522e-05,1816.928459,0.382
0371706494,13.3260359,2.6627258e-05,1827.605769,0.045
0028586609,3.8666422,0.0001395832,1816.238345,0.314
0137501278,2.1353895,2.3394214e-06,1817.119051,0.249
0003034524,0.3574713,1.2874747e-05,1816.367296,0.556
0002236015,4.1346604,1.0390411e-05,1819.171258,0.373
0117101700,2.7385669,0.00091972202,1818.502535,0.489
0416947584,0.5556918,7.7668512e-05,1816.297019,0.622
0028498786,0.7817808,2.0553512e-05,1816.277758,0.598
0420645952,1.8465162,2.0452202e-05,1817.251255,0.693
0470314334,1.474674,6.7429937e-05,1818.371118,0.497
0428942240,1.0521955,1.8404374e-06,1816.99929,0.785
0418292424,3.3637583,3.5832462e-05,1815.871021,0.391
0354535363,1.7996637,8.2732332e-05,1818.51696,0.278
0408651394,2.0481308,2.1178478e-05,1817.478289,0.281
0141525324,0.724898,5.6129961e-06,1821.162531,0.441
0021319374,1.7609748,7.404975e-05,1824.559272,0.43
0099391575,2.7262669,2.263999e-05,1816.456204,0.416
0661540044,0.461292,2.7949793e-06,1816.367504,0.835
0274700641,1.1813646,2.3751717e-05,1817.025933,0.963
0297899564,7.9717615,3.0877598e-06,1820.42022,0.112
0408651399,2.048089,4.5543712e-05,1817.478478,0.272
0420574964,19.6690093,0.0011358881,1808.975372,0.024
0281486906,3.462772,3.3212236e-06,1816.169551,0.287
0085785338,2.2286332,3.7049405e-05,1817.768752,0.442
0354023414,1.3532158,1.6058963e-06,1817.543386,0.551
0313142195,1.4614588,0.002270988,1816.471368,0.318
0266220739,9.8668383,0.0038362542,1819.376006,0.202
0470391356,5.0255956,0.0005268974,1818.408398,0.479
0354437781,1.308885,6.6708951e-05,1817.769069,0.543
0440459327,0.3022254,3.8629862e-06,1816.966676,0.727
0470358759,19.2083565,0.5860438,1819.720139,0.148
0155669153,4.8729679,0.0071396917,1818.98084,0.569
0417885833,4.1165062,0.0015404405,1817.584866,0.162
0664915372,2.9716118,0.00027699405,1817.448313,0.222
0320947341,1.033452,2.403002e-05,1817.06111,0.523
0353129911,2.9718172,7.3111103e-05,1817.44667,0.298
0143959183,1.56854,7.7017583e-06,1817.411794,0.65
0260058315,1.5340805,4.9434567e-05,1816.742876,0.541
0418244848,3.4572043,1.2197309e-06,1817.748648,0.459
0310785613,6.4549258,0.00030309235,1818.925824,0.178
0289564387,0.9125527,5.1719665e-07,1816.592857,0.561
0138171285,21.4987717,0.0010377902,1821.453365,0.169
0417728463,0.9557966,2.1378474e-05,1816.522577,0.441
0358018612,2.3328912,4.7269346e-07,1817.805408,0.598
0312353805,4.9518994,0.00046690263,1817.731655,0.306
0376595143,6.6764774,2.3036715e-06,1821.985474,0.365
0142154041,2.9486974,5.6496194e-06,1817.863605,0.426
0237105551,95.6494225,0.15992369,1745.325997,0.031
0233205987,0.3640697,1.0192151e-06,1816.280788,0.868
0122275115,16.727168,0.00090434613,1821.778925,0.109
0353962058,1.1516198,1.9633421e-05,1817.229614,0.603
0067296459,0.321231,2.8462341e-06,1816.250428,0.582
0122104276,3.5427169,0.00091080864,1817.254836,0.442
0317674257,3.0569931,7.7546861e-05,1816.43252,0.187
0117099990,3.1960683,0.00080607715,1818.663462,0.424
0062702862,2.1513033,2.6790987e-05,1816.876398,0.908
0156091346,2.3154933,0.00089398654,1816.44514,0.396
0174757717,8.6399351,0.00040705876,1826.978586,0.101
0087094608,12.6709793,0.00013546843,1822.252015,0.259
0426389397,3.5092612,0.00020905762,1818.357459,0.435
0104743460,3.193325,4.0457451e-05,1817.472745,0.309
0252214164,20.9522022,0.16784351,1841.383003,0.212
0232612416,4.3601328,4.2535439e-05,1931.289328,0.197
0742037143,0.1872909,4.7310129e-06,1842.571688,0.397
0458387660,3.9644119,0.00019222369,1843.901104,0.175
0802015620,0.5090537,1.3517766e-05,1842.492141,0.376
0004164713,0.2747868,5.8734312e-06,1842.988383,0.832
0400621146,1.6514433,0.00021007527,1842.757619,0.591
0252906811,4.5989011,0.40027207,1844.17337,0.616
0086396382,1.0913529,7.0844016e-05,1843.006102,0.559
0130158363,2.849848,2.9229634e-05,1844.592156,0.346
0239187696,0.8143008,8.430406e-06,1843.314131,0.46
0457127187,6.8535197,0.0013356429,1843.076606,0.511
0445069009,0.559779,1.3824885e-05,1842.554468,0.569
0192071095,12.1727418,0.00031115232,1848.514342,0.117
0189814368,2.7923441,9.3215274e-05,1842.738385,0.308
0191965113,20.8289572,0.93426552,1852.10815,0.076
0126232983,4.5363155,0.00050198538,1844.818988,0.301
0149833117,4.0524213,0.00023411765,1843.547182,0.246
0372759279,1.2383845,1.5272509e-06,1842.794744,0.598
0276252961,0.1558772,2.9049946e-07,1842.638352,0.542
0359552377,3.4390835,6.9579974e-05,1844.563115,0.554
0441608578,1.1157777,9.1241225e-05,1842.87198,0.553
0289969374,0.2558883,2.554134e-07,1842.573094,0.738
0016479253,6.9481612,0.00130352,1848.140911,0.347
0080929740,4.738775,3.0912128e-05,1844.901208,0.321
0016700335,2.8700507,0.00032416269,1843.896695,0.521
0392068173,2.7895942,0.00050538018,1846.992868,0.408
0172421004,1.0626485,6.360442e-06,1843.475806,0.675
0470975994,3.9596193,0.00034729702,1844.960438,0.346
0190332444,1.5945732,5.1083789e-06,1843.544742,0.328
0153891668,2.2268301,5.7663051e-06,1844.392062,0.576
0156921656,4.3493176,0.0015729844,1843.781996,0.549
0010048801,3.6987295,0.0033780682,1842.99737,0.459
0159346490,0.5825923,1.2079043e-05,1842.538952,0.626
0130158361,2.850038,8.8544892e-05,1844.590996,0.334
0302908037,0.4048561,3.7973825e-06,1842.627443,0.502
0088703412,2.8699727,0.0029074481,1843.470553,0.352
0456307422,2.6121503,0.00011495545,1844.172029,0.444
0147611197,0.3795969,1.8035971e-07,1683.699036,0.979
0160492551,0.6074426,8.0663455e-06,1843.084542,0.708
0461662295,20.5400465,0.011680335,1836.094255,0.082
0016596302,2.546673,0.00017764056,1843.776956,0.871
0335564109,4.3894303,4.1998498e-05,1843.190257,0.237
0456263109,0.771336,1.25589e-05,1843.597434,0.642
0099641129,0.0956464,4.8350271e-07,1842.652993,0.543
0144282524,0.2929314,1.2721744e-06,1842.372307,0.584
0004299830,0.5341187,0.00022856389,1842.819366,0.427
0368779536,3.9570861,9.3979787e-05,1844.755552,0.324
0055339898,0.7196603,7.6320343e-06,1843.125041,0.548
0160425283,0.2653612,4.1179989e-07,1842.814992,0.756
0011799874,4.2579273,3.7587219e-05,1842.942705,0.366
0192201543,17.4624961,0.53571467,1845.868998,0.179
0192111972,22.8434607,0.73129083,1865.170886,0.076
0138333980,17.8883306,0.006485862,1850.778358,0.081
0022590328,2.7375935,7.4263e-05,1843.627327,0.295
0010057647,16.26353,0.00025283682,1842.808981,0.076
0470966839,3.1457956,1.1441002e-05,1844.341324,0.423
0016703161,6.003065,0.00023386869,1843.401112,0.261
0142587827,0.4393982,3.8728039e-06,1842.583582,0.887
0071330078,2.4572479,2.368379e-06,1844.82474,0.442
0011491822,9.9465911,0.00056464712,1851.927737,0.207
0142618244,4.7796864,3.2566884e-05,1843.882638,0.236
0445067946,0.4084367,7.1532332e-06,1842.833974,0.909
0086232609,2.9219038,2.634052e-05,1842.589716,0.265
0011799872,4.2578574,0.00013747671,1842.942715,0.364
0099135783,3.2383444,0.00031841464,1845.615188,0.776
0165797593,0.369721,3.6602984e-06,1842.731333,0.405
0396740648,3.7704481,0.00038372149,1817.265005,0.267
0142258314,0.8441977,4.4013377e-05,1842.922632,0.696
0098974882,2.1317486,1.2981283e-05,1843.018701,0.46
0090935391,2.6722464,0.0004943774,1844.20054,0.262
0461662516,0.3732551,4.1907286e-07,1842.838951,0.792
0252914221,19.5468227,0.0016324699,1847.860969,0.076
0459758530,9.8377035,0.0015264811,1842.843122,0.172
0172171873,2.525087,1.7274892e-05,1844.66408,0.502
0240154683,4.0379616,5.1291639e-05,1843.894105,0.495
0172036040,1.4252801,4.5640588e-05,1843.437553,0.588
0441613385,0.2082523,3.7705829e-07,1842.589836,0.455
0172224309,4.1737535,0.0012487199,1841.826329,0.794
0240122720,0.269378,2.6052451e-07,1842.69883,0.538
0318067171,2.1805537,5.4022061e-05,1844.534498,0.325
0071266846,0.1336195,8.2620964e-07,1842.643062,0.582
0055655482,7.920336,0.00052899594,1843.825289,0.169
0229538190,0.7325984,4.7496664e-06,1843.409202,0.936
0257241363,5.5904852,0.0027545879,1842.428174,0.222
0137503140,2.9355373,1.2326483e-05,1842.561343,0.319
0039643723,1.3131123,1.3242251e-05,1843.570499,0.53
0441602378,1.2745998,2.4017019e-06,1843.766535,0.439
0103656297,0.2877918,0.0001464302,1684.155993,0.905
0357111084,0.2528995,4.0749256e-06,1842.771544,0.714
0147610499,0.5288505,2.3805611e-07,1842.638812,0.75
0139303531,0.5394192,5.8532008e-05,1842.610765,0.57
0197183006,0.5663165,8.6044099e-06,1843.227497,0.477
0139252264,1.1325693,1.3312131e-05,1843.540279,0.46
0191933664,9.8154184,2.6012027e-05,1846.004522,0.163
0286917658,0.3216191,3.9412756e-06,1842.841027,0.727
0461660512,1.1662118,0.00014631404,1843.21899,0.908
0016485009,1.0056497,7.4776052e-05,1842.785002,0.829
0038215399,2.4335384,8.8003822e-06,1842.874686,0.418
0456260162,1.4823328,0.0005782145,1843.75397,0.549
0081038220,2.0224598,3.3722012e-05,1844.403947,0.532
0102841799,5.2629645,0.00022762482,1847.335232,0.495
0067565466,2.8158925,0.00031982832,1842.637487,0.275
0371165722,2.2499775,0.00035878587,1842.775012,0.508
0312865025,2.7349626,1.6478709e-05,1844.805103,0.562
0240155327,6.1228947,0.00081987446,1846.341225,0.217
0016805617,8.4909155,0.0002749389,1873.165726,0.074
0101547609,21.454335,0.00023330511,1872.36778,0.562
0285019418,0.1366069,2.76592e-07,1870.573316,0.554
0318230704,3.5553166,4.6458702e-05,1870.989309,0.391
0009361438,8.6077407,0.0001596831,1875.749082,0.14
0289716926,0.5909092,5.2068122e-05,1870.839335,0.647
0142441910,2.8796587,5.6321358e-06,1684.463091,0.359
0233120979,5.9630913,4.0351482e-05,1683.321934,0.206
0157847499,0.1752063,1.2739959e-06,1870.590285,0.619
0457139088,3.3255111,0.00011834975,1873.274676,0.202
0099784331,0.5234661,8.3103845e-06,1870.820894,0.705
0008677671,1.1159766,5.5326957e-06,1871.454057,0.564
0318210930,0.2277127,1.391321e-06,1870.588155,0.792
0149438705,0.2641329,4.4359226e-05,1870.47875,0.465
0219016721,4.2348652,0.00053824799,1872.976772,0.688
0172933154,5.7872723,5.8324589e-05,1874.266089,0.22
0287196418,3.6950194,7.1931645e-05,1684.207427,0.418
0008766412,2.319333,0.00017259606,1872.532706,0.909
0329289186,0.5525069,5.4483666e-06,1870.773348,0.588
0172517058,2.4365191,5.001978e-05,1871.915537,0.242
0252791409,17.9413714,0.00027854338,1879.063993,0.048
0008245065,0.3280228,1.0588274e-05,1870.756682,0.748
0458479571,36.6022571,0.0005751187,1856.557639,0.028
0318217844,1.2222939,3.7280711e-06,1871.843016,0.61
0117378874,0.3745944,1.9166963e-06,1870.745259,0.668
0099746674,0.2716514,9.8187834e-06,1870.487262,0.584
0232524483,0.372987,6.4741213e-07,1871.531716,1.008
0172529744,9.0119805,0.00030843802,1871.385694,0.223
0459789367,0.6873525,2.5755171e-06,1871.341322,0.612
0017206122,4.4532299,0.00015786248,1870.552078,0.26
0082224114,0.3761241,1.4019532e-06,1870.695131,0.781
0021499327,14.7836424,0.00068329817,1875.295171,0.167
0330753460,0.3794957,5.0610154e-06,1870.577868,0.689
0307907420,3.2985999,0.00036185549,1875.063613,0.33
0357133493,4.3438508,0.0010951533,1874.349664,0.196
0024004619,2.9160743,0.0003986516,1872.939199,0.534
0004957914,1.2463608,3.1412682e-05,1871.177899,0.503
0198507944,0.3422844,4.9290605e-07,1871.173312,0.719
0202295392,7.3283043,1.6721035e-05,1874.813814,0.477
0039065113,4.6892054,0.00074505593,1875.111878,0.32
0142865103,13.3344976,0.0010395532,1882.239764,0.148
0453426326,14.3924107,0.11837406,1877.059328,0.439
0311188656,2.3947368,0.00035489967,1741.954585,0.293
0067949277,1.785531,6.2258078e-05,1870.916582,0.591
0088646716,0.4149777,3.9840372e-07,1871.061958,0.793
0056912737,20.6894168,0.0058321767,1877.651353,0.083
0016805628,4.0757598,0.00026986429,1874.386645,0.233
0021499609,8.4780878,2.9503933e-05,1869.731935,0.205
0053479497,0.2712799,3.0989713e-06,1870.653389,0.922
0188512866,1.68149,4.2653435e-06,1870.852196,0.531
0150251466,12.3875684,0.00025778398,1876.467284,0.095
0150225473,0.418378,2.2087635e-05,1870.74506,0.605
0137905775,0.4031699,4.368571e-05,1870.810651,0.516
0055753808,0.4155585,3.6941653e-06,1870.659415,0.84
0157840032,0.5022673,4.7163958e-05,1870.893545,0.546
0270491862,0.4487965,6.0698136e-07,1870.8183,0.785
0406781370,0.8966773,9.1310565e-07,1871.326985,0.826
0445829772,0.205193,6.3028597e-08,1870.498082,0.821
0138543573,1.1646797,1.5043754e-06,1870.789672,0.627
0008200343,12.9845622,0.0010257923,1873.158979,0.086
0302668828,5.5076989,6.9979566e-05,1872.547757,0.25
0377390037,1.8044896,8.2830787e-05,1871.142536,0.813
0016805614,8.4916123,0.00034622739,1876.983461,0.098
0039074755,1.5689732,0.00081786799,1872.459171,0.791
0308015513,4.3257042,7.8010168e-06,1873.766953,0.163
0166532356,10.5729573,0.00090765011,1875.022007,0.117
0331947033,3.027673,4.7244392e-05,1870.156921,0.248
0453431591,1.0098978,1.5612255e-05,1870.56734,0.445
0318290913,15.021469,0.0010547305,1874.949591,0.066
0142791832,6.5419253,0.00012954022,1870.763134,0.246
0332064670,0.7363201,0.0001974997,1870.695977,0.488
0139367232,0.56328,5.0240248e-06,1870.800523,0.523
0008769657,0.4264695,6.4376525e-06,1870.51488,0.574
0017299918,2.0280582,4.6158404e-05,1871.189368,0.337
0004971740,0.8677957,0.00022076412,1871.100901,0.36
0406758816,3.0633368,6.4052375e-05,1871.816404,0.542
0287095354,0.4789819,1.9774928e-06,1871.220493,0.635
0233635280,1.3742054,8.1558929e-05,1870.792297,0.532
0272672133,3.4939021,0.00017673449,1870.822012,0.29
0126325291,0.8293766,8.9952077e-06,1871.158246,0.53
0039074957,2.0033852,1.969361e-05,1869.834801,0.501
0148656659,1.6566498,1.78536e-05,1871.37628,0.51
0318357083,3.2440114,0.00021270266,1871.795284,0.417
0284660677,1.5806939,8.1383823e-05,1713.26144,0.627
0446127290,0.3336468,2.0567013e-05,1870.564088,0.715
0157273362,1.9999011,8.3469782e-05,1872.124224,0.344
0101546875,4.6840246,0.0031535742,1872.416621,0.299
0147611185,0.3683311,1.6645642e-07,1683.714853,0.999
0284892951,1.4609218,9.6248889e-06,1871.108294,0.517
0260124760,1.0802768,6.2625381e-07,1517.760361,0.59
0315120782,0.9337639,1.2376011e-05,1518.14873,0.429
0308307606,4.8400269,0.00019374046,1415.76843,0.306
0400525177,1.8716307,6.5709622e-05,1519.862625,0.686
0106055469,0.3646438,2.4650898e-06,1544.591336,0.628
0101497151,1.2520502,7.721048e-05,1544.926728,0.43
0437241830,0.9442651,5.4475797e-06,1545.018498,0.616
0157754133,2.295572,8.752647e-06,1545.896904,0.398
0179238861,1.1654195,8.0621135e-05,1545.227232,0.566
0344175457,3.9251811,0.00081122938,1545.82605,0.436
0140132301,0.6570841,0.00030799724,1517.792625,0.977
0055222620,5.1962117,0.00032416841,1546.787652,0.21
0089787749,0.5413152,5.273424e-07,1517.435919,0.661
0072605231,3.9370184,0.00096848115,1544.882996,0.312
0167983141,10.4099243,0.0021331423,1549.021207,0.173
0055222619,5.196159,0.00020397965,1546.787012,0.207
0286310830,8.3685918,7.2862454e-05,1545.836155,0.316
0334886280,12.0007398,0.00015846405,1550.104308,0.271
0192990023,0.900898,1.0814728e-05,1545.10274,0.702
0122330743,0.9163618,7.5016734e-06,1517.654738,0.513
0035655828,8.072659,5.0215719e-06,1550.935091,0.241
0036077464,0.1728147,1.2276235e-05,1544.065629,0.842
0022146154,18.1921987,0.015550927,1549.909382,0.107
0269342892,0.4488067,3.5047508e-07,1491.873429,0.707
0148612685,5.0101293,0.00025199442,1544.486842,0.179
0071298511,2.1525597,8.9794471e-05,1546.450913,0.552
0374366829,5.6234927,0.00011889994,1549.06622,0.164
0040534599,0.3567582,3.0045065e-07,1544.509506,0.793
0192087959,2.4768652,0.0002481045,1516.827276,0.392
0029914747,0.7713663,1.7546867e-05,1544.8612,0.622
0148544875,3.4879971,0.00010972636,1558.189862,0.176
0281494100,2.3073972,9.5640993e-06,1493.632887,0.418
0157774304,11.7845114,0.00060857226,1546.004617,0.11
0145116411,1.0188601,0.00036133685,1517.705028,0.575
0030828562,3.1122867,3.6859416e-05,1520.110371,0.237
0005092088,10.125882,5.8864412e-05,1522.611897,0.231
0073201833,0.8649434,8.1902309e-05,1544.999177,0.594
0193271278,2.1742728,2.0772611e-06,1544.603962,0.506
0073386477,2.1803939,4.3552486e-06,1545.206093,0.549
0350141132,4.6089439,0.0058028749,1548.234262,0.359
0275083922,2.9241644,0.0012405186,1546.45193,0.204
0294327312,0.9185462,3.1720855e-06,1410.663252,0.585
0048063034,0.5862504,2.0442441e-06,1544.912366,0.705
0030122338,7.0401695,6.5365541e-05,1514.067117,0.349
0049003142,2.502933,2.7238479e-06,1544.467434,0.455
0045599777,5.3135877,6.4250677e-06,1546.832243,0.22
0269562415,1.4545105,9.773088e-06,1492.990254,0.68
0048063032,0.5862463,1.1701995e-05,1544.912633,0.69
0437248515,3.4058842,6.7291941e-06,1547.488262,0.262
0011561667,3.0876595,1.7787204e-05,1548.526144,0.286
0049418981,2.5677451,0.00065161943,1546.559133,0.512
0437230910,0.380517,9.7008857e-06,1544.339687,0.369
0053997651,2.9173324,1.8747142e-05,1546.775697,0.159
0031810287,4.7615506,6.8019249e-07,1519.989686,0.233
0168384614,2.2676988,1.2900264e-05,1545.610414,0.633
0423524230,2.5814001,5.6904129e-05,1545.882358,0.3
0053189332,9.2908633,2.5608744e-05,1546.86718,0.271
0307488085,1.0045161,0.0002243951,1544.802559,0.752
0074528318,4.670058,4.0299976e-05,1520.120078,0.215
0385231167,2.3675168,6.7684257e-06,1546.032701,0.547
0036734222,0.8134735,1.3729158e-06,1545.230595,0.439
0140064648,0.5397545,4.3794754e-06,1517.522284,0.888
0410392940,0.3628327,7.4874773e-06,1544.75187,0.884
0048335665,4.6274812,0.0007338783,1545.481505,0.698
0193136669,1.5660057,2.4446438e-05,1545.151122,0.65
0035009375,1.0713401,1.6208277e-06,1545.459999,0.763
0106403786,2.1954573,2.6007662e-05,1544.545212,0.497
0140691463,2.0845385,3.0986317e-06,1620.46756,0.3
0219310882,0.7542206,6.7261608e-05,1545.033807,0.437
0308076113,0.2635613,3.044142e-07,1544.376092,0.747
0393837491,8.573822,4.2221892e-05,1548.597507,0.111
0335499997,0.4328032,0.00075930999,1544.412079,0.499
0410299018,0.3558795,5.0496106e-06,1544.430812,0.998
0157788279,0.3552452,3.1603049e-06,1546.702646,0.859
0070717462,2.9486252,0.00063151855,1546.567269,0.487
0049175300,0.2641902,1.2337368e-06,1544.410518,0.888
0260609205,4.4617534,3.6276404e-05,1328.756399,0.433
0286396160,7.4284966,0.0050830728,1545.308898,0.336
0340135575,0.582766,1.2111158e-05,1544.551945,0.841
0158150633,4.156442,7.0350331e-05,1547.468943,0.276
0044988465,7.5638488,5.8771439e-06,1551.566572,0.15
0047380518,1.0953775,3.6420203e-05,1545.457729,0.525
0022120766,2.496703,0.0001789429,1518.472114,0.683
0270742379,4.2905344,0.00012030037,1519.567512,0.701
0158329676,3.0672444,0.00015547105,1548.706122,0.397
0219187649,2.1540775,0.00013517065,1545.746504,0.3
0315002523,3.3023722,2.0303231e-05,1518.620303,0.496
0075818403,0.5635614,1.1883799e-05,1517.932349,0.712
0177175199,1.0404134,5.8002308e-07,1355.30936,0.491
0019271382,2.5883459,1.431887e-06,1517.842393,0.381
0193092806,0.1185081,1.8914526e-05,1544.424721,0.516
0005703872,16.2814462,0.0023189036,1517.517526,0.163
0073723286,14.0655737,0.00016895675,1547.302548,0.102
0023324827,6.1877672,0.00081425232,1543.538504,0.312
0071546916,9.8598511,0.00017211322,1547.605869,0.15
0102691227,2.4197641,1.1612189e-05,1546.367872,0.435
0375477302,3.0728583,0.00036416974,1546.995301,0.251
0410359089,0.752322,2.818735e-05,1545.546158,0.892
0149990841,4.453184,6.4386316e-06,1546.241716,0.165
0291466214,7.0505819,2.7716068e-05,1495.535482,0.264
0048476907,4.7132565,1.2285178e-05,1544.641279,0.224
0168312820,6.9341227,1.7842268e-05,1545.543416,0.134
0286310836,8.3748025,0.005884755,1545.836063,0.32
0308404140,2.3758614,7.4251153e-05,1516.566616,0.758
0187930369,4.9365603,1.3746401e-06,1543.57356,0.293
0148611095,4.8374698,8.9775886e-05,1546.984106,0.146
0048372732,1.0955633,4.2896155e-06,1544.491443,0.553
0024972851,4.0217397,3.6813187e-05,1519.458747,0.336
0106470229,5.0203952,0.00068077889,1549.436492,0.247
0102978235,3.6841111,1.0889819e-05,1546.495335,0.471
0074627376,2.6136637,4.7633285e-05,1521.283865,0.592
0053178352,1.0813531,5.0080441e-06,1544.523554,0.706
0102195674,8.7572,4.8393828e-05,1547.46366,0.246
0189349514,2.5142319,0.00041501733,1545.360982,0.578
0400445441,1.0976885,2.5364244e-05,1544.85387,0.839
0349970685,1.2567058,1.563965e-05,1517.932847,0.371
0047352608,0.4434482,4.1653992e-06,1544.562638,0.821
0322732889,2.9114714,8.6245997e-05,1547.190829,0.859
0434479378,1.5663355,3.9047678e-07,1544.641313,1.008
0140066660,1.6642292,3.9877548e-06,1518.443436,0.961
0105992935,0.7061056,0.0006381338,1544.86168,0.306
0179295564,7.33385,0.00064418815,1551.538399,0.212
0436802660,1.5378205,8.6236249e-07,1545.475907,0.613
0092743594,4.2253213,4.3703562e-05,1519.14142,0.307
0022079739,0.6861425,0.00012851918,1544.662504,0.458
0281731203,11.6335179,0.00015615379,1552.13218,0.23
0030562668,3.8522421,1.2482084e-06,1518.078903,0.478
0267542728,39.7264662,0.0097143482,1708.525667,0.237
0328860378,2.167742,2.4152936e-05,1901.076222,0.521
0022017780,0.3842047,4.0654934e-06,1900.257173,0.809
0022818693,5.6296634,2.0436636e-05,1902.273162,0.128
0165982704,0.2976868,2.2409427e-05,1900.328783,0.844
0380618882,6.4702019,2.439463e-05,1897.671268,0.25
0459190726,4.108026,0.00023759475,1901.215639,0.35
0255921197,0.8892865,6.516901e-07,1901.23303,0.542
0161687316,0.8164077,9.8418629e-05,1900.122142,0.643
0097472236,0.6384973,3.1962152e-05,1902.10132,0.797
0067474119,0.4569562,1.3612978e-05,1899.998103,0.769
0386956587,0.4392298,2.5127969e-06,1900.46731,0.885
0376524552,3.713301,0.00012495615,1903.581781,0.225
0086182628,26.5439653,0.20073664,1922.892276,0.091
0077139245,1.7371057,3.1464109e-06,1901.199117,0.521
0014826027,0.912568,1.315369e-05,1900.200105,0.747
0141148944,0.8652485,2.7979087e-05,1901.207972,0.57
0156376126,0.3518407,5.4498891e-06,1900.176614,0.665
0095927692,0.6609839,6.8682415e-07,1901.508851,0.527
0061285257,0.2345175,3.7686094e-06,1900.14621,0.547
0009461737,0.6369756,3.5754391e-05,1900.629627,0.574
0018028547,7.399122,0.00039380913,1902.988228,0.124
0115920747,7.9350688,0.00041623336,1906.842881,0.188
0138910382,1.1663118,2.1440735e-05,1901.717045,0.341
0141148940,1.7303098,4.3344935e-05,1901.20912,0.552
0063309085,0.3464973,2.0729788e-06,1900.10093,0.961
0328862783,10.1307743,0.013017423,1905.406458,0.191
0380618779,1.8120745,1.1726021e-05,1899.940744,0.477
0388843945,2.209582,2.2392439e-05,1900.321607,0.368
0393894013,0.8158802,1.1730098e-06,1900.468676,0.606
0202509016,38.5951605,0.00097692622,1907.382226,0.137
0207397638,4.0201743,0.001133538,1903.681099,0.519
0136995510,2.7539308,2.0336242e-05,1901.613485,0.363
0097486585,1.5086417,0.00018363741,1901.027657,0.737
0341525754,0.1567088,6.1914893e-06,1899.978797,0.61
0149470723,1.7368043,0.00016993634,1900.415233,0.621
0139061135,1.1682788,7.0274929e-06,1900.41481,0.562
0139452314,0.3467611,6.8523641e-06,1900.077224,0.785
0135085261,4.4868623,7.0436878e-05,1902.188628,0.35
0009391285,2.7525411,9.9678715e-06,1902.102903,0.303
0393819751,2.0517787,0.00026758311,1901.367616,0.803
0230061567,0.28798,5.8826616e-07,1901.928143,0.989
0039174351,0.5737275,2.298137e-05,1900.516249,0.997
0099254945,7.7078125,0.00019618998,1901.766654,0.1
0138756003,1.3526452,7.669518e-05,1901.63577,0.616
0138819130,10.7880606,0.0051520684,1898.776483,0.239
0376689171,0.5210691,8.1404325e-06,1900.498794,0.629
0014948284,2.7036866,5.6835044e-05,1902.266006,0.545
0157018051,15.0814007,0.00027477767,1905.178745,0.079
0376606423,0.8545939,3.7598617e-05,1900.396331,0.5
0347329162,4.6169803,0.00067894588,1902.725022,0.27
0180670276,2.3444761,8.2158137e-05,1902.236407,0.281
0367683204,0.2206848,1.1467156e-07,1900.095911,0.726
0199549116,1.5859642,4.5227641e-05,1901.23026,0.376
0180570279,4.7980204,6.7372295e-05,1900.533026,0.533
0310170498,0.3222297,9.7057873e-07,1929.913585,0.857
0392963260,12.4176103,0.15318756,1941.839426,0.081
0258923466,4.8741958,0.00060967953,1940.010048,0.279
0020239565,6.0211645,4.8555041e-05,1929.654487,0.257
0067707406,1.2568011,1.6821466e-05,1931.117172,0.558
0159983399,0.4190329,2.4572287e-07,1929.893339,0.782
0116503129,0.1712539,2.1536665e-07,1929.610181,0.783
0175402069,0.1010169,2.8718646e-06,1929.827335,0.516
0071612483,1.2168732,9.9479988e-05,1931.919575,0.431
0020212631,0.2971598,9.0452282e-07,1930.006684,0.824
0357398957,0.4777678,1.8259814e-06,1931.004966,0.606
0156067195,3.5500014,1.791712e-05,1932.862791,0.176
0390651552,1.467189,0.00010308325,1930.819937,0.42
0339540793,3.7739942,0.00017020382,1932.252461,0.418
0274509791,1.1988499,1.8114222e-05,1930.203224,0.604
0067707714,0.3171474,1.3651781e-07,1930.667922,0.729
0409343223,5.1106354,0.00015761306,1934.801893,0.316
0310170268,8.3173515,0.00013564735,1934.246137,0.067
0009058724,3.5605419,4.275552e-05,1934.712606,0.442
0232527356,0.3669901,5.5684838e-06,1930.232219,0.835
0149566964,4.8135852,0.0001133358,1930.572913,0.281
0357358259,2.4961588,0.00010073323,1932.313084,0.523
0359188252,8.0473797,0.00090571194,1935.706081,0.119
0165987272,15.6888569,0.0049812953,1936.851391,0.212
0388940613,0.4525991,1.049965e-05,1931.33865,0.92
0028188795,1.2694135,9.849585e-05,1930.629076,0.672
0156563222,0.2711506,5.1011029e-07,1930.390266,0.75
0416024040,0.6553237,9.7847875e-06,1930.854752,0.634
0445074203,4.3690689,0.0004306088,1930.973923,0.192
0292115251,3.4926302,0.00051361843,1932.38956,0.346
0376923942,9.3354434,0.00018047528,1937.808389,0.101
0422251657,3.9300333,0.00014155699,1932.206987,0.244
0365089053,0.7755622,5.1170339e-05,1930.343229,0.689
0155998626,0.6404518,4.7920451e-07,1929.796113,0.81
0158016784,3.1980519,1.407388e-05,1931.749758,0.662
0393639812,1.7381397,7.6711836e-06,1931.044654,0.593
0357345626,3.6436594,5.1400113e-05,1933.317338,0.601
0028157482,3.2817358,3.8118575e-05,1930.492955,0.358
0092132777,13.9294661,0.00077866668,1934.596056,0.112
0417175621,3.3327249,7.4783474e-05,1933.364974,0.341
0068032616,1.0780698,3.2906687e-05,1930.572963,0.55
0316317026,3.5507697,5.9894608e-05,1932.531166,0.236
0207394908,1.3010871,1.3149746e-05,1930.619937,0.347
0309828087,2.5149574,4.927793e-05,1932.434832,0.41
0366786599,1.1317802,6.2062302e-05,1930.130123,0.956
0095525589,0.2180114,7.9132408e-08,1929.914083,0.747
0116520408,0.2908731,1.5121104e-06,1929.559283,0.783
0233722938,10.7579446,3.224055e-05,1930.032809,0.068
0095525590,0.2180114,2.1265553e-07,1929.913425,0.746
0198109209,0.9582095,1.7693728e-05,1931.460443,0.917
0020299889,7.6062167,0.001552698,1951.041183,0.496
0406798603,0.9063451,3.859079e-06,1930.77866,0.601
0092132775,13.9295519,0.00078759856,1934.595984,0.112
0149583965,0.4627844,2.8440959e-06,1930.235683,0.893
0390632932,0.3737141,1.0025821e-06,1930.394605,0.957
0009036901,3.4130085,5.09421e-05,1930.550945,0.599
0116502572,3.9329568,8.68266e-05,1930.981364,0.553
0389510663,3.2082555,7.227122e-05,1933.007314,0.338
0229750058,10.1827843,0.00034004703,1937.525564,0.146
0028290956,6.0036044,0.00013294234,1934.144444,0.213
0207504663,0.5882432,6.691271e-06,1930.082579,0.629
0165976940,5.9401653,0.00023568204,1931.954792,0.218
0027112021,0.4079911,4.4214123e-06,1930.396002,0.957
0365198355,0.55875,1.1752712e-06,1930.2818,0.775
0365070861,0.3776547,3.2375581e-06,1930.019067,0.977
0422332463,0.423449,2.7295587e-06,1931.055074,0.87
0422246362,2.4231935,3.7517334e-05,1931.682777,0.392
0159871619,1.2099549,8.2364278e-05,1929.855999,0.488
0365069916,6.3138363,0.0006030505,1934.167171,0.427
0159202185,0.2835585,2.1553052e-06,1930.554385,0.548
0357398958,0.4777631,3.6810922e-06,1931.00498,0.607
0149622009,0.255229,3.849327e-07,1930.469541,0.733
0219739347,0.7735263,7.3359107e-06,1930.590477,0.487
0156074324,2.9351862,2.3235409e-05,1931.606294,0.25
0399181042,3.1442913,0.0062061725,1930.269792,0.779
0138256097,0.4639323,1.5185045e-06,1931.18057,0.787
0155968973,0.3418805,1.2779612e-06,1929.819885,0.868
0155988736,6.8489974,8.1186452e-05,1930.062618,0.415
0286036831,0.6319581,4.9749811e-06,1930.003093,0.944
0072534221,7.2291095,0.00017545346,1930.718804,0.197
0088118399,0.2478252,7.4764667e-06,1931.149759,0.892
0157968186,2.0688135,5.9411243e-06,1931.386311,0.495
0365203184,5.2611036,9.8473074e-05,1930.366033,0.18
0066715008,0.3984963,5.5005368e-07,1929.720536,0.755
0116484192,0.2764742,1.3022511e-07,1929.580085,0.788
0393672471,1.3114508,0.00087891713,1930.5903,0.556
0365070128,7.2527315,0.00070842628,1940.413085,0.159
0116380226,15.3229639,0.00068212149,1934.282831,0.14
0198382308,2.3112289,7.9079258e-05,1931.017475,0.426
0365059891,14.8991013,0.00030244843,1938.975637,0.065
0258918831,5.9856044,0.00014053748,1931.78006,0.177
0138256675,0.5689197,5.8895282e-07,1929.912058,0.709
0219843981,0.3016095,1.3430536e-07,1930.563264,0.728
0259126549,14.7690385,0.00015516804,1957.4218,0.158
0392909786,0.2038337,8.2217535e-06,1929.860582,0.632
0422252417,0.4932207,2.4596961e-06,1930.275589,0.585
0067813700,0.7173662,4.8768214e-05,1930.503548,0.562
0051288359,1.8014089,3.3770352e-05,1629.372777,0.574
0296672022,3.4668153,0.0025827006,1625.607943,0.443
0339568213,5.8232942,0.0015474446,1628.525636,0.576
0067982365,2.4938218,0.00064160001,1627.981102,0.364
0314527844,2.9479377,0.00028562042,1629.757918,0.465
0279319810,7.4961062,0.0025658746,1627.280379,0.188
0177283727,3.95617,0.00018932254,1600.032921,0.28
0364200513,7.671829,0.0048291509,1630.862188,0.313
0150031040,9.7627033,0.012534373,1637.189019,0.256
0233558430,7.3221517,0.0049301878,1634.776856,0.241
0399822840,1.0025595,1.4173458e-05,1684.009082,0.579
0198181552,2.8224469,2.9885617e-05,1931.211715,0.338
0170255099,1.3032304,0.00058839854,1711.681427,0.466
0137516558,3.8822389,0.00044590874,1713.656532,0.291
0352915304,3.4938605,1.9558479e-05,1711.03905,0.318
0359042174,3.3954348,0.0014666881,1765.707027,0.509
0177417406,1.9575805,0.0002296799,1765.983679,0.583
0345324572,5.1572434,0.024338139,1768.749607,0.381
0335995445,4.1735463,5.9789843e-05,1740.041424,0.341
0026993764,1.8842931,0.00014729756,1764.593223,0.394
0461318755,1.1404707,0.00046315367,1791.054119,0.473
0307040154,3.3649953,0.0013495276,1792.595666,0.328
0053713272,3.9897025,8.8956394e-05,1792.135406,0.341
0021175869,2.7393993,0.0016575946,1804.435354,0.875
0065200579,3.9293052,0.0015488941,1792.782921,0.543
0059025325,3.8268311,0.0010298775,1683.719381,0.496
0456260074,16.6532886,0.83121336,1858.971875,0.285
0099135781,3.2343265,0.00032023056,1842.370036,0.777
0220569051,2.778273,1.6641395e-05,1356.715699,0.416
0231275247,4.0079017,1.4373941e-06,1358.120589,0.445
0270622440,2.44506,4.0901669e-06,1354.362822,0.505
0441464221,11.475145,0.00088956054,1361.632992,0.134
0355601117,4.1519578,5.3742158e-05,1328.627614,0.489
0270411008,17.3506499,0.00014295326,1374.223054,0.066
0231010756,3.7845188,4.2980653e-05,1354.577005,0.161
0067559369,14.7103164,0.0002929639,1399.873119,0.05
0097467902,2.0450862,0.00010007655,1388.338559,0.568
0029847695,4.9983914,4.2473725e-05,1387.976691,0.283
0322493523,1.5323477,6.332839e-07,1354.480208,0.469
0219222201,2.3832589,9.6574917e-06,1387.912647,0.531
0115693377,4.9279264,0.00014498457,1361.572409,0.238
0063785934,1.4701245,2.7786852e-06,1386.874991,0.554
0055369219,1.9795959,3.0896196e-05,1387.796218,0.471
0052079677,9.030013,1.332604e-05,1329.216928,0.134
0054018297,1.9397502,3.8311216e-06,1386.049206,0.56
0098658304,5.9307456,1.1549812e-05,1388.622423,0.171
0306773020,1.3773899,3.7040933e-06,1355.46254,0.515
0198011271,1.9335604,3.2823511e-05,1385.798661,0.429
0279949020,13.0987154,0.00032051794,1354.602452,0.1
0114471605,6.3869005,0.0013913308,1388.304658,0.143
0031850842,2.3198144,7.0267554e-06,1326.448059,0.32
0300972613,0.7761167,3.257782e-06,1354.707788,0.479
0009054370,3.1899595,1.8576749e-05,1357.135305,0.29
0316769815,1.712204,6.6813001e-07,1354.924478,0.557
0069888530,10.3516947,0.00056075882,1360.060546,0.347
0220523550,13.4964231,0.0002113386,1337.754394,0.166
0219238496,6.5054324,3.330087e-06,1391.279863,0.238
0396721448,29.4183827,0.11346378,1438.043639,0.317
0003816260,13.1278709,0.00020840174,1390.527157,0.122
0308225941,1.5194621,8.4741044e-06,1386.387245,0.558
0231061733,2.3982071,5.5419656e-05,1355.599672,0.709
0231840927,1.6357575,1.4927392e-06,1326.604732,0.261
0382069435,5.4878834,0.0018441538,1415.051574,0.579
0234518605,5.6784598,3.8963933e-05,1326.535328,0.266
0215336287,2.5922851,1.0724917e-05,1387.006793,0.538
0259543079,40.3040804,0.00044129596,1392.066356,0.01
0003921749,5.6112212,4.6898898e-05,1388.675623,0.175
0234347951,23.3047751,0.0007192079,1331.372733,0.037
0279741942,14.2160823,1.6234418e-05,1357.761253,0.091
0251858265,1.0572148,7.0483183e-05,1354.732259,0.405
0219998089,6.2021457,3.8172294e-05,1359.64352,0.337
0142177867,1.4352892,1.2176133e-05,1386.283072,0.396
0063941711,1.0387453,3.5363454e-05,1386.628455,0.309
0299135660,5.7698052,0.00028379184,1389.901184,0.337
0038937499,4.0555582,1.6475243e-06,1328.504416,0.113
0219984354,1.2382039,8.8382677e-06,1354.372852,0.55
0197908268,0.9131569,3.1431285e-07,1353.860064,0.623
0123405765,1.1497091,3.9072406e-05,1386.009891,0.521
0164681172,4.9053187,0.00012342878,1388.203438,0.226
0231833061,26.187637,3.3919007e-06,1346.516101,0.013
0028051929,13.6346813,0.00047310596,1534.073456,0.153
0268529943,4.3035024,0.0029599631,1388.670627,0.331
0010756751,3.4885322,1.9306499e-05,1387.997727,0.571
0009209932,3.5225329,0.0010700152,1354.712968,0.45
0382323697,7.7742733,0.00071799649,1387.419543,0.273
0220015845,26.3381651,0.00042041313,1364.830044,0.033
0115275539,1.7630617,4.0326821e-05,1387.923897,0.505
0120566395,0.8884682,0.00030370126,1355.141332,0.394
0350954272,3.3239802,9.9604362e-05,1386.263425,0.631
0231851620,3.7168766,4.2392227e-05,1355.670139,0.442
0389754103,3.8034748,9.6833297e-05,1357.233139,0.464
0197931263,2.5185892,6.6882338e-05,1386.422062,0.497
0039018208,6.6493104,4.3928361e-06,1337.762395,0.143
0237342298,2.6920849,4.2138791e-06,1386.312589,0.505
0049677785,1.5942503,4.8575938e-08,1354.230452,0.485
0220567625,19.4266015,8.964118e-06,1344.877552,0.128
0164752991,1.2224224,0.00013197981,1386.80665,0.327
0389669796,8.4770958,9.5298633e-06,1607.099266,0.134
0033912852,1.7050008,3.114936e-07,1355.764372,0.361
0389754101,3.8034403,9.9910898e-06,1357.234679,0.462
0197886566,0.8721425,2.003345e-05,1354.374134,0.496
0231279823,5.9684525,1.3838656e-05,1355.673807,0.199
0146761368,1.835438,2.5581953e-05,1386.057522,0.628
0178171080,6.5011864,0.00014842753,1391.386457,0.301
0077030554,10.2871845,0.00012500303,1355.897307,0.304
0100918213,0.5129265,0.00025639187,1386.12391,0.574
0111267340,1.2703727,4.3244691e-05,1386.576515,0.471
0220430912,2.0326671,3.4764709e-08,1354.842172,0.561
0234494090,1.9452414,8.3770361e-07,1325.865709,0.266
0041865879,6.882728,1.029072e-05,1354.542523,0.573
0091638523,3.1664342,1.505868e-05,1386.685289,0.484
0327996089,2.1739308,2.0568239e-05,1354.615872,0.378
0013092260,13.2458144,0.0004703486,1358.352518,0.111
0402112785,10.9407277,2.1423687e-05,1354.855781,0.075
0259675295,2.2322261,7.6953976e-07,1387.434086,0.648
0332488398,2.0835732,5.5702094e-06,1357.114327,0.338
0033665328,2.0539339,2.2358502e-05,1387.076208,0.442
0003815360,19.5810469,8.1378931e-05,1378.712211,0.06
0038699825,2.0846441,1.0876143e-05,1410.972435,0.592
0244163413,1.7880458,2.0472022e-05,1387.700232,0.407
0266735682,1.1352356,6.5120038e-06,1386.054336,0.555
0401889117,6.5862074,5.3491813e-05,1386.290097,0.205
0159897979,14.0549592,0.00011956263,1385.771559,0.109
0349835367,3.3408227,2.1322471e-06,1355.771347,0.544
0220521199,0.7288498,1.4288335e-07,1325.415293,0.645
0197887879,14.5286478,0.0010231413,1352.692721,0.07
0215403644,2.1963465,6.196067e-06,1385.770637,0.558
0116417661,2.2776724,3.546889e-05,1354.566086,0.481
0010838695,2.3061233,7.4237137e-06,1386.671343,0.527
0391902612,4.5521502,2.3863417e-05,1358.66478,0.524
0401869914,2.6082825,1.8155936e-05,1387.574829,0.556
0100029948,2.7775647,9.7102729e-06,1354.173872,0.337
0129764561,2.4348772,0.00026130427,1386.756676,0.54
0079548760,7.971971,4.0902272e-06,1384.396869,0.173
0207200487,2.5043927,7.3685409e-05,1355.101712,0.686
0183596242,0.4455952,1.030071e-06,1354.499586,0.541
0206468815,7.3703493,5.7486549e-05,1391.856475,0.181
0259589049,9.9682009,5.915084e-07,1392.132993,0.226
0198037741,0.7799848,3.2046161e-07,1354.518888,0.659
0287351976,1.9219583,1.0009959e-05,1354.979228,0.555
0301022235,1.8722211,3.094459e-06,1386.242784,0.566
0091542943,5.3266949,2.2645918e-06,1391.126549,0.17
0266770712,0.7904541,1.7869937e-06,1386.735785,0.653
0259373684,21.6867871,4.708423e-05,1403.178064,0.03
0281498280,0.7506328,7.1462531e-06,1325.47449,0.427
0117549840,0.6660209,4.1185904e-06,1354.690178,0.485
0358232450,1.6697714,2.296164e-06,1354.783099,0.574
0270622446,2.4450689,1.0735548e-05,1354.359633,0.525
0024704862,17.2004992,0.11324487,1339.284959,0.213
0349907707,5.1331502,0.00022442414,1354.59944,0.647
0031653503,6.6806299,0.00015973341,1327.653067,0.549
0300654002,2.7581426,4.3497753e-07,1355.711204,0.563
0273792220,1.9879087,3.1511354e-06,1326.70953,0.441
0339607421,2.4382283,6.787499e-06,1356.373591,0.316
0114819301,9.7729818,0.00060881312,1355.595385,0.109
0069949079,13.0559028,0.0084448946,1354.590199,0.715
0031796120,1.9941899,9.6095144e-06,1326.906755,0.517
0004629065,11.794327,0.00089885413,1420.376121,0.279
0200440270,1.0788761,7.778245e-08,1411.039053,0.604
0121078334,0.9285757,2.5446329e-06,1411.632818,0.643
0301407485,2.6641343,1.4855257e-05,1411.193259,0.53
0200363295,0.7531866,5.2966396e-06,1411.456689,0.525
0077158150,2.4869479,1.6708884e-05,1413.169859,0.466
0381167995,0.8242596,4.9240527e-05,1411.654471,0.668
0144598282,0.6606694,1.0776208e-05,1411.545416,0.726
0231809798,0.9056737,7.1811576e-08,1411.142801,0.408
0453828066,9.1345195,0.00037227465,1413.734178,0.248
0461713146,4.9792349,0.0001960472,1415.160808,0.59
0404477044,3.5517039,1.5532562e-05,1412.747048,0.448
0035743561,2.7207961,0.00016548569,1413.583282,0.544
0318887874,2.9746798,0.00058821476,1412.730492,0.541
0261332760,5.6727335,7.2625927e-06,1412.700661,0.304
0077209028,1.1377695,2.2469681e-06,1412.006309,0.538
0301405723,0.9427072,2.4060694e-05,1411.207668,0.59
0065448527,0.6678304,1.3951213e-06,1411.002875,0.74
0259701720,3.972003,0.00012450782,1413.15026,0.528
0347545091,4.3938962,0.0025522989,1411.686832,0.569
0144539611,3.9809609,4.545318e-05,1412.191874,0.23
0323295967,0.424537,3.0567253e-06,1411.102351,0.721
0121156576,7.9497566,0.00028391566,1414.178059,0.428
0012631605,0.7088063,7.1009148e-06,1411.258762,0.539
0425077106,2.2322162,9.0288106e-06,1411.885868,0.577
0146688260,0.5030694,2.2279747e-06,1386.265605,0.52
0387544749,2.8196171,0.00092089783,1411.742988,0.485
0200297691,6.9788711,6.0437495e-05,1413.071251,0.534
0170635351,13.6518985,0.0029411527,1416.689008,0.711
0347545020,2.7807107,2.9459196e-05,1413.551361,0.486
0302457456,0.9751629,1.7636108e-05,1411.805547,0.58
0166874908,2.1893105,1.4779823e-06,1411.566346,0.571
0035101462,4.1729015,0.00029803371,1413.826295,0.21
0318868368,1.8456244,1.2690053e-05,1412.035398,0.509
0007695666,17.5537009,0.00093310451,1429.243404,0.093
0274039311,4.5541186,0.0028251806,1412.682949,0.142
0161638713,12.6165358,0.00018135909,1417.263332,0.311
0098853987,2.7284203,4.9462023e-05,1412.74114,0.511
0250387838,6.8862416,4.8949291e-05,1411.306395,0.165
0143022688,1.5661604,8.3351476e-06,1411.196682,0.325
0219362976,15.9543896,1.9491012e-05,1415.860351,0.02
0066572840,5.7569119,3.6324638e-05,1408.262939,0.306
0142929481,1.1467361,6.7066116e-06,1412.636949,0.504
0088479623,0.9182032,6.7558568e-06,1411.815635,0.502
0369370898,1.7104489,1.457428e-05,1410.998668,0.411
0219421171,8.302977,0.00027023374,1412.324121,0.165
0098853990,2.7283715,2.4176395e-05,1412.7591,0.5
0279097963,10.5242227,0.0002437948,1414.498384,0.104
0033834253,3.2320815,8.1907234e-05,1412.824618,0.55
0038588414,3.9642364,7.2377817e-05,1412.53194,0.264
0178352046,5.7768236,0.0029963362,1418.022209,0.339
0012529950,2.4004337,5.2277707e-06,1411.572059,0.308
0004723156,9.4901054,2.8082416e-05,1409.155739,0.026
0259470701,2.5430268,3.5743479e-05,1412.479676,0.54
0088571421,3.1905328,4.0138814e-06,1413.382083,0.255
0088380001,4.4332324,0.00018134531,1413.255663,0.147
0121048789,1.288246,4.193309e-05,1412.203023,0.393
0251087387,3.0249036,0.00051565555,1411.308992,0.333
0178242590,1.3019741,6.9291786e-07,1411.159009,0.545
0422844353,13.2693897,3.5232527e-05,1406.571074,0.191
0178284729,2.2359849,6.0676883e-07,1412.697583,0.201
0004742129,2.0720163,3.4469785e-06,1410.979939,0.375
0142852841,3.4208469,6.8220875e-05,1412.017134,0.185
0153742549,6.0704815,3.5023205e-05,1411.906591,0.309
0361993750,1.5991689,4.8936751e-05,1412.767731,0.416
0044890224,10.62318,6.6364304e-05,1417.928878,0.081
0453828065,9.138309,0.0035511732,1413.71621,0.231
0161577376,8.2844594,3.730438e-05,1412.947035,0.182
0358335586,1.2212853,1.253655e-05,1411.547703,0.564
0089045042,12.6427516,2.5931769e-05,1412.931366,0.088
0231293332,3.5757198,2.6617858e-05,1412.931461,0.319
0257691369,85.8515645,0.00075032937,1426.936356,0.029
0153709888,2.1663476,1.2058875e-05,1412.635901,0.391
0279454212,11.761213,3.1980736e-06,1411.223237,0.075
0153741139,16.588177,1.7623063e-05,1424.787683,0.166
0170749770,5.3055493,6.1046833e-06,1412.46376,0.444
0302384263,6.7112322,0.00010566171,1411.837396,0.161
0159984211,3.659904,0.00094568212,1386.932895,0.486
0035744583,2.0689326,3.6715552e-05,1410.99977,0.548
0064108432,2.7787077,4.2474835e-06,1413.458146,0.41
0237944385,4.4250091,1.2220861e-05,1469.251529,0.163
0317411334,2.8973082,0.00011310981,1470.144944,0.333
0201497357,2.8721398,3.7527693e-05,1470.082185,0.451
0291385340,15.7196245,8.8581186e-05,1468.065925,0.093
0124033255,3.3673406,1.0180005e-05,1471.2429,0.333
0011286209,1.1909336,6.5718824e-05,1468.138678,0.572
0238162238,2.4374384,1.5163023e-05,1470.61537,0.375
0264594193,2.2289026,4.6359017e-05,1468.063257,0.481
0142677613,6.1826413,2.0825933e-05,1471.710669,0.298
0301485937,10.6546526,0.00073183309,1477.055063,0.329
0124199788,2.3521756,3.9045271e-07,1469.691569,0.152
0096799506,6.5457001,7.2894311e-06,1468.403018,0.213
0264537668,4.0307037,0.00030877983,1473.158351,0.253
0156577475,3.1257385,1.3774114e-05,1468.671245,0.389
0142409400,1.386915,1.0055546e-05,1469.647169,0.332
0255587619,9.4274907,0.0026724151,1468.912651,0.196
0238896431,16.2461726,0.0016966894,1446.079424,0.155
0167671107,3.6497948,5.0772775e-06,1438.670948,0.377
0060479151,0.8378759,5.9583106e-05,1468.716401,0.528
0053059882,8.9582177,3.4945513e-06,1466.913337,0.223
0207004093,1.2475564,0.0041194271,1469.038126,0.295
0012158853,1.2623791,1.3444358e-05,1469.552347,0.361
0050528312,5.273489,4.7028069e-05,1470.434872,0.169
0264592553,4.5552015,6.6270716e-06,1473.083787,0.329
0365694569,9.034968,3.4006224e-07,1474.464462,0.222
0039818458,3.8156995,0.00032658867,1467.740419,0.194
0035481236,1.8434407,7.1393193e-06,1469.226379,0.618
0037248140,11.5067903,0.0074053673,1470.37384,0.15
0172361463,17.9417712,0.0001057203,1482.223231,0.17
0299906906,1.536928,0.00013158549,1468.746704,0.265
0052641430,1.6700757,2.3330988e-05,1469.489928,0.536
0255744818,3.0472948,4.9927378e-06,1470.082201,0.603
0220315592,1.9711998,0.00028579597,1469.770428,0.426
0427398881,13.5495751,2.2819078e-05,1473.859137,0.113
0464838153,3.8729188,2.8564843e-05,1471.728126,0.395
0042991745,1.4218117,1.0830886e-05,1469.07261,0.502
0157751050,2.5798993,0.00063637912,1468.323201,0.31
0143117999,5.7007498,7.2291478e-05,1470.119437,0.189
0443174527,9.4252907,0.0010139575,1469.303808,0.672
0032759110,4.0770359,5.2783991e-05,1469.606308,0.128
0172462064,23.89345,0.00045942177,1471.918021,0.03
0435936714,2.3409375,6.0048486e-07,1469.565479,0.323
0427394772,6.4707838,8.0729271e-06,1470.330665,0.489
0025188036,3.3928521,4.703912e-05,1471.131521,0.4
0231972938,1.5508496,5.0484317e-07,1440.453213,0.429
0140212820,0.7776763,8.5055693e-06,1438.473667,0.499
0143171265,1.1411026,5.7770077e-05,1468.55288,0.719
0033742428,4.9782121,2.799781e-05,1469.016174,0.519
0014081980,2.9191488,7.527182e-05,1438.8705,0.326
0052276229,2.5155553,0.0004161741,1470.198709,0.243
0156241056,1.7801492,2.9056819e-05,1469.56553,0.507
0117739806,5.6203686,1.066303e-05,1471.607546,0.224
0317191077,2.1917865,0.00018492877,1469.538059,0.565
0267195931,4.3701553,8.8786573e-06,1471.955202,0.424
0322650462,0.9792734,0.00012038919,1469.255031,0.469
0443117794,6.2939598,0.002651259,1469.29199,0.247
0168191566,4.1187613,4.1985265e-05,1473.112114,0.568
0436158814,7.2148954,0.00042617974,1473.037203,0.094
0011756637,4.3064103,9.0836553e-07,1469.137539,0.191
0156758188,2.0973245,3.9170674e-05,1470.275103,0.53
0176406202,1.5144824,0.00081151045,1468.623835,0.452
0220318793,2.7760941,0.00064288725,1469.947449,0.302
0282270717,2.7405123,9.7619888e-05,1470.401917,0.636
0053122807,17.8525026,0.017600989,1510.206262,0.181
0038678931,6.2847533,6.6716018e-05,1470.48863,0.133
0072782654,6.6314323,3.8601885e-05,1471.23801,0.215
0042828781,2.9429254,1.2706948e-05,1470.391794,0.557
0167747439,6.1309716,5.3852027e-06,1439.18965,0.462
0123902605,6.2166988,0.0010654001,1472.946138,0.235
0231822771,2.0147971,6.077194e-06,1438.438887,0.461
0232030067,3.9690316,2.4483465e-05,1468.9747,0.471
0160328766,10.3176495,9.6785335e-05,1470.026443,0.199
0049701947,5.7779484,1.588984e-05,1475.798934,0.176
0255700967,6.8512341,9.2931457e-07,1470.572925,0.228
0279640088,5.9268456,0.0020060999,1471.079752,0.369
0024397947,10.190907,9.7706441e-05,1438.777823,0.26
0290044434,1.0891498,4.5771717e-06,1469.472101,0.371
0052641431,1.6712974,5.6605016e-05,1469.121764,0.442
0033864821,0.810465,6.852147e-06,1468.903998,0.495
0220082557,2.2570772,0.0002357782,1469.967693,0.525
0287841093,17.7032481,5.3422804e-06,1462.267454,0.083
0176591772,7.7585814,9.6152357e-05,1472.739316,0.141
0031303242,7.05507,0.0016709449,1441.243024,0.29
0180943676,8.4182186,8.5365608e-05,1471.419545,0.101
0231205049,3.0970887,0.00015513312,1471.105563,0.483
0443055162,8.1675395,4.2943219e-05,1471.82373,0.21
0033419790,2.0162719,5.9920281e-05,1468.611705,0.546
0172742334,7.5647799,1.0079407e-05,1475.406762,0.169
0078568736,8.2197877,0.00015430831,1475.463844,0.159
0038023570,1.2215651,0.00026081581,1468.799434,0.426
0037606218,7.8358545,0.0001168631,1469.612215,0.21
0234211934,1.0649345,2.4936392e-06,1468.811066,0.489
0355357949,1.4604273,1.0486496e-05,1469.357599,0.537
0031054255,0.873872,2.5637188e-07,1438.429859,0.295
0322900369,6.2516338,0.0010367588,1472.001367,0.396
0052924466,37.268309,0.00031012903,1492.667701,0.01
0232185093,4.4691554,0.00015838335,1471.545463,0.185
0123573766,6.6350711,1.4237059e-05,1472.063048,0.15
0365570620,0.8583147,1.8921064e-05,1470.74334,0.527
0124106762,4.1869104,0.0020166619,1476.039211,0.358
0146879345,3.013558,0.00011841726,1468.301342,0.434
0100917608,4.1237901,4.9983792e-07,1388.303293,0.447
0255565860,2.2059179,1.0957584e-06,1438.313693,0.44
0436243444,1.3584399,5.6738015e-05,1470.175108,0.401
0438071843,5.2415016,0.0005503207,1470.535036,0.311
0119461266,2.9462458,9.0691379e-05,1469.9499,0.467
0147185619,32.2753745,0.046211627,1506.232091,0.284
0436103335,7.7042854,0.0011022133,1473.789342,0.424
0317330474,12.2076544,1.1901431e-05,1476.892216,0.081
0319467578,2.3650004,6.8938087e-05,1467.674501,0.302
0284909275,4.5972204,0.00062581188,1470.145721,0.385
0033689349,3.4978978,0.00018240965,1470.365463,0.401
0140659978,9.4400954,1.9702182e-06,1469.876902,0.09
0350297040,10.8739196,4.6807988e-05,1469.801653,0.101
0345835653,0.9242404,0.00077102084,1468.513057,0.397
0153166843,1.9316637,3.6737107e-05,1469.478538,0.474
0346429188,0.3311382,5.4760375e-05,1468.466516,0.534
0037601240,0.7313791,3.6510839e-06,1468.824829,0.623
0424992973,6.9253457,3.202264e-05,1442.115,0.147
0234933888,6.911349,0.0024872409,1472.988982,0.308
0144695651,5.2978379,0.0013277825,1473.306405,0.352
0048658291,3.1757735,0.00010673053,1469.161946,0.4
0147975720,2.8502226,1.326308e-05,1472.043022,0.179
0255548311,4.9638409,7.4981743e-06,1440.05225,0.163
0138857475,12.9392878,0.00087310748,1543.813456,0.156
0234874474,1.3159894,0.00011811886,1469.251928,0.641
0235073057,3.4891943,0.00015062813,1440.416691,0.733
0143234741,1.9178734,6.9640113e-05,1469.940262,0.389
0219403686,0.7602518,0.00014766389,1468.583338,0.435
0307016006,3.3066352,0.01103803,1471.35393,0.45
0134283998,0.6188381,7.1825495e-06,1468.468982,0.619
0088916475,11.2994767,0.00024034353,1492.116758,0.129
0125497512,1.2731167,1.0328749e-07,1491.692941,0.611
0032932888,1.5338696,0.00056759269,1492.092185,0.628
0051155192,3.2240579,0.0013189218,1491.953998,0.529
0155813907,2.2432062,9.5940741e-05,1492.496683,0.515
0388086679,5.5922027,4.5076041e-05,1492.651494,0.298
0443969553,2.4541385,9.8438729e-05,1493.191721,0.84
0173432542,5.0551084,0.019478424,1493.214591,0.569
0143318403,0.7252496,8.1809094e-05,1492.141832,0.538
0425223388,3.6218864,0.00027573759,1491.752769,0.519
0033194538,6.0502389,0.0006209646,1504.865715,0.56
0055489734,13.0151347,0.00034645516,1500.817912,0.241
0150282779,5.7593793,0.0047069354,1493.72951,0.588
0006518047,1.8513319,0.00029967897,1492.548449,0.489
0262696097,0.9112219,1.9185324e-05,1491.752914,0.53
0149319411,4.7521262,4.3809249e-06,1492.443425,0.366
0440796977,0.7820745,0.00034249155,1492.400487,0.528
0098478039,0.6682271,0.00011207483,1491.816936,0.465
0080659292,1.9925092,4.0358622e-06,1491.799833,0.547
0112236473,10.278941,0.0059782687,1493.207417,0.241
0142080812,1.0580716,4.4071123e-05,1491.687207,0.6
0078450017,1.887501,1.7809509e-06,1492.67353,0.334
0128902999,3.3791588,0.00069742789,1499.703476,0.307
0124651221,7.4215887,0.00037046821,1490.638736,0.325
0318573150,5.7404517,5.6567145e-05,1492.277868,0.386
0169770571,1.8461945,4.5096881e-05,1492.372947,0.515
0177723489,2.1989146,0.0074575479,1492.845735,0.398
0155884454,0.9797834,7.4464977e-05,1491.587078,0.572
0022766107,1.7262794,4.7833834e-05,1492.909215,0.408
0051104846,2.9043012,5.9129947e-08,1493.870455,0.396
0468958384,1.5351684,3.5051494e-05,1492.57808,0.539
0126446153,4.2102754,1.9581156e-05,1492.976107,0.581
0134522557,5.7275413,0.0037662696,1495.456441,0.294
0126586580,3.9273332,0.000352613,1493.118756,0.553
0125501325,4.3837501,4.5386234e-05,1495.685257,0.211
0155884449,0.9797213,8.8435377e-05,1491.923374,0.534
0124712820,0.8256717,9.6050655e-05,1492.304021,0.325
0124712813,0.825658,6.5825752e-05,1492.304368,0.381
0319558164,8.9798845,0.0029940425,1500.463701,0.115
0027654882,2.231301,5.7815681e-05,1493.387215,0.479
0455178154,8.2894768,0.00030892189,1496.344761,0.459
0132448273,2.2550488,0.00052246695,1493.670699,0.273
0296184440,3.7441905,0.00080161524,1494.003267,0.363
0114547549,3.8679801,0.0025587521,1494.200909,0.524
0011070365,0.9020851,0.00018276248,1492.277544,0.56
0259070502,11.2008349,0.0019297064,1492.246511,0.25
0019193162,5.6916577,2.2636936e-05,1491.942796,0.384
0014709809,9.3910703,0.028982568,1505.500243,0.605
0165148663,1.9614239,5.3783705e-05,1439.087524,0.59
0173756330,1.7534658,5.8965961e-06,1491.820595,0.535
0271013213,0.6195432,3.2306867e-05,1491.924248,0.645
0440788366,1.5482769,9.0239896e-06,1491.778529,0.609
0177960771,22.4150065,1.3410819,1501.290879,0.192
0066102144,2.2927291,0.00012430877,1492.57183,0.541
0018915591,6.9856401,0.00013458994,1492.785036,0.434
0319011894,8.2909378,0.00070168389,1492.715109,0.334
0306651396,2.7149973,0.00047497008,1493.534591,0.44
0452895993,3.3374515,2.0872747e-05,1492.067214,0.755
0007211118,1.4462609,1.5770818e-05,1492.559937,0.534
0021184505,5.2919898,0.0033656751,1495.179543,0.876
0278826996,19.1689746,0.00013592321,1468.402282,0.088
0125175122,9.6476573,0.000543933,1493.938474,0.386
0080556181,2.8195817,8.6810894e-05,1493.779316,0.481
0319863494,5.135475,0.0028225191,1503.52477,0.124
0060284401,10.1290735,0.00038355928,1500.302954,0.423
0425166925,5.7282944,0.00094962814,1494.230916,0.595
0124950413,5.7898897,0.00085371667,1497.496828,0.219
0050758245,4.5147347,8.1038731e-05,1494.992461,0.561
0281341249,4.3811449,0.0040490635,1493.758922,0.467
0148920245,0.6853446,,1494.852613,0.373
0064608449,2.2502465,5.88949e-05,1492.687964,0.793
0093681365,0.3960371,9.8852221e-05,1491.941481,0.42
0437212966,3.1313903,4.2539483e-06,1492.315189,0.491
0173077938,0.6485283,4.7720109e-05,1491.879684,0.419
0306763456,1.8331199,8.9726296e-06,1493.123555,0.516
0262758522,12.3237552,0.00085763976,1494.956298,0.282
0173038281,4.3080481,2.8257445e-06,1470.495865,0.164
0468948126,2.3064104,8.4834909e-05,1493.901675,0.517
0452845139,3.3488261,5.0750866e-06,1494.095841,0.352
0080650858,1.9158693,1.6645316e-05,1492.262252,0.517
0130876312,7.9399755,0.00048308911,1496.011769,0.397
0129268651,5.9631945,0.0030280328,1493.953489,0.361
0066509654,5.289573,0.00011532493,1491.241171,0.224
0064783257,3.8551178,0.00050722295,1491.841594,0.263
0284613090,11.5548386,7.5604932e-05,1503.423955,0.14
0168426455,3.8671518,0.0014073144,1493.831937,0.329
0063579446,5.5828949,9.5903131e-05,1496.454695,0.382
0425172025,3.2690037,0.00019911075,1492.029423,0.451
0182469311,6.0298614,1.7789656e-05,1488.064128,0.2
0468958374,1.5351063,2.9375327e-05,1491.810289,0.545
0307304908,2.8278718,0.00018403512,1493.739632,0.516
0150284425,3.0044462,1.7970508e-06,1491.992257,0.377
0332079835,6.9564269,8.4306252e-07,1490.289773,0.153
0455153566,0.5997514,1.1334341e-06,1492.11641,0.547
0409319605,1.1359601,6.8275375e-06,1492.151226,0.576
0066602813,2.764074,1.1521577e-05,1493.920958,0.352
0123153249,5.8784238,4.1931534e-05,1495.380939,0.674
0147102369,4.1270975,4.9000508e-05,1494.964944,0.332
0173756896,11.3408662,0.00066435477,1495.615163,0.139
0022937402,1.3826827,0.00012546476,1491.064988,0.484
0175969976,6.6976452,0.0010606503,1494.520141,0.479
0063192395,3.064939,5.7668539e-05,1468.810531,0.528
0156325724,11.7250907,0.00058630762,1504.547232,0.272
0145762697,9.0663975,0.0029135435,1498.893309,0.276
0178051504,1.4631077,4.6537292e-05,1492.59945,0.554
0056023695,8.1783355,0.00010705698,1492.911881,0.578
0048880872,2.1874975,0.00086840826,1469.644145,0.463
0238896417,16.2442349,7.1688556e-05,1446.084671,0.153
0018914916,11.2840942,8.7383493e-05,1494.113602,0.081
0001190662,0.8879691,0.00020110941,1517.371274,0.281
0398221405,2.1089351,0.00019327515,1518.889444,0.329
0012012992,0.9011729,1.0618026e-05,1517.905474,0.626
0060655023,1.1156523,3.886309e-06,1517.612184,0.673
0415345299,3.1869225,0.00092278175,1518.516827,0.309
0038125059,4.2299211,0.0053366375,1515.491733,0.36
0453059861,0.7720541,3.643891e-06,1518.702514,0.606
0182776916,1.2262887,9.8039266e-06,1517.981087,0.737
0081609273,4.8387759,4.69643e-06,1521.123965,0.75
0423363853,8.8298231,0.00032576178,1519.263067,0.155
0386431674,17.4804458,0.00077401663,1520.461194,0.039
0060979860,2.3870631,2.6443801e-05,1517.590839,0.488
0290476605,5.7442589,1.5124413e-05,1518.37696,0.158
0002020964,2.9423359,5.6795304e-06,1519.302412,0.559
0289670788,1.9557549,2.0493573e-06,1518.893527,0.56
0176774858,0.6188506,0.00012130911,1517.393104,0.449
0271864083,1.1661516,0.0028011316,1518.303212,0.509
0185805011,2.0052089,5.1688553e-05,1519.402044,0.458
0022538139,4.6328668,9.7528433e-05,1520.180553,0.321
0062761513,2.0943241,0.00031899406,1518.851868,0.494
0056332484,0.9225558,3.095448e-05,1518.024466,0.634
0080025900,4.0582743,5.1599116e-05,1519.136162,0.302
0175182754,3.8093294,8.4436232e-06,1492.229208,0.337
0410245402,3.0005282,2.7851889e-05,1517.797028,0.413
0405391996,1.2854909,7.1795442e-05,1517.502948,0.497
0283698250,1.0036573,0.00019049784,1517.706711,0.48
0002353789,1.8717,6.1951831e-05,1518.763729,0.425
0289596375,7.2599752,3.8930815e-06,1519.064993,0.206
0146601322,0.986995,1.4174823e-06,1517.932137,0.576
0413024324,1.1511769,0.00022103771,1518.028953,0.549
0270648838,7.6353274,5.750301e-07,1521.746137,0.133
0093911780,16.8430226,0.050600175,1525.640273,0.28
0393344055,1.509342,6.6084866e-05,1518.33473,0.6
0408351795,3.6761526,5.7210064e-05,1520.459116,0.366
0348759510,3.7161348,0.00014140489,1520.471135,0.167
0186544053,8.911256,0.00078315249,1518.156988,0.144
0078151317,1.4391229,2.3208806e-05,1518.457477,0.521
0046908113,3.0116262,0.00013976143,1518.844225,0.34
0377060843,20.9321754,0.0045423542,1517.693918,0.213
0386437695,3.5744215,0.0006998381,1517.2462,0.346
0074528791,1.8020755,1.6946504e-05,1519.898387,0.588
0001202347,4.1505025,0.00026343046,1519.656909,0.354
0055252407,2.4504235,0.17209512,1520.015651,0.515
0415434817,1.6622143,1.2587013e-07,1517.629647,0.585
0262605041,3.6663285,0.00012523307,1521.088454,0.211
0146039664,17.8368584,0.00077451622,1521.608164,0.11
0312111256,1.1518696,4.0676491e-05,1518.322483,0.829
0423279462,3.0724445,4.8787329e-06,1517.735656,0.37
0119058688,1.3483333,0.00020554251,1525.909356,0.266
0047175622,1.5233777,2.9763871e-05,1518.629826,0.412
0051947865,7.4016964,0.01170037,1519.523703,0.257
0185980914,3.4915999,0.00010950518,1519.527121,0.545
0051325134,1.5996147,0.00014718115,1518.50378,0.595
0277712294,2.892281,2.6143615e-05,1518.378027,0.409
0415528958,11.0423645,0.0011141786,1519.077744,0.128
0347506869,10.3149658,0.00012074445,1525.852953,0.413
0142742998,3.0962043,3.4674044e-06,1520.001751,0.332
0014307980,0.8974226,9.0292042e-07,1518.125518,0.503
0146601318,0.9869836,3.0512002e-05,1517.931855,0.566
0386262459,2.6672303,4.4662484e-05,1519.946677,0.271
0005364915,11.1448055,0.00064807519,1524.437252,0.159
0055408994,13.2542617,0.0011692661,1527.58865,0.295
0305536358,0.5464738,0.00017810642,1517.406679,0.522
0078234838,1.9743377,2.5186858e-06,1517.754788,0.306
0408351887,1.0731803,3.9455523e-06,1518.26409,0.689
0289597948,5.5129009,5.6612738e-05,1519.309699,0.241
0029697290,0.8352303,6.2823327e-05,1517.766785,0.645
0096106862,5.3797936,2.4870562e-06,1520.319156,0.161
0145586291,4.0167459,0.026670986,1519.052732,0.347
0191926695,1.9350003,0.00010715519,1518.410366,0.413
0095867802,2.2816984,2.1900462e-05,1518.104735,0.536
0449351034,2.1862334,5.1099248e-06,1570.936319,0.324
0083113607,4.4437807,4.5003717e-05,1572.437333,0.381
0021639186,4.7297276,0.0073496301,1574.859565,0.467
0389667572,6.3711019,0.0014285953,1600.077661,0.291
0371108287,0.8686293,8.721945e-05,1570.472596,0.429
0450918869,4.2247759,4.8652188e-06,1600.469876,0.384
0141663326,6.6546536,0.00061135138,1601.445281,0.198
0275697259,0.5792545,2.8395315e-05,1598.691684,0.768
0000101462,4.1739815,1.480656e-05,1413.823652,0.166
0258839862,4.6539954,0.0056809221,1602.474994,0.534
0438790188,2.0947894,0.0025443267,1599.579349,0.37
0276458481,2.2544606,0.0045272093,1601.940937,0.416
0243391162,1.5171517,4.0604928e-05,1598.698822,0.481
0412941718,0.858977,0.00024603883,1598.2427,0.481
0423220124,1.5051152,0.00050344799,1626.31516,0.514
0047402214,1.293387,0.00025813693,1628.734574,0.389
0349483495,1.9978092,3.9827308e-05,1598.711208,0.449
0124912666,8.1119042,0.73382919,,0.461
0407067592,7.7718804,0.15567594,1640.943181,0.462
0327850372,3.2769861,0.00080582341,1655.619873,0.419
0254039358,1.4956248,3.5604912e-05,1660.75778,0.354
0410276444,1.0166611,0.00016569183,1654.463964,0.383
0406238813,29.2303053,0.29240865,1676.013467,0.241
0113501026,3.268932,0.0044204244,1656.49545,0.541
0377325711,12.9973471,0.0041890755,1686.48413,0.273
0010891640,6.1819688,0.016073933,1685.068121,0.522
0258271315,2.6436389,2.2506854e-05,1685.435223,0.41
0311062274,8.1900688,0.00026568871,1817.98448,0.21
0058229181,2.1672832,0.0070435688,1817.359347,0.507
0148392309,2.7915561,0.005198975,1815.523448,0.513
0313028417,8.0259764,0.0058905633,1815.707971,0.707
0409056401,5.0056136,0.0032777793,1817.023804,0.261
0274601313,6.1334745,0.0039615619,1816.609712,0.622
0067360334,3.4278817,0.0019236376,1816.869043,0.274
0252890740,3.9200195,0.00023454185,1847.730644,0.318
0202442982,2.7387205,2.8992872e-05,1684.834783,0.342
0025226885,1.6320461,1.7297857e-05,1327.47359,0.52
0229057817,8.1821018,0.0019933902,1325.678891,0.585
0126602778,0.7121198,4.9620345e-06,1325.367013,0.644
0143924219,2.8201001,2.0246214e-06,1326.815838,0.376
0279314488,1.8325567,4.2238612e-05,1326.416184,0.53
0403153647,5.3377447,0.00036822648,1326.839429,0.277
0139188326,0.5883808,2.2385913e-06,1325.879264,0.533
0441422220,3.700142,4.1405484e-05,1328.69228,0.319
0139699256,5.952715,0.00041888085,1322.451033,0.455
0033862174,1.4145298,5.1237952e-07,1326.078956,0.592
0214198381,10.6816724,7.0927033e-05,1329.486296,0.606
0394585218,3.9642829,0.00011486516,1327.138944,0.297
0265591866,2.2807588,9.8925768e-06,1325.924109,0.546
0265489698,1.1554696,2.7755583e-06,1326.457434,0.636
0277649549,14.4904608,1.0519282e-05,1329.101682,0.063
0262958558,3.5360981,8.9137068e-06,1326.600481,0.53
0389476160,1.6287089,3.7500377e-05,1325.771762,0.49
0253928535,2.249268,7.9992435e-06,1328.507359,0.425
0265613590,4.8180133,6.1397235e-07,1328.156848,0.33
0389726435,2.0861822,1.020022e-05,1325.716436,0.63
0139825840,7.6881634,0.00011506918,1328.518021,0.507
0201256771,3.7617401,1.7074935e-05,1327.450965,0.495
0234491752,0.8658398,2.2890083e-08,1325.939367,0.604
0079225651,1.785578,1.4789688e-05,1325.530293,0.441
0278784173,1.4948338,1.1060022e-05,1325.710734,0.196
0219308281,2.8573698,3.4322686e-05,1325.392538,0.553
0144000467,8.8831592,0.00024543718,1333.294331,0.149
0139841210,1.4890015,5.1937502e-06,1325.581583,0.499
0394006752,0.4548849,1.5882347e-06,1325.756674,0.583
0126945917,1.3410547,2.3669226e-05,1326.304935,0.597
0139721086,8.9737351,2.0921956e-05,1328.360152,0.178
0441406061,3.0182392,5.0282055e-06,1326.180363,0.594
0152223725,4.4361742,0.00026023153,1325.454744,0.542
0089018905,3.1430341,0.0001658347,1327.11724,0.34
0070442570,11.5269229,0.00016898154,1332.152652,0.303
0092628706,18.4050167,9.7019045e-05,1345.612256,0.032
0269762258,1.3245939,7.2071788e-06,1325.756846,0.327
0201234926,14.0946283,0.00021679208,1332.871706,0.05
0115115136,3.9569949,0.0061164158,1323.940444,0.414
0181043970,0.8709147,6.6759736e-06,1325.822823,0.579
0092349924,8.799394,1.1067742e-05,1325.667259,0.115
0144462697,1.2340071,3.354024e-05,1325.662508,0.555
0063280198,2.0482546,1.7171543e-06,1326.101131,0.876
0253922296,3.141546,5.7169057e-06,1324.637972,0.53
0269829384,1.2498031,0.0023900317,1545.265288,0.588
0220388567,3.6453465,3.7658133e-06,1326.220606,0.435
0206556127,2.2110155,1.8093723e-06,1326.418285,0.363
0266996791,2.1238668,0.00012472076,1325.575081,0.546
0326356701,1.1121569,8.4996961e-06,1325.567912,0.568
0201176965,1.3640185,1.0473734e-05,1325.73797,0.565
0231828370,1.3720167,0.00017771335,1326.172805,0.639
0237332597,2.9274303,2.0135861e-05,1327.597426,0.396
0160036449,1.8931745,6.1024427e-06,1326.833995,0.54
0126763885,4.3573928,2.0644416e-06,1328.347875,0.304
0278706358,6.9025229,0.00040314575,1331.339464,0.225
0126944775,2.6958895,4.2097182e-06,1326.897274,0.496
0139128537,1.578059,5.4988252e-06,1326.731391,0.35
0261656371,7.1953094,3.0024625e-05,1337.235014,0.143
0406276109,7.5470488,0.00096360589,1326.960813,0.139
0214517366,24.9530583,0.0025201155,1330.961709,0.048
0197760286,0.6013042,1.6284373e-06,1325.394057,0.456
0219328784,1.9681031,0.0001209785,1327.668976,0.604
0204497617,1.589172,1.6303959e-05,1325.946484,0.496
0201293780,0.9377426,4.1560836e-06,1325.74888,0.447
0206462116,2.9674214,9.7193437e-05,1327.968501,0.444
0358457398,2.2756668,5.9615784e-07,1327.188395,0.586
0270166263,15.3125412,0.0016942132,1332.50599,0.047
0214299966,3.0671767,2.2302604e-06,1327.033045,0.245
0121420805,1.7168857,2.8806087e-05,1326.219544,0.53
0197570458,7.6179156,3.2430801e-05,1332.332753,0.105
0147201138,1.8805348,6.7794113e-06,1325.938198,0.557
0301980639,4.7830501,0.00097351613,1326.787871,0.211
0044623916,0.9447294,9.6118434e-06,1326.187057,0.616
0062762261,19.158835,0.00019949211,1332.16867,0.106
0219322317,8.5448393,7.4119471e-06,1332.790987,0.168
0381854774,1.6445293,0.00012784269,1325.828755,0.299
0300903537,5.8232216,1.7598814e-05,1326.646096,0.214
0117544915,2.968452,0.00016631591,1324.354635,0.513
0197766143,5.2059361,4.8372667e-05,1326.506092,0.551
0054001270,2.3490994,0.00011385437,1326.676045,0.551
0029478974,12.4532873,0.00030521176,1333.786369,0.135
0231714759,5.4613059,5.2680612e-05,1330.006068,0.524
0229808144,11.6102781,0.0010629088,1325.733513,0.12
0097402522,0.8007241,0.00013743367,1325.57756,0.412
0092594505,22.8699705,3.4779404e-06,1328.038816,0.06
0325205605,4.2484918,0.00015870617,1328.663997,0.4
0207080350,9.1073059,0.00020265615,1332.76821,0.183
0350190639,1.8672567,8.6555204e-05,1330.1151,0.349
0231860752,1.9597412,3.4992587e-05,1327.812423,0.513
0219338651,1.2658396,3.4663823e-05,1325.86643,0.588
0401926767,13.6020534,0.00039260977,1442.269792,0.059
0279537689,11.5527497,0.016162833,1441.055617,0.1
0056127811,3.7236125,0.0001121826,1438.951017,0.305
0445921773,2.4309689,0.00037091807,1439.541806,0.574
0231973885,2.8946583,0.00018358766,1439.963541,0.542
0231921891,1.6992714,9.6787237e-06,1439.784786,0.527
0031107108,4.0481965,0.00018447024,1412.95686,0.644
0244252435,1.8871288,1.9761991e-05,1439.57125,0.409
0009381557,11.8221481,0.00054707404,1446.448142,0.48
0310308203,2.694234,7.2071135e-05,1438.568846,0.593
0117879940,2.261994,0.0012182081,1439.837763,0.58
0117925262,0.6012889,8.0041449e-05,1438.441859,0.508
0220402290,0.7852364,3.1675798e-06,1386.160512,0.637
0213047427,8.8001062,0.00020921795,1455.391559,0.151
0333642126,9.6532269,8.8798425e-05,1442.057928,0.125
0146522930,1.0876046,1.158633e-05,1438.138972,0.435
0245863693,1.077403,2.9057244e-05,1439.004233,0.487
0117648603,9.2982863,5.2811937e-05,1444.103208,0.521
0250196734,7.7039539,1.5130685e-05,1439.871848,0.103
0167673218,17.9651049,0.028188955,1538.098249,0.552
0146439804,28.5065844,0.40730946,1430.145908,0.077
0139701741,2.6303776,2.6182175e-05,1438.760717,0.549
0426588729,2.4258551,0.00025525589,1439.570216,0.539
0219173590,7.6506857,0.0047401218,1440.879678,0.562
0013325340,0.8930911,7.3110114e-06,1438.15326,0.578
0464772659,9.7376099,0.22369257,1434.426142,0.532
0121595243,1.0575909,0.00038054474,1438.99901,0.307
0248403190,1.5509572,1.4374181e-05,1439.253716,0.538
0032702481,1.8977979,1.5761297e-05,1438.351494,0.339
0009380768,1.6222184,1.5035536e-05,1439.531668,0.459
0020176492,2.2213018,7.9679389e-06,1439.829249,0.557
0178858648,8.946456,4.5755457e-05,1440.484333,0.319
0037817410,2.6061393,1.417723e-05,1439.304873,0.536
0146597035,4.4001488,0.00023902567,1437.141111,0.304
0001220444,7.1620656,0.00012987684,1440.634408,0.173
0362043085,6.8615943,0.00054514444,1441.604476,0.249
0146344020,2.493918,9.7760368e-05,1440.507134,0.266
0299096773,7.407127,0.001050742,1441.857987,0.406
0283677584,1.8592369,4.5312002e-06,1438.275534,0.554
0442918617,1.6642507,7.7474861e-06,1438.701394,0.487
0393803650,6.7674706,6.8963275e-05,1440.785849,0.648
0167756615,19.4296795,0.1820834,1456.933277,0.159
0067719432,1.0017063,1.4378083e-05,1438.361238,0.522
0024522770,2.1313403,7.8961849e-05,1439.981679,0.596
0399664959,2.07753,7.0122724e-06,1438.587098,0.526
0179034615,0.6621642,1.8573819e-05,1438.417545,0.55
0471013547,3.5404318,0.023198057,1441.161885,0.39
0178996712,2.9822422,1.7580399e-05,1440.459521,0.34
0468887783,4.5294335,0.00015572671,1439.940847,0.305
0167717848,5.064015,0.0029815499,1440.789858,0.657
0055999432,1.8555335,1.0726223e-06,1439.581573,0.579
0149861542,3.6586352,2.8778091e-05,1439.719623,0.444
0043648757,2.6989629,1.2091301e-06,1439.057971,0.434
0020095466,0.2118497,3.5653901e-06,1438.184844,0.437
0038677487,4.0809305,1.3098671e-05,1438.179262,0.343
0316918055,0.8084718,6.6347358e-05,1437.781438,0.426
0077437462,0.6079304,2.2265824e-05,1438.678495,0.453
0399729481,0.803801,2.4488161e-05,1437.721036,0.741
0146559015,2.6403709,0.038241087,1441.242867,0.459
0432610098,3.5615086,3.1740347e-06,1438.267324,0.483
0024433067,6.1864071,0.0010583086,1441.130378,0.466
0311128363,3.38741,3.227835e-05,1439.287099,0.539
0373364179,3.7476127,9.7761048e-06,1438.877749,0.259
0009433212,5.013448,2.0083642e-06,1440.155582,0.2
0056128191,6.2238601,3.0776112e-06,1444.92188,0.194
0013062697,4.8487676,0.023646233,1443.37874,0.784
0178938417,6.2653192,0.01214305,1443.001223,0.424
0067688552,1.4621434,4.9175929e-05,1438.749422,0.459
0200440175,1.8260039,5.1933402e-06,1411.439592,0.537
0146559012,5.2819523,1.205048e-06,1438.097696,0.21
0013957444,3.7404363,1.0565536e-06,1441.439086,0.257
0067186251,1.1494576,0.00021775299,1816.687105,0.591
0262173985,1.1127725,0.00013917627,1816.208024,0.601
0239673325,2.5408989,0.0075536246,1818.595003,0.524
0210116141,0.724345,0.00025120734,1684.148352,0.534
0408068720,0.5797644,1.9765843e-06,1386.281242,0.524
0198051336,0.6419055,7.913926e-06,1386.143514,0.633
0079565128,1.6231744,3.0100372e-05,1386.581141,0.58
0070555928,6.1140814,0.0001602851,1390.550746,0.548
0063818344,1.577272,1.3773485e-05,1387.580599,0.582
0287175225,0.4859539,2.0121749e-07,1385.998645,0.683
0219244444,0.3037035,5.8612949e-08,1386.142332,0.344
0180724703,1.1226132,1.0676391e-06,1355.044971,0.604
0041896812,1.2608353,1.6801625e-06,1354.864982,0.577
0346338553,4.465494,0.0002522907,1739.941449,0.226
0430000969,,,,-1.0
0395459736,3.6081353,7.210729,1742.841613,0.399
0139256217,2.1992267,8.9784972e-06,1325.349381,0.554
0095778110,1.5324408,0.00055340545,1900.975241,0.443
0233058265,26.2811517,0.0037160696,1961.050209,0.116
0256865831,4.0605257,0.00078671055,1956.082654,0.25
0364186087,2.4523555,3.9625887e-05,1959.765228,0.339
0008592033,4.3435903,9.2041058e-06,1957.720621,0.629
0258177999,5.3968072,0.00022430959,1959.317184,0.207
0057229803,3.6497411,5.6303471e-06,1959.478817,0.253
0024077469,5.2959861,4.3991859e-05,1964.143127,0.297
0283939331,3.5200155,6.2522333e-05,1956.787227,0.235
0237234024,1.8959765,4.2973686e-06,1959.15352,0.403
0233006806,1.5112536,3.7843252e-05,1956.54185,0.534
0017468122,4.933897,0.00014058192,1958.823051,0.26
0232617358,2.2293293,3.0442744e-06,1957.408318,0.415
0161685680,3.7392234,0.00044374964,1958.546217,0.211
0431555426,1.7786393,3.0757398e-05,1956.74468,0.526
0275423476,2.9289407,0.00011017379,1956.205888,0.373
0388431711,3.7538106,1.19075e-05,1957.21583,0.264
0232632890,1.3492615,0.0010331765,1956.467127,0.508
0445879719,5.1167271,2.2780977e-05,1960.817245,0.499
0456033358,12.0570484,0.00027561892,1962.506046,0.055
0039903672,3.0312219,5.1719824e-05,1959.362313,0.228
0321864797,13.2351885,0.001048401,2002.597216,0.101
0233531814,2.7040556,2.1615892e-05,1956.7412,0.272
0320524751,8.9522212,5.5924296e-05,1956.36239,0.13
0265274458,2.9979151,3.8855579e-05,1958.212276,0.458
0230016502,2.9604932,0.00030221942,1957.670664,0.321
0256516208,3.5725365,0.00032974162,1957.862044,0.258
0445882146,3.7526702,0.00029421562,1956.204314,0.231
0198366673,1.7599204,6.3015459e-06,1956.111018,0.499
0284350181,18.8944038,0.016855581,1976.677118,0.039
0371991062,8.9060154,0.0033265226,1959.936717,0.364
0418221292,3.3955461,8.3989588e-06,1957.232778,0.371
0368334916,23.5141059,0.00068289105,2002.585796,0.038
0355792204,1.1729557,3.4784916e-05,1956.939845,0.622
0229503517,3.9757512,0.0018250856,1956.59384,0.345
0219095755,8.9066489,0.00059588213,1930.631225,0.201
0378042585,3.261067,0.0018524758,1958.117017,0.619
0459278502,15.8522773,0.022907113,1969.955148,0.249
0441794509,14.9398487,0.0014369333,1958.893381,0.186
0314702305,2.929962,0.0030242608,1957.119451,0.363
0236387002,7.2009313,5.3389712e-05,1958.678029,0.083
0420114776,3.2350874,3.9773119e-05,1956.979202,0.236
0157376469,1.3412056,4.6957797e-05,1956.317111,0.417
0329118239,0.5633637,4.0858916e-05,1956.275539,0.556
0298264838,3.2259045,0.00014605248,1958.461605,0.394
0364964726,2.0604317,0.00033206388,1955.89133,0.441
0229481183,4.3444946,7.4252269e-05,1958.943453,0.263
0255908136,3.8258346,2.4990287e-05,1961.120329,0.402
0330847328,13.2390279,0.0029225589,1962.27803,0.13
0387562256,5.1861841,4.0187495e-05,1961.621506,0.305
0199708835,10.1201374,9.0386684e-05,1965.291141,0.193
0165531514,3.1055072,0.00083524704,1957.703364,0.336
0467294853,1.0881088,4.7394444e-06,1956.142225,0.512
0237290473,0.8324161,1.4972463e-05,1956.053199,0.526
0320333641,4.6706765,0.00030185856,1962.24859,0.267
0233058262,26.2781296,0.0020212882,1961.058406,0.085
0444827931,6.3991197,0.00071278378,1960.93314,0.616
0310516902,1.6136022,4.0184366e-06,1956.880194,0.56
0057258016,19.6982759,0.00028105395,1972.563662,0.075
0068901798,3.8601386,2.0408405e-05,1958.573481,0.39
0274945059,17.3600805,0.00017600962,1959.887788,0.263
0237117591,6.7966898,0.00051372087,1955.550627,0.305
0387356770,3.4765463,4.674416e-05,1957.377396,0.33
0417734853,11.4462212,0.00015518984,1961.011616,0.148
0043273020,1.8412191,4.0745082e-06,1957.450486,0.364
0284457791,2.3588246,3.061196e-05,1956.085696,0.397
0428962300,2.9416515,6.3202205e-05,1957.491917,0.495
0229597404,6.3725902,7.7874459e-05,1959.729059,0.174
0057232909,3.4098944,6.1227891e-05,1958.887939,0.425
0377055044,1.4956561,1.1780216e-05,1956.033284,0.429
0229465075,14.2637441,0.010055029,1956.873053,0.295
0305466425,3.2910538,0.00022451145,1959.017273,0.287
0229616860,5.6932747,6.8401985e-05,1957.538675,0.158
0359631418,1.3761485,3.0382649e-06,1956.95533,0.321
0311236477,3.1325011,0.00031820539,1956.635241,0.414
0354119540,1.7634653,1.1776442e-05,1956.064799,0.441
0337094559,1.7808158,9.2501256e-05,1958.760531,0.607
0229740848,3.0859294,0.00010498306,1958.753616,0.234
0053963396,2.7336262,6.2013717e-05,1957.953358,0.507
0193994472,6.35215,8.0454242e-05,1960.87501,0.246
0188590080,6.4949555,0.00024234223,1961.925484,0.181
0224308601,1.1949629,7.5653644e-06,1956.916234,0.426
0160603897,1.1100952,1.2199731e-06,1956.588954,0.467
0387261279,8.4403624,0.00017955204,1957.008691,0.219
0230050959,2.2344936,0.020068288,1958.040072,0.447
0368452480,0.5495789,1.2510785e-06,1955.716684,0.583
0274238240,6.2062535,0.00022267718,1961.353365,0.371
0219780464,2.0008691,0.00012814026,1957.511238,0.307
0237069277,2.9003466,0.0001177505,1956.241349,0.351
0371989318,3.8191478,0.0060170558,1959.172143,0.582
0008624617,4.9057067,0.00044731689,1956.305561,0.602
0233650330,5.218655,5.0128305e-05,1956.143221,0.249
0258108067,12.9687125,0.00018137487,1966.455892,0.108
0233576872,1.5178214,4.5647706e-05,1956.8086,0.619
0219474870,3.8668793,8.2301408e-05,1957.833017,0.201
0057256934,7.0631807,0.00021601425,1959.342016,0.26
0346599599,1.5022776,1.3823893e-05,1957.034326,0.475
0470208013,5.5430262,4.0010779e-05,1959.564205,0.34
0031655792,0.4161053,3.4662191e-07,1325.562309,0.788
0032200310,0.3604377,2.2362667e-06,1326.110639,0.726
0051912829,0.8354048,1.0919333e-06,1325.897409,0.503
0052368472,0.3259718,7.260877e-05,1325.417085,0.807
0079403459,0.4353347,2.441394e-06,1325.359036,0.583
0089428764,0.3766095,1.1800344e-07,1325.515149,0.841
0091369561,3.9831064,5.391761e-05,1328.383182,0.552
0091448148,0.9863543,7.2383996e-07,1325.703327,0.617
0099465976,0.6243709,8.0560151e-06,1325.355404,0.631
0099646802,0.7155582,3.3576345e-06,1325.47026,0.751
0115105140,0.410686,4.9130463e-06,1325.537583,0.766
0117515123,0.2595402,2.5495032e-06,1325.606486,0.818
0126637765,0.2734502,4.6575497e-07,1325.376395,0.835
0139148071,0.7007948,3.9591915e-06,1325.599586,0.615
0139207681,0.4936816,1.1130794e-06,1325.730661,0.649
0139700621,0.3467937,5.3491731e-06,1325.556763,0.763
0144194304,0.483469,3.7472737e-07,1325.750869,0.717
0147083089,0.3627438,2.3060391e-07,1325.335066,0.739
0147131974,0.8016887,1.1052136e-05,1325.718359,0.593
0152825521,0.743132,8.1115229e-06,1325.548543,0.583
0152926069,0.8032433,1.0418226e-05,1325.72652,0.7
0161262226,0.3073041,1.068992e-07,1325.377264,0.742
0183979262,3.4308011,1.5061711e-06,1326.104888,0.297
0197735761,0.601957,1.324978e-06,1325.598287,0.745
0200645730,0.2917217,2.182735e-06,1325.651062,0.806
0201291281,0.8103627,1.8746053e-07,1325.90714,0.671
0206508611,14.6704381,,1340.610683,0.312
0206544316,0.3219472,7.6242722e-05,1325.192681,0.437
0211412634,0.7535755,5.5586716e-06,1325.508985,0.845
0212344482,1.5050701,7.2952593e-06,1326.659709,0.639
0214299836,1.7424607,1.7084977e-05,1325.751128,0.865
0219328400,0.3390354,1.1285784e-06,1325.355517,0.802
0229804573,1.4640938,2.8585436e-05,1326.12113,0.629
0231629787,0.2665624,1.2949461e-07,1325.354312,0.864
0232063593,1.2349865,7.1744713e-05,1325.727813,0.718
0234284556,1.1066197,4.4474222e-05,1325.563824,0.762
0234523599,3.7955235,4.7366784e-06,1329.447192,0.205
0235000060,0.3577154,1.1796221e-07,1325.345877,0.782
0235000061,0.3577153,8.5921503e-08,1325.34591,0.777
0235009317,7.4572529,1.6795162e-05,1336.664051,0.184
0259864042,0.4607861,8.5522284e-07,1325.704383,0.374
0260756218,1.9563636,0.00030904392,1326.961102,0.357
0263078276,0.2840349,3.663836e-07,1325.350539,0.711
0267043786,0.5948355,3.6783521e-06,1325.918113,0.788
0276935996,4.2508447,9.105871e-06,1324.403191,0.655
0279254042,0.5968517,8.5740635e-07,1325.878017,0.624
0290547036,0.9031481,1.0788842e-05,1325.882961,0.604
0355544723,0.1545267,4.8045831e-07,1325.403199,0.539
0355601553,0.4299469,1.3650236e-06,1325.33527,0.952
0355635441,0.392583,4.4098471e-07,1325.480767,0.771
0355651035,0.5842278,8.3468526e-06,1325.425427,0.777
0355703913,2.1061527,0.00022518887,1328.089735,0.244
0369218857,0.3275155,4.3058263e-07,1325.553983,0.746
0381857817,0.7024238,1.663883e-05,1325.34498,0.545
0389658055,0.3283473,3.4206011e-07,1325.358535,0.769
0393978805,0.4217724,3.6158674e-07,1325.329458,0.79
0402065927,0.6314729,1.2230562e-06,1325.564202,0.706
0403136932,0.3028548,5.9531488e-07,1325.548902,0.75
0410187905,0.953676,3.6845684e-06,1325.546651,0.751
0410354930,2.5994436,4.0739874e-05,1326.375624,0.554
0412063998,0.3265817,3.4629284e-07,1325.456966,0.763
0419635446,0.3908187,2.7181637e-07,1325.55239,0.743
0441105436,0.3688966,1.1955806e-06,1325.311114,0.759
0441183795,0.6338895,2.0591755e-07,1325.830479,0.729
0441422527,2.9362612,0.00019643032,1327.09575,0.898
0469970988,1.3520399,0.00019696233,1325.936599,0.861
0469979014,1.1625978,6.5462932e-07,1326.254006,0.718
0471013508,1.1625863,7.6266632e-06,1326.254341,0.72
0008989778,0.6127979,6.2484403e-07,1354.732595,0.791
0009033144,14.1451608,9.4685776e-05,1557.028333,0.122
0009727392,4.5345679,4.0113163e-06,1355.324723,0.376
0012723924,22.0004004,0.0054080291,1357.502611,0.038
0013068361,0.3073681,1.4131854e-06,1354.351228,0.808
0043398254,0.3016875,7.3164733e-08,1354.23737,0.793
0049735506,0.3300894,6.6730265e-07,1354.493314,0.879
0069838619,0.3833245,1.5883648e-06,1354.261985,0.949
0069889494,0.5090071,7.922087e-06,1354.53054,0.666
0070761941,0.2654127,1.5589032e-07,1354.263678,0.734
0089543393,0.4707912,1.0566953e-06,1354.253223,0.691
0100100827,0.9414549,6.5882708e-07,1355.405942,0.537
0115443990,0.7553465,3.28826e-06,1354.582159,0.627
0118826280,0.246525,7.1531153e-06,1354.246269,0.72
0120414806,2.553051,2.2780907e-05,1355.955243,0.522
0120607386,0.4136144,1.4388708e-07,1354.195915,0.878
0155540827,3.6505249,6.9443402e-06,1355.312762,0.44
0155989956,17.8592472,0.00013376993,1361.782359,0.045
0158536052,19.9756911,2.4475928e-05,1364.651264,0.093
0158582801,1.0801048,2.084591e-06,1354.794146,0.516
0158582802,1.0800929,1.0915619e-05,1354.795393,0.513
0160065970,1.3681857,6.7549919e-06,1355.330793,0.486
0160081043,0.7687018,2.2277047e-07,1354.789039,0.652
0160085375,1.4029856,5.801133e-05,1354.379996,0.553
0167086201,2.1964144,2.1744325e-05,1355.678869,0.824
0175405906,2.012949,7.7533355e-06,1356.100136,0.573
0175458611,0.336029,7.6550882e-07,1354.297515,0.757
0179985566,11.034992,0.0001414846,1363.430455,0.159
0183537458,0.4557865,1.5682199e-06,1354.279521,0.59
0188594653,0.3741055,4.3977603e-07,1354.724002,0.765
0188630094,0.8627317,3.1100713e-05,1354.852959,0.621
0201776479,0.3671508,8.1638939e-07,1354.224258,0.76
0201924791,13.6332784,0.00075255277,1362.581887,0.099
0204325855,0.484342,2.7756808e-05,1354.524148,0.757
0204327008,0.3232092,8.5766816e-08,1354.267643,0.742
0206539783,8.6681789,0.0038201013,1364.351741,0.152
0207085748,0.3623789,5.6294227e-07,1354.329347,0.741
0207091008,0.2460469,9.6919838e-08,1354.327065,0.742
0207174531,0.6250975,3.8420705e-06,1354.247738,0.689
0240764987,1.0272832,8.653444e-06,1354.194831,0.597
0251829135,0.2686421,2.0876062e-07,1354.263769,0.737
0251857120,0.5053431,1.7210502e-06,1354.404636,0.638
0254298146,0.3879395,1.1813312e-05,1354.352518,0.771
0281728276,0.2733184,1.2216139e-07,1354.210186,0.75
0313934040,3.1467896,0.00020803473,1356.505417,0.787
0340704073,0.3136675,1.2195165e-05,1354.150485,0.733
0340782794,0.3799152,2.8467477e-08,1354.583115,0.75
0349519544,18.7537886,0.00069791767,1379.729244,0.62
0369586828,0.0820144,4.6690997e-07,1354.160426,0.629
0372816629,0.909088,1.0480745e-06,1386.721026,0.801
0382425148,0.3650911,2.1227114e-06,1354.340591,0.813
0389728831,0.260882,3.1242235e-08,1354.219782,0.744
0393943031,0.4497978,3.801744e-07,1354.362068,0.869
0399577123,0.3119793,3.2338571e-07,1354.598394,0.91
0402130407,0.2991373,1.4439643e-07,1354.334821,0.726
0402319281,0.309847,0.00013081616,1354.023691,0.756
0402324760,0.3614124,4.6602829e-06,1354.289606,0.808
0402339590,6.6262203,0.0066675534,1360.244638,0.646
0415969184,0.9475646,4.7111335e-06,1354.232815,0.84
0425864141,0.2183845,1.2617879e-06,1354.254363,0.57
0434097226,0.4455874,3.7972801e-05,1354.355587,0.774
0434106760,0.2806312,4.9097901e-06,1354.59581,0.769
0011487334,0.3840273,0.00020145906,1386.000092,0.809
0011546041,0.4068856,9.3858178e-05,1386.326665,0.778
0011598102,0.4229058,4.2005072e-06,1386.004577,0.779
0029848012,0.3491737,4.7751708e-07,1385.847164,0.779
0032268776,0.4762141,0.00016091416,1387.361402,0.607
0032284829,0.4642528,2.9443254e-07,1386.365844,0.692
0032551761,1.0850104,7.8984547e-05,1386.059387,0.925
0033576348,0.4438332,1.0135368e-06,1386.171486,0.665
0049558810,6.7093594,2.2109411e-06,1386.219293,0.162
0075352949,0.4720387,1.5064158e-05,1386.148875,0.749
0114500611,0.4887741,1.9582111e-05,1386.278259,0.816
0123337161,0.3681651,6.6983088e-07,1386.403226,0.879
0140493525,0.3089662,1.1683918e-05,1385.904232,0.754
0146637697,0.2717596,3.0517776e-07,1386.117944,0.743
0146712645,1.521464,8.5184429e-07,1386.060997,0.242
0160196709,0.3066134,1.3081409e-06,1385.999766,0.764
0164720673,0.3659915,3.4693695e-05,1386.116324,0.889
0164775666,0.3168471,4.1237801e-07,1386.24703,0.714
0212377300,0.2830396,8.3510146e-07,1386.124538,0.842
0215258019,0.46323,6.6420042e-07,1386.385331,0.545
0229143092,0.351034,6.6650229e-06,1354.322095,0.921
0241393039,0.3711218,1.9700273e-06,1386.000764,0.748
0241578867,0.3441001,1.2661659e-06,1386.050124,0.756
0248348545,0.1946039,3.4827527e-07,1386.089038,0.771
0266769521,0.5361672,3.1375559e-06,1386.415328,0.797
0266769522,0.536159,4.7516725e-06,1386.414747,0.735
0266816672,0.3031493,2.7009619e-07,1386.044708,0.726
0268652258,0.2564874,1.1069211e-07,1385.99389,0.721
0268686000,0.4454122,8.3191547e-07,1386.169756,0.793
0268686130,0.4667023,1.1405059e-06,1386.387105,0.826
0268766053,6.6196826,3.667398e-06,1386.230519,0.205
0269505148,0.5224015,5.1613215e-07,1386.335439,0.745
0287174076,0.3247485,5.1664837e-07,1386.295242,0.748
0293619461,0.310655,5.0970997e-08,1386.001576,0.853
0299199358,3.8400846,8.2381775e-05,1388.194532,0.49
0396720998,32.2683241,0.011824775,1413.951083,0.269
0398673007,0.5432684,1.3173903e-06,1386.104523,0.804
0423358373,0.4282947,1.5641179e-06,1386.335043,0.83
0439458951,0.3111498,6.6551562e-05,1386.151296,0.969
0001045298,1.4634139,7.6419268e-06,1411.144468,0.641
0007724421,0.6405998,9.4023796e-07,1411.237833,0.822
0009845586,0.3601126,1.966342e-05,1410.776879,0.719
0009945183,1.5575895,1.8231478e-07,1411.732541,0.531
0012632044,0.2016308,8.7637116e-07,1411.329619,0.849
0023139612,0.4113067,7.7958036e-07,1411.047497,0.799
0023221002,0.4452879,7.1563354e-06,1411.032453,0.745
0025195864,0.7435968,5.7375591e-08,1411.473071,0.725
0030028394,0.4571032,2.4708343e-06,1411.290211,0.895
0035744707,0.3464465,1.667212e-06,1411.074617,0.709
0036729364,0.327482,1.5964665e-06,1410.975927,0.892
0036883123,0.3352718,1.3151209e-06,1411.049108,0.744
0038399380,0.5680974,1.2641806e-06,1411.339798,0.734
0038541473,6.0613451,6.4411871e-06,1415.513771,0.147
0044737596,2.7886705,3.5406649e-05,1413.058524,0.278
0044790502,0.6384866,2.4237808e-06,1410.943336,0.699
0044797681,0.4009503,9.4103533e-07,1410.951449,0.93
0049799894,0.2709015,1.0693174e-06,1411.125219,0.914
0065348716,0.4948549,3.5282949e-06,1411.215474,0.708
0066573768,1.653169,0.0002362463,1411.361099,0.83
0089239251,0.3144381,2.3051626e-07,1411.003515,0.824
0092234970,0.7719217,5.6185473e-05,1411.319599,0.638
0098828631,1.0156881,1.6928224e-06,1411.158814,0.793
0101070833,0.8276644,5.4953969e-05,1411.759948,0.7
0120956236,0.3270847,1.3194374e-06,1411.027258,0.752
0121009628,0.2820421,5.5298366e-07,1411.102496,0.721
0121092386,0.4215599,9.4525324e-06,1410.998936,0.661
0121134517,0.3351707,1.9689569e-07,1410.947312,0.814
0129810365,0.2923476,3.8875421e-07,1386.07125,0.869
0129888462,0.7224241,2.9835014e-05,1411.621724,0.595
0141126559,0.7766603,4.3846313e-06,1411.505623,0.717
0141332108,0.3816202,9.7556196e-09,1411.19874,0.709
0152507230,0.3116403,2.51721e-08,1411.185142,0.707
0152592870,0.5138514,1.2376339e-08,1411.357163,0.662
0153834085,6.1584435,0.0015380511,1408.315828,0.408
0156215585,2.9597294,9.0563434e-06,1413.322816,0.545
0159950145,0.3950963,8.9485468e-07,1411.215975,0.728
0165184400,0.6637027,0.00060688414,1410.944696,0.589
0166833457,2.9626499,4.8550619e-06,1413.165477,0.223
0168674931,0.9013817,1.577115e-07,1411.454838,0.599
0168675489,0.4606649,4.7711853e-06,1411.219271,0.815
0168697816,0.6921086,3.6365426e-06,1411.208359,0.677
0168851294,0.6431832,6.6298193e-07,1411.342039,0.634
0170637811,3.0643486,9.6357563e-05,1412.880907,0.636
0170676440,0.6341928,1.5476138e-07,1411.0192,0.747
0178284730,2.2359828,2.8729504e-06,1412.697396,0.198
0179244391,0.2854639,2.9828358e-08,1411.032592,0.733
0197933923,0.4901067,5.0440433e-07,1386.188098,0.799
0198008281,0.1315587,1.1260695e-05,1386.100947,0.741
0219145901,0.2729386,9.9180558e-07,1411.060833,0.88
0219176881,0.4636711,1.979593e-06,1411.11397,0.843
0219346326,0.4257389,1.0485589e-06,1411.077588,0.743
0220042007,1.8381161,2.2351969e-06,1411.054088,0.588
0220420534,1.8360895,7.5767569e-06,1412.213825,0.53
0250386181,1.4703473,3.9681497e-06,1412.383996,0.279
0251078096,0.5846354,2.8370909e-06,1411.529542,0.67
0251094451,0.3631136,1.0216809e-06,1545.083794,0.785
0256775514,0.2976541,1.0760637e-06,1411.218249,0.66
0257525627,0.4566193,2.655985e-07,1411.171283,0.847
0257567854,3.5334303,0.0005133643,1411.900321,0.342
0260370454,0.7951027,1.2350805e-05,1411.317725,0.697
0270371961,2.3681891,1.9949408e-05,1412.791874,0.378
0270380593,3.8769908,0.040827357,1414.123435,0.238
0274039489,0.3052865,1.1866229e-05,1410.940901,0.376
0274088422,0.3414905,1.6618436e-06,1411.219294,0.795
0277104322,0.2821634,2.5641047e-07,1411.103663,0.926
0279181220,0.8232815,1.3955313e-05,1411.504068,0.631
0279224984,1.0642167,3.4567067e-06,1411.391424,0.797
0279401848,0.3521565,1.2979612e-06,1411.134599,0.724
0279484342,0.6322016,1.5137841e-07,1411.486125,0.671
0318868129,0.3751679,9.2687894e-06,1411.291397,0.795
0318966048,0.2306676,1.586842e-06,1411.064262,0.775
0319291434,0.3512605,2.0311289e-06,1410.975673,0.818
0322512913,0.4588608,1.679012e-06,1411.245136,0.785
0326242641,0.1824645,1.1368155e-07,1411.077229,0.813
0332910947,0.914434,1.3515797e-05,1410.703443,0.606
0332910986,0.643465,3.2600714e-06,1410.766161,0.805
0347552724,0.5360809,4.8260376e-07,1411.072514,0.765
0365301387,0.2753563,5.5376916e-06,1410.950449,0.766
0369362290,2.1123879,8.4815542e-05,1412.533445,0.559
0387463207,0.3799213,1.2914329e-07,1411.410268,0.76
0387513120,0.3036332,1.2097561e-06,1411.13447,0.862
0387513384,0.2974686,2.9749843e-07,1411.079651,0.782
0387586260,0.880467,2.2309172e-05,1411.24968,0.813
0419994778,0.4306794,0.0001268095,1410.894814,0.79
0422914426,0.5494178,8.654274e-05,1410.970669,0.715
0423387084,0.7408448,1.3118453e-06,1411.372056,0.684
0423439467,3.4172794,0.00016470324,1410.98105,0.593
0423833748,0.4269438,2.5064059e-06,1411.301277,0.855
0441128066,0.4407791,4.1678019e-06,1410.993431,0.765
0445924091,0.4639754,8.5381094e-07,1411.78953,0.915
0000627436,0.5789058,8.4672994e-07,1438.295848,0.817
0000737546,3.0677452,9.8834328e-05,1438.135292,0.568
0001449640,3.5017948,7.433018e-06,1440.419896,0.396
0001450518,0.3337474,4.4925933e-06,1438.085617,0.65
0009172417,0.2451915,5.834723e-07,1438.039329,0.655
0011002748,0.778715,1.8230502e-05,1438.415691,0.669
0013062255,1.651213,1.8131226e-06,1439.067848,0.571
0013070701,0.4140761,9.0417194e-06,1438.210281,0.9
0013135572,0.3983886,6.0305466e-06,1438.071195,0.739
0013345143,0.6723508,1.3224657e-07,1437.998934,0.784
0014091704,0.7650591,0.00012306737,1438.414668,0.429
0021729403,0.405346,1.6347065e-06,1438.146157,0.69
0024450633,0.22867,1.1365842e-06,1438.129739,0.617
0024586751,0.5128316,7.0538115e-06,1438.191106,0.639
0024606516,0.4019809,5.9555216e-06,1438.526357,0.857
0031118189,0.275773,6.0944315e-07,1438.213365,0.773
0032543789,0.3191196,1.5031462e-05,1438.123583,0.826
0034107676,0.34015,6.3353955e-07,1438.337148,0.799
0034145330,0.6404922,1.5092791e-05,1438.525878,0.61
0038589392,0.3777198,4.6242384e-08,1438.393467,0.715
0038686737,2.2471308,1.2110202e-05,1437.713156,0.44
0038687360,0.5080177,0.00036429688,1438.266076,0.739
0043533897,0.3133685,1.2729364e-06,1438.000307,0.666
0043712632,0.9264966,1.7975527e-06,1438.554423,0.743
0043846099,0.4234074,5.5684769e-06,1438.027465,0.725
0043864479,0.5944452,2.5115076e-06,1438.070336,0.868
0055896456,0.4647737,3.7403981e-06,1438.353555,0.788
0056001210,0.1893725,1.5333972e-07,1438.165556,0.845
0059038877,0.3053691,6.9608204e-07,1439.006043,0.726
0059038880,0.3053725,3.6381619e-06,1438.090294,0.722
0059091000,14.7894291,0.0010737584,1434.151256,0.238
0067686223,0.4169261,3.3592642e-06,1438.327151,0.71
0067686556,0.3215666,7.0716325e-05,1438.050732,0.735
0067687692,0.664172,2.16906e-06,1438.187075,0.623
0067807856,3.3733443,5.4508526e-05,1440.40874,0.587
0067808952,0.3279029,0.00014777841,1438.327087,0.806
0071026173,0.6795061,6.908813e-06,1438.985966,0.833
0071107089,0.3576366,2.5468663e-07,1438.264126,0.847
0077703308,0.7462729,1.2881239e-06,1438.611434,0.526
0077951245,10.7148124,1.068511e-05,1443.167198,0.075
0078055054,4.3887454,0.00010054263,1434.877846,0.241
0092938279,0.2750419,8.2299321e-06,1438.181769,0.72
0092938280,0.2750374,9.2384343e-07,1438.182199,0.729
0093053299,0.4110905,5.7920302e-07,1438.239136,0.871
0115046240,0.3458225,1.6396272e-06,1438.394667,0.832
0117978580,0.5272631,1.0687344e-05,1438.158571,0.767
0121568625,8.4652048,6.2240572e-06,1439.045097,0.247
0139703005,0.331924,1.7116155e-06,1438.276502,0.737
0139732428,6.6637267,3.3856106e-05,1438.430358,0.31
0140209204,2.7520682,3.7112223e-05,1438.581147,0.528
0143350469,0.6608393,8.5584804e-06,1438.619717,0.564
0146520491,0.4486455,4.7088957e-09,1438.39407,0.829
0146539195,0.2801374,5.1146985e-07,1438.109869,0.736
0146557531,0.2708487,2.2402086e-07,1438.200118,0.771
0150443185,2.5936476,2.7811777e-06,1440.224862,0.52
0151587650,4.9516489,0.00051134099,1443.264134,0.946
0152362660,0.3958655,3.6028934e-07,1438.391479,0.841
0161570793,0.2762364,1.0410792e-06,1438.120242,0.753
0165186801,1.0495707,1.3345003e-05,1438.164187,0.571
0167673754,0.565193,6.7835315e-07,1438.583559,0.704
0169532369,7.2100032,0.0025852507,1440.306694,0.286
0169532543,0.9154337,9.1976173e-06,1438.647597,0.627
0178857934,1.4265941,3.8036498e-05,1438.670107,0.54
0178938437,0.6235871,6.6847655e-06,1438.470212,0.737
0188989177,1.1741025,6.9585944e-07,1438.298094,0.458
0213046690,0.2258437,1.3987038e-06,1438.139144,0.744
0213067604,0.3219872,1.0417794e-06,1438.105658,0.728
0219164808,3.3546037,6.3845813e-06,1439.728492,0.257
0219203188,0.2319362,2.0252974e-08,1438.172154,0.604
0229082842,0.3762035,1.4127962e-06,1438.339529,0.692
0231922417,0.6872144,6.8722516e-06,1438.326089,0.627
0231922739,0.3565535,1.3881535e-06,1438.315624,0.762
0238917338,4.0758373,7.0146643e-05,1440.867976,0.633
0242944454,0.4048724,2.4759377e-07,1438.359394,0.801
0242991317,3.9531584,0.00022648545,1439.28978,0.593
0244207973,0.6140578,8.768607e-07,1438.25648,0.794
0244208023,1.8227783,3.2536887e-05,1438.437892,0.577
0244250449,1.7460727,4.2168381e-06,1439.727751,0.54
0248394273,0.1485855,5.6512876e-06,1438.015043,0.725
0248394276,0.1486144,1.4947609e-05,1438.903895,0.689
0248399337,0.4319151,7.4943275e-07,1438.165602,0.92
0248410138,0.8219642,5.1183321e-08,1438.788474,0.663
0250195155,6.476398,9.8144054e-05,1445.157918,0.244
0262412046,2.0433617,8.7649842e-06,1438.396723,0.563
0262434790,0.3143965,7.7318322e-07,1438.174967,0.751
0262465161,0.9509325,2.4775543e-06,1438.874502,0.641
0269077015,4.1437883,0.00036796627,1438.212718,0.657
0269078565,2.4555486,7.0311911e-06,1440.562747,0.526
0294206429,1.0550702,2.557263e-05,1438.436496,0.633
0303682287,2.1084547,2.661625e-05,1440.50034,0.764
0311183180,13.2498121,4.7986893e-06,1439.585895,0.086
0316916655,2.8747759,0.00054146758,1440.191382,0.269
0345451479,0.4430221,7.6550795e-07,1438.076281,0.756
0373414766,0.6851178,3.4687858e-05,1438.041172,0.691
0374828411,0.2828824,5.875594e-05,1438.349475,0.727
0396934949,0.3774342,1.6960496e-05,1438.022375,0.757
0396953669,0.3327633,5.3934799e-06,1438.318609,0.595
0396954096,0.3026573,1.4352353e-07,1438.234223,0.978
0397048159,1.6054836,2.7456731e-06,1438.515795,0.564
0399814051,1.102438,3.5398401e-06,1438.911574,0.601
0401925979,0.4801571,6.2906398e-07,1438.46642,0.798
0401928563,0.3625976,1.1884403e-06,1438.381875,0.935
0404854539,0.3622144,7.9923393e-07,1437.970237,0.786
0408256672,0.2548968,2.0045502e-07,1438.113327,0.727
0420962954,0.9970006,4.4052089e-08,1438.163349,0.667
0436592342,4.4219884,9.5857529e-05,1441.453745,0.418
0436660156,0.4150278,4.8014537e-07,1438.425921,0.803
0445932196,0.5654404,8.6860881e-07,1438.608916,0.669
0450089997,2.4617875,5.8631848e-05,1439.274072,0.663
0450104319,1.5105708,1.9148303e-06,1438.490456,0.538
0450109281,10.8901816,0.00076829913,1451.386427,0.593
0452786194,1.0198892,4.3498865e-06,1438.246001,0.724
0453831755,20.2077121,3.0181431,1453.268289,0.32
0454190342,0.3326118,1.4212647e-07,1438.208324,0.676
0454222105,0.6327929,2.0432032e-05,1438.594888,0.802
0455064763,0.2957064,9.9659401e-08,1438.234246,0.767
0457173024,0.7989162,3.8002256e-05,1438.237111,0.643
0464806209,18.9528711,0.038990497,1447.871404,0.67
0004254645,4.0387948,0.033366851,1468.263848,0.535
0007418947,1.007808,0.00024209001,1411.183765,0.732
0033521996,3.3252654,1.3513696e-05,1469.332884,0.224
0034082428,0.4338925,3.2042852e-05,1468.457533,0.568
0036352297,3.0179355,1.6173779e-05,1467.556946,0.363
0046313508,1.0328804,9.197465e-05,1469.273491,0.628
0047911178,3.5857021,2.0794791e-06,1470.304808,0.254
0049547177,0.6169876,0.00026311908,1468.358512,0.768
0049671442,4.2026197,0.0022906607,1472.237146,0.3
0050743469,5.7344094,0.0022918928,1473.363685,0.574
0050897998,1.4853749,1.3882173e-05,1468.451199,0.621
0052280468,1.1365198,1.2977662e-05,1469.293311,0.312
0053603189,0.4186371,9.4383642e-07,1468.523703,0.937
0053900480,0.8939467,5.2369731e-05,1468.887129,0.738
0061351519,0.2048657,2.1359959e-06,1468.512358,0.619
0066563761,3.4057562,0.00017880164,1473.506399,0.578
0078740218,5.1192821,5.7311557e-05,1472.189378,0.235
0078817217,17.7775277,0.00048803344,1478.627951,0.094
0144700903,2.3237787,0.00087461719,1470.584089,0.297
0147314529,0.9256059,4.3165702e-07,1468.440816,0.601
0148274098,4.0532497,3.8886589e-05,1469.176307,0.636
0149603524,8.823882,6.6649818e-06,1599.618729,0.246
0170102285,2.9444214,5.2660229e-06,1470.66162,0.3
0172464366,2.9215537,3.6503239e-06,1469.909084,0.493
0234840976,2.4085455,7.7178802e-05,1468.35039,0.585
0235385233,0.409656,1.1719781e-05,1468.674016,0.55
0264540478,2.5263921,0.00037059736,1469.689648,0.805
0265614546,5.137673,0.0011926704,1468.863205,0.226
0299903137,18.3001229,0.041240183,1473.339309,0.139
0306362738,5.5634778,1.4385667e-05,1473.601036,0.209
0309908721,2.8338351,4.7677373e-05,1468.979102,0.532
0333247721,4.1739304,1.706948e-05,1469.985678,0.466
0350618622,52.9784542,0.0001497587,1376.047618,0.015
0393414358,8.7561839,0.00010730747,1474.073844,0.317
0427348923,9.4570322,0.0001628029,1473.163368,0.303
0438490744,1.666112,0.00037917796,1468.494126,0.411
0032008233,0.1416123,2.0099738e-07,1491.662482,0.588
0054637745,8.9702618,0.00019928514,1497.059672,0.253
0088977253,2.7679934,0.00037495627,1492.705076,0.217
0125267683,1.6102295,4.9324657e-05,1493.220709,0.633
0140661916,0.5219397,6.0131843e-06,1492.084307,0.596
0143669444,1.1038823,6.4875373e-06,1491.803412,0.842
0151267228,9.1601819,0.011202572,1497.219012,0.297
0169168102,2.4996012,2.4731277e-05,1493.92703,0.454
0172193428,2.9412329,2.5020142e-05,1490.851314,0.243
0176874060,8.7250003,0.014816409,1493.412797,0.314
0178168644,1.0926557,0.00031326078,1492.352888,0.536
0218795833,1.2652253,2.0162212e-05,1492.911616,0.305
0255586667,0.4064729,1.8250367e-06,1491.770173,0.801
0265015162,0.3278391,3.8805524e-07,1491.810306,0.951
0265139391,3.5872979,7.0621284e-06,1493.958493,0.514
0268772301,1.4214705,2.4115289e-07,1492.400265,0.677
0271799672,0.3282683,1.0351145e-06,1491.713132,0.889
0279481568,0.3165456,4.7550455e-07,1491.76882,0.771
0294396726,0.8995044,1.1644181e-05,1492.362834,0.657
0318937509,1.0505729,0.0010912041,1492.563621,0.325
0320536498,0.4106313,4.5739888e-06,1491.784094,0.89
0332202405,4.7492496,1.0064284e-05,1493.829129,0.365
0348538431,0.899466,1.3901203e-06,1492.09617,0.311
0366622912,3.1149197,2.2064419e-05,1493.28144,0.276
0405034090,0.7295017,1.8201321e-05,1491.728166,0.933
0425206121,4.611214,0.00037566192,1494.136942,0.341
0440777904,3.3565037,7.9106663e-06,1494.780394,0.349
0452955107,0.3879922,7.4193167e-07,1492.033636,0.762
0455206965,0.0962362,7.1383657e-06,1491.693207,0.529
0001003831,1.651149,9.4065836e-06,1518.970858,0.235
0001103432,3.7260484,0.0022954886,1518.136475,0.319
0001230647,1.1897403,5.9100127e-05,1517.562069,0.586
0011748495,4.1615575,0.00013539923,1521.099907,0.514
0013349647,1.5370594,2.1542858e-05,1518.645451,0.376
0024733359,0.3785419,1.8806838e-07,1517.651537,0.903
0025156751,1.7431151,0.0002628013,1519.753163,0.445
0026273760,4.557467,4.6773515e-06,1517.176937,0.275
0037435039,3.1985692,3.8513141e-06,1519.625769,0.473
0053292822,3.2898896,0.00018839357,1520.757692,0.538
0054957535,0.7928444,3.2110221e-07,1517.761504,0.656
0055727842,16.4698673,4.8688904e-05,1519.579211,0.214
0060657338,0.2996869,2.7879007e-06,1519.52359,0.904
0060658382,7.7504819,8.6926104e-05,1523.001865,0.243
0062573638,4.7160152,0.0002590175,1521.656138,0.373
0077630842,0.2698741,1.8414296e-06,1517.370798,0.565
0082362447,2.8236737,0.0016759098,1519.420288,0.307
0123222370,8.9671621,0.00071180315,1520.760524,0.146
0133105082,0.4463651,2.0707168e-05,1491.896788,0.789
0144804862,2.3848496,1.4200721e-06,1519.614577,0.688
0180730928,1.1349354,2.038505e-05,1517.724875,0.699
0183469904,3.5114994,4.7477005e-05,1518.448189,0.663
0184176428,0.7468293,3.7630551e-05,1517.683337,0.603
0255682622,0.3215756,9.4589832e-07,1468.563028,0.953
0265353588,2.2270091,4.0005605e-05,1517.458094,0.542
0271924412,4.1506128,0.00022071177,1521.21319,0.377
0283308831,3.0336765,0.00022809,1517.414906,0.288
0293605127,0.1207862,1.2282137e-06,1517.43247,0.637
0296780789,13.5773533,8.8002658e-06,1524.632211,0.02
0305536347,0.5452216,0.0003795679,1518.01569,0.636
0347448707,2.1996271,7.9157013e-05,1517.815217,0.871
0348759511,3.7160694,1.2547101e-05,1520.46957,0.159
0358465355,0.5706513,2.7105097e-05,,0.674
0401309413,7.9537224,0.00038887896,1527.395996,0.221
0408310006,5.4435063,3.7405027e-05,1518.97024,0.275
0409900613,2.2063796,3.5200295e-05,1517.191856,0.183
0413162396,2.6729633,0.0001670818,1519.195602,0.355
0413248763,3.9305684,2.6301122e-05,1519.261501,0.288
0423275733,2.0521769,0.00068742969,1518.974218,0.385
0005506314,8.2539175,0.0047170139,1552.394236,1.016
0029684896,1.6053784,0.00036707564,1517.580814,0.453
0035516889,0.7888385,4.207144e-07,1544.410778,0.515
0055092869,4.7380948,0.00054933686,1549.072386,0.494
0081604794,2.2575762,0.00082428984,1492.986269,0.352
0105802318,0.2781131,7.0518062e-07,1544.615661,0.876
0190390679,6.0515344,0.00029643073,1518.374008,0.538
0190990336,11.0968971,0.0014487192,1550.67599,0.251
0308050066,11.1755633,6.9299626e-05,1552.072757,0.203
0382631664,0.3324723,4.3488343e-06,1535.560694,0.766
0396902326,15.9243623,0.09714373,1545.535065,0.247
0432168104,2.5528847,0.00039272254,1546.648718,0.372
0437242640,8.6353794,4.574299e-06,1546.421985,0.112
0005969274,1.0579672,1.4944928e-05,1570.686811,0.528
0014614418,0.8379827,0.00014374214,1571.093707,0.519
0014679411,6.0499502,0.0050884511,1575.407262,0.363
0015445551,1.6827917,1.9768945e-06,1571.353105,0.506
0092995573,16.5355551,0.011559914,1577.276779,0.29
0103683084,3.0569948,4.0782126e-06,1571.098329,0.273
0229679814,10.5936893,0.045554243,1570.264334,0.586
0280206394,11.2366232,5.8082791e-05,1547.474698,0.087
0306900161,3.5628965,0.00062813792,1572.298481,0.29
0370960295,1.0940821,0.00019079659,1544.937819,0.873
0376339249,6.2768689,0.033126948,1577.28347,0.419
0391051349,6.0038847,0.00032351537,1572.78732,0.713
0413376180,2.7088407,9.3684255e-05,1574.679399,0.332
0048184317,0.2379106,2.4395065e-05,1600.436204,0.4
0165725822,11.6906423,0.30491739,1605.640525,0.539
0406336313,2.033021,0.0018219779,1598.872212,0.411
0036594985,0.9879676,4.1494391e-05,1627.583886,0.54
0077468221,0.7025997,0.00014145576,1627.664438,0.369
0124369049,0.2917354,6.5087375e-07,1628.007102,0.759
0167570131,2.6395686,9.9767257e-05,1599.899503,0.81
0364107753,7.7739061,0.01649202,1632.039476,0.338
0119159743,0.4119512,1.7726546e-06,1654.253587,0.849
0269450900,4.6501858,0.00015746145,1657.634136,0.379
0280097543,9.4596523,0.0026091789,,0.302
0291572619,1.4998328,0.00013434951,1656.403762,0.361
0348770361,2.7684404,2.6533221e-05,1623.427118,0.489
0456517808,0.8765077,5.660461e-06,1656.820553,0.909
0122682776,2.8579768,0.0014409377,1683.715073,0.342
0123201494,0.2868434,3.1496247e-06,1683.422597,0.56
0137549183,10.2659573,0.00034266514,1685.640396,0.141
0164782264,0.4439891,5.4946559e-08,1683.968402,0.734
0164883253,0.3152043,2.2932586e-07,1683.475182,0.785
0232967440,7.0643648,3.4745092e-05,1716.973743,0.143
0284990199,4.0937214,0.0010538936,1684.989913,0.384
0467187065,0.0641622,2.8211106e-07,1683.814969,0.499
0013976604,3.2053727,0.00043023798,1713.881634,0.89
0136656542,0.652407,1.7759048e-06,1711.504845,0.813
0236445129,0.9690269,9.8662472e-05,1711.393919,0.533
0274762761,1.0333694,0.00049693621,1683.582218,0.442
1957912171,0.1185566,2.7914872e-06,1711.47616,0.463
0129455317,0.3207265,3.3337977e-07,1738.824642,0.744
0159636127,0.8146941,2.3761316e-05,1712.136219,0.631
0173710176,1.6188466,1.4463864e-05,1740.106204,0.76
0199978301,3.2947265,1.4395292e-06,1740.407416,0.306
0333473672,13.0049593,0.011907252,1745.901924,0.514
0365613123,0.4849286,0.0001278256,1739.295011,0.59
0440666925,0.1463486,2.503992e-06,1764.789104,0.524
0469924870,3.0725582,0.0032397235,1742.85432,0.894
0005674169,0.3182028,1.3940747e-05,1790.818429,0.854
0101220458,7.3127626,0.061747755,1797.417672,0.494
0129979528,1.220106,0.00011573799,1791.410645,0.542
0138017750,2.4765255,0.021346253,1792.389686,0.675
0229741985,0.1739313,6.4325232e-07,1790.662273,0.675
0264615805,0.1201045,2.1871381e-06,1790.722751,0.6
0292321872,8.6649282,0.0025879029,1794.16489,0.216
0301741193,6.8685665,0.12434191,1793.518081,0.322
0326815804,1.0428095,1.2147271e-05,1790.795348,0.535
0396339551,0.2515667,5.6458321e-06,1790.867347,0.731
0002234723,2.462069,0.0007663206,1816.645661,0.594
0156414921,0.7158579,9.2259661e-05,1816.613727,0.779
0266958963,2.3628171,0.0011215837,1563.602253,0.141
0286031430,0.3170016,3.3824583e-06,1816.442345,0.69
0417705690,2.3636513,0.00081406641,1818.624355,0.445
0428534573,0.3765313,2.3433175e-06,1816.298111,0.877
0459173473,0.9850258,0.00025715687,1817.276326,0.455
0004247738,1.3022557,3.1907627e-05,1842.563799,0.347
0039011225,2.628162,6.6924869e-05,1842.063171,0.36
0088459699,0.1451026,8.9668426e-06,1842.620228,0.463
0252949892,0.2553831,4.5093502e-06,1842.587262,0.482
0356473029,2.6153632,0.00053827504,1843.216972,0.309
0067646988,1.8817457,1.7102592e-05,1871.022584,0.217
0100100829,0.9419795,0.0016771576,1354.79774,0.404
0072588909,0.5731825,3.0770802e-05,1388.816052,0.922
0231048083,0.317909,1.6814502e-06,1354.437859,1.008
0350716073,0.3931603,1.0283888e-06,1544.484901,0.867
0053842685,0.3738842,1.5040716e-06,1326.055354,0.961
0306578324,1.2947789,1.2653819e-06,1354.734027,0.842
0201796819,0.2853729,4.230406e-07,1354.2857,0.906
0224283342,0.8874258,1.9571006e-05,1354.71717,0.55
0004206238,14.9741075,0.00069572651,1483.133596,0.267
0181463644,2.7273558,1.2057253e-05,1519.582965,0.6
0029983149,3.8489291,0.0,1598.390804,0.316
0231826813,0.9007543,0.00044836146,1325.720297,0.593
0149837469,0.3855918,3.7592741e-07,1354.329117,0.748
0332517282,0.402493,7.0546146e-07,1354.422815,0.699
0369639876,0.2894613,5.6243051e-05,1354.435929,0.76
0129781743,0.40249,6.28184e-05,1386.021826,0.75
0164776925,0.3407947,3.21051e-06,1386.156315,0.716
0001129452,0.7140171,7.9756875e-06,1411.497547,0.988
0120585579,6.3410985,0.0010609994,1357.774742,0.26
0170729895,1.4907993,1.0053638e-05,1411.810734,0.83
0200282468,0.8520161,1.0229404e-05,1411.079583,0.918
0219423316,1.1968783,8.8359344e-06,1412.067668,0.847
0065479458,3.1962242,0.00033337402,1412.850768,0.879
0066646031,4.4780699,7.9093279e-05,1411.045879,0.911
0066668289,13.9261861,0.00026206852,1422.442109,0.208
0077031414,1.3866544,1.7339505e-06,1355.195489,0.512
0077044471,2.6574728,0.0094764325,1356.140548,0.31
0089502706,0.4794193,1.4318831e-06,1354.167586,0.801
0098777963,0.8447669,2.0858083e-06,1411.922495,0.861
0121714982,0.8601619,3.9217234e-05,1439.209624,0.89
0139419658,1.8467987,0.00019527387,1438.424883,0.968
0140288359,2.7661331,1.3173554e-06,1440.876355,0.893
0151516273,1.1780815,1.4924574e-05,1438.795366,0.936
0020072363,0.5160955,0.00036003313,1438.225747,0.859
0021442712,0.349539,4.918293e-06,1438.336216,0.951
0220397127,0.4795038,2.6973899e-06,1386.128692,0.708
0024588623,2.7402142,6.5658385e-05,1437.157709,0.634
0245950209,0.9931781,8.3467463e-05,1438.832307,0.909
0284703623,0.3879463,4.779606e-06,1438.303674,0.831
0284863911,0.3427999,5.1082949e-06,1438.136851,0.887
0034236395,0.8793064,3.0038212e-06,1438.343796,0.526
0345482340,0.36507,7.705053e-07,1438.288011,0.746
0345535359,0.4247954,6.1702217e-08,1438.184996,0.875
0038021254,0.5126235,6.0425711e-06,1438.518289,0.904
0401946845,0.4907309,1.424031e-06,1438.361366,0.929
0457172621,0.4518857,2.5649189e-06,1438.430732,0.906
0459971813,0.376723,7.2247842e-06,1438.288683,0.862
0123625970,0.3171272,2.7584192e-06,1468.315244,0.904
0260370473,0.7950522,0.00011259159,1468.567804,0.753
0264594607,0.8168185,5.4705235e-05,1468.200235,0.756
0271550131,0.3549805,1.1806271e-05,1468.636698,0.824
0280110726,15.8896273,0.018337916,1471.337689,0.285
0307379977,0.8362568,4.3939238e-05,1468.577925,0.612
0333620087,0.3793248,7.8571968e-06,1468.338393,0.813
0042827646,0.6780302,1.9935335e-05,1469.088173,0.858
0434395855,5.8217521,0.0046850912,1485.323112,0.279
0443171652,6.627653,0.0018855304,1468.549889,0.217
0079635841,0.4654716,6.764091e-05,1468.122181,0.761
0165493409,9.1065193,0.0066398598,1571.051847,0.208
0280278364,0.7938791,0.00012985912,1544.293464,0.477
0307490686,1.9587305,4.4150593e-05,1355.615583,0.456
0413395842,0.8970932,5.2909948e-05,1571.641323,0.808
0072229825,1.7955911,3.4872187e-05,1571.945545,0.543
0092902907,2.2467104,0.00089873476,1570.58603,0.488
0201601338,0.4505807,0.00015324344,1654.13785,0.707
0137151074,0.3536262,4.186714e-06,1683.529299,0.917
0273782052,2.5790678,0.0003236455,1685.310445,0.958
0273865522,0.788603,9.5333573e-06,1683.891707,0.917
0029706981,0.5228847,0.00017931518,1683.746477,0.66
0314294022,0.6222627,7.4539684e-06,1683.95835,0.854
0391663438,0.1994027,0.00034816931,1683.417008,0.396
0405687343,0.5330735,0.00051146097,1683.442595,0.717
0041431247,1.0199009,2.423687e-05,1683.280389,0.713
0013684720,12.4378148,0.0002500891,1695.012201,0.196
0128344724,0.7299716,4.8311991e-05,1738.818802,0.781
0350131674,2.6454301,2.8314228e-05,1740.185184,0.63
0044222598,2.1618647,0.00055754686,1738.639815,0.768
0432549364,1.2175103,9.0181949e-05,1765.55267,0.58
0453152562,16.033289,1.0359743,1773.025678,0.191
0322347559,0.4800216,3.2251217e-05,1816.341,0.465
0307734817,2.1080173,0.00050214741,1900.909069,0.339
0098337456,11.6159619,0.0013328935,1905.661263,0.099
0135088521,17.1141414,0.025295738,1904.404383,0.459
0156380098,0.3454378,1.7650505e-06,1900.410033,0.945
0373693175,1.3275163,4.2699907e-05,1900.802581,0.502
0025155310,3.288791,4.059091e-06,1330.80831,0.349
0025375553,2.3109655,3.7825403e-06,1325.582258,0.447
0092352621,7.8963939,0.0039367899,1328.310677,0.287
0206609630,0.3352714,3.7704249e-07,1325.458635,0.49
0211380233,26.6606389,0.00024069463,1323.645584,0.258
0309791156,19.5716486,9.0250279e-06,1606.723972,0.153
0439366537,8.6289386,0.0075969967,1327.564483,0.292
0038846515,2.8493839,1.9423403e-06,1600.285956,0.446
0120610833,3.1261267,6.0963996e-05,1354.77427,0.233
0076923707,4.5304746,1.1897877e-05,1358.376441,0.202
0076989773,3.5383541,1.1585266e-06,1353.314623,0.226
0077044472,2.6857078,0.0012353985,1356.104448,0.391
0144440290,15.0147438,0.00845139,1358.171656,0.281
0149010208,3.4372911,1.0632701e-05,1356.617948,0.489
0160148385,6.8505104,2.2125002e-05,1357.743583,0.226
0183529462,14.9844937,0.074766482,,0.239
0382474101,2.6519924,0.00024396535,1354.560289,0.477
0120896927,4.7565589,9.1297025e-05,1387.868415,0.334
0012862119,11.2077438,0.012522623,1390.980644,0.254
0001129033,1.3600996,7.0822175e-05,1410.945897,0.497
0170634116,3.6623971,2.355654e-06,1412.891461,0.337
0328350926,1.6981403,1.133628e-05,1412.44758,0.288
0035857242,3.6344345,1.7520595e-05,1413.316885,0.363
0382391899,1.9550953,6.1588539e-06,1411.092415,0.288
0117979897,3.3106801,1.0856296e-05,1439.864736,0.365
0013021029,3.8523922,6.3759201e-05,1439.796012,0.323
0139704026,25.7566928,0.00029396417,1419.854795,0.281
0192826603,2.6473106,4.8346815e-06,1439.636273,0.219
0024400247,7.2179641,0.0019400157,1445.246674,0.235
0043647325,6.3231318,8.2121553e-06,1449.606578,0.27
0094986319,16.0675528,6.6056312e-05,1440.148236,0.115
0140346195,1.7290744,2.6221472e-05,1468.787188,0.412
0206856569,8.0171338,0.0018733425,1475.637277,0.327
0264679887,13.785452,0.57953131,1475.757475,0.266
0293689266,14.8104372,0.00010019666,1485.03071,0.234
0293689267,14.8056241,0.018187206,1470.216638,0.227
0300932479,3.5085343,0.074446857,1604.234887,0.266
0033742828,0.3769712,0.00012241057,1468.48069,0.398
0309792357,314.6167372,0.00079046913,1675.635407,0.199
0354518617,9.4357683,0.001853749,1470.492813,0.8
0438212183,3.800239,,1467.521504,0.343
0046627823,6.004967,1.4266494e-05,1470.510811,0.333
0052449797,2.4511251,0.0013667186,1470.023061,0.357
0011046410,8.1226211,0.0035744138,1441.106275,0.439
0002758565,3.7685478,0.0098131281,1359.372388,0.658
0010467747,0.3026197,4.0858123e-06,2010.457011,0.53
0018319090,15.4251764,0.00046414619,1990.910995,0.057
0019570530,12.4471515,0.041999378,1499.489907,0.286
0025354620,5.0180904,0.0038076487,2060.972831,0.165
0031743416,0.6228886,1.7962181e-05,1325.67254,0.496
0031779608,0.5056946,8.8407532e-05,1354.465966,0.387
0031961007,4.2537236,1.4944597e-06,1327.074921,0.259
0032830028,0.516153,2.1100455e-06,1468.413234,0.606
0034142502,0.2082084,0.0002424636,1468.434153,0.703
0038936062,1.8547426,3.5960979e-05,2037.892658,0.319
0039046291,1.8365858,5.8826234e-05,1326.058119,0.57
0041591173,81.0599147,0.00062859906,2038.40922,0.005
0049899799,7.0113985,4.7175553e-06,1413.194808,0.265
0053896096,0.7410489,7.1697043e-06,1325.304904,0.691
0053993965,1.1538562,0.00020774619,2061.525,0.427
0055746262,3.5598046,2.8250621e-05,2090.010674,0.622
0066356824,1.8390308,0.00011567794,2089.684853,0.334
0070914192,0.6095223,5.7671834e-05,1438.326389,0.415
0075377304,0.4026334,4.0209677e-07,1386.178376,0.842
0077031413,1.3866799,7.3039022e-05,2088.736011,0.415
0079328890,0.7440359,2.066078e-05,1546.207353,0.673
0079492099,4.6034924,4.3812908e-05,1327.078438,0.3
0092320552,1.6225021,0.0053312379,2037.137375,0.398
0092350408,2.9574264,0.00033571063,2037.571552,0.252
0092359850,4.1499585,0.003270547,1410.222718,0.395
0099086567,11.845732,0.0025175275,1499.50859,0.288
0099931724,0.8079015,0.00033113466,1492.01781,0.435
0100099031,1.2981369,0.00010619005,2088.394262,0.306
0100508429,3.2180802,0.0026809823,1439.702163,0.715
0101395259,7.5746218,1.4084512e-05,1523.94517,0.173
0115244268,2.0089279,2.611096e-05,1326.530455,0.383
0115771549,9.435472,0.0011644537,1744.760441,0.253
0117516791,19.4501262,0.0032551116,2064.323399,0.119
0118586896,12.1136299,0.0021384578,1365.702694,0.154
0119327278,1.0845944,1.7205874e-06,1468.859526,0.753
0120490566,0.6541021,1.7148355e-05,2088.649978,0.323
0120826158,5.179905,0.0055897837,1687.838608,0.321
0122707747,10.166223,0.0086945229,1686.38153,0.262
0124642273,1.2341048,0.0016116639,1492.993908,0.415
0139349813,8.9996607,0.0014601545,2064.583909,0.22
0139468902,0.4547342,0.00027994234,1325.645262,0.741
0140830390,12.8382058,0.0002554576,1325.895105,0.279
0140867345,12.0207167,0.0036292657,1820.093451,0.371
0142875987,2.4719288,0.033196423,1414.101575,0.281
0143100813,0.3877488,1.1740384e-06,1983.906275,0.806
0143350972,1.081762,7.5452387e-07,1439.758371,0.491
0143848624,5.4320497,0.0017670388,1519.905107,0.329
0144149848,0.7233873,4.7143204e-06,2141.803006,0.338
0144336221,1.9711675,0.00073876654,1355.989758,0.832
0147406559,21.6219603,0.0010410392,2063.027388,0.072
0148081648,0.3770891,2.997454e-05,1596.94616,0.403
0150390189,1.2694631,0.00011059945,1325.926756,0.461
0151681127,10.1987241,0.0018931386,1552.916879,0.175
0153077619,16.3536764,0.021361975,2139.199602,0.449
0159638876,2.3988603,0.00013472219,1327.758097,0.795
0161840630,2.1303265,3.8173373e-05,1712.17485,0.595
0166421485,15.015979,0.00046995917,2042.779033,0.053
0166606391,0.7673139,7.1274434e-05,2037.074302,0.372
0167208380,18.3195555,0.0025437582,1332.687983,0.069
0169443390,2.247489,0.0010739875,2037.714336,0.325
0176797815,1.3597945,1.139775e-05,1411.351918,0.586
0177350401,12.0753454,0.0018834346,1627.826054,0.191
0179308939,1.8838938,2.3555428e-05,1355.383708,0.585
0179440289,2.0522958,0.010087948,1494.740144,0.278
0193822785,0.9667583,2.5040714e-05,1984.468561,0.458
0201233610,21.0578466,0.010681962,2097.441642,0.203
0202134374,3.0378023,0.0020947917,1766.984028,0.376
0206439308,5.5270087,0.0018222734,2062.774015,0.226
0206537129,1.5255228,0.0014374303,1326.983953,0.709
0206537272,0.4893306,2.7368727e-07,1325.767823,0.832
0207081058,14.7768213,0.00064673815,2074.9712,0.152
0207528978,1.2232834,0.0023097437,1597.760017,0.289
0209313886,1.2912873,9.2962866e-05,2062.167351,0.338
0218878052,0.5982113,0.00014579353,2036.869875,0.319
0219865181,1.1178055,3.2965715e-05,1765.710575,0.382
0220435095,3.4230917,1.8370413e-05,2038.62759,0.208
0229115650,2.2594714,5.0686586e-05,1356.179031,0.647
0229675762,1.4471416,0.00086667618,1956.074706,0.289
0229715760,11.5744983,0.0019255301,1961.552506,0.229
0229864787,0.651009,0.00010727778,1517.677718,0.695
0231833204,0.208977,3.811267e-06,1325.487701,0.642
0233964642,17.9157671,0.0037222983,2080.722654,0.054
0234290005,6.3292638,0.0083754974,1329.478426,0.338
0238872494,1.0589856,0.00014938628,2036.530363,0.342
0253929719,6.6868705,0.0032691481,2062.626418,0.405
0257648522,2.6947299,6.9633932e-05,1985.217899,0.25
0258389327,26.5478508,0.057821532,1557.214432,0.156
0258918835,5.9864612,0.0020255595,1961.716195,0.265
0260003467,2.6044827,8.1557023e-06,1326.908658,0.246
0260269456,10.7963546,2.7115826e-05,1328.317198,0.169
0260273161,17.7873771,0.0025315912,1988.985539,0.14
0260353841,0.4202732,3.5828413e-05,1325.892759,0.635
0261261490,113.0648644,0.087396325,1583.98396,0.254
0262020326,3.2139293,0.00013686805,2038.264747,0.536
0262530873,2.240628,0.00068134702,2088.243046,0.49
0263078716,2.911017,0.00023075373,1326.095637,0.302
0268482699,5.0841848,0.0047165791,1719.189661,0.373
0270219706,0.513098,0.00010998382,1545.393203,0.463
0270421262,4.9428087,0.0035888353,1353.553686,0.316
0271058763,0.1854963,9.3197671e-08,1517.634926,0.726
0271799457,1.9084725,3.0586929e-06,2036.36066,0.499
0273571987,0.7514777,2.2307936e-05,2062.337005,0.327
0277069829,2.0260091,0.00088246312,1627.417864,0.724
0277683130,6.1982348,7.6927522e-06,2084.242825,0.165
0278829112,0.2457785,4.7352821e-07,2062.138205,0.792
0279855551,3.6873415,3.4374411e-05,2063.853865,0.254
0280794372,0.6877683,1.2419311e-05,2062.243962,0.404
0281666783,8.5137427,2.97148e-05,2062.33646,0.153
0285233646,3.9994108,0.00066940678,1959.316526,0.403
0290170195,0.2089138,6.4433889e-08,1386.06692,0.735
0291116020,14.4641037,0.0040221731,2043.575186,0.215
0293844307,14.9430765,0.26289214,1543.471177,0.642
0296012680,1.0867381,0.00034012208,1684.022222,0.398
0296084068,20.4812155,0.0010588102,2012.661718,0.024
0300141210,1.9272489,0.001654214,1326.873135,0.666
0306828113,0.4252819,4.7564108e-07,2088.529971,0.454
0307084982,19.2686875,2.0824575e-05,2064.627941,0.035
0307435285,1.9585345,0.00010404887,1355.683737,0.54
0308091162,3.3545702,0.00046531091,2012.211624,0.445
0309627556,1.7366624,0.00040340987,2061.89924,0.366
0314826949,2.0377413,4.111967e-06,2089.15556,0.441
0320913313,5.4687886,0.0001740483,2041.143518,0.251
0325412896,0.7386687,9.3321636e-06,1325.861393,0.609
0327668243,3.0797938,0.0026146422,1326.253951,0.42
0348762908,2.0442294,1.1850407e-06,1327.640363,0.468
0349444267,7.4562521,0.00029278787,1986.314471,0.107
0358049707,0.9131123,2.6088935e-05,2062.428962,0.329
0362103921,10.0954209,0.006335511,1814.281949,0.625
0364398410,1.5874946,7.1111746e-07,1325.533359,0.53
0369988687,2.406082,3.602246e-05,2089.289863,0.34
0373915220,6.4706807,1.9497084e-06,1329.027383,0.149
0381856446,1.7690585,9.3599963e-05,2037.773438,0.229
0389525208,6.7444284,0.0010543838,1329.275179,0.231
0394340319,3.0375069,0.00010022405,1327.184138,0.317
0399864405,2.6188571,0.0097090624,1685.670292,0.597
0406631696,1.5120523,0.00077204173,1766.205341,0.424
0408618999,7.0751201,0.0018539315,1792.817728,0.322
0409469477,0.6805034,0.00029363942,1491.888554,0.681
0410154584,2.4969908,5.9061034e-05,1325.704624,0.313
0421361060,1.0289448,0.00024886746,2037.197407,0.494
0441026718,10.3500328,0.15633762,2066.195894,0.361
0441387582,2.5479524,4.910103e-06,1327.710373,0.369
0441567967,4.8224338,0.0013001169,2011.962734,0.56
1992266045,6.6177363,0.00055958895,2086.418658,0.391
0394596952,0.2838156,8.1385031e-07,1326.374633,0.923
0009070070,0.4814247,1.8681029e-06,1354.608867,0.831
0404460906,0.5866367,1.8627925e-05,1386.392138,0.95
0409942986,0.559258,4.0657192e-06,1517.540531,0.967
0308018120,0.1905198,5.1827205e-07,1544.642828,0.779
0458259927,4.5840432,0.00036224358,1588.365553,0.801
0138726174,3.5077253,0.0009990259,1684.44023,0.807
0122303843,2.1001474,0.00014455172,1545.031785,0.949
0122712115,0.7314944,2.0175969e-05,1683.791154,0.984
0158726046,0.8269418,2.4952934e-05,1684.232273,0.913
0028230919,4.8880424,0.00015010766,1687.205174,0.227
0269697721,0.13717,3.6241446e-08,1712.92246,0.682
0415165528,3.6099001,5.5619653e-05,1760.132112,0.989
0444062991,1.3176742,1.7405532e-05,1738.791413,0.815
0141179506,0.3791582,3.7702068e-06,1900.808153,0.958
0017539192,0.5318301,1.8426913e-07,1956.100199,0.667
0017562290,0.3081868,1.2390016e-07,1956.039546,0.756
0255907472,0.3370433,1.4605832e-06,1956.054974,0.749
0310519261,0.3188151,3.5544114e-06,1956.154418,0.754
0458490358,0.380675,3.9244705e-06,1956.071795,0.866
0008673277,0.4211697,6.598578e-07,1956.079063,0.804
0236313673,0.4954296,1.3218338e-06,1956.023322,0.577
0236327696,0.5888841,1.6088461e-06,1955.948135,0.662
0236338880,0.5308225,1.2422171e-06,1956.127453,0.607
0356001283,0.2687247,1.5997701e-07,1956.036259,0.744
0198410119,0.2938984,2.300372e-07,1955.925113,0.899
0159939533,0.2822546,1.0618745e-07,1956.077819,0.777
0193553960,0.4140905,2.7319873e-07,1955.955441,0.773
0198560607,0.3701469,8.6736784e-08,1955.848712,0.787
0274676647,0.354332,2.5346149e-06,1955.847593,0.782
0057229962,0.4237741,9.6360907e-07,1955.956141,0.82
0057297550,0.3822356,5.6511636e-06,1955.995698,1.058
0424723563,0.3697875,1.0802654e-06,1956.477911,0.845
0236884425,0.1939255,1.5870002e-07,1955.9558,0.796
0376162807,5.1002498,0.0011617532,1956.571047,0.642
0010393493,0.3604604,1.9491274e-07,1983.753086,0.789
0018269802,0.3431555,2.5302748e-07,1984.008393,0.74
0018271803,0.8180907,2.7368734e-06,1983.794938,0.594
0018433724,0.4076033,7.965967e-07,1983.904204,0.819
0018534775,0.3358641,3.9121436e-07,1983.734488,0.757
0018636142,0.4315181,7.8306774e-07,1986.738554,0.899
0257273424,0.3985663,3.2013154e-06,1983.814249,0.762
0286338346,0.3732684,1.8194263e-07,1987.50803,0.763
0286380389,1.2752055,2.9780563e-05,1987.133294,0.545
0298498697,0.1804254,4.2210301e-08,1986.475301,0.808
0359390362,4.7256503,5.7278898e-05,1988.992465,0.492
0039576803,8.59777,0.00011173598,1984.501732,0.269
0405543959,0.3935661,2.7177011e-06,1983.859787,0.904
0009473243,2.2669595,1.4774361e-05,1989.388849,0.536
0009825731,0.5907443,1.1130921e-06,1987.446729,0.7
0072839144,1.7556962,7.1933065e-05,1983.738853,0.615
0008669966,3.3944543,2.5431434e-05,1983.738483,0.9
0154664604,0.4215231,6.0930693e-08,1984.133223,0.752
0165618747,0.6481988,1.8182109e-06,1983.848441,0.66
0230233157,0.5895456,7.8952305e-05,1983.799932,0.657
0233043818,0.3708289,2.1572976e-06,1984.082795,0.765
0287321618,18.4363656,0.00025046924,2014.520783,0.058
0298541138,0.7490567,7.7970161e-07,1986.345709,0.644
0311431771,0.3473144,1.7595489e-06,1983.84481,0.956
0356064345,4.1513337,2.3279946e-05,1986.463679,0.585
0356192212,0.7273306,1.2963276e-06,1983.86376,0.803
0021126323,1.8416171,4.0094057e-05,1987.660433,0.525
0007854182,0.866021,1.0320994e-06,1983.743828,0.615
0101645013,0.4712987,4.1167291e-07,1983.821579,0.851
0101719607,1.0461329,2.5917246e-06,1984.257832,0.528
0101767283,1.8759542,5.6085868e-06,1984.502269,0.666
0115971584,0.3469337,1.8601569e-06,1983.722925,0.834
0116161302,2.5320807,4.5867145e-05,1986.255441,0.572
0116163356,1.1814961,2.0147046e-05,1984.353693,0.824
0157448336,0.337142,1.7550635e-06,1983.819079,0.684
0164375251,0.5396176,4.4460337e-07,1983.984194,0.729
0193580427,0.394304,3.1463866e-07,1983.716786,0.744
0193627658,0.7871829,3.8293725e-06,1984.297453,0.633
0193635719,0.4866178,6.5477979e-07,1984.10633,0.763
0193728983,0.4549953,7.5964265e-06,1983.584207,0.769
0193770329,0.3163093,2.0558799e-05,1984.01224,0.902
0193774939,1.3057478,9.2611895e-06,1984.107934,0.565
0193823999,0.3698731,5.1457032e-06,1983.455195,0.826
0085585153,0.4976325,6.0649194e-06,1983.814583,0.708
0085600400,1.4726271,8.9007282e-06,1984.459371,0.603
0159510983,0.3242724,4.0488933e-07,1983.59461,0.782
0302627455,0.4332015,1.0927789e-06,1986.57845,0.607
0005205367,3.9928126,0.00052055085,2011.595338,0.485
0007851729,1.2526446,3.6862608e-05,2009.803495,0.614
0122891349,0.3302671,6.6262863e-07,2010.707687,0.832
0123038007,0.4226879,1.6525729e-06,2010.72749,0.907
0123492200,0.4084753,4.2597978e-06,2010.654057,0.961
0135443051,0.8793067,3.5073432e-05,2011.069628,0.584
0164558055,2.427002,0.00020583433,2011.378566,0.519
0180770456,2.8813735,2.8457931e-05,2012.708488,0.672
0285392907,8.4647572,0.0016323107,2012.369586,0.589
0288882010,2.5924356,2.8114152e-05,2010.408597,0.513
0289166536,0.4688123,5.1384982e-06,2010.907683,0.834
0289370888,0.8607976,2.7393329e-06,2010.906486,0.703
0289379110,1.9487604,8.3366078e-06,2010.548571,0.531
0298544913,2.1447041,1.3429269e-05,2011.04488,0.46
0299091036,0.9720554,1.3427689e-05,2010.63292,0.566
0316633520,4.6419811,0.00030704831,2014.600219,0.535
0333057755,1.6609344,2.2211115e-06,2010.326136,0.515
0336208030,0.5776499,1.9222328e-06,2010.311489,0.801
0336485975,0.318923,4.6009624e-06,2010.49447,0.736
0342010156,7.9605275,1.6484914e-05,2012.308043,0.359
0358517121,10.5497757,8.8102904e-05,2018.666954,0.231
0383722507,0.533588,1.5393691e-06,2010.660315,0.789
0399860444,4.9411561,0.00020130849,2017.451187,0.163
0424508303,2.0833359,2.782414e-05,2011.206394,0.527
0441764197,0.2728818,6.9883708e-07,2010.34451,0.727
0063459761,4.3638776,0.001016491,1714.341645,0.054
0318210930,0.2277167,4.09e-06,1870.587142,0.921
0251094451,0.3631129,1e-06,1545.083239,0.959
0266958963,2.3639261,0.001015489,1563.478325,0.074
0375422201,4.075987,0.000639802,1741.758486,0.477
